gene,highly_variable,means,dispersions,dispersions_norm,hvg_rank
CFH,True,0.546055329570334,2.7112532880657603,2.3572783,321
GCLC,True,0.7351897154180461,2.613508783750458,1.1734923,1608
LAS1L,True,0.19720389284822745,2.4633972148113585,1.0141497,1987
CYP26B1,True,0.0315743066132373,2.5922131411839295,1.5702113,929
TFPI,True,0.5789145851272914,2.675401902196484,2.1493788,399
CAMKK1,True,0.13126063380895664,2.625516898185406,1.7139741,765
RECQL,True,0.31395794179597036,2.5668093196764645,1.4605502,1087
PDK4,True,0.0924544254016831,2.555362851402991,1.4111391,1169
SLC4A1,True,0.15382329448720644,3.3335949030317575,4.770545,24
CALCR,True,1.3726663305106728,2.8255727538105284,1.7529323,712
DVL2,True,0.15083598231524034,2.5001514875837043,1.1728073,1609
THSD7A,True,0.4800670259229376,2.8808476214851866,3.340743,98
ACSM3,True,0.6883525796788571,3.213843770952632,5.271763,15
CIAPIN1,True,0.23433594705012437,2.53248593505769,1.3123859,1329
PRKAR2B,True,0.7115216076065395,2.644921941861621,1.9726278,531
FBXL3,True,0.21195422641528155,2.8378116749806073,2.6303902,210
ITGA2B,True,0.12015876353067884,2.508836299466908,1.2102972,1517
MAP3K14,True,0.6025329314389326,2.5191467477397955,1.2432667,1461
KDM7A,True,0.5680132646917396,2.5186681850088934,1.2404916,1465
ETV1,True,0.1533608089692541,2.550307479280168,1.3893164,1196
USH1C,True,0.03252012128396069,2.8634448534623598,2.7410412,181
SCIN,True,0.11920590062434808,2.5349929300042184,1.323208,1313
MATK,True,0.04221771543061677,2.465372653990469,1.0226771,1963
ST3GAL1,True,0.6212123434060118,2.4899113332875453,1.0737327,1844
PKD1,True,0.4765314123672929,2.4987905035502056,1.1252224,1724
TENM1,True,0.8049200956212739,3.088355358664662,3.3891566,90
BTK,True,0.08560466915802681,2.5292376502733296,1.298364,1359
SCMH1,True,0.8999317845502207,2.6284879623411337,1.243386,1459
FYN,True,0.3325369080027609,2.648825306890873,1.8145899,654
ABHD5,True,0.5950424408303341,2.573052976496744,1.5558649,946
DPF1,True,0.04826842827590977,2.4890975433436884,1.1250906,1725
PLAUR,True,0.15847382604675572,2.520752167769153,1.2617346,1422
GABRA3,True,0.128913989538844,2.5951774586334793,1.5830073,900
PRICKLE3,True,0.10323894312391663,2.681219873426602,1.954428,547
ALOX5,True,0.1322084347013161,2.715303095973892,2.1015556,434
CALCOCO1,True,0.11995792958665522,2.5489321572462122,1.3833796,1205
EHD3,True,0.02005499374732268,2.4667691237908764,1.0287052,1941
ZC3H3,True,0.5102787708073354,2.6045732867356315,1.7386489,732
IGF1,True,0.1254086418009558,2.8151081446265454,2.5323853,242
SLC38A5,True,0.09593457071396858,2.5054573608687534,1.1957113,1555
CNTN1,True,0.8348387051549329,3.084819723643516,3.372659,94
WWTR1,True,0.5996747837549489,2.52946251598522,1.3030871,1350
AGPS,True,0.46043045327934345,2.5136727707876467,1.2115235,1515
CYP24A1,True,0.6664472655943704,3.099666502747181,4.6096573,28
SAMD4A,True,0.5654317048627756,2.479649937988993,1.0142277,1986
NRXN3,True,0.16758958546813482,2.893382874533253,2.8702753,153
CPS1,True,0.1762753022022582,2.5018353611436948,1.1800761,1594
GRAMD1B,True,0.28767215791086936,2.7207189701274745,2.1249342,418
ALAS1,True,0.15848922173624672,2.4694881316341872,1.0404423,1911
ABCC2,True,0.7555781898914368,2.988113955716477,2.921424,144
GCLM,True,0.8250391451045318,2.6740267742595782,1.455873,1092
EHD2,True,0.2555200692192136,2.5024004051182605,1.1825153,1588
VIM,True,0.8067189845036201,2.72354629440268,1.6869342,802
KCNG1,True,0.031702023080849025,2.675407001501862,1.9293355,569
AGPAT4,True,0.38324038260384646,2.7687527050012863,2.6907132,192
TNFRSF1B,True,0.2605921286272047,2.529754350558836,1.3005944,1353
POU2F2,True,0.10855433199746096,2.7440774610624494,2.2257662,368
ANK1,True,1.1731568096569198,3.016854937860916,2.5865543,224
TFB1M,True,0.36883462252059473,2.480451223940186,1.0188743,1972
LRRC7,True,0.13697043519954138,2.644229218755848,1.7947499,677
GAB2,True,1.1793789094615486,2.7697704992030667,1.5097419,1015
APBA2,True,0.3642815042917349,2.5713392713944123,1.5459273,963
FBXO42,True,1.257472945110762,2.719725841444498,1.2916436,1369
VCAN,True,0.14396380449176785,2.646517503236715,1.8046278,665
MSR1,True,0.1385374406208923,2.4835929014710887,1.1013287,1785
RAI14,True,0.5553391541477184,2.5174432950157746,1.2333885,1481
MYO16,True,0.47205339503531224,2.5419206524465823,1.3753309,1218
RIPOR3,True,0.9047743961303092,2.9117901707383402,2.5652921,230
HSPA5,True,1.1091279974513275,2.718291950532257,1.2853945,1380
GPM6B,True,0.025231859810781236,2.6336309971668728,1.7490003,719
CP,True,0.14268803456034612,2.723818281718576,2.138313,405
ARHGAP6,True,0.8251399091130532,2.9701321499467124,2.8375196,160
CELF2,True,0.2460349497013809,2.64456799875337,1.7962123,674
COL9A2,True,0.02684790601310583,2.5544800826237783,1.4073284,1176
ADAMTS6,True,0.3052371274981473,2.7261826273897714,2.1485193,400
LTBP1,True,1.0003954862196176,2.6253331277036143,1.2286655,1487
PTGER3,True,0.28012882357987096,2.6244672364473987,1.709443,772
MSMO1,True,0.4342415241755868,2.590071668369582,1.6545551,840
MCF2L2,True,0.3447928266660418,2.571413184802035,1.4804238,1057
KCNQ1,True,0.14999587647568713,2.5814866999917485,1.5239083,994
KCNH2,True,0.20924828369289597,2.5312158635923456,1.3069035,1343
DCBLD2,True,0.808790548281609,2.712015822066823,1.6331323,850
DGKG,True,0.12567781168799028,2.7677341867610075,2.3278856,329
TBXAS1,True,0.15666573002295475,2.5876256252874956,1.5504082,959
PARP12,True,0.18690991657224743,2.468794767853697,1.0374494,1918
SLC2A3,True,0.8448801557703408,3.216667891863541,3.987871,53
BCAT1,True,0.7026695897930706,2.7984167587325235,2.8627326,154
LTK,True,0.08151690983544163,2.679625808267651,1.9475468,553
ISOC2,True,0.2156278577981127,2.5539288095038954,1.4049487,1178
ZNF275,True,0.11668216554715344,2.471910461004038,1.0508989,1891
LIMCH1,True,0.4054529276712794,2.55453250588779,1.4484661,1104
TSPAN32,True,0.08420759582681465,2.5864022836146283,1.5451275,964
OAT,True,0.32504854861518095,2.48205899280021,1.0947073,1802
TMEM206,True,0.1699012822912084,2.5481545531855874,1.3800229,1212
PRKCQ,True,0.17777315578101377,2.5592526967209253,1.4279305,1144
TLE2,True,0.1470153458929905,2.6468110318360996,1.8058949,663
FAM107B,True,0.666749711916825,2.61095210807556,1.7756392,695
ASPM,True,1.2653936929706109,2.981334857404968,2.431755,283
CD84,True,0.11136717076196163,3.0100385728197443,3.3738446,92
FECH,True,0.21520261600414367,2.661598377245896,1.8697276,612
OTUD5,True,0.501720501893662,2.5274488380023254,1.29141,1371
ACSL4,True,0.40643470942852733,2.666270602142049,2.096427,441
PRR11,True,1.127439140246921,2.6841518540711573,1.1366096,1703
PPP2R5B,True,0.07953108698445534,2.463592405217248,1.0149922,1984
PITX1,True,0.34112883619036105,2.6253337212120815,1.7131834,766
TGFBR3,True,0.5891972003295731,2.7284358582842705,2.4569187,274
RAB27A,True,0.5468023982827301,2.50750367374241,1.1757494,1600
UFD1,True,0.480926429488329,2.509861037930917,1.1894196,1574
SPTB,True,0.38083582485670364,2.6965377491628697,2.2719438,337
CLTCL1,True,0.5696760301436061,2.5969325313501463,1.6943407,795
MNT,True,0.21653298713378874,2.5574371895618344,1.4200934,1156
JMJD6,True,0.20161646712887507,2.539875693034746,1.3442855,1277
ST6GALNAC1,True,0.12947184117653263,2.693932021530359,2.0093026,501
FRMPD1,True,0.059445562312539606,3.0975070556118016,3.751421,64
ASNS,True,0.17902096952157082,2.655215546641136,1.8421746,624
EIF2B3,True,0.99738359687778,2.744747212044208,1.7858591,682
OSBPL3,True,0.5444044953625945,2.5592741271360406,1.4759624,1068
RAD18,True,0.5960238488977632,2.4822805593741424,1.0294825,1938
TRIB2,True,0.07821194990416684,2.535661018854789,1.3260919,1305
MYO3B,True,0.31525869895119213,2.9789899939216165,3.2398167,106
CYBRD1,True,0.2617446331987377,2.549779682807415,1.3870381,1200
SPEG,True,0.04017637145713498,2.5040526869361526,1.1896477,1573
TFRC,True,1.3228899927644566,2.8086943405049642,1.6793749,810
RHOBTB1,True,0.3059038509896383,2.500697151842307,1.1751628,1603
TRHDE,True,0.03543643202256788,2.692519180084733,2.0032039,507
TP63,True,0.3587099009142168,2.8647407278805255,2.7466352,180
CLCN4,True,0.06662399055259897,2.561978886353001,1.4396986,1120
GSDMB,True,0.09456562964737793,2.6170756204333347,1.6775355,813
PTGS2,True,0.11213113070141321,2.6551159747934774,1.8417449,626
IGF2BP2,True,0.859997643328219,2.7810441119572005,1.9552227,544
ST6GAL1,True,0.802755011242625,2.8502621696376336,2.2781987,334
CA12,True,1.3708622401872077,3.025338739239952,2.6235273,213
NTN4,True,0.17432440231525084,2.5599164939966617,1.4307959,1139
SCARF1,True,0.05146515238472172,2.6269123095915003,1.7199976,756
LMAN1,True,0.617125398428798,2.550979990273156,1.4278654,1145
TXK,True,0.24708631277366996,2.7559985898993276,2.2772264,335
SEMA3A,True,0.45137191381072594,2.648099365365601,1.9910533,523
SEMA3C,True,2.36776946171829,3.158793063147792,1.2257727,1492
ADD2,True,0.3072164119188503,2.5964237649688804,1.5883874,892
PLD1,True,0.6899585742387466,2.601571810021309,1.7212435,755
SEC31B,True,0.04797852735574896,2.6259169501204083,1.715701,764
ARHGAP15,True,0.2970382964381856,2.7222869631592013,2.131703,413
PAG1,True,0.11425626469540336,2.4854622495056145,1.1093981,1766
MCAM,True,0.2965509232357535,2.913047808253479,2.955163,138
RAP1GAP,True,0.24283919196301373,2.592377824419423,1.5709221,928
RARB,True,0.10558185792892706,2.583695980297133,1.5334451,985
ITM2A,True,0.0842293750214955,2.750529211156208,2.2536166,346
TP53INP2,True,0.028353670263575298,2.7920072973349708,2.4326656,282
FKBP7,True,0.030353956850219337,2.641372450740087,1.782418,683
OSBPL6,True,0.5277321066623563,2.5641902944838084,1.504471,1025
TNS1,True,0.0701670158395702,2.5879559028536425,1.551834,955
SENP1,True,0.37531635169217514,2.5339480892469455,1.3290986,1302
PTPRH,True,0.10544799886934593,2.7301122443446304,2.1654823,393
SLC4A4,True,0.07187902403546229,2.5216726090812656,1.265708,1418
CPOX,True,0.25790245192397093,2.612499295102555,1.6577808,836
NDC80,True,0.39084245175876886,2.624962384708867,1.8568838,618
IMPG2,True,0.03960745533330725,2.5827906200853934,1.529537,990
ARG2,True,0.19583130998901113,2.614194532636004,1.6650987,826
MEF2C,True,0.6622332771964177,2.8756461649863296,3.3105803,102
PTPRC,True,0.3044723518361255,2.612503218459735,1.6577978,835
STK17B,True,0.288399872514164,2.5523548018555697,1.3981541,1187
HSPB11,True,0.31415993826491906,2.581435870925435,1.5236889,995
IL12RB2,True,0.18246958575646116,2.6764493519083907,1.933835,566
FYB1,True,0.19120052021784972,2.893490594399756,2.8707402,152
FAM135A,True,0.48968050480943265,2.5486691418713874,1.414465,1163
TRPM3,True,0.12844730693455764,2.752029085476841,2.260091,342
DIS3,True,0.2789336504697862,2.5354500450280057,1.3251811,1309
OXCT1,True,0.3798065548482881,2.5259252149541633,1.2825745,1389
SLC27A5,True,0.24847195093783658,2.485599576464606,1.109991,1763
GSTP1,True,0.4794471894656653,2.633639756673343,1.9072032,588
SLCO1A2,True,0.15331929068444194,2.662505266401039,1.8736423,608
CD82,True,0.17701758892491973,2.548055731485508,1.3795964,1213
ORC1,True,0.2785735284313153,2.466455782592549,1.0273526,1945
CHERP,True,0.19072270101755967,2.6470866454865667,1.8070846,662
CEACAM6,True,0.3248241204848286,3.1146469879351666,3.8254092,61
ERO1B,True,0.19591061192781228,2.544415429873653,1.3638822,1233
FTL,True,1.512966165911803,2.9312475274427636,1.7617297,709
CASS4,True,0.5889958866368468,2.8604904853856348,3.2226937,109
TPX2,True,1.0338556501101732,2.581827837700396,1.025667,1955
ANKRD10,True,0.28548083492733123,2.5726765347692537,1.4858773,1052
ARHGAP28,True,0.2534163092054932,2.478677056285979,1.0801084,1832
TESC,True,0.3465799523064433,2.6084711584938147,1.6403925,845
SLC23A2,True,0.6407464744468012,2.5747771674282713,1.5658634,934
CHGB,True,0.03665309971197546,2.671187146717719,1.9111196,583
HEPH,True,0.2367122624395417,2.516549977902751,1.243595,1457
ARHGAP4,True,0.18737961424508898,2.464397841822659,1.0184691,1976
BLVRB,True,1.004531968539042,2.6057888628771395,1.1374706,1701
ICAM1,True,0.15985966066792237,2.5547314680047157,1.4084135,1173
LYZ,True,0.08568883241846206,2.51297937550484,1.2281817,1489
PABPC4,True,0.3013622940353497,2.4635490282568124,1.014805,1985
NAT14,True,0.10538451077973875,2.6293349565715656,1.7304555,740
LAMB1,True,0.4402196085421646,2.5974234940770744,1.6971878,788
ABCC6,True,0.028347269315716035,2.5446125488343228,1.3647331,1232
RAPGEF4,True,0.09260150993901753,2.65407528269042,1.8372525,631
FH,True,0.24050081317343316,2.4726878493654008,1.0542547,1883
SEL1L3,True,0.5746221151620208,2.785203948287056,2.7861125,172
NLRP1,True,0.7947278982065326,2.9014261779008734,2.5169332,246
TBX15,True,0.05578081830561738,2.7773052929547752,2.3692014,315
PHGDH,True,0.23266278148435318,2.525808003504994,1.2835592,1386
CLSPN,True,0.6046485420716572,2.5345742870040553,1.3327299,1293
CDC45,True,0.5475836085858791,2.576485971097865,1.5757726,918
AAAS,True,0.21669612025343887,2.504165621633323,1.1901352,1571
PTGS1,True,0.0912416542373982,2.5196722334650583,1.2570728,1436
CRAT,True,0.04599256933941569,2.855727715387302,2.7077286,189
IKZF5,True,0.12335976114971269,2.53121703807643,1.3069085,1342
SORBS1,True,0.6678439103539144,3.015813360486811,4.1233993,45
PCSK5,True,0.15549785001793556,2.661317274877334,1.8685142,615
PALMD,True,0.0866696927914734,2.506334810403941,1.199499,1542
MZF1,True,0.46864178748720814,2.5376872137868984,1.3507816,1259
MAGEB2,True,0.09718055575297323,2.496878029475982,1.1586767,1642
MKNK2,True,0.5072782483084168,2.6665310568340113,2.0979373,439
TRMT2A,True,0.17976043071743153,2.5006256673413585,1.1748543,1604
RNF215,True,0.352852139816011,2.541733794639834,1.3523064,1256
MAPK1,True,1.6315338561487673,2.8808184566778627,1.5621068,937
PPM1F,True,0.5521298455748462,2.5144762755511785,1.2161831,1508
TOP3B,True,0.25330580022963584,2.4928366898961216,1.1412314,1690
HIRA,True,0.5202241968501365,2.6401011610487064,1.9446723,557
LGALS1,True,0.29712239043954,2.532459191536648,1.3122705,1331
Z83844.1,True,0.021915718158088782,2.5076157835100075,1.2050287,1530
CENPM,True,0.1408976701156747,2.5711262132119512,1.479185,1059
TPTEP1,True,0.7900359152945042,2.6584784851507512,1.3833238,1206
LMF2,True,0.23022805473606128,2.5198786719487956,1.257964,1430
MCAT,True,0.07960504073575442,2.6335175442324297,1.7485106,721
APOL1,True,0.13469705172955573,2.5557847336216093,1.4129602,1164
GRAP2,True,0.20395130160766578,2.477508126987306,1.0750624,1841
SLC25A17,True,0.6575238757901162,2.532062912151226,1.3181666,1319
ST13,True,0.3738027616268294,2.5921429112768988,1.666566,824
CDKL1,True,0.30563873702241356,2.5075933065303455,1.2049316,1531
PAPLN,True,0.050315984158394104,2.533087316238599,1.3149819,1324
DHRS2,True,0.1103007860445999,2.8749051817375677,2.7905123,169
NFKBIA,True,0.12323420265398462,2.52920592421825,1.2982271,1360
PLTP,True,0.0778145828532284,2.5516138618557296,1.3949558,1188
BMP7,True,1.0457459548731016,2.6714475550265435,1.4438382,1110
CTSZ,True,0.11173500063663817,2.6088608482600697,1.6420747,844
TUBB1,True,0.11039853113398196,2.5210040419903894,1.2628219,1420
C20orf27,True,0.25466029648487026,2.485740779031279,1.1106005,1761
SNTA1,True,0.14393596539993603,2.5608825603957204,1.4349661,1129
PPP1R16B,True,0.14135757913209307,2.6797316476109243,1.9480038,552
LPIN2,True,0.5387343364038677,2.4792775847662973,1.0120685,1996
MYOM1,True,0.06609668534594039,2.472355437983246,1.0528197,1888
CEP76,True,0.22129182339617057,2.533061919827207,1.3148723,1325
LIPG,True,0.0390305256395722,2.473937155204511,1.0596476,1872
ATG4A,True,0.12680309938551435,2.473849555185465,1.0592694,1873
MID1,True,0.6837699485945697,2.654607644492344,2.0287943,490
SYP,True,0.0710866602320936,2.508501293607667,1.2088511,1522
RENBP,True,0.06581411677466384,2.6464664640001208,1.8044074,666
MTMR8,True,0.09326810179614378,2.4762395656752343,1.0695864,1856
ZC3H12B,True,0.05035943400705858,2.4921535433138198,1.1382825,1699
PIM2,True,0.11000387067846318,2.6689294894947144,1.9013739,592
SLC35A2,True,0.07758768178161946,2.5709048418281646,1.4782294,1064
GATA1,True,0.34912551149835025,2.5513164596517672,1.393672,1192
TIMP1,True,0.8899862035421515,3.2552107820072367,4.1677146,42
GABRE,True,0.24204835696206561,2.6952331387108766,2.0149193,497
FLT1,True,0.05421358646903754,2.746300938491114,2.2353644,364
KATNAL1,True,0.22736259148491622,2.5112249674222458,1.2206085,1498
CLCN7,True,0.4344586592458819,2.5261931407488634,1.2841283,1384
SLC7A5,True,0.8213822186665543,2.606037293938789,1.1386298,1698
CPPED1,True,0.6606094020517124,2.5476019764994353,1.4082764,1174
CORO7-PAM16,True,0.08017375772780631,2.8752137339088892,2.7918441,168
TOX3,True,0.040485915989517215,2.504898722110009,1.1932998,1564
SYT17,True,0.15067694265832351,2.4649249767688444,1.0207446,1966
ACSBG1,True,0.08028421910956228,2.6317550631961444,1.7409024,729
RPAP1,True,0.22240466728298644,2.4657074520523143,1.0241222,1958
SCG3,True,0.22002785857052043,2.671879634672966,1.9141089,581
ZFAND1,True,0.22119350154979633,2.522986903874575,1.2713814,1408
INTS9,True,0.4891232437449539,2.5361497857289153,1.3418661,1279
CPQ,True,0.5042569779868095,2.6836001632362323,2.19692,381
CALB1,True,0.09784174646651345,2.834637316896163,2.6166873,214
NDRG1,True,0.22964379353420583,2.6966097571869048,2.0208616,496
NCALD,True,0.4667053203770181,2.6679590056949585,2.1062179,430
TNFRSF10A,True,0.31929242145831593,2.5020007638998734,1.1807902,1591
KCTD9,True,0.23804754187287985,2.4873963904031937,1.1177473,1741
FGL1,True,0.043198676221066476,2.4947562791942444,1.1495178,1671
ASAH1,True,0.44912945879966865,2.639794434337726,1.9428936,560
BNIP3L,True,0.6034065303155458,2.634251925657663,1.9107531,585
KCNN4,True,0.08752960350430342,2.596734523251386,1.5897288,891
RELB,True,0.12384228826870125,2.575621133522705,1.4985883,1031
PIH1D1,True,0.2520078662264099,2.583802582552099,1.5339053,984
ERCC2,True,0.2299411734662439,2.5440259555617546,1.362201,1239
LYL1,True,0.16060355710594731,2.5652983764992796,1.4540279,1098
DMPK,True,0.25535303889428523,2.5086522075899715,1.2095026,1520
TLE6,True,0.03334008864898722,2.520581484041096,1.2609979,1425
NUMBL,True,0.3217309346641086,2.514355796657623,1.2341233,1479
BBC3,True,0.06954692809219848,2.6131256623236196,1.6604847,831
TGFB1,True,0.941568937474244,2.7857997967618147,1.977413,529
DMAC2,True,0.1916231010732647,2.604476241569273,1.6231476,863
ICAM4,True,0.196456770264642,2.7032673684085378,2.0496006,472
GRIN2D,True,0.42546149691251095,2.515090121564303,1.2197427,1502
FAM83E,True,0.06574611468406852,2.5641232251819095,1.4489552,1103
RASIP1,True,0.05854083978733648,2.4709669117149717,1.0468259,1899
PLEKHA4,True,0.19737486465841492,2.5252106466765407,1.2809806,1393
KLF1,True,0.19404949796199397,2.815039761534383,2.5320902,243
MAST1,True,0.11923725467199744,2.4688499480197246,1.0376875,1917
KCNN1,True,0.07295601889046391,2.4747483856682124,1.0631495,1866
ISYNA1,True,0.2747197259475957,2.5354479402929244,1.3251721,1310
NAMPT,True,0.5132069366961451,2.5433113263542424,1.3833953,1203
TWISTNB,True,0.14624785324525508,2.4953237205438263,1.1519673,1665
PIK3CG,True,0.1341116471824834,2.4822797758476045,1.0956603,1799
STEAP1B,True,0.3690641623438141,2.6704978860087976,2.1209407,421
DFNA5,True,0.08480483912159564,2.731897962726535,2.1731908,391
CPED1,True,1.7923765226558326,3.258898556302229,1.686472,803
CHN2,True,0.045742384836242884,2.631083087891721,1.7380017,734
GRB10,True,0.5078827356432849,2.649626893553312,1.9999114,510
NOD1,True,0.25990553010779704,2.528158392883298,1.2937052,1367
EPHB6,True,0.14939059350247147,3.000042377491299,3.3306937,101
CYP3A5,True,0.08607357753769457,2.514879500040504,1.236384,1473
TFR2,True,0.6626048526189209,2.749335594783335,2.5781147,227
SERPINE1,True,0.18444165744933336,3.008886782617341,3.3688726,95
ANKMY2,True,0.336901642425753,2.5145793621605863,1.2350883,1478
ACTR3C,True,0.4569048919210466,2.5115023275140635,1.1989373,1543
POU6F2,True,0.318942192747957,2.555366675535901,1.4111556,1168
CLIP2,True,0.5646530883971006,2.6292888232466285,1.8819724,600
CNTNAP3,True,0.1706711527376372,2.5286048548505757,1.2956325,1362
MEGF9,True,0.6980547513918559,2.48384613437691,1.0385611,1914
CORO2A,True,0.3939046911930861,2.5133869641970277,1.2098662,1519
C5,True,0.27198385575318523,2.4860672140641245,1.1120095,1760
PTGR1,True,0.9351676264260804,3.1907042505389263,3.866723,57
SUSD1,True,0.8436366885366308,2.612094171208374,1.1668916,1626
ENG,True,0.030348521533431677,2.5683333930344063,1.4671292,1079
DOCK8,True,0.8604026739430465,2.6375353729242863,1.2856019,1378
GLIS3,True,0.5082735730022413,2.666693056635099,2.0988767,437
SHB,True,0.07421386401836451,2.5549124043527494,1.4091946,1171
ATRNL1,True,0.6361927003082466,2.6506205610692524,2.0056736,504
CUBN,True,0.02704979695425879,2.6137875918506075,1.663342,829
UNC5B,True,0.17009350292321665,2.577196251462689,1.5053877,1024
VSIR,True,0.08374904187810231,2.741368761953632,2.2140737,374
NPM3,True,0.09355010084854484,2.581726646964025,1.5249441,993
SH3PXD2A,True,0.2149270907903347,2.5016515267168398,1.1792827,1595
STN1,True,0.17483710280049022,2.473849205018975,1.0592679,1875
MAP3K8,True,0.27512832494032674,2.5603756122968595,1.4327778,1132
SORCS1,True,0.8424119714392044,3.0170678232697306,3.0565243,124
UBTF,True,0.8761083997198992,3.027308385529415,3.1043074,118
P2RX1,True,0.5198068037107394,2.999823149402681,4.0306735,50
BLMH,True,0.2864985802568073,2.578119106492272,1.5093714,1016
ALDH3A1,True,0.8920285426850247,3.283129480541617,4.297985,36
ICAM2,True,0.04437264718800578,2.5403473082013357,1.3463212,1269
CYTH1,True,0.5785778964530564,2.511045086046171,1.1962858,1553
MRPL27,True,0.24568120280288075,2.5118110371735,1.2231383,1494
ABCC3,True,1.0338524336780512,3.132704544658098,3.5960927,74
ALDOC,True,0.2951380463040012,2.683891398782174,1.9659601,535
NMU,True,0.881471824891168,3.1371896754907143,3.6170206,71
LRP2BP,True,0.058624310413197975,2.6988274424790344,2.0304348,488
CTSC,True,0.41343298529971184,2.7659633115234774,2.6745377,196
CCDC34,True,0.1451471443551586,2.4697502175863937,1.0415738,1908
PUS3,True,0.04885436294437897,2.5194908259580653,1.2562897,1437
COMMD9,True,0.08816190512407379,2.468350039368021,1.0355296,1926
CARS,True,0.5572537483983138,2.5516771030911065,1.4319079,1134
SOX6,True,0.556491711646814,2.7358414899826453,2.4998634,254
CD69,True,0.03664554319167725,2.46632250513156,1.0267773,1950
CORO1C,True,0.7193204133584337,2.70223247710427,1.5874827,895
KRT18,True,2.811126888814745,3.3299166941654676,1.5619243,938
WNT5B,True,0.17645187234644916,2.543910412232917,1.3617022,1241
GPN3,True,0.17923695135654868,2.575204933509711,1.4967917,1035
SH2B3,True,0.3553367784376358,2.6152769162091154,1.6697711,820
ALDH2,True,0.19583114534646437,2.5499070296216053,1.3875879,1199
SCNN1A,True,0.04120308505093408,2.5260569697347948,1.284634,1381
ARHGDIB,True,0.041991713128324074,2.685023068023642,1.9708452,532
VDR,True,0.15230298070080442,2.50902952631974,1.2111313,1516
STX2,True,0.24572636688234975,2.4946153420859827,1.1489094,1672
SPSB2,True,0.03366211040955058,2.5068452608858873,1.2017025,1536
LDHB,True,0.38158601459997,2.5686147496045972,1.530128,988
TDP2,True,0.16162823714942617,2.4696062230810596,1.0409522,1910
GCNT2,True,0.3749532625920718,2.4830314325851446,1.0338367,1927
CEP85L,True,0.705016625170373,2.553922822345826,1.4449306,1108
ADTRP,True,0.07933051286501334,2.63889619780468,1.7717288,700
FAM184A,True,0.32144355266874397,2.655147109015255,1.8418792,625
MAN1A1,True,1.4933737420166493,2.933030610497487,1.7687881,703
PPARD,True,0.5325627725680617,2.659632318496945,2.0579321,468
RHAG,True,1.14805605664054,2.9883126457422224,2.4621646,269
BACH2,True,0.405693210410868,3.0252595456398055,4.178177,41
GMNN,True,0.2645291904411816,2.498424399569645,1.165352,1629
EYA4,True,0.17487673055011294,2.4657117337619234,1.0241407,1957
PHF1,True,0.06111741576617559,2.500735669756033,1.1753291,1601
PDE10A,True,0.7508730195797712,2.952441030267245,2.7549717,178
SMOC2,True,0.18432706166849475,2.588014126428713,1.5520853,953
CCND3,True,0.7085438653674077,2.6048672061402747,1.7403533,730
MRPL2,True,0.1247332670044619,2.526249226194205,1.2854638,1379
VEGFA,True,0.1957429563447489,2.603039902449763,1.6169473,865
TBX18,True,0.2617756279080477,2.6454806556511037,1.800152,671
SEMA5A,True,0.22744771537012431,2.932237707453603,3.0380003,126
HMGCS1,True,0.7502597167533078,2.724839707638814,1.6929694,796
APBB3,True,0.04458191087656366,2.463995956077906,1.0167342,1979
PDE4D,True,1.8483121564705969,4.0198032575072,3.7048752,66
C5orf15,True,0.18610555944081528,2.516456998682282,1.2431936,1462
TRIM23,True,0.17915584875092544,2.540295365380689,1.346097,1270
BCL6,True,0.3832775061837515,2.8849677962797045,3.3646357,96
PFKFB4,True,0.5914292798767604,2.82697211494254,3.0283232,127
USP9Y,True,0.06303713997569853,2.5587224447370933,1.4256415,1147
HYAL1,True,0.028687781373126945,2.506946649495004,1.2021401,1535
GBE1,True,0.9123177871710237,2.9267828775009446,2.6352491,207
CSPG5,True,0.04528711951025467,2.6250448760321135,1.7119365,768
ACTR1B,True,0.16402493565310808,2.6401426106116963,1.7771091,692
ACVR1,True,0.6669801430550109,2.54640425712368,1.4013311,1182
PDE1A,True,0.12500200542506865,2.5364432045570315,1.3294684,1298
APC2,True,0.045260814979803374,2.5726203973254904,1.485635,1053
PCGF1,True,0.03534407087080974,2.8165933764221727,2.5387967,240
LOXL3,True,0.030525958235370947,2.4764201458409256,1.0703659,1852
CCDC88A,True,0.9784402364368124,2.801074101381867,2.048684,474
FN1,True,0.8252393835958955,3.121420219545981,3.5434394,77
IGFBP5,True,1.2660510191384307,3.7169810948742046,5.637756,9
ST3GAL5,True,0.2957937325144843,2.626545112300201,1.7184126,759
IL1R1,True,0.31132691651382866,2.751101791878593,2.2560883,344
SLC25A12,True,0.539832412151012,2.5327783844760856,1.3223156,1314
PLCL1,True,0.928570380355538,2.8743246325960023,2.3904755,303
AC087235.1,True,0.420241679842103,2.8215989497705687,2.9971645,130
ATF2,True,0.6980055163248646,2.5667833956809356,1.5195081,1003
C2orf42,True,0.34430473848238907,2.540164490905572,1.3455321,1271
EPHA4,True,0.7272214391340726,2.8990891504820318,2.5060284,250
PAPPA2,True,0.044062258816618446,2.5060026303852907,1.198065,1545
TMEM59,True,0.6279905132714306,2.534687186467217,1.3333846,1290
RNF19B,True,0.19571770335010777,2.550230765700002,1.3889853,1198
ARHGEF2,True,0.47776804686964214,2.5871436539125816,1.6375757,847
DNAJC6,True,1.0003703332140617,2.6512382067546962,1.3495401,1262
SLC35D1,True,0.3303702806065071,2.6008409596530147,1.6074551,875
PLA2G4A,True,0.21428065895910872,2.496518241219189,1.1571237,1647
GADD45A,True,0.08170402409303447,2.601676889705391,1.6110636,870
AGMAT,True,0.039277664034313826,2.483007038633141,1.0987997,1789
CRYZ,True,0.1208236619155302,2.510570400706961,1.2177829,1506
KIF21B,True,0.06035818081994997,2.5599727424019174,1.4310386,1138
AKT3,True,0.3322324094694467,2.6558334250043756,1.844842,623
P3H1,True,0.3399479222228007,2.486594740062708,1.1142868,1753
SLC2A1,True,0.776775087461438,2.6417928391050793,1.3054675,1348
PTCH2,True,0.048527331891702725,2.4870969648361476,1.1164547,1744
DPH5,True,0.16330308033709262,2.5114621399736916,1.2216322,1497
RSRP1,True,1.199217464193546,2.811394964441403,1.6911445,798
STMN1,True,0.5688140805964462,2.571562495251096,1.5472218,961
NEK2,True,0.08788193832310179,2.7069803473060454,2.0656285,466
CENPF,True,1.197951296688814,2.7361986112083128,1.3634331,1234
RPA2,True,0.40332983179165405,2.500576841413231,1.1355813,1705
MUC5B,True,0.41120831035722977,2.6273193080076394,1.8705513,611
KIF14,True,0.7345256173450999,2.6995822657838184,1.5751166,921
NRP2,True,0.13150202382861867,2.516628621933856,1.2439345,1454
FILIP1,True,0.19453252078082864,2.6661443272446994,1.8893511,597
PLAGL1,True,0.4039519292738133,2.6532824886398227,2.0211098,495
FBXO30,True,0.11698270632660496,2.4940821360315333,1.1466078,1677
ALDH8A1,True,0.028448160645636024,2.5366681144212944,1.3304392,1297
PMFBP1,True,0.028833286889227677,2.4888765681471,1.1241368,1727
RARRES1,True,0.10627028296398859,2.952020152561597,3.1233954,113
ELL2,True,0.5754855009345822,2.564487961263975,1.5061971,1022
GDA,True,0.6277091370436452,2.7296499966641794,2.4639595,267
PHF19,True,0.3631263234745158,2.493107433901976,1.0922667,1806
ACYP1,True,0.08504734763468684,2.49020923598016,1.1298895,1717
IRF2BPL,True,0.46782657978944064,2.8608171355537806,3.224588,108
ESRRB,True,0.7061067650551065,2.757493539424418,2.625422,212
FAM98A,True,0.1688251348969012,2.5022037485210733,1.1816664,1590
IFIT3,True,0.04248070819928701,2.490259738163445,1.1301075,1716
AVPI1,True,0.2443912338615932,2.532336238812516,1.3117398,1333
HOXB3,True,0.18521551800386243,2.735475947172918,2.188636,385
MOB3B,True,0.3085712349103934,2.6725183820688003,1.9168661,577
CENPL,True,0.16364015309590854,2.4676324489590415,1.032432,1931
ACAT2,True,0.3275247291782966,2.543392241908934,1.3594654,1245
ALG5,True,0.2909473712104915,2.5855694010481836,1.5415322,970
MTERF2,True,0.12007267654899129,2.574563854155541,1.4940244,1039
WASHC3,True,0.2268353169081342,2.4843897573434823,1.1047685,1776
TNFRSF10B,True,0.4452306628197007,2.5041733735296012,1.1564373,1654
PTK2B,True,0.5173720283507853,2.504471808963152,1.1581678,1644
RNF170,True,0.31436963842558563,2.5042640469439945,1.1905601,1569
TEX14,True,0.982476078021257,3.754677573531693,6.498258,4
FAM117A,True,0.5737393116650047,2.596187718331669,1.6900216,799
TRIM6,True,0.04398104285247891,2.5251268821024153,1.280619,1394
ADCY7,True,0.3042758575732069,2.47602464446322,1.0686587,1857
TRMT1L,True,0.3338126293564723,2.4948603027617184,1.1499668,1669
CD80,True,0.05481351285383183,2.5623418816732184,1.4412656,1115
KIF18A,True,0.3835700622501336,2.618384867127409,1.8187412,649
TMEM156,True,0.19799151897631148,2.520885393327887,1.2623097,1421
ZSCAN20,True,0.042436910592362105,2.5908288873453906,1.5642358,935
COPA,True,1.0504881118414264,2.6163564117540354,1.1867795,1580
LRRC39,True,0.05936971593965271,2.527621881296687,1.2913892,1372
FAM126A,True,0.399099657605785,2.6683175204759335,2.1082969,427
INHBA,True,0.11740736821278216,2.786415386146897,2.408527,292
C7orf49,True,0.25748500707680344,2.481484940358607,1.0922292,1807
SRGN,True,0.34195459452583477,2.5312663846422927,1.3071215,1341
BICC1,True,0.2653294678979711,2.5072550201414403,1.2034713,1533
P4HA1,True,1.40156989863005,3.1897928412489733,3.3402305,99
CCDC91,True,0.9687394397302653,2.6207394457500475,1.207231,1524
NCKAP1L,True,0.1347743885754573,2.462792277669815,1.0115383,1999
NFE2,True,0.23166191683034743,2.5947123347548207,1.5809996,903
STIL,True,0.8654724877220084,2.6808367937468396,1.4876491,1049
NDUFAF4,True,0.04893353140870866,2.545244464329354,1.3674608,1227
ACVR1C,True,0.0372785940704319,2.839812330749104,2.6390264,205
LPGAT1,True,0.7753775492486276,2.6545462992771798,1.3649759,1231
B9D2,True,0.04757348196832664,2.519724457294714,1.2572984,1434
COQ8B,True,0.25743141642571277,2.473849239485948,1.0592681,1874
CTCFL,True,0.2360451140845624,2.5321627734971432,1.3109909,1334
FAM209A,True,0.03320255169602005,2.7524426100825172,2.261876,340
NCOA3,True,3.0870605959476642,3.2029516448822055,1.6116159,868
NEURL2,True,0.023295152588414404,2.5198816501582257,1.2579769,1429
BTN2A2,True,0.05373405432507747,2.663612181768887,1.8784206,605
SERPINB6,True,0.44472911944844684,2.5288288515694513,1.2994125,1356
OARD1,True,0.23946532375223278,2.496442781693791,1.1567979,1649
HIST1H2BJ,True,0.4784324219594472,2.6907263406351327,2.238244,358
DNAH8,True,0.28426564276238053,2.573677621883115,1.4901987,1045
EREG,True,0.11334481644301876,2.4678486151825076,1.0333651,1930
MYRF,True,0.14572946725212543,2.5407190863635463,1.3479261,1264
SSUH2,True,0.025870688310688197,2.8560877400111617,2.7092826,188
SH3TC1,True,0.02978964717691249,2.5141912079285054,1.2334129,1480
MT2A,True,0.21972623874771713,2.5720700239459307,1.4832592,1054
DOK4,True,0.061125244260042934,2.6260478157608373,1.7162659,763
ABCC4,True,1.134872995899335,2.849373925037877,1.8566595,619
SEPT6,True,0.6151716066262554,2.708231105319223,2.339753,326
GGA3,True,0.4242428478269109,2.510509917738471,1.1931825,1565
GTF2F1,True,0.3861606101612413,2.4817352856893566,1.0263205,1951
TNFSF9,True,0.061080252307512614,2.5331147768607902,1.3151004,1323
CD70,True,0.15321707086306055,2.5846863004631206,1.5377201,978
GPCPD1,True,0.7061100905114884,2.662511229781468,2.0746267,459
FOXA2,True,0.08164523437514859,2.63414213427628,1.7512068,716
PCSK2,True,0.1059689570339993,2.6393505614663653,1.7736901,698
PSMB2,True,0.48454378825881905,2.5046848785053206,1.1594034,1639
UROD,True,0.2045286319228506,2.6291515110841135,1.7296637,742
STAT5A,True,0.37503592753310827,2.581255414007498,1.6034303,881
WNK4,True,0.15770745948149476,2.525643936225085,1.282851,1388
SSX1,True,0.12585783119589514,2.467926062620093,1.0336994,1928
DLGAP5,True,0.4597479990166637,2.536569357121926,1.3442992,1276
WDR60,True,0.8588886585104313,2.6209949328531876,1.2084231,1523
FAM78A,True,0.21618976889800273,2.6642456898824585,1.8811553,602
INTS11,True,0.2947816381741112,2.5418264833186455,1.3527064,1255
PTPRB,True,0.25075111204190775,2.7213044086824207,2.1274614,416
TAS2R4,True,0.03714700198833752,2.678783771650043,1.943912,558
LRRC61,True,0.36458701030385454,2.59723789848624,1.6961116,792
ADGRE2,True,0.25365677002442416,2.5776829394369494,1.5074885,1019
TUBA4A,True,0.0488636430188085,2.5229107584352297,1.2710526,1409
VIL1,True,0.03511739259679844,2.619457824895933,1.6878188,801
MTERF1,True,0.3155762682479924,2.470692394202953,1.0456408,1900
MGAT3,True,0.094093964530953,2.573118508220207,1.4877852,1048
CDC42EP1,True,0.0908167761575409,2.4726513534197974,1.0540972,1885
TPST2,True,0.48728664525476456,2.5863761687436613,1.6331252,851
APOL2,True,0.0628553410083511,2.7113809276371827,2.0846245,448
RAC2,True,0.13710553613346216,2.522062153659014,1.2673894,1415
DOCK4,True,0.39250872071854653,2.6389143785174776,1.9377903,562
STRIP2,True,0.3433805303522815,2.473022877128175,1.0557009,1881
FLNC,True,0.2907365112228284,2.562836285881042,1.4433998,1112
SMO,True,0.031929991203879377,2.6764901300425556,1.934011,564
KLHDC10,True,1.4088987819446304,2.659269006407824,1.0281682,1944
PDE11A,True,0.20203344577377996,2.9800767834737245,3.244508,104
TTBK2,True,0.6487873847204673,2.647249319787721,1.986124,525
CCDC32,True,0.49545094527300915,2.514959462791476,1.218985,1503
ALDH1A2,True,0.7527959495236979,2.841363576811035,2.2366772,361
ANAPC13,True,0.11566279365856846,2.5344432145851434,1.320835,1317
PIMREG,True,0.05543264773420133,2.5600648208258265,1.4314362,1136
ATP1B2,True,0.06433230447562999,2.4822252662476725,1.095425,1800
PUS7L,True,0.3060746468222173,2.46845871090677,1.0359987,1924
MTUS1,True,0.9634874087515026,2.8894038075315183,2.460836,271
EGLN3,True,0.36942374098884695,2.5269971904729314,1.2887908,1375
EPB41L4A,True,0.28915151583902593,2.584570208091351,1.5372189,979
QRICH2,True,0.12384997010706086,2.551129730823663,1.3928659,1194
ARHGEF6,True,0.16853926830810104,2.7475695966401616,2.240841,352
MAP7D3,True,0.3449305554257399,2.484311932092562,1.1044326,1777
CDKN1C,True,0.07880430832634842,2.6154998769198214,1.6707335,818
PLPPR3,True,0.04504827540765078,2.7023980694512475,2.0458481,475
CBFA2T3,True,0.6463373045020676,2.576427969747154,1.5754362,920
APOE,True,0.27648641400472895,2.6147512832577173,1.667502,823
SAFB2,True,0.4389629549126489,2.5184702078396723,1.2393435,1466
BST2,True,0.3868582944591261,2.6909999253908468,2.2398305,354
RTN4IP1,True,0.19302977448806813,2.5249712089188154,1.279947,1396
UNC13A,True,0.07637461398857925,2.566242211909788,1.4581022,1089
GDF15,True,0.23521185167631248,2.5027341704100334,1.183956,1584
HRC,True,0.04830609987252571,2.7188172807444366,2.1167252,424
UBAC1,True,0.8385076178094975,2.6944402709069863,1.5511237,957
HBZ,True,0.8693158501619881,3.6064720226422327,5.8067217,7
GMFG,True,0.04906881296201436,2.5775738417405822,1.5070176,1021
SESN2,True,0.55255578470954,2.49720410597217,1.1160231,1746
CCDC62,True,0.11687603703592662,2.4684925769901693,1.0361449,1923
ZNF426,True,0.0909815830160378,2.541239496223397,1.3501726,1261
SLC6A8,True,0.5435027655633692,2.750899863349544,2.5871859,223
PNCK,True,0.10752842307765664,2.83320430936774,2.6105015,216
MPP1,True,0.27448870642631806,2.683762914893247,1.9654056,536
HSD17B3,True,0.03501550091286535,2.6182300906157927,1.6825191,807
AKAP12,True,0.1713069956119032,2.6641370037898153,1.880686,603
ACSS2,True,0.7964625680819948,2.9344801668977767,2.6711652,198
EDA2R,True,0.04185444218567831,2.600645715409054,1.6066123,878
HAUS8,True,0.228601537829799,2.542300749853293,1.3547537,1253
LRRC4B,True,0.09946860480300874,2.647984253291448,1.8109592,659
ACAP3,True,0.2971425142961822,2.5743688643977305,1.4931827,1042
NPHP4,True,0.29055606525203287,2.466381195588158,1.0270306,1949
TOP2A,True,1.0811094926844977,2.6793915003910795,1.1158636,1748
LINC00470,True,1.0039616601568246,2.820112647275327,2.1375191,406
ARFIP2,True,0.18640061571216426,2.798852399842546,2.462214,268
TRIM5,True,0.2529044385659242,2.4998747666892798,1.1716129,1611
PRKAA1,True,0.5738730072568916,2.6841600237628813,2.2001665,378
TMEM128,True,0.07748441800043064,2.492816536761062,1.1411445,1691
FIGNL1,True,0.10681616549748492,2.5343127992125494,1.320272,1318
TRIM47,True,0.020424127628341403,2.49815895404429,1.1642061,1631
GPS2,True,0.35516240728073656,2.5639623875626367,1.4482608,1105
DLG4,True,0.052316626002034634,2.4982986518370285,1.1648092,1630
FLOT2,True,0.5979318100041432,2.5357779106882123,1.3397096,1283
NES,True,0.14101715304811424,2.541345333562155,1.3506294,1260
RSG1,True,0.03136934010072382,2.543217981712438,1.3587132,1247
CASP9,True,0.19394902255102148,2.4872603664069213,1.1171601,1743
CHRM3,True,0.06390082465723688,2.467529102063609,1.0319859,1932
MYO18B,True,0.7779622888311944,3.0290544264464456,3.1124547,115
LARS,True,0.668077475692664,2.4794174262224287,1.0128794,1992
CA1,True,0.06152670887989691,2.7276784513566863,2.1549764,396
MICAL2,True,0.47588640658469983,2.6674955525190844,2.1035304,433
TEX15,True,0.2130749973402014,2.5242763141319133,1.2769474,1400
LOXL2,True,0.10436648957545963,2.6567737772227726,1.8489012,621
IRAK2,True,0.1612156342253479,2.486345390527518,1.1132104,1755
BHLHE40,True,0.2750197160838554,2.4817303510487556,1.0932885,1805
MEIS2,True,0.9985534539679214,2.730904299381827,1.7212672,754
CMPK2,True,0.05054512720130213,2.5039678468208124,1.1892815,1575
IL6ST,True,0.5356471423280386,2.4948140033371113,1.102163,1782
CRB1,True,0.03649377891194443,2.6795865287667713,1.9473773,554
IL15RA,True,0.11194064752720628,2.6981371580591818,2.027455,491
DOCK2,True,0.2053283393115946,2.510661499672848,1.2181761,1505
SOX5,True,0.2487765170112464,2.914618528864462,2.9619434,136
ZCCHC11,True,0.7773149483897129,2.6420864216303155,1.3068373,1344
FHOD3,True,0.07663173256626164,3.426533316570503,5.1717334,17
TPGS2,True,0.4618290268085412,2.5192081745407857,1.243623,1456
SLC43A3,True,0.14589878888397403,2.6718490362347485,1.9139768,582
COL4A2,True,0.0660038049674821,2.600669987765738,1.6067171,877
DZIP1,True,0.07001196560673192,2.5923924979610566,1.5709856,927
ANXA1,True,0.5140462133105362,2.5531848892697737,1.4406514,1117
CD36,True,0.05049591897469841,2.592757083830897,1.5725594,924
KCP,True,0.07169360767901012,2.5883193167678806,1.5534028,951
ADGRB3,True,0.9271099822591432,3.2222857070731945,4.014084,51
CEP162,True,0.32499012045322495,2.5058901122524437,1.1975794,1547
MRAP2,True,0.11864441066752168,2.565884191553578,1.4565567,1091
LMO2,True,0.15310646685828158,2.7434003363682575,2.2228434,370
TFCP2,True,0.689311487667508,2.602899812723503,1.7289445,744
KRT7,True,0.3789134124453283,2.573411605137303,1.5579447,942
ZC3H10,True,0.07962769922651515,2.5688721264384644,1.4694548,1076
TEC,True,0.4435455106011366,2.6025146057122037,1.7267107,746
DYSF,True,0.07112939130804209,2.6224618639544244,1.7007864,781
MDM2,True,0.9862706008941202,2.590138487674521,1.064445,1861
CCDC102A,True,0.041786362004650045,2.5609129619712037,1.4350973,1127
ABCB10,True,0.534202212773313,2.6058878230374574,1.7462717,722
GLUL,True,0.5601669001834247,2.6340539035293737,1.9096048,586
NPL,True,0.39698446105167606,2.815724259043038,2.9630976,135
FAM129A,True,0.6890312739383423,3.0117780081642813,4.0999985,46
TMBIM1,True,0.14592405596319,2.540158007681936,1.3455042,1272
ALDH1L2,True,0.10158353086219615,2.709540471086644,2.07668,455
RCBTB1,True,0.13143347600740873,2.50452509062069,1.191687,1568
LCP1,True,0.3644970075678557,2.716111871622057,2.3854527,306
TNS3,True,0.6359706423982622,2.8937319005053754,3.415458,88
IGF2BP3,True,1.2610801919567936,2.8816040723343765,1.9971209,514
HUS1,True,0.10827733346002141,2.5184538628700652,1.2518135,1441
CIB2,True,0.060799366943008123,2.5955062076441506,1.5844265,898
LIMD2,True,0.018360797630796146,2.4856902579795372,1.1103823,1762
BRIP1,True,2.067745941430321,3.176647053151932,1.4682888,1077
GALNT5,True,0.5240305351309438,2.5571732361228734,1.4637796,1083
RPS6KC1,True,1.1388173501864187,2.767773871519184,1.5010405,1028
GYPC,True,0.202654122880352,2.5260517684747072,1.2846115,1382
ST6GALNAC4,True,0.0532295924083788,2.528654516852951,1.2958468,1361
TMOD1,True,0.5969761530897905,2.76354891174401,2.6605368,201
HEMGN,True,0.20017229533449782,2.7372838535627295,2.1964402,382
TLN1,True,0.8885566207307313,2.640955473445479,1.3015603,1352
DCTN3,True,0.1595912099798052,2.495442766639566,1.1524812,1663
CD72,True,0.039325592032463184,2.6449171908923548,1.7977196,673
PIM1,True,0.2747151416731514,2.5197187737132882,1.2572738,1435
GMPR,True,1.1079541824992365,2.9465835431116156,2.2803063,333
FRS3,True,0.02571562266360061,2.779532105906152,2.3788137,311
TUBB2A,True,0.051587582890158405,2.8018104508645725,2.4749832,264
HMGA1,True,0.6836657265377307,2.5198366435871677,1.2472674,1448
PGBD1,True,0.10148648381434486,2.535563530854414,1.3256711,1308
TPMT,True,0.2122417445771573,2.6191447711006344,1.6864674,804
NRM,True,0.18938083844930836,2.4795033981721977,1.0836755,1825
SLCO2B1,True,0.5092809678038946,2.8496126775516606,3.159614,112
SLCO5A1,True,0.023736746019130273,2.6382625387659697,1.7689934,702
TMPRSS4,True,0.08512545435151922,2.6016943065990064,1.6111388,869
TRIM29,True,0.033504628502439446,2.8448834737129047,2.660917,200
STRA6,True,0.04961189321096063,2.786642374473854,2.4095068,291
RSL24D1,True,0.22657996862971422,2.4837077122544824,1.1018243,1783
TTLL7,True,0.1776538637023338,2.612087475116709,1.6560031,838
SLC44A5,True,0.5264439470810007,2.960001532012154,3.7997508,62
CYP1B1,True,0.31478693142354786,2.5091855710718423,1.211805,1514
STAMBPL1,True,0.043586242863081784,3.089279605198367,3.7159054,65
ADAMTS14,True,0.44144501791942437,2.626168644270152,1.8638787,616
TET1,True,0.9028256104903282,2.8171699307044387,2.123788,419
METTL5,True,0.23087682412783958,2.498939074483987,1.1675737,1624
FASTKD1,True,0.6046302165277749,2.5942976066826575,1.6790609,811
SLC40A1,True,0.12504392281681198,2.536840517362253,1.3311834,1296
MNS1,True,0.051856813229404976,2.4930371676884886,1.1420969,1688
SEMA7A,True,0.099811939883915,2.61256478720495,1.6580635,834
FAM13A,True,1.0575014723494514,3.135017530432351,3.6068852,73
ZGRF1,True,0.3363203922742683,2.5308879524016925,1.3054879,1347
RASGEF1B,True,0.20051663102374465,2.544229914477668,1.3630813,1236
GPAT3,True,0.3449037586891012,2.635840726221554,1.7585391,710
BBS7,True,0.16085134343103724,2.6165452521008254,1.6752461,815
BMPR1B,True,0.4819392698632027,2.5566514453966067,1.4607537,1086
BMP2K,True,1.3743518018777656,2.9048170247038407,2.0982847,438
CENPE,True,0.8048311602261717,2.670862567736509,1.4411087,1116
LEF1,True,0.08388385194557173,2.5959828095904887,1.5864838,896
EGF,True,0.1836191645027073,2.7004578855472072,2.037473,482
CPNE8,True,0.19100123451567694,2.6917400404560805,1.9998405,511
C1RL,True,0.21385152623796944,2.6497673021928163,1.8186562,650
INHBE,True,0.04833711467294227,2.6564927442907478,1.847688,622
MMAB,True,0.3992825989909063,2.5667200364078226,1.5191407,1004
N4BP2L1,True,0.08835072609562582,2.6112469355652026,1.6523747,841
DIAPH3,True,0.9553997619563676,2.78029595593053,1.9517318,549
PELI2,True,0.10127940492112497,2.4740026817305343,1.0599304,1870
ESR2,True,0.13885706309125265,2.8176290959293566,2.5432677,237
KCNH5,True,0.14501237144566048,2.6054523392996978,1.6273612,858
STON2,True,0.6566119270128733,2.7264311085049573,2.4452932,278
WARS,True,0.6618872268374186,2.489329902497165,1.0703611,1853
SLC12A6,True,0.4190781979261351,2.4846275503521027,1.0430925,1904
LYSMD2,True,0.0514043266566799,2.5554870249797825,1.4116751,1167
PIF1,True,0.23578563447522305,2.5452272996604464,1.3673868,1229
PCSK6,True,0.9491838810451287,2.5831390551209887,1.0317852,1933
NTRK3,True,0.10140803987958977,2.6052298843024126,1.6264008,860
MFGE8,True,0.6043261750945421,2.6152349060056816,1.8004748,669
FURIN,True,0.10729163306838604,2.6794770766793383,1.9469048,555
SH3GL3,True,0.1878387396214313,2.4838087164151235,1.1022602,1781
ARMC5,True,0.0669252987899566,2.4784213411052956,1.0790045,1836
ARHGAP17,True,0.5899157688398804,2.512924377536597,1.2071837,1525
MYLK3,True,0.1275368095762254,2.5148748035730666,1.2363638,1474
GID4,True,0.14325721028216074,2.6004286754274184,1.6056753,880
KSR1,True,0.565298693167125,2.5304409476801797,1.308761,1337
PCTP,True,0.16133938513278684,2.480597882892627,1.0884,1813
RHBDL3,True,0.05849980573339791,2.631104956748939,1.7380961,733
ABCA8,True,0.15210927377439656,2.690852555096013,1.9960095,516
BCAS3,True,3.4429044630709273,3.5601674548181323,1.1190224,1737
SAT2,True,0.030769259135126428,2.7987111843422228,2.4616044,270
TMC6,True,0.5054566009039709,2.572386231020686,1.5519985,954
NARF,True,0.8762608314398037,2.6584355715324013,1.3831235,1207
CBX8,True,0.062276411475781085,2.638434776471766,1.7697369,701
RNF157,True,0.4649724390638503,2.649075933251262,1.9967164,515
VAV1,True,0.1462182096430733,2.5414312660455236,1.3510004,1258
TMEM91,True,0.05141560108597022,2.506755217680792,1.2013137,1538
TMEM50B,True,0.4146431472994614,2.527480532351783,1.2915938,1370
URB1,True,0.6693520879689387,2.5093046233275484,1.186193,1581
ADAMTS10,True,0.0969791355460309,2.573439284171339,1.4891698,1046
MYO1F,True,0.16053444559455304,2.8095780144376725,2.5085135,248
CACNG8,True,0.0801164817833339,2.560677584343942,1.4340813,1130
ZNF614,True,0.05409383776888601,2.85649668628356,2.711048,187
FHAD1,True,0.0834891892055833,2.7103651337516856,2.0802398,453
HSPG2,True,0.6967444340793342,2.691935354965229,2.245255,350
ITGB3BP,True,0.42681743394777444,2.5014781238956836,1.1408077,1692
KIF2C,True,0.5555019323250068,2.5492618524887916,1.417902,1159
ZNF697,True,0.06325069146150658,2.767797753034957,2.32816,328
CD53,True,0.21969356773655935,2.603016789159376,1.6168475,866
MPC2,True,0.21981770306108717,2.4826128833312384,1.0970982,1793
CREG1,True,0.4292400625939379,2.5771141217190716,1.5794152,908
ADCY10,True,0.04088842667300809,2.5294987300897085,1.299491,1355
PPOX,True,0.12852367165489342,2.6489045681329237,1.814932,653
FCGR2A,True,0.05667985823165337,2.784436947759209,2.3999867,299
RGL1,True,0.08579515449297345,2.517233144672634,1.246544,1450
ADAMTSL4,True,0.38878308495063946,2.5925610043400114,1.6689905,821
DTL,True,0.5339679251264168,2.552274577684077,1.4353726,1126
DUSP10,True,0.08345216048090663,2.464613081406146,1.0193982,1970
TP53BP2,True,0.41447564594338765,2.5451202802822266,1.3938854,1191
SNAPIN,True,0.0769547374225115,2.4873256830598627,1.117442,1742
PKLR,True,0.07063942573487011,2.5778626036394865,1.5082641,1017
MBOAT2,True,0.7509366145775945,2.582175973846427,1.0272914,1946
PARP1,True,0.5259053101703237,2.506396304969779,1.1693279,1616
PYCR2,True,0.1277778139623191,2.6411152606460564,1.7813078,685
LBR,True,0.6045993109134263,2.5700848183049163,1.5386528,976
REN,True,0.03070598440122139,2.798379946970826,2.4601746,272
PPFIA4,True,0.07254366807736082,2.5677512941871123,1.4646164,1082
PTPN7,True,0.4845235012629889,2.690962744449369,2.239615,355
GALM,True,0.3308137716430844,2.5008655391663006,1.1758897,1599
SFXN5,True,0.7075590329183632,2.4887968404050986,1.0672699,1860
ST6GAL2,True,0.279970771175716,2.663955882138728,1.8799043,604
NPHP1,True,0.03383133952787946,2.5602536080728706,1.4322511,1133
TMEM177,True,0.038813953161008,2.7471743904270203,2.2391348,356
SLC20A1,True,0.4339932984636756,2.527871530465434,1.2938612,1365
FAHD2B,True,0.05097930104386019,2.5944460506054616,1.5798501,907
GALNT13,True,0.1601335156299713,2.6344066800687265,1.7523488,714
LNPK,True,0.6738677287727739,2.4971419836721034,1.1156628,1749
PTH2R,True,0.7656056217562122,2.8887762441473885,2.4579077,273
CSRNP1,True,0.108772780893384,2.4942909735921504,1.1475092,1675
CAND2,True,0.11892764072885044,2.5024759146032154,1.1828413,1587
IGSF11,True,0.18584281357098079,2.4762520832965587,1.0696404,1855
TMEM108,True,0.14809125726568076,2.594005965706626,1.5779504,913
TM4SF19,True,0.05293121171368549,2.521763805573869,1.2661016,1417
SLIT2,True,0.2209604250783275,2.4667511794197075,1.0286278,1942
CCNA2,True,0.22495974260525164,2.6053895504286837,1.6270901,859
GLRA3,True,0.23013719815653752,2.590213729003356,1.5615804,940
CDH18,True,0.37288287944225174,2.5181028693009893,1.2372134,1470
IQGAP2,True,0.6357485970974697,2.575793494142833,1.571757,926
ADAMTS19,True,1.0282570237161828,2.7548127140577083,1.8328254,634
ARHGAP26,True,0.7383202896109048,2.5858395068193762,1.0443857,1903
TIMD4,True,0.03807545324503994,2.4748648902939574,1.0636524,1863
RNF145,True,0.46474990101195235,2.57906477461764,1.590727,890
TNIP1,True,0.33763251580150955,2.486219923420155,1.1126688,1757
CPLX2,True,0.32216323554811555,2.6212925835954426,1.6957389,793
FAM217A,True,0.0321322193847959,3.0217233527116263,3.4242845,86
TBC1D7,True,0.19422946112669645,2.6012773398952813,1.6093389,872
GFOD1,True,0.6039439280732534,2.5688547623459423,1.5315198,986
KLHL3,True,0.03391656366209114,2.805611537546402,2.4913914,257
MMS22L,True,0.6613549094450131,2.4888436951025508,1.0675416,1859
RNF217,True,0.7972933035822211,2.7317648126983323,1.7252824,748
ARHGAP18,True,0.7944308613605688,2.626895844928286,1.2359571,1475
SLC18B1,True,0.123150546738871,2.600920915601365,1.6078002,873
SHPRH,True,0.5559251533145998,2.543092485312824,1.3821263,1209
AIG1,True,1.070327841469502,2.688708890502488,1.1564695,1652
SLC22A3,True,0.1968402541226726,2.537818327080669,1.3354044,1287
VWDE,True,0.7577215063200227,2.791425720826691,2.003664,506
CREB5,True,0.23222602191203054,2.6295917856339335,1.7315643,738
EGFR,True,0.2546709340040128,2.497534777166358,1.1615118,1634
IGFBP3,True,0.18107099228883458,2.6975498125826314,2.0249197,493
SSC4D,True,0.05856380573087783,2.669420139065744,1.9034919,589
PSPH,True,0.4050159410738047,2.489253233343692,1.0699165,1854
TMEM168,True,0.4784220850884804,2.4799065544797707,1.0157158,1982
TMEM209,True,0.5474802662740613,2.5527897563426603,1.4383601,1124
ZMYM3,True,0.09685072927190269,2.4694774784445768,1.0403965,1912
DOCK11,True,0.5246686714825323,2.6418363289560713,1.9547344,545
CSGALNACT1,True,0.4618427595905106,2.744608925848433,2.5507052,235
BIN3,True,0.365613386976768,2.5035860312711407,1.1530313,1661
SLC25A37,True,1.682664013918987,3.5851134881116318,4.35005,33
STAR,True,0.0802151217568589,2.6476381968964398,1.8094654,660
PXDNL,True,0.06461701759233567,2.553106186801593,1.4013977,1181
RGS20,True,0.19781061214761173,2.56736350742256,1.4629425,1084
MRPS28,True,0.06594589795952567,2.9069170044112083,2.928698,143
SYBU,True,0.2977931453914038,2.5140066347994834,1.2326161,1483
LRP12,True,0.42545916715705867,2.590423174805913,1.6565934,837
FAM83A,True,0.7878379243123659,2.871862979667593,2.3789895,310
C9orf72,True,0.06367567978712481,2.5861525946565695,1.5440496,967
SHC3,True,0.025304969886372132,2.720324565669443,2.123232,420
PLPPR1,True,0.03666991781192342,2.840595263529967,2.642406,204
GBGT1,True,0.041629838764478615,2.5094484451486267,1.2129397,1512
SURF2,True,0.0355936634785438,2.469022767301978,1.0384336,1915
NOTCH1,True,0.20861762997942,2.463084712445174,1.0128007,1994
FAM171A1,True,0.28064662300924603,2.7753650753880588,2.360826,319
ST8SIA6,True,0.8304295673755518,2.6418733739729725,1.3058432,1346
ANKRD30A,True,0.07713476972378278,2.5629172677755907,1.4437493,1111
ADD3,True,0.6602916305102703,2.506570653450637,1.1703389,1614
MKI67,True,1.5221104300631942,2.8901061314366085,1.5988721,884
FUOM,True,0.03093157169738404,2.6519384052873995,1.8280282,641
ITPRIP,True,0.23874870290338757,2.6484267043429006,1.8128692,656
ADAM12,True,0.022965678730001614,2.4906333763886215,1.1317204,1710
GAS2,True,0.08167807962207473,2.554419844007181,1.4070684,1177
LIN7C,True,0.08675712491375279,2.4700996298604747,1.0430821,1905
IMMP1L,True,0.5865910297028687,2.4947062790682173,1.1015383,1784
CCDC82,True,0.22465587350275626,2.570454816072442,1.4762868,1065
TENM4,True,0.0693282469509869,2.7099528051990607,2.0784597,454
CAPN5,True,0.12018619955496086,2.4779636247086785,1.0770286,1838
PAK1,True,0.17674780027268233,2.4914636400096315,1.1353045,1706
P4HA3,True,0.03321939403635737,2.484206780929223,1.1039786,1779
HYOU1,True,0.5232959774416377,2.766077868438845,2.675202,195
FADS1,True,1.5276146204572771,3.203733593376036,2.8403625,158
KIRREL3,True,0.054913930602570514,2.7466771846215754,2.2369885,359
CNTN5,True,0.13008947401764154,2.7167289394818166,2.1077104,428
VEGFC,True,0.07982563006793414,3.1758382096216384,4.0895543,47
CD226,True,0.06589038348849885,2.5884730652520505,1.5540664,950
TIMM8B,True,0.08853545667683571,2.520355574717603,1.2600226,1427
SEC24D,True,0.6049078420685482,2.5610793437470765,1.4864308,1050
ITPR1,True,0.6185707306818068,2.5633165656725727,1.4994042,1029
SLC7A11,True,1.0825875212861755,2.978711799026219,2.4203236,287
ENKUR,True,0.12708097102965907,2.7109520337723145,2.0827732,449
DCP1B,True,0.12695981818789387,2.525251842190443,1.2811584,1391
NGLY1,True,0.8010874118734667,2.5818283667273536,1.0256695,1954
BTBD11,True,0.61606248000407,2.6468391920936982,1.9837457,526
NPAS3,True,0.6214045964702969,2.6035486378082693,1.732707,737
QDPR,True,0.08513962159565759,2.484702173922935,1.1061171,1774
AKR1C2,True,1.0259020285822473,3.1394152172941703,3.6274052,69
NBAS,True,1.376048549151102,2.697947958535305,1.196734,1550
TMEM267,True,0.5934164352334513,2.5108413860510588,1.1951046,1557
GFRA1,True,2.0896672551673454,3.160480981616949,1.4254061,1148
PSTPIP2,True,0.19672463011184896,2.4933800498209058,1.143577,1685
SPC25,True,0.4736388257828119,2.5618848600844775,1.4911019,1044
PDK1,True,0.47183545896111373,2.704115373414575,2.315886,331
PDE3B,True,0.6963075510559931,2.510886680619245,1.1953672,1556
GUCY1A2,True,0.05193155755261872,2.5600864987813607,1.4315298,1135
NMT2,True,0.43193672867776867,2.538793271570534,1.3571955,1248
ZNF837,True,0.04509787617905852,2.746406705354394,2.235821,362
SPARCL1,True,0.03436603013969443,2.857550073733811,2.7155952,185
LMNTD1,True,0.02666917557990465,2.783970756051476,2.3979743,300
STK32B,True,0.12762054714776175,2.473252567409375,1.0566924,1880
DAB2,True,0.12032543344166846,2.8712802162567193,2.7748642,174
SYCP2L,True,0.27454123283859727,2.495991343317811,1.1548492,1657
BMP6,True,0.1381190992189586,2.5627589676088074,1.443066,1113
PTPRR,True,0.11683653005401462,2.5538588943528264,1.4046469,1179
INO80C,True,0.0272308687925713,2.7466176044395647,2.2367313,360
CNKSR3,True,0.5914279197166812,2.6117696809208417,1.7803802,688
C7orf31,True,0.04774669892183415,2.5153888525541586,1.2385827,1467
CACNA2D1,True,0.4250601726287832,2.914613639943157,3.5365498,78
HS3ST3A1,True,0.9532940739038459,2.6015723159434105,1.117796,1740
CDH12,True,0.2780149781435047,2.8746397011251394,2.7893662,171
ANGPT1,True,0.40801105940082466,2.774121887484168,2.7218485,184
CC2D1B,True,0.11969065086930114,2.621423727430725,1.696305,790
PRKCA,True,2.046944721366784,3.21759233846329,1.5769018,916
ENPP3,True,0.43430618360130563,2.7807982129110087,2.760564,176
TNIK,True,1.1688735363026428,2.983613351959567,2.441685,280
TDH,True,0.10623089720039226,2.6065324294546444,1.6320236,853
TRIM11,True,0.24692626670856213,2.5881425626593653,1.5526397,952
PPP1R3A,True,0.049231085463466426,2.708118381694726,2.0705411,462
CCSAP,True,0.1540772207978716,2.5642935524152732,1.4496903,1101
CCDC173,True,0.09381942674843244,2.8062185486366684,2.4940116,256
CNTNAP3B,True,0.385033816270966,2.9132155643735604,3.5284424,79
BTG3,True,0.10149004254927216,2.5149315346437913,1.2366086,1472
PDE1C,True,0.1355247038460319,2.4862161172864883,1.1126523,1758
TMEM55A,True,0.18166192426106761,2.486613675522545,1.1143684,1752
MARVELD1,True,0.05291428906187436,2.4943773916816543,1.1478822,1674
HSPA13,True,0.23948984866548617,2.5252510989112253,1.2811552,1392
SAMSN1,True,0.6007564556159259,2.902167399523865,3.464375,85
SLC16A1,True,0.5086175600227686,2.656248898571524,2.038312,481
SLC7A7,True,0.08011863945852374,2.570971709542545,1.4785181,1062
PIK3AP1,True,0.045159847920071626,2.515137394747587,1.2374972,1469
SPAG17,True,0.057606430898088035,2.661517308534603,1.8693776,613
ELMO1,True,0.2437392398279484,2.6735205959543453,1.9211924,574
SLC24A2,True,0.05642662763472939,3.125901296836908,3.8739908,56
CLIC2,True,0.2302387661431828,2.6308824968800852,1.7371359,735
KIF5A,True,0.12896821121903768,2.5323845591676104,1.3119483,1332
CFAP70,True,0.36089688554620153,2.953070799261538,3.7595599,63
MMP16,True,0.32663467792241324,2.636626334722131,1.7619303,708
ADAMTS3,True,0.559521210087719,2.77289203285578,2.7147167,186
CFAP161,True,0.4870487590894455,2.7181193841573563,2.3970942,301
SLC28A1,True,0.029295030006446388,2.600859383930193,1.6075346,874
N6AMT1,True,0.0878798797323675,2.524033632729614,1.2758998,1403
NAA11,True,0.15961666310612077,2.7394098706432555,2.2056177,375
FRRS1,True,0.43152785755077205,2.8797128355951287,3.3341625,100
SASS6,True,0.2489063689730637,2.5176221333987616,1.2482232,1445
TATDN2,True,0.12151090192641839,2.464983214169879,1.020996,1965
NRG1,True,0.41248860752254596,2.6922350540362388,2.2469928,349
SSBP3,True,1.044180994751922,2.6127923860874085,1.1701496,1615
ST3GAL2,True,1.2787497374611727,2.8353474013000985,1.7955309,676
MYO1E,True,1.1172693340747335,3.014419110084056,2.5759387,229
KCNJ6,True,0.1337744351048062,2.5537532528123204,1.4041909,1180
TSPAN18,True,0.03876902515155626,2.6015801026941423,1.6106458,871
TAB3,True,0.29666027355285923,2.4990572435078584,1.1680838,1622
PSMG3,True,0.0815355360594479,2.5474814158308976,1.3771172,1215
WDR66,True,0.28823886625678535,2.5391418705009317,1.3411177,1280
UBXN11,True,0.070916678786752,2.6178348970919423,1.6808131,809
XKR8,True,0.024901667641597115,2.4779518984531137,1.0769781,1839
COLEC12,True,0.04577367960913832,2.8222999840609786,2.5634305,231
SLC13A3,True,0.304598461355238,2.4673490950720662,1.0312088,1934
CDC25C,True,0.48218766097986665,2.651564564968123,2.0111477,499
HIST1H4H,True,0.7062968182018633,2.660274383599699,2.0616553,467
GDPD5,True,0.13883221709201807,2.632170330083702,1.7426951,726
ALAS2,True,0.36763849050561653,2.8433407803792847,3.1232438,114
ZSCAN12,True,0.11574340548452468,2.651375670508937,1.8255991,643
DMTN,True,0.13320078951286501,2.6453930191259207,1.7997737,672
RAPGEF6,True,0.15248475706019143,2.652361229581057,1.8298534,640
EPB41,True,2.1186517232571167,3.3449483792770858,1.9147309,579
DONSON,True,0.11827920141404642,2.5945974895668504,1.5805038,904
RCAN1,True,0.10325831182861478,2.4935249493979006,1.1442025,1684
ADIPOR1,True,0.2511439944101315,2.4685518268093936,1.0364007,1922
ANKRD18CP,True,0.0657893710335608,2.5665054036567883,1.4592383,1088
ZFYVE28,True,0.5399696830175668,2.50742604656698,1.1752993,1602
BSDC1,True,0.45585920803141544,2.5191987677829037,1.2435684,1458
TFF1,True,2.1008266750212083,3.529748660791325,2.4049387,295
GAB3,True,0.22759966677399848,2.653224628732603,1.8335805,633
SPATC1L,True,0.20249141096138198,2.539989333538341,1.344776,1274
LSS,True,0.890588816279507,2.5790381618903573,1.0126501,1995
DEDD2,True,0.08244147057175923,2.4632246775116373,1.0134048,1991
SHC1,True,0.21163844930628017,2.471589773236899,1.0495145,1896
FDPS,True,1.2865133112448992,2.8420821137254935,1.8248813,644
TONSL,True,0.2531932313488522,2.4820074098109774,1.0944846,1803
COL26A1,True,0.18478943867026004,3.5305642392527226,5.6208053,10
SQSTM1,True,1.355852597181577,2.8768563681095247,1.97643,530
FBXL13,True,1.1041306173474028,2.9944099306399914,2.488737,258
FBXO27,True,0.14027990204795351,2.4926226171910666,1.1403074,1693
IKZF3,True,0.036057275528841554,2.549696990278728,1.3866812,1202
ZNF577,True,0.0959890675774714,2.7860297299754246,2.4068623,293
ITGA5,True,0.5294343291095315,2.671683828256157,2.1278179,415
JOSD2,True,0.18004080901911138,2.563372298637698,1.4457136,1107
FAM171A2,True,0.03738480856165466,2.581100851269586,1.5222427,998
FMNL3,True,0.16997585781338162,2.5584033867546374,1.4242642,1151
SPC24,True,0.3811470948302218,2.556661047666067,1.4608094,1085
MEIOB,True,0.4301196546075164,2.751934583423118,2.5931861,222
NXF1,True,0.17619588902462477,2.4770514875713454,1.0730913,1845
TAL1,True,0.11155758386729081,2.6793076340413,1.9461734,556
C1orf123,True,0.06592885058653863,2.5386151306623135,1.338844,1284
KLHL21,True,0.21745922865622852,2.5197812183260457,1.2575433,1432
DHRS3,True,0.5006920886105695,2.627667347137778,1.8725696,609
LAPTM5,True,0.11334971875070787,2.9120652595717513,2.9509218,139
SDC3,True,0.27975906741848766,2.8171444384452013,2.5411756,239
FAAP20,True,0.17633924867523323,2.4950161405196343,1.1506395,1668
IL23R,True,0.2541798683542926,2.5419946719625086,1.3534324,1254
NFIA,True,1.097846450763579,2.736575755966815,1.3650768,1230
GBP2,True,0.0553992901443507,2.536392993328048,1.3292516,1301
BRINP3,True,0.05191702572881039,2.937177359367241,3.0593235,123
KCNT2,True,0.231341204338238,2.700763867754415,2.0387938,479
EXTL2,True,0.14437651157358647,2.546129121342107,1.3712797,1222
TRIM58,True,0.17378289898616883,2.556722438928466,1.417008,1160
IGSF8,True,0.06268901179441333,2.6263319388227626,1.7174923,761
PEX19,True,0.055439218309465896,2.535667837052425,1.3261213,1304
ATF3,True,0.04386821771300352,2.7995200502488133,2.465096,266
AXDND1,True,0.05730315542281458,2.668310048038057,1.8986999,595
PUS10,True,0.17613605165754184,2.5223485412424944,1.2686257,1413
MEMO1,True,0.14751965161421052,2.6994305579966484,2.0330384,486
CLHC1,True,0.2950749343778609,2.593812085893911,1.5771135,915
NOSTRIN,True,0.2446704387089823,2.4835150878487915,1.1009928,1786
CDC42EP3,True,0.06614087508722162,2.5548230263527634,1.4088088,1172
ARHGAP25,True,0.12728853424178155,2.50579495277877,1.1971686,1549
FZD5,True,0.0682036757245898,2.6459232625384193,1.8020625,667
PAQR3,True,0.12511464187210178,2.464439395496225,1.0186485,1974
ANTXR2,True,0.8116150481545367,2.8937049916996327,2.4809055,260
HELQ,True,0.27568389078903427,2.476535962702517,1.0708659,1850
ABRAXAS1,True,0.25882601163775976,2.4849062825080734,1.1069982,1772
CLDN1,True,0.04134543591028067,2.573149097476461,1.4879172,1047
LMOD1,True,0.047369022392354146,2.57574858633213,1.4991385,1030
RNF25,True,0.05057596026237503,2.58449415912978,1.5368906,981
AZI2,True,0.2744563691866131,2.466117812477463,1.0258937,1953
SPTA1,True,0.3401347630275113,2.6613181567698345,1.8685179,614
EIF5A2,True,0.0966801818988688,2.537342269495098,1.3333493,1291
RPL22L1,True,0.11765896479762511,2.503961393429245,1.1892537,1576
COX18,True,0.10266144694183939,2.4975019855490967,1.1613703,1635
ABHD6,True,0.08833348374996872,2.500352677547337,1.1736759,1607
FANCD2OS,True,0.027934819307953974,2.487470196322006,1.1180658,1739
TM4SF18,True,0.033140963763303284,2.676319765657477,1.9332756,567
CDCP1,True,0.24831467697162593,2.74806585218087,2.242983,351
NMNAT3,True,0.1320009608437373,2.477736867918523,1.0760498,1840
MAD2L1,True,0.08218737882005005,2.5574150123380726,1.4199977,1157
HPGD,True,0.08786741759572925,2.465602034375409,1.0236672,1959
MOCS2,True,0.1428143924687962,2.5553609951849423,1.411131,1170
ADGRV1,True,1.3021021466850569,2.8434626664024574,1.8308978,637
STARD4,True,0.1789987599963065,2.7855018431622938,2.4045835,296
ANKRD33B,True,0.11452237412770391,2.4827847479894736,1.0978401,1792
RHOBTB3,True,1.7374662064876203,2.7879472174451263,1.1944772,1561
ERAP1,True,0.20219392116783635,2.594262254025044,1.5790567,909
ERAP2,True,0.07113450853402303,2.4689954010232635,1.0383154,1916
EBF1,True,0.1705192308538979,2.7381117416670127,2.2000139,379
STXBP5,True,1.7440874825414932,3.2565872497483817,3.049583,125
KIAA1324L,True,0.6335275454501632,2.5851159512589224,1.6258172,861
CTSB,True,0.8140327052873773,2.617758046397856,1.1933196,1563
SLC30A8,True,0.05610111540095484,2.466695486904632,1.0283873,1943
CPA6,True,0.6046204998729792,2.6880798782061106,2.2228973,369
TMC1,True,0.0315667927771845,2.4678498097508528,1.0333703,1929
ALDH1A1,True,1.3847266359383472,3.4889406735805752,4.6439385,27
GKAP1,True,0.27098050444703026,2.5364287713162406,1.329406,1299
C9orf64,True,0.20658061389125448,2.4974053962393374,1.1609533,1636
NLGN4Y,True,0.05783103871033162,2.6267164930354143,1.7191525,758
BRWD3,True,0.43447838512079606,2.534674689991532,1.3333122,1292
MARCH8,True,0.36780734008878146,2.6748241893076306,2.1460285,403
ZNF22,True,0.07097528667138232,2.4963708841301657,1.1564876,1651
RPUSD4,True,0.08387691635530749,2.4720545408522785,1.0515208,1890
SSX3,True,0.09871417796584628,2.5948482700209734,1.5815864,902
VSTM4,True,0.08950433420837275,2.4647370479950803,1.0199333,1968
GFI1B,True,0.09948722665292799,2.617203252858346,1.6780865,812
RAB8B,True,0.4075943543220883,2.559796322679407,1.4789906,1060
DEPDC4,True,0.13593660320797193,2.478816721965583,1.0807112,1830
GABRB3,True,0.3853558778911976,2.754004849237855,2.6051912,218
ZNF202,True,0.04506930987933672,2.569153781555918,1.4706706,1074
SMPD1,True,0.0915202895759825,2.5212041058561536,1.2636855,1419
TPP1,True,0.30333908400370385,2.6224829410002632,1.7008774,779
WDR72,True,0.12742760285040386,2.629371378641426,1.7306128,739
XRRA1,True,0.6170390695527794,2.5637686800880752,1.502026,1027
TMEM41B,True,0.7531845451246796,2.5800367417668078,1.0173095,1977
PRKCB,True,1.9207478968838474,3.405625346722834,2.0756848,457
BLCAP,True,0.21484382086970388,2.4804875315146937,1.0879236,1816
SAAL1,True,0.13025571372002331,2.5039415810062158,1.1891681,1577
ZBTB39,True,0.0393238990772279,2.46843766839402,1.0359079,1925
NEMP1,True,0.41391475394146127,2.529526747135671,1.3034596,1349
PATL1,True,0.22138552069235284,2.5754711061725573,1.4979407,1033
MTMR10,True,0.1666969521087788,2.472679125814628,1.054217,1884
TSC22D4,True,0.3541750922764268,2.531515154268155,1.3081954,1339
EPB42,True,0.06751451330681271,2.580123193322303,1.5180224,1005
MAP1A,True,0.35260480373213976,2.7341498560250823,2.1829116,388
EVA1C,True,0.26223556649235935,2.4847831461215844,1.1064667,1773
RBFOX3,True,0.467827642065481,2.9942893491526457,3.9985833,52
CD3D,True,0.05784860843441189,2.691896061955016,2.000514,509
FN3K,True,0.06339521251290893,2.5862431862256874,1.5444406,966
MVD,True,0.5602589952145228,2.7877860528147522,2.801086,167
PROCA1,True,0.12676873291021654,2.710804238096518,2.0821352,450
ZNF528,True,0.019694617960220377,2.921095565056596,2.989903,131
CYP2S1,True,0.08965476254161234,2.490511540837633,1.1311945,1714
PPP1R14A,True,0.03288814354719972,2.722992422531826,2.1347482,410
YIF1B,True,0.48408840568667855,2.9089147670121664,3.5035024,82
DAPK3,True,0.36487727565570927,2.5300809579922263,1.3066734,1345
RILP,True,0.10353363303270849,2.6019467680464516,1.6122285,867
ZNF558,True,0.05421739722755542,2.6439874505069043,1.7937062,678
ZNF232,True,0.033963344437217796,2.789679600309906,2.4226177,285
ZNF598,True,0.15854902338256413,2.492330041840617,1.1390444,1696
ZNF597,True,0.022105154711699108,2.7419580849272354,2.2166176,373
CCDC88B,True,0.08566757585819025,2.6773173185626558,1.9375818,563
PBK,True,0.24566826337911307,2.495440432425204,1.1524711,1664
GNG4,True,0.04957016388866694,2.675185061310868,1.9283774,570
FILIP1L,True,0.20268670177136183,2.569817403350786,1.4735353,1071
RHOH,True,0.29604147479136883,2.652665813770455,1.8311682,636
REEP4,True,0.16870609293725,2.5111504824120456,1.2202868,1499
CAVIN2,True,0.09977367862025836,2.6905891304658667,1.9948723,519
LRP1B,True,1.387140428324581,3.51586774734876,4.761289,25
FAM178B,True,0.47189213897548654,2.8922985026251418,3.407146,89
TSPAN5,True,0.3187965534445487,2.6274043753744962,1.7221218,752
ZNF608,True,0.0734388713207017,2.5125538628914548,1.226345,1491
SLC35G2,True,0.14443644158062863,2.479583631806226,1.0840218,1824
INPP5D,True,0.05895276760976333,2.7432834390241365,2.2223387,371
TMEM129,True,0.05021182100540898,2.536397554292552,1.3292713,1300
CPLX1,True,0.027718750373567216,2.811162130938948,2.5153515,247
ROR2,True,0.9863797338830422,2.9842970817317855,2.903614,147
ATF5,True,0.6106676687600235,2.5708227584395535,1.542932,968
CPT1C,True,0.02397692493854837,2.622382373974185,1.7004433,784
PCSK9,True,0.11280927122564713,2.5167682010915047,1.244537,1453
RAB3B,True,0.08897041023997854,2.491708725564861,1.1363623,1704
SNUPN,True,0.1355142293119097,2.4745684431003316,1.0623727,1867
SCN9A,True,1.0427258359631488,3.0702296569317156,3.304581,103
CD52,True,0.0767586860845748,2.482516556894514,1.0966824,1795
PLEKHA2,True,0.3627002724119749,2.4927084503958814,1.0899531,1810
ZEB2,True,1.0392574165663275,2.8791782907234698,2.4131231,289
FAM103A1,True,0.024751405352538423,2.499969626045906,1.1720223,1610
HIC2,True,0.5222981518055756,2.5591795852696912,1.4754142,1070
BUB1,True,0.6228821016823621,2.733704876479279,2.4874732,259
NRG4,True,0.0870114453536761,2.6907580644192657,1.9956017,518
ROBO1,True,0.48706128150739086,3.098024761934444,4.600137,29
ITGAM,True,0.02475798969627823,2.668514145450138,1.899581,594
TM4SF4,True,0.11454655625662201,2.5804939651598677,1.5196229,1002
TM4SF1,True,0.3243054819885354,2.631391754673416,1.7393342,731
ZFPM2,True,1.5679182288505598,3.199406252515846,2.823233,163
TMEM42,True,0.035522695079622225,2.4758975617273937,1.0681101,1858
GYPA,True,0.5018134148511495,2.7531753485090475,2.6003811,221
FAXDC2,True,0.4865656271338147,2.6875052968123905,2.2195654,372
PRDM10,True,0.35067501150562697,2.466426818433554,1.0272276,1947
CST1,True,0.04720423000379938,3.2736298548841094,4.511693,30
ZNF804A,True,0.2313167232714963,2.7725465225134855,2.348659,323
DENND5B,True,0.6729499677299554,2.52045136505871,1.2508321,1443
NPAS2,True,0.4426419666767517,2.486721014574221,1.0552323,1882
SERPINB9,True,0.2844130259546718,2.8267078864457877,2.5824583,226
CDH2,True,0.06154765334565436,2.540669724489016,1.347713,1266
DLGAP1,True,0.1081457617788376,2.464513351725424,1.0189677,1971
STAT2,True,0.4015460400963625,2.5651952864420253,1.5102987,1014
IRF2BP1,True,0.09843874134227797,2.8419054579309333,2.6480618,203
SGCD,True,0.10459279415802815,2.4920695216364925,1.1379198,1700
DPY19L2P2,True,0.03418021586318758,3.415890543367,5.1257915,18
HOXB9,True,0.07857843992301185,2.670405254293735,1.9077443,587
GPR37,True,0.0364298851215014,2.580920323509749,1.5214634,1000
AC093323.1,True,0.10781285030925179,2.4878032005276474,1.1195034,1734
PDGFD,True,0.10223300554750256,2.630583227313722,1.735844,736
PLAC1,True,0.056212970259925714,2.5750133047082557,1.4959645,1037
PYGO1,True,0.05014329520888852,2.5903585212549856,1.5622054,936
C11orf24,True,0.14173696312061715,2.469925860403458,1.0423319,1906
KYAT1,True,0.39597204827751165,2.511055224923804,1.1963446,1552
KCNMB3,True,0.20925550244097363,2.94670074708641,3.100433,120
GRIK1,True,0.06410200510214974,2.8490448652884535,2.6788807,193
LRG1,True,0.13836674613312655,2.6392370145529047,1.7731999,699
SOSTDC1,True,0.05025869067021739,2.9494012933161478,3.1120906,116
CHST11,True,1.2152312710558668,2.8187586360573262,1.7232358,751
KRT13,True,0.10582761052409226,4.4487375311054445,9.584298,1
PDE7B,True,0.259608656593234,2.5233091501388265,1.2727724,1407
LRRC8C,True,0.03979125827363151,2.4670790294638043,1.030043,1936
FGA,True,0.10576161678797796,2.522160995627002,1.2678162,1414
OR2AT4,True,0.08442824680666568,2.532914985987207,1.3142381,1326
DSCAM,True,1.5733681205035541,2.766103621693246,1.1080097,1769
S100Z,True,0.03462009905030856,2.4784935549607483,1.0793163,1833
ANO5,True,0.07700712728660566,2.580883540700549,1.5213046,1001
BCL2,True,0.8478294984352163,2.689385660429609,1.5275387,992
MIR31HG,True,0.3877924852231806,2.7085865061745014,2.3418138,324
FRMD3,True,0.4119949686200215,2.485805152365651,1.0499213,1894
AZU1,True,0.036984608559277876,2.6280836223680715,1.7250539,749
NEGR1,True,0.024225346180655385,2.5654228725773884,1.4545653,1096
IL16,True,0.1253459639689671,2.5079322350172593,1.2063947,1528
CFAP53,True,0.061564276303031656,2.4772203727802795,1.0738202,1843
GTPBP2,True,0.19789663234758745,2.5282793804948756,1.2942275,1364
MANEA,True,0.0975493646156038,2.4748537363171303,1.0636042,1864
PDE3A,True,0.4514160012298766,2.81030641643466,2.93168,142
RND1,True,0.09749808179447524,2.8020296999375223,2.4759295,263
ZFAND4,True,0.08060706817848597,2.5027849229874723,1.1841751,1583
CORO1B,True,0.7749583186207433,2.5842690532720214,1.0370579,1921
EGFL7,True,0.4362832220468404,2.5015616417352473,1.141292,1689
MYEOV,True,0.20311773046098255,2.621428173855158,1.6963242,789
MIR4435-2HG,True,0.9543721058593875,2.5788614222685484,1.0118254,1998
XKR3,True,0.5849062306028613,2.6424750541281687,1.9584384,543
GXYLT2,True,0.17032669022846084,2.514670330729005,1.235481,1477
BNC2,True,0.06787289200633075,2.5026800104256823,1.1837223,1586
PLAC8L1,True,0.04262943389566483,2.4906258036487268,1.1316878,1712
EHBP1L1,True,0.3222938818144355,2.463330169860404,1.0138602,1988
THAP2,True,0.058044839247603223,2.495833131440618,1.1541662,1659
PTPRM,True,0.5678051240691591,2.7974955683985425,2.8573909,156
MOB1B,True,0.8788151653154942,2.6288164568365704,1.2449188,1451
AP000769.1,True,0.5932717876948944,2.598404785421703,1.7028782,778
STAT5B,True,0.9446693860887275,2.62346024652988,1.2199265,1501
MARCH3,True,1.3402103227576152,3.0745572082654915,2.8380249,159
SWSAP1,True,0.05962619187251927,2.5052553286038055,1.1948392,1560
CEP19,True,0.05752027462427548,2.5973091906426524,1.5922095,888
KLHL15,True,0.1699492427047758,2.5740614376689086,1.4918555,1043
CTSF,True,0.07938888084426318,2.526027429890753,1.2845064,1383
TLR1,True,0.0436698191468842,2.8083956953322438,2.5034096,253
TLR6,True,0.05350936823144577,2.6368111177403692,1.762728,707
C12orf66,True,0.09347925949558783,2.489345971400894,1.126163,1722
SNX31,True,0.06791093776413727,3.1672556882093117,4.052506,48
EXO1,True,0.41388877183198036,2.4970876560108515,1.1153477,1750
C12orf76,True,0.12052526319465964,2.837622922100546,2.6295753,211
CNTNAP2,True,0.804818223324049,3.027012344679771,3.1029263,119
GALNTL6,True,0.355916492057127,2.497181608232501,1.1599872,1638
LINGO2,True,0.06435546117250182,2.629043455395982,1.7291973,743
UGT8,True,0.05123032761460267,2.4950340985039516,1.150717,1667
HRAS,True,0.08054413213093743,2.496611376540778,1.1575258,1646
CHST2,True,0.07755278818247077,2.6374357597193834,1.7654244,706
ZDHHC14,True,1.0844752089051817,2.6643231400449174,1.0501945,1892
CADM2,True,0.6198123468221974,2.531932601368292,1.317411,1320
ABO,True,0.4341796684443737,2.7551140563634156,2.6116235,215
FAM182B,True,0.09684720889732426,2.7229752967927237,2.1346743,411
DDIT3,True,0.21298386280969206,2.6939616812048706,2.0094306,500
GOLGA8A,True,0.15179208092984753,2.6064509599941164,1.6316719,854
NRIP3,True,0.06271164114118769,2.708985028272824,2.0742822,460
KCNE3,True,0.037708509776479215,2.4784925548539536,1.079312,1834
FOSL1,True,0.2770453191129199,2.60658979207069,1.6322712,852
SUGCT,True,0.15199955661344305,2.471651088981025,1.0497793,1895
YES1,True,0.9561564276444974,2.658492272053479,1.383388,1204
GPX2,True,0.630807892073469,3.001812116727679,4.0422072,49
LRRTM4,True,0.05797865421517654,2.753363452098304,2.2658513,339
ANAPC2,True,0.08369470152083275,2.5191941221094205,1.2550089,1438
B3GNT4,True,0.036945915891603676,2.7458514856126723,2.2334242,365
CRLF3,True,0.5160527831181252,2.516674676668894,1.2289314,1486
SYNE3,True,0.04064563237696955,2.5941558221648133,1.5785973,911
GNG7,True,0.141803407711039,2.5228604266563317,1.2708354,1410
MYO1D,True,1.5489563033079077,2.8640830941237296,1.4958602,1038
ZNF843,True,0.016924853134842315,2.494578874106949,1.148752,1673
AL358781.1,True,0.030894854492762747,2.488651610752799,1.1231657,1728
TYMSOS,True,0.08145959637631969,2.6764764637535863,1.933952,565
MTHFR,True,0.9094713025605125,2.698023578362669,1.5678437,933
RHOG,True,0.23760979538502303,2.4802471292643515,1.0868859,1821
C10orf71,True,0.0529694798338753,2.5123573976911784,1.2254968,1493
CAVIN1,True,0.565182810237235,2.6551340410446485,2.031847,487
PIDD1,True,0.08325334497291194,2.534445203214634,1.3208436,1316
ZNF491,True,0.03813981450728113,2.4869671292246016,1.1158942,1747
JUN,True,0.27254286915208253,2.5052914561261654,1.1949952,1559
NAALADL2,True,0.9519399943581408,2.5860227958900457,1.0452409,1902
HNRNPA0,True,0.25478774219378975,2.4691361972469443,1.0389231,1913
ZNF518B,True,0.09321537606409235,2.719497243743535,2.1196604,422
KDELC2,True,0.1914788202073939,2.5204062932253217,1.2602416,1426
TMPRSS9,True,0.035385804354893545,2.517542320548893,1.2478787,1446
SLC25A20,True,0.14260163264118106,2.5574415199417184,1.4201121,1155
CA8,True,0.6597268010287388,2.5245572013181588,1.2746415,1405
ERBB4,True,1.5092686630658474,3.455438261564268,3.8367324,60
MAF,True,0.028778987213930542,2.5164740469982423,1.2432672,1460
TRIML2,True,0.04193097862731868,2.6130765048524105,1.6602725,832
GPC5,True,1.056165756616938,3.0256196712914716,3.096428,121
MKRN3,True,0.17816539821090124,2.496891504721107,1.1587349,1641
DNHD1,True,0.21101254362792865,2.5467916820043777,1.3741398,1219
GCC1,True,0.07293088600828915,2.640543395026213,1.7788392,690
GRM8,True,0.039385785857792975,2.478839845713561,1.0808111,1828
FLJ37453,True,0.2667752882122935,2.5242809359613223,1.2769673,1399
SERTAD2,True,0.35229297316917896,2.519743167154085,1.257379,1433
PSTK,True,0.12628218494324303,2.532568797896457,1.3127437,1327
PRKRA,True,0.3770175286328295,2.4995275245677298,1.1294963,1718
HERC2P3,True,0.5403534988234913,2.92265743615482,3.5831952,75
PLD5,True,0.24663112057531722,2.6901676267887837,1.9930528,521
TIGD2,True,0.04652956022051144,2.7071486146236716,2.066355,465
HCLS1,True,0.07516882632094035,2.5642164730996364,1.4493576,1102
RNF182,True,0.1137794237085364,2.5066112024679508,1.200692,1539
OXTR,True,0.027765325808852836,2.5018550121222614,1.180161,1593
TCEAL8,True,0.03671100732742169,3.0098127433472763,3.3728697,93
BBS12,True,0.037604983582080954,2.476970325132368,1.0727409,1846
ZFP82,True,0.07977526272105223,2.542557975692626,1.355864,1252
NQO1,True,1.266510451956522,2.7103457340701826,1.2507644,1444
OGFOD3,True,0.34940941542414544,2.5497549448779857,1.3869313,1201
FANCB,True,0.2134808541521661,2.500503063508206,1.174325,1605
TNFSF15,True,0.054176627295689346,2.5321421552915075,1.310902,1335
PLAG1,True,0.09472925351034482,2.5029708402008866,1.1849777,1582
ZBTB20,True,1.1748224808360916,2.895412430637262,2.0572987,469
TMEM259,True,0.19692997462301748,2.4838465695106797,1.1024237,1780
FAM89A,True,0.11111095699963247,2.6075962165718325,1.6366156,848
CREB3L2,True,0.862763877929663,2.618122211226928,1.1950188,1558
GABRG3,True,1.1335183018059503,2.8338386644343343,1.7889557,680
ZNF804B,True,0.34047506461241805,2.6482910240814217,1.8122835,658
HOXB4,True,0.14083391205227339,2.6336270302078226,1.7489833,720
PAPPA,True,0.3257131489803569,2.7084049648293536,2.0717783,461
CADM1,True,1.1363229393105043,2.789832618497684,1.5971742,885
ZNF320,True,0.1264802917328816,2.5434900126194315,1.3598875,1244
PYCR1,True,0.15660022637312726,2.5702577839506513,1.4754362,1069
SLC25A21,True,1.2618802496022101,2.967032142911691,2.3694227,314
NEB,True,0.3745102301858084,2.6677066537175382,2.1047544,431
CSMD1,True,0.4027683832807773,2.6434883572791237,1.9643145,539
CALN1,True,0.922781769284859,2.97801104824841,2.874283,151
WT1-AS,True,0.045702334143250936,2.6996744291307007,2.034091,485
BCOR,True,0.5869509945644676,2.5366232689444126,1.3446118,1275
FHL3,True,0.18496578559494134,2.4810056050483325,1.09016,1809
SF3A3,True,0.6380967576791226,2.525757760317831,1.2816036,1390
MEX3B,True,0.02972821378247747,2.797545905868806,2.4565742,275
PI4KAP2,True,0.2753340665058571,2.58536557978903,1.5406523,971
COA5,True,0.0852043304825307,2.5598084666951113,1.4303296,1140
EFHC2,True,0.05933172849387316,2.4962091707082177,1.1557895,1655
MACC1,True,0.6387395817672019,2.499985891734032,1.1321543,1709
SLC35F3,True,0.45401943539452716,2.7368297872822644,2.5055945,251
KMT5A,True,0.3209135548051099,2.478112253982697,1.0776703,1837
DSCR4,True,1.32563504670927,3.0635798182281113,2.7901847,170
PCDH9,True,1.3084676687498284,2.939380805536974,2.2489161,347
EFNA5,True,0.8229252092413397,2.872759313557483,2.3831718,307
MAP7D2,True,0.05136106130153118,2.5040763164104174,1.1897497,1572
MAML2,True,1.4126619299344103,3.0482719628111843,2.7234719,183
PROS1,True,0.45496153295948494,2.592531247022547,1.668818,822
DUSP8,True,0.060758093664321444,2.4739663628324084,1.0597737,1871
LPAR5,True,0.12058366362700466,2.5061928816725416,1.1988864,1544
PDE4B,True,0.4742327839321206,2.907499018318886,3.4952927,83
PRR16,True,0.31810866772982277,2.6197864441958583,1.6892374,800
RBM43,True,0.11551529994784901,2.497039621098581,1.1593744,1640
IMMP2L,True,2.340335476319941,3.159399353035375,1.2276589,1490
FMNL1,True,0.06963176516137395,2.5751879391388894,1.4967183,1036
WT1,True,0.23356708235659066,2.606013286672788,1.6297826,857
SLC22A10,True,0.04270598186939238,2.7381095745503448,2.2000046,380
ROBO2,True,0.25450025650736147,2.7763177511860424,2.3649385,318
F8,True,0.27683273707735134,2.5853136039962985,1.5404279,972
NSMCE3,True,0.06901705670443777,2.692071330493724,2.0012705,508
NRBP2,True,0.04664036950733058,2.786869566325726,2.4104877,290
TNFAIP2,True,0.04835556047674626,2.576667071040484,1.5031034,1026
ZNF445,True,0.46446648285004183,2.5487269009020284,1.4147998,1162
PPIL6,True,0.0687231535577081,2.6094858951943505,1.6447729,843
ARL15,True,2.4519920536206614,3.4012001971233716,1.9799082,528
TCN2,True,0.036866607451772684,2.4876605150721534,1.1188874,1738
PRKN,True,0.4523740137154775,2.6025548577508966,1.7269442,745
MAPK11,True,0.024195462030991793,2.7709495609058905,2.3417654,325
METTL7A,True,0.1799282220669299,2.5458128836602367,1.3699147,1224
GPRIN3,True,0.17382829322459364,2.6731760427179703,1.919705,575
ROR1,True,0.21462712181370283,2.7442653974288134,2.2265775,367
MUC1,True,0.5172268359231961,2.5732782046053084,1.557171,943
DLK1,True,0.1922296219773435,2.7799780646293475,2.380739,308
LSAMP,True,0.10483178222688763,2.5141335933661955,1.2331642,1482
AHNAK2,True,0.39077148337920475,2.5777647642773736,1.5831883,899
SHC4,True,0.05624488428483401,2.489967119294763,1.1288444,1720
PRAME,True,0.8094515149939416,2.7425379307010624,1.7755505,697
NRG3,True,1.0090874512136783,2.737686625990042,1.752914,713
CXorf38,True,0.33949063800523926,2.511695781556839,1.2226408,1495
KCNQ5,True,0.46187813319758475,2.693645715028748,2.2551732,345
DMWD,True,0.5292398035247462,2.5522127040574767,1.4350138,1128
IKZF1,True,0.4087147244847229,2.6557679731165416,2.035523,484
GNB1L,True,0.18868600414205,2.517533784091879,1.2478418,1447
POMK,True,0.08407757715238583,2.5008940545994265,1.1760129,1598
NKAIN3,True,0.03231530352093472,2.8915444902742102,2.8623393,155
RASA3,True,0.14424166972731856,2.520729311089495,1.261636,1423
PIP5K1C,True,0.38443849688268283,2.502419954615499,1.1462693,1680
EDARADD,True,0.29174181335501165,2.483384825114716,1.1004305,1787
KLHL32,True,0.13765625485445415,2.4991108432487286,1.1683152,1621
ANKRD37,True,0.03605006518716641,2.5427555979478647,1.3567171,1249
KRT10,True,0.17855401399081344,2.732497388539139,2.1757784,390
INSIG1,True,0.812308825395304,2.643330893080659,1.3126441,1328
CYP4F3,True,0.12595356114373854,2.543998441100761,1.3620821,1240
KIF24,True,0.21638496740344232,2.552856577457219,1.4003202,1184
SPIN4,True,0.0603970302564367,2.502682626167259,1.1837336,1585
VSIG10L,True,0.03235067698792972,2.4855371855500668,1.1097215,1764
RTN4RL2,True,0.1005600182084149,2.645693134916952,1.8010691,668
TMEM232,True,0.07051904857619101,2.5936281082067985,1.5763193,917
RHD,True,0.4543913436705489,2.7585035630719297,2.631279,209
PLCD1,True,0.33708082806930767,2.522394195844174,1.2688228,1412
MITF,True,0.4387974959943143,2.527969096218295,1.2944269,1363
HEATR4,True,0.04557744654254925,2.4629028981170245,1.0120158,1997
AKR1C1,True,0.7269065915879858,2.8191634603926685,2.13309,412
MT1X,True,0.12265381957813042,2.5991970866743332,1.600359,882
FPR3,True,0.037111324540004896,2.5635541083554494,1.4464984,1106
AGMO,True,0.057383713920443766,2.486117413224102,1.1122262,1759
ZKSCAN4,True,0.04305874435447939,2.5597134080092383,1.4299192,1141
ERC2,True,0.4686130011470619,2.5247216099861163,1.275595,1404
TRPV2,True,0.15345065232239655,2.53933848617595,1.3419665,1278
THSD4,True,2.1364808741977934,3.1252782892247137,1.1215073,1731
LIN28B,True,0.4778333720784189,2.5278679071027153,1.29384,1366
DNAH17,True,0.03070236173348858,2.976259129527482,3.2280283,107
HIST1H1C,True,0.30277982761537287,2.5406945103650265,1.34782,1265
KLHL17,True,0.03454788907231387,2.5848931531308668,1.538613,977
C17orf99,True,0.7243219670478189,3.264651699043908,4.2117662,40
ARL4C,True,0.17892392128813397,2.5655488316309207,1.455109,1095
NCR3LG1,True,0.17330555494995822,2.490467389167605,1.1310039,1715
BLOC1S5,True,0.10036509466302881,2.48325378507631,1.0998648,1788
C22orf34,True,0.6191019229540223,2.617311901265501,1.8125192,657
FAM83G,True,0.1139487432332573,2.723374577046006,2.1363978,408
HBA2,True,0.6345432935027532,3.3089524435725197,5.823291,6
NPIPP1,True,0.0637293820690588,2.8813148810361646,2.818181,164
PTAR1,True,0.3780125037258556,2.488087033613388,1.0631537,1865
RHCE,True,0.4119880201829674,2.8029329497856987,2.8889217,149
PARVB,True,0.36837144729881094,2.4940705830830656,1.097852,1791
TEKT4P2,True,0.04650623612667351,2.5614088480992008,1.437238,1125
UROS,True,0.3315460692162559,2.4863119231146653,1.113066,1756
ZBED6CL,True,0.04185700766002099,2.4638294953880715,1.0160156,1981
RBM34,True,0.04588368069590113,2.493294193825784,1.1432064,1686
SPRED3,True,0.03754756487016109,2.6972228127052214,2.023508,494
SNTN,True,0.019940381924889568,2.637533185714385,1.765845,705
ZDHHC11,True,0.03619609056746447,2.4807048984538427,1.088862,1812
AC099489.1,True,0.14289548336013025,2.6842200090121113,1.9673787,534
RELN,True,1.075671542268089,3.6899713957756557,5.5200453,13
APOD,True,0.5276979829162183,3.179761854701865,5.0741243,19
AC104836.1,True,0.035293130882276674,2.4797471682221595,1.0847278,1822
AC069277.1,True,2.1229715093414763,3.523104836642082,2.359157,320
FHIT,True,1.5145907173578987,2.8751765486632155,1.5397735,973
NEMP2,True,0.0450661258312688,2.538823564638084,1.3397437,1282
C8orf76,True,0.13434628463358442,2.6829280809264167,1.9618018,542
AKR1C3,True,0.7318606266552942,2.9656484039006172,2.8165982,165
S100A4,True,0.32961235557243995,2.884221073014387,2.8307261,162
TMEM63A,True,0.5955901725345251,2.4977265703476617,1.1190528,1736
AC005154.1,True,0.35341965604808107,2.4734372557488857,1.0574896,1879
CPNE4,True,0.14381421401321948,2.546519520621308,1.372965,1221
LONP1,True,0.5603940448681308,2.492222205275211,1.0871333,1819
SLC35F1,True,0.035651556829013734,2.7212831726590028,2.1273699,417
C20orf96,True,0.08448522741370826,2.5352820290647737,1.3244559,1311
SLC6A9,True,0.1359244788849076,2.5110875472579557,1.2200152,1500
MME,True,0.22765480800539845,2.677929685969582,1.9402251,561
SULF2,True,2.499924316678036,3.231418973332169,1.1973171,1548
HBG2,True,1.6270418353649232,3.55068870702764,4.21378,39
ZNF846,True,0.3875728422495864,2.511964060206041,1.2016149,1537
TCF4,True,0.583909546966402,2.7401176900907775,2.5246608,245
SDHAF3,True,0.20632872204935884,2.5273050987053294,1.2900218,1373
HRH1,True,0.04307514252120864,2.7362757925662424,2.1920886,384
SLC30A10,True,0.19027360226187626,2.700699822620162,2.0385172,480
LINC00173,True,0.07033289897353338,2.4882667570571253,1.1215044,1732
DAPK1,True,0.5133513059583682,2.5990768251020273,1.7067753,774
MAML3,True,1.2758063814897205,2.6774662082627327,1.107473,1771
ARID5A,True,0.03842765534374785,2.478460864087725,1.0791751,1835
PDLIM7,True,0.48195061981184073,2.592027328337673,1.6658958,825
ANXA4,True,0.916861002447596,2.603352902345015,1.1261042,1723
ZNF441,True,0.052637077040636686,2.4846974159059867,1.1060965,1775
HIST1H4C,True,0.369788866717811,2.4916988906507225,1.0840987,1823
MAFG,True,0.18588027274411442,2.5259210596669828,1.2840472,1385
HIST1H3J,True,0.29947176216307797,2.5095855169322347,1.2135314,1511
SLC22A4,True,0.2727131133128971,2.592673884886766,1.5722002,925
ZNF655,True,0.31996047017262,2.5149827260829896,1.2368296,1471
ADARB1,True,1.2279495853523483,2.995883006991554,2.495157,255
DCHS2,True,0.3607306626351597,2.762739956291159,2.6558456,202
MAP3K5,True,0.9193784277738045,2.6369799418215325,1.2830102,1387
GYPE,True,0.2997360528188942,2.7559649249798506,2.277081,336
SPN,True,0.9036914408485144,2.876796034360134,2.4020073,297
COL4A6,True,0.14704816499699616,2.6346230632455137,1.7532828,711
BCO2,True,0.03556623685148069,2.522526231892887,1.2693927,1411
AC068051.1,True,0.25651197144029964,2.683431999485819,1.9639771,540
CCDC154,True,0.036883245108113416,2.5688774516977615,1.4694778,1075
CR1L,True,0.6012037696655506,2.8172727086694036,2.972077,134
KIF13B,True,0.5712180150473554,2.521716905145142,1.2581708,1428
ZNF347,True,0.13795979172476208,2.674603399605676,1.9258665,571
S100A6,True,0.5015949887108583,2.6571660479632278,2.0436304,476
ELOVL2,True,0.3066768243247809,2.5011705315647803,1.1772063,1597
SNHG12,True,0.06073418876182129,2.494114569222591,1.1467477,1676
KEL,True,0.5172251347113894,2.718761416713564,2.4008174,298
NOL8,True,0.428960641698597,2.598630627498417,1.7041879,777
AKR1B10,True,1.1288931035291507,3.3783844860503383,4.1621265,43
ZBTB14,True,0.0523059950783217,3.03520732620119,3.4824908,84
HIBCH,True,0.5668181338551563,2.4924086538615415,1.0882145,1815
HSD17B11,True,0.24115758315481792,2.5581180641257433,1.4230325,1152
TMEM116,True,0.4141547646380069,2.811160447989291,2.9366324,140
CARD11,True,0.37760204668177627,2.6940999003224335,2.257807,343
MYL4,True,0.25718179933514806,2.589033356005009,1.556485,944
ASPH,True,1.125724879735047,2.9122612925165954,2.1307273,414
NTRK1,True,0.05482587513789179,2.631904910888421,1.7415494,727
ZNF69,True,0.10028223798946853,2.692955346071134,2.0050867,505
TXNRD1,True,1.4324187153327466,2.9157754141214594,1.7004836,783
TPM2,True,0.12291808360132529,2.465118426352799,1.0215796,1964
ITGBL1,True,0.03508038891569863,2.6812598489952655,1.9546006,546
CCDC69,True,0.11445603942694842,2.542708739579464,1.3565149,1251
FAM19A2,True,0.2134860802254573,2.4870705669693196,1.1163408,1745
CEP290,True,0.6588696088244904,2.497740110386008,1.1191312,1735
ECI2,True,0.217422464376994,2.496039568455495,1.1550574,1656
SLC5A3,True,0.4645905482490293,2.655846565885341,2.0359788,483
COLGALT2,True,0.15342868254214795,2.6659631839944313,1.8885692,598
RCSD1,True,0.45958729187842545,2.7534936900983595,2.6022272,219
CNOT7,True,0.25647928735634634,2.4654478416164918,1.0230017,1962
SELENOM,True,0.07575289994350427,2.532485843462901,1.3123856,1330
RASGEF1A,True,0.02586795980747298,2.4851675456002713,1.1081259,1768
DMD,True,0.8498232530836362,2.9034327095727526,2.5262957,244
TGM2,True,0.19190694436573674,2.629197004849317,1.7298601,741
Y_RNA:241,True,0.026951652268356486,2.48659438320856,1.1142852,1754
AL590705.1,True,0.1037130264269799,2.4883507915526755,1.1218672,1729
TDRKH-AS1,True,0.03520472905923701,2.5134782705984016,1.2303352,1485
AL445248.1,True,0.04427260203169573,2.588983623947189,1.5562704,945
LINC01285,True,0.1837285250198221,2.802238325934203,2.47683,261
C6orf99,True,0.05084729542762221,2.5981509512907977,1.5958431,886
AL645568.1,True,0.3975128090256595,2.514140026151741,1.2142332,1510
RBM20,True,0.5219234549299969,2.5728231894259834,1.5545324,949
INPP5B,True,0.4767257876822454,2.544305103150631,1.3891581,1197
C10orf128,True,0.13282293707702209,2.694614499692489,2.0122488,498
AGAP9,True,0.10384597547800456,2.580086223900164,1.5178628,1006
COL5A2,True,0.2879231446999398,2.7034990170230695,2.0506008,471
COL15A1,True,0.05076202017276713,2.570421948569099,1.4761449,1066
PBX2,True,0.1454313802974211,2.9201867472492036,2.9859798,133
DXO,True,0.04604717575256909,2.6527634562686577,1.8315897,635
HSPA1A,True,0.47825370040828796,2.656789322516612,2.0414457,478
GPANK1,True,0.1603553801471143,2.4736576226927602,1.0584409,1877
C6orf47,True,0.15782516325017532,2.650650169294826,1.8224672,646
FAM155A,True,0.48607377946846025,2.6650734367107396,2.0894847,443
ZNF616,True,0.0406231780750578,2.591991240046935,1.5692534,930
TBC1D8,True,0.9280271745531351,2.7305279787377823,1.7195113,757
MALRD1,True,1.7549215897141626,3.2412590868534563,2.9889066,132
AC007389.1,True,0.22887018636525466,2.529479099154114,1.2994063,1357
C4orf46,True,0.038997681388898385,2.5777003975483987,1.507564,1018
CCDC144NL,True,0.12334783945702633,2.583111861900768,1.5309236,987
LGR4,True,1.0520500100206032,2.6648227480266145,1.4129264,1165
NT5M,True,0.13588912923581895,2.480596290773519,1.0883932,1814
SARNP,True,0.1017077161989235,2.616310647663474,1.6742333,816
KRT81,True,0.9212592994470408,3.563912482761385,5.608136,11
ATP6AP1L,True,0.26026568676831546,2.5092336388456564,1.2120124,1513
MUC19,True,0.03131759266920417,2.4940367607224054,1.1464118,1679
LINC01446,True,0.48752461373475015,2.8029300767066543,2.888905,150
MFSD2B,True,0.3182743312173084,2.587914117336194,1.5516536,956
HBA1,True,0.5721555922441485,2.9094728161460788,3.5067384,81
HBM,True,0.07546943798915967,2.4717463050085207,1.0501903,1893
LINC01089,True,0.03853068270824104,2.5796861752805595,1.5161359,1009
FGFR1OP,True,0.06481141747899906,2.4958982341051588,1.1544473,1658
TRIM59,True,0.11731434937510837,2.541541026276227,1.3514742,1257
LCAT,True,0.03152512140153674,2.747436815578802,2.2402675,353
RPL17P50,True,0.029816297688052634,2.494807934389383,1.1497408,1670
HBE1,True,0.7626544129438252,3.4178603759858737,4.9266477,21
HBG1,True,1.532828316591264,3.479594847084927,3.9323559,54
UCA1,True,0.15337278192128528,2.5509800168524066,1.3922197,1195
MYCBP,True,0.038812606748034724,2.618052481867166,1.6817523,808
ZNF788,True,0.06784850643094617,2.594502494276389,1.5800937,906
HAUS3,True,0.09574786013488766,2.482085387304766,1.0948212,1801
FAM185BP,True,0.03691813640737484,2.603475227623443,1.6188265,864
CPEB1,True,0.3358584327469457,2.5206024877313222,1.2610885,1424
MTCP1,True,0.436951868492727,3.1282100548099625,4.7751794,23
ISPD,True,0.8290545022334475,2.8922496967265636,2.4741151,265
RTL10,True,0.353752778713403,2.464649244621836,1.0195543,1969
ALOX12-AS1,True,0.5247291515196962,2.650659447645315,2.0058992,503
AC025262.1,True,0.03448919187878681,2.5078635958368745,1.2060983,1529
MUC5AC,True,0.4190286644187705,3.1437740471045688,4.8654337,22
MIR17HG,True,0.5923868936721224,2.629294340863391,1.8820044,599
LINC00598,True,0.04867888794091314,2.538417120258223,1.3379892,1285
CYB5RL,True,0.14005554741734255,2.559680975822697,1.4297792,1142
CROCCP2,True,0.58219660902031,2.539706857824019,1.3624933,1237
ATAD3C,True,0.020915805439510667,2.94867101868424,3.1089382,117
LY86-AS1,True,0.13678987513867205,3.663977343106932,6.1967115,5
ZNF579,True,0.04251782283245017,2.5606085225480344,1.4337832,1131
VAMP2,True,0.32706352491432567,2.6008270427324796,1.607395,876
PLXNA4,True,0.3598332528198774,2.749395384043663,2.2487223,348
APOL6,True,0.04658133781482467,2.593301364604913,1.5749089,922
FADS3,True,0.307799094532029,2.480401521829117,1.0875524,1817
PPT2,True,0.13074254364373292,2.5588379134929564,1.42614,1146
TIAF1,True,0.13211089564750506,2.6378199494287218,1.7670828,704
SMPD4P1,True,0.2952729360289861,3.2415332119846574,4.373141,32
HBD,True,0.03445319903788317,2.4985159215293704,1.165747,1628
CCDC18-AS1,True,0.7293425532160785,2.6412754995934518,1.3030535,1351
TSSC2,True,0.18100031866321367,2.5242562561027277,1.2768608,1401
MED15P9,True,0.05090009646555091,2.6184034985741533,1.6832676,806
ENTPD3-AS1,True,0.17894102537337317,2.503450797033286,1.1870495,1579
AC073365.1,True,0.49935679643859054,2.6416972549650537,1.953928,548
AC009948.1,True,0.11829277766497737,2.474158871161858,1.0606047,1869
AC007319.1,True,0.7306213878170713,2.9102919279320383,2.5583012,233
SLC44A3-AS1,True,0.052054114482723526,2.4923696185624507,1.1392152,1695
MIR548XHG,True,0.8925869122819151,3.00822161080632,3.0152473,128
MIR3681HG,True,1.1692414124008017,3.053850677376547,2.7477844,179
C5orf66,True,0.3424690493571004,2.591882798463942,1.5687853,931
AL451074.2,True,0.03031532426027069,2.4997560185083136,1.1711003,1612
AC138150.1,True,0.41567022418517363,2.639838466150584,1.943149,559
AL513164.1,True,0.05742066135362673,3.449698717261119,5.271732,16
THRB-IT1,True,0.06509508517016119,2.466794761433504,1.0288159,1940
AL160162.1,True,0.3446463650200498,2.632612981994547,1.7446059,725
TMEM233,True,0.03229593082368637,2.595677739760312,1.5851669,897
AL162586.1,True,0.028012347703368214,2.674431211440454,1.9251232,572
AC078883.1,True,0.10996605522544538,2.6546095445464775,1.8395587,629
ZNRF2P2,True,0.47935134586541256,2.541129846270522,1.3707451,1223
AL354740.1,True,0.3641005358070129,2.5100543400625606,1.1905406,1570
AC002480.1,True,0.16093001493097944,2.6801211368679962,1.949685,550
LINC02476,True,1.874412524797872,3.270489248168129,1.7172179,762
AL442647.1,True,0.02826255305423348,2.4940603585572054,1.1465137,1678
LINC00431,True,0.172411801158975,2.7895858793148625,2.422213,286
PROSER2-AS1,True,0.2696202389237504,2.7936038357814326,2.4395576,281
LINC00694,True,0.040276598778385034,2.505660158361904,1.1965867,1551
AL513365.2,True,0.041236994012776765,2.8086196643400347,2.5043766,252
AP000561.1,True,1.163827079310239,2.975207887359371,2.4050531,294
PHF2P2,True,0.21026913060440044,2.5234320830520227,1.273303,1406
AL356124.1,True,0.07206523687115067,2.8275573799375335,2.5861254,225
LINC01811,True,0.3344980610009428,2.7230035592629727,2.1347961,409
LINC01876,True,0.7261335836323314,2.6535789582903235,1.3604623,1242
SLC16A1-AS1,True,0.5727397062437697,2.504463315387101,1.1581186,1645
ANKRD18DP,True,0.10837998469204806,2.5840333117003063,1.5349013,982
LINC02542,True,0.09885227217342489,2.606447715614249,1.6316578,855
LINC01748,True,0.24537876631870878,2.7729594911380584,2.3504417,322
PLCG1-AS1,True,0.04053632466115675,2.466992504252723,1.0296695,1937
TEX41,True,0.0982382705367541,2.507162065362639,1.20307,1534
LENG8-AS1,True,0.13453137299916237,2.4973227252766517,1.1605964,1637
AL136311.1,True,0.04767608452359814,2.65737209289195,1.851484,620
AC092164.1,True,0.027010271552486958,2.579424288255093,1.5150055,1010
LINC01359,True,0.09583163243129482,2.6191103737199795,1.686319,805
AL731577.1,True,0.08858758416399413,2.782463670430994,2.3914685,302
LINC01203,True,0.5077627976480759,2.64085758772405,1.9490588,551
LINC00511,True,0.9268888997658544,2.809555994436082,2.0882611,444
ZNF717,True,0.1202934933501002,2.5934781535634137,1.575672,919
AL359644.1,True,0.2737182728367645,2.504668935843919,1.192308,1566
SLC2A1-AS1,True,0.32010461786480543,2.669023576666255,1.90178,591
Z94721.1,True,0.6397711150482288,2.484392204585061,1.0417278,1907
LINC00355,True,0.3602117162478416,2.591364549699469,1.6620524,830
AL033504.1,True,0.8296230332700081,2.830000123696033,2.1836545,386
AL713998.1,True,1.0896740074750677,3.1028059812181663,2.9611351,137
AL390961.1,True,0.060583815339790105,2.7955619979969604,2.4480102,277
TARID,True,0.11373111585872218,2.493641952372493,1.1447076,1682
AL355488.1,True,0.06394700418504494,2.5191915608265565,1.254998,1439
HCG11,True,0.16522183112233968,2.562041516778538,1.439969,1119
AL021707.2,True,0.03718404196456874,2.5433442519444744,1.3592582,1246
AC008440.1,True,0.07024934264844898,2.5512200982902056,1.393256,1193
AL139260.1,True,0.4601382754099294,2.515436348717364,1.2217504,1496
AP006222.1,True,0.04967443819227785,2.4664162103586076,1.0271817,1948
MRPL45P2,True,0.5741325006474214,2.5398485586569977,1.363315,1235
LINC01344,True,0.1615926893387359,3.223457101895926,4.2951117,37
CCDC26,True,0.9920041518005219,3.1848842881406716,3.8395667,59
EPHA1-AS1,True,0.06717447681100483,2.6711658191440413,1.9110274,584
AC011287.1,True,0.4347711946707148,2.7532401218137172,2.6007566,220
AC087857.1,True,0.06775722205252653,2.5100140799447317,1.2153814,1509
ISPD-AS1,True,0.14384426218433194,2.585017517411847,1.5391499,974
XIST,True,0.9019406806474524,2.676323683258759,1.4665906,1080
AC018462.1,True,0.022878060826021077,2.5648853919143533,1.4522452,1100
AL669831.3,True,0.3191461275965447,2.465496660515668,1.0232123,1961
PRRT3-AS1,True,0.12111598454442406,2.510770377820486,1.218646,1504
AC006059.1,True,0.08201494095708342,2.537174538618287,1.3326253,1294
HOXB-AS1,True,0.03624730369118229,2.4825638734233846,1.0968866,1794
C9orf147,True,0.19078275287288574,2.5826009472161795,1.5287182,991
NFE4,True,0.17342640956037103,2.594074387380933,1.5782458,912
AC005208.1,True,1.582659127518781,3.4023743142148337,3.6266794,70
HERC2P4,True,0.03475856917840777,2.4824677949751854,1.0964719,1796
AL035413.1,True,0.29961791897724843,2.499020438040789,1.167925,1623
AL139383.1,True,0.9307847652311991,2.6045534666048176,1.1317062,1711
AC092650.1,True,0.07870784311872213,2.846737223783481,2.668919,199
AC105402.3,True,0.2657113793808223,2.6328020432810098,1.745422,724
KLF3-AS1,True,0.06105415067353867,2.62137930604182,1.6961133,791
SPRY4-AS1,True,0.3534750404285249,2.6504760034409687,1.8217155,647
SGO1-AS1,True,0.46651885869026793,2.6058158337617185,1.7458543,723
FAR2P4,True,0.16354269531311114,2.5347621092087627,1.3222115,1315
FSIP2-AS1,True,0.0459714665678225,2.6318659660575787,1.7413812,728
LINC01090,True,0.48298525433870615,2.6203766622515974,1.8302915,639
LINC01611,True,0.059922577323694146,2.6741326288240774,1.9238343,573
PIK3CD-AS2,True,0.07225986254974921,2.524408813197243,1.2775193,1397
AC005537.1,True,0.14512059635815322,2.737280241579088,2.1964245,383
ZBED9,True,0.4959443222802499,2.621744310961091,1.8382224,630
AC078845.1,True,0.34248880587722674,3.066020547657762,3.6155028,72
AC004870.4,True,0.04936613956147169,3.0830100790998904,3.6888418,68
AC092920.1,True,0.03082251830838278,2.5454288597780965,1.3682569,1226
U52111.1,True,0.06444006729521284,2.6399393509609226,1.7762318,694
AC211433.1,True,0.06202258146492756,2.5800704403264056,1.5177947,1007
LINC01162,True,0.277237233940231,2.497555192701584,1.1615999,1633
DLGAP4-AS1,True,0.13418416593415575,2.5059835146838534,1.1979825,1546
LINC00342,True,0.05219137507359165,2.622468253970037,1.700814,780
MIR3936HG,True,0.24803082317307037,2.463261397393354,1.0135634,1990
PTCHD1-AS,True,0.03208172515388172,2.6233929269630147,1.7048055,776
LINC01399,True,0.25598266193569974,2.6879090299753345,1.9833032,527
CCDC144NL-AS1,True,0.9629493302046745,2.94722183531275,2.7306185,182
LINC01687,True,0.35055802736629443,2.6630184923203837,1.8758578,606
GPX1,True,0.038589236025943024,2.489995963721621,1.1289688,1719
NKAPP1,True,0.17516417198517556,2.577283086715556,1.5057625,1023
AL590094.1,True,0.16423005815905964,2.7151065669180277,2.100707,436
LINC01122,True,0.09521342833477947,2.6005199562032724,1.6060694,879
AC098617.1,True,0.6145110569173603,2.6841993181915518,2.2003944,377
AC026202.2,True,0.06764716723008814,2.6499554365008513,1.8194683,648
AC073529.1,True,0.49790445834327834,2.7493091335374955,2.5779612,228
AC093616.1,True,0.04477384204924842,2.642956904816477,1.7892576,679
AL138720.1,True,1.421608218550192,2.9494903320740122,1.8339437,632
AC009264.1,True,0.18758107500000287,2.7174426967129284,2.1107917,425
AL139042.1,True,0.3656187527003433,2.712932924863596,2.3670182,317
RPL34-AS1,True,0.15007508726070204,2.6239952601657617,1.7074056,773
AL359873.1,True,0.12635181865999376,2.5182594766395896,1.2509744,1442
LINC01287,True,0.8623467802595118,2.880470505497979,2.4191527,288
SLC25A25-AS1,True,0.03987085915620702,2.4924211956412217,1.1394379,1694
SOX9-AS1,True,0.03174629235618643,2.6844556736187064,1.968396,533
AL360091.3,True,0.04034997256283226,2.504625650234003,1.192121,1567
LINC01524,True,0.855596805199744,2.600948913629298,1.1148871,1751
ZSCAN31,True,0.04811197310231093,2.5940024956115018,1.5779355,914
HGH1,True,0.13943104847175508,2.595058140311738,1.5824924,901
AL034405.1,True,0.045905867770196784,2.4850390727415634,1.1075714,1770
ITGA9-AS1,True,0.06545101822815971,2.5055424521828074,1.1960787,1554
AC016723.1,True,1.0770956187289495,2.8424919399670214,1.8266673,642
AC079760.1,True,0.1970362854185829,2.5720378546401457,1.4831203,1055
MSC-AS1,True,0.08624063207510557,2.594226298264494,1.5789015,910
KIAA0040,True,0.1160239993640438,2.496470971610129,1.1569196,1648
AC018816.1,True,0.07278477317935542,2.867347784087256,2.757889,177
LINC01036,True,0.45600521337029465,2.694704015128817,2.2613103,341
AC010127.1,True,0.038537884920816654,2.5709642427945547,1.4784858,1063
AC006369.1,True,0.17884612965642055,2.5684576773745253,1.4676657,1078
LINC00854,True,0.04973396732165256,2.6251052919075333,1.7121973,767
AC010894.3,True,0.4169871633472883,2.6581109905433418,2.04911,473
RNF217-AS1,True,0.05582948435768622,2.524250980965917,1.2768381,1402
MKLN1-AS,True,0.049933404264275894,2.701701354383964,2.0428407,477
ELOA-AS1,True,0.3307293881578068,2.538029229022595,1.3363148,1286
AL157938.2,True,0.05464840139184291,2.9051133101980455,2.920912,145
AL158071.3,True,0.03565354173397606,2.5136092426195766,1.2309006,1484
CECR7,True,0.21472112613831132,2.490512166105214,1.1311972,1713
AL357060.2,True,0.047986764096608056,2.4655440462412566,1.0234169,1960
PKN2-AS1,True,0.09123520460736816,2.5063648103752354,1.1996285,1541
LINC00383,True,0.21698957340963274,2.4803701689814575,1.087417,1818
AL138828.1,True,0.10031163071548668,3.502234110626068,5.4985123,14
AL365226.2,True,0.0957816827779111,2.5928451477177936,1.5729395,923
AL109615.3,True,0.08741680627917849,2.8327975808542063,2.6087458,217
AL365259.1,True,0.10793231420428918,2.5474894089153066,1.3771517,1214
LINC01473,True,0.06458233258862704,2.5244016211289377,1.2774882,1398
LINC01885,True,0.122188709229936,2.5218949618683233,1.2666677,1416
LINC00649,True,0.12068668576893793,2.4823347955595167,1.0958978,1798
AL627309.1,True,0.06056117036460581,2.463088510354644,1.012817,1993
AC093110.1,True,0.07613097206710019,2.4735818550939346,1.0581138,1878
ABCA17P,True,0.02082951531145692,2.5788240108084204,1.5124142,1012
AC078993.1,True,0.03516772687919261,2.4992538356738345,1.1689324,1618
AL357055.3,True,0.09064952807822048,2.481837813651076,1.0937525,1804
AC092691.1,True,0.07976590497619575,2.70359994142887,2.0510364,470
AP001469.3,True,0.04621452700100525,2.582877499482472,1.529912,989
AC091212.1,True,0.03014858499013918,2.5014498069650988,1.1784118,1596
LINC00879,True,0.3048009895157636,2.5839134798078085,1.534384,983
RN7SL587P,True,0.028652214626427856,2.570974448326723,1.4785299,1061
TCAM1P,True,0.10940212518757614,2.5315600319347284,1.3083891,1338
SAMMSON,True,0.08204554809559876,2.5375849580847243,1.334397,1289
AADACP1,True,0.07175033253101462,2.673025475060406,1.9190551,576
NSUN6,True,0.4497914137420317,2.5497116007654497,1.42051,1153
YAE1D1,True,0.10250485584956089,2.639787075529364,1.7755744,696
RN7SL801P,True,0.04312421645164485,2.4914565254030503,1.1352737,1707
SLC25A24P1,True,0.20651977310332706,2.5440900309332672,1.3624775,1238
LINC01192,True,0.24207334614202614,2.7095003118640095,2.0765066,456
HNF1A-AS1,True,0.3227197553140321,2.624540318481345,1.7097585,771
ATP5J2,True,0.5229885328543146,2.493023477292523,1.0917798,1808
XACT,True,0.9811607552137875,3.549108775064497,5.539061,12
AC109466.1,True,0.5689964128928972,3.1786229118542133,5.0675197,20
PI4KA,True,1.640961595468445,2.861634430050108,1.4861672,1051
NECTIN3-AS1,True,0.03193907295084876,3.9212401981092806,7.307242,2
ARFGAP3,True,0.3421234267394218,2.477355880711471,1.0744052,1842
PEG10,True,0.05310904442505136,2.707936987996545,2.0697582,463
DECR2,True,0.06628613368501503,2.5161321329882043,1.2417912,1464
ZNF702P,True,0.04340867522582619,2.589477194494313,1.558401,941
AC005062.1,True,0.10650509783481005,2.4938742812478973,1.1457105,1681
NAT6,True,0.042960044550201755,2.710633366661545,2.0813975,451
AC092957.1,True,0.27614150132103826,3.3242721323282174,4.7303014,26
AC006547.2,True,0.03069487816129405,2.5981167282855573,1.5956954,887
AC004917.1,True,0.03968125937776249,2.7292634620504277,2.1618185,394
GATA2-AS1,True,0.11931358459596594,2.587693299449725,1.5507004,958
ETV5,True,0.140079652904301,2.4726130662620753,1.0539318,1886
AC109587.1,True,0.044551415159839444,2.5264569212125867,1.2863604,1377
AC006011.1,True,0.027323473695646285,2.5467496442412605,1.3739583,1220
AC107959.1,True,0.03633205853490198,2.7267422848860163,2.1509352,398
AC105285.1,True,0.0648241650148666,2.4922663114695234,1.1387693,1697
SAP30L-AS1,True,0.14942636263407655,2.464450412581008,1.018696,1973
AC096564.1,True,0.05026446997891788,2.4932075019564297,1.1428322,1687
AP000787.1,True,0.039830486964226565,2.6642647522563463,1.8812375,601
AC022075.1,True,0.041045978899785916,2.5050264884002,1.1938514,1562
DRAIC,True,0.03793899390171261,2.5650060557743966,1.4527661,1099
RAD51-AS1,True,0.36254968260012466,2.4881925081599623,1.0637654,1862
MEF2C-AS2,True,0.019141969019844156,2.4853225078829198,1.1087949,1767
PRR7-AS1,True,0.04321810797900792,2.623495502024326,1.7052484,775
CSTF3-AS1,True,0.055996891195270446,2.499294091760595,1.1691062,1617
TWF2,True,0.11649753912720648,2.5621089345576937,1.44026,1118
NR2F2-AS1,True,0.7575628724049689,2.870581492114891,2.37301,313
FAM13A-AS1,True,0.07579183934282922,2.640039912287682,1.7766658,693
NNT-AS1,True,0.23182443411839415,2.4808492443260652,1.089485,1811
RRN3P1,True,0.03335098517195371,2.5079508995511,1.2064753,1527
LINC01194,True,1.050507309672083,2.833635511767803,2.2006176,376
LINC02505,True,0.12967708789932125,2.7686174491486932,2.3316984,327
MEF2C-AS1,True,0.2953672666449431,2.590234617447925,1.5616705,939
LUCAT1,True,0.26067329951393203,2.7142457536457423,2.0969913,440
AC120036.2,True,0.04292981615246407,2.5811203633382673,1.522327,997
AC093772.1,True,0.0394934045652009,2.839776906648059,2.6388736,206
ASNSP1,True,0.14174519869684732,2.7105140601141184,2.0808825,452
LINC02267,True,0.20270578639467463,2.821904153315182,2.5617218,232
AC139491.2,True,0.07581031329735129,2.478928074906585,1.0811919,1827
LINC02484,True,0.5429346028535276,3.0516995446552273,4.3315005,34
LINC02100,True,0.14864078562858823,2.6219539363879134,1.6985939,786
LINC02428,True,0.2945033616975506,2.5356052735802015,1.3258512,1306
LINC02432,True,0.18646815802431438,2.8699155930973075,2.7689736,175
AC097512.1,True,0.21143348891555225,2.611855056390205,1.6549999,839
FLJ46284,True,0.8937131976628777,2.8222094793385906,2.1473029,401
AL133372.2,True,0.06421500364461884,2.4697054183863574,1.0413804,1909
LINC01033,True,1.2016980682699567,3.2370260940348334,3.5460763,76
AC106744.1,True,0.5099145017875122,3.01717858128317,4.131316,44
LINC01088,True,0.3037300947523911,2.5630845078425546,1.4444712,1109
LINC02405,True,0.11624759997171834,2.4842279345428113,1.10407,1778
AC112206.2,True,1.0116528795079218,2.756285462866481,1.8396974,628
LINC01234,True,0.15987785566421686,2.6508772222540196,1.8234473,645
AC114912.1,True,0.06087439800701244,2.6932072017925073,2.0061738,502
AC112178.1,True,0.30507261551869724,2.559669320009901,1.4297289,1143
MCPH1-AS1,True,0.1959985797660098,2.495454953025803,1.1525338,1662
TMEM158,True,0.09274374971797224,2.9001983980945747,2.8996959,148
AC091976.1,True,0.29104709661254524,2.5963938187580875,1.588258,893
AC104806.2,True,0.17224542085473463,2.6489209956832527,1.8150029,652
LINC02377,True,0.06414848198510996,2.7625727883395186,2.3056054,332
AC093607.1,True,0.31180026321642945,2.5482390790414895,1.3803878,1211
AC008957.1,True,0.03333708296577644,2.6406565537363393,1.7793276,689
AC106791.1,True,0.12348772416788237,2.9683230155883216,3.1937704,111
LINC01340,True,0.12638942311297957,2.4824116111398165,1.0962294,1797
LINC01021,True,0.3321065981434947,2.4640557690434726,1.0169924,1978
GYPB,True,0.2624490031596275,2.6976316187180767,2.0252728,492
AACSP1,True,0.039594309635525106,2.561768693890179,1.4387913,1122
AC106798.1,True,0.18685236137784542,2.633633952961317,1.7490131,718
AC008825.1,True,0.1327192021878629,2.508598923340803,1.2092725,1521
AC079160.1,True,0.48697619394508107,2.6683654132441252,2.1085746,426
LINC00491,True,0.04679282102459434,2.5584063667227026,1.4242771,1150
AC010343.3,True,0.20718052636146136,2.6411527076085757,1.7814695,684
AC025419.1,True,0.05041580447937214,2.8893581227154272,2.8529015,157
AC016687.3,True,0.40795509951175624,2.8841006638609263,3.3596072,97
ZFPM2-AS1,True,0.702735801163259,2.680121480749452,2.1767473,389
AC097478.1,True,0.10843314023095105,2.8475304653098843,2.6723433,197
LINC02506,True,1.4972277871329227,2.8319524030399172,1.3686712,1225
F11-AS1,True,0.11321408091800939,2.5087612655564975,1.2099733,1518
AC109830.1,True,0.22277383369735676,2.7159653275583513,2.1044142,432
LINC00923,True,0.4627332625093252,2.7163838422102473,2.38703,305
AC104123.1,True,0.20395951447145463,2.4829988392404942,1.0987643,1790
LINC00958,True,0.35341872705974214,2.698719616883735,2.0299695,489
AC079380.1,True,0.048081579004588405,2.5744772779194722,1.4936506,1041
LINC01099,True,0.039493475198912026,2.669399858099749,1.9034044,590
LIX1-AS1,True,0.6818752256577623,2.481698497236032,1.0261072,1952
AC099520.1,True,2.035128145434365,3.5863400509599748,2.5550551,234
AC096711.3,True,0.051985668549708576,2.4636711875693433,1.0153323,1983
ZNF346-IT1,True,0.040191398472501805,2.514672749053384,1.2354915,1476
AC117834.1,True,0.024557256157937492,2.4672716757868387,1.0308746,1935
AC040934.1,True,0.030334421043994253,2.5693963310980457,1.4717176,1072
LINC00534,True,2.103674086855842,3.722345219659104,2.9158273,146
AP003469.2,True,0.05762706165796072,2.47880224116158,1.0806488,1831
AC022568.1,True,0.03666140489758929,2.464399834045331,1.0184777,1975
AC103769.1,True,0.05688518355236371,2.725861392544303,2.1471326,402
AF121898.1,True,0.029038079029437103,2.767458071523468,2.3266938,330
AC024568.1,True,0.03178034240160249,2.48834858696305,1.1218576,1730
AF279873.3,True,0.3108696324503807,2.7092258299217957,2.0753217,458
ZFHX4-AS1,True,0.08264684184432122,2.791744945575459,2.431533,284
AP003356.1,True,0.03425010882363343,2.6404493912098728,1.7784334,691
AC008415.1,True,0.04516042793890246,2.634306442316402,1.751916,715
AC011632.1,True,0.06300937394968323,3.0833020734857866,3.690102,67
MINCR,True,0.031053906923730588,2.543612178172035,1.3604147,1243
TPTE2P1,True,0.02054431294562155,2.690768872342502,1.9956483,517
AC105999.2,True,0.061491817499741974,2.908681913922045,2.9363167,141
AC246817.1,True,0.2073094413173666,2.5080621576074145,1.2069554,1526
LINC01608,True,0.6174021116679751,2.911190372458284,3.5166984,80
AC123767.1,True,0.1495822319437534,2.5715214262060195,1.480891,1056
LYN,True,0.7875968400439998,2.589391233704122,1.0609583,1868
CASC19,True,0.047144373873706256,2.506537730792307,1.200375,1540
AC103770.1,True,1.02522771911041,2.841888528117217,2.2391267,357
AC246817.2,True,0.15080989885450227,2.4918075676488836,1.1367891,1702
MIR2052HG,True,0.09998795858636471,2.690470357334034,1.9943596,520
BBOX1-AS1,True,0.20652136445577593,2.7191647051678274,2.118225,423
AP002336.2,True,0.05555624592185505,2.6618649732488193,1.8708783,610
STT3A-AS1,True,0.0726734094478963,2.488215578963346,1.1212834,1733
GVINP1,True,0.03778923740699081,2.4855304672824694,1.1096926,1765
AC067930.4,True,0.03343864751473416,2.4767729797375932,1.071889,1847
AP000781.2,True,0.09938916694235296,3.5588116979125592,5.7427416,8
AP003181.1,True,1.0284076589753366,2.8858427674734197,2.4442198,279
AC109635.4,True,0.05789350441646004,2.777038250357857,2.3680487,316
AC069185.1,True,0.03560638780666936,2.621913861946426,1.6984208,787
AP003555.3,True,0.04581535296384363,2.46878672265341,1.0374147,1919
FXYD6-FXYD2,True,0.032871313993345065,2.5775965565395613,1.5071156,1020
MIR100HG,True,0.14597069393657588,2.608236167002846,1.6393781,846
SDHD:1,True,0.07993367888716282,2.5294680018084117,1.2993584,1358
AP001267.3,True,0.054261070714674335,2.6248559937708307,1.7111212,770
AC135050.2,True,0.07394949229391486,2.5188481281976314,1.2535155,1440
AP001528.2,True,0.16434883985091944,2.642472966069754,1.7871686,681
JRKL-AS1,True,0.19697172036309762,2.7235035467251545,2.1369545,407
SNHG1,True,0.08956446781881025,2.6249104212471748,1.7113562,769
AL117348.2,True,0.05937551927173464,2.5102967207641718,1.2166015,1507
AL138752.2,True,0.32102222717437034,2.547166570234028,1.375758,1217
AC010197.1,True,0.049797266198253025,2.5473660768295123,1.3766193,1216
AC135586.2,True,0.053435207041211075,2.476555255612563,1.0709492,1849
AC007569.1,True,0.07996352010324773,2.545234082875993,1.367416,1228
LINC01619,True,0.6059816530097542,2.5791421847477447,1.5911758,889
AC124947.1,True,0.22590563837952826,2.711858336395913,2.0866854,447
AC138123.2,True,0.07522856569669291,2.4788220642164758,1.0807344,1829
G2E3-AS1,True,0.07462368150808077,2.4722923304226696,1.0525473,1889
AC084033.3,True,0.08654637005257501,2.6833845724599077,1.9637723,541
LINC01481:1,True,0.22982179398278657,2.8020823370372594,2.4761567,262
LINC02404,True,0.039765946337448024,2.5351219690242717,1.3237649,1312
AL138974.1,True,0.10858324426360726,2.569201610261526,1.470877,1073
LINC02327,True,0.3572140698718601,2.5618104133069837,1.4389714,1121
AL110292.1,True,0.5452002766958801,2.5574808426594955,1.4655633,1081
AC005871.2,True,0.05693474424095263,2.476530098667416,1.0708406,1851
LINC02444,True,0.04871183762829965,2.51526756103941,1.2380592,1468
AC073896.4,True,0.13792085932145565,2.730991404657867,2.1692774,392
AC090001.1,True,0.06528239899577391,2.5487687316569345,1.3826741,1208
AL139021.2,True,0.023215913695313208,2.7445007951965654,2.2275937,366
HIF1A-AS2,True,0.8645947686719587,3.3250992151254444,4.4938183,31
LINC00520,True,0.04506152510255805,2.604614620050267,1.623745,862
AC007040.2,True,0.031159925684135677,2.689806947848859,1.991496,522
AL390334.1,True,0.8356197590447182,2.9066671155057,2.5413876,238
AL118558.1,True,0.03643970640954782,2.584960905089373,1.5389055,975
LINC02307,True,0.3250411779376624,3.120311773857408,3.8498626,58
AC005520.2,True,0.04608099189540274,2.4988620491633835,1.1672412,1625
AL137779.2,True,0.03712247114575095,3.1268835573664377,3.878231,55
AC008050.1,True,0.04275886704424805,2.9718586375943463,3.2090325,110
AC090971.2,True,0.033974313735765656,2.606324423276256,1.6311257,856
TMC3-AS1,True,0.07221822939507808,2.5811417853465692,1.5224193,996
AC013652.1,True,0.3530842821119179,2.5564286204114284,1.4157397,1161
AC027237.3,True,0.028912988377761482,2.6455331560107753,1.8003786,670
LINC01169,True,0.9014540802528818,2.698224503910759,1.5687813,932
AC023355.1,True,0.03547022414613978,2.4889487370681387,1.1244483,1726
AC090971.3,True,0.03726383795309668,2.7165972203676163,2.107142,429
AC020687.1,True,0.84633073814659,2.9058406259201854,2.5375311,241
AC025043.1,True,0.028745613578042416,2.615399701400346,1.6703011,819
AC027559.1,True,0.05882576312497133,2.6625586155645973,1.8738726,607
LINC02109,True,0.3310118898057431,2.5962301417655365,1.5875515,894
AC097374.1,True,0.044619403631125744,2.818733343509013,2.5480344,236
AC010601.1,True,0.307508683333886,2.5295556843477307,1.2997369,1354
AC106729.1,True,0.14296336560791062,2.4706915786206585,1.0456374,1901
HOXB7,True,0.13354927204195174,2.614141758929421,1.6648709,827
AC233702.2,True,0.04490855827257236,2.5625941659005123,1.4423546,1114
AC126696.1,True,0.02734962416199628,2.5945081220729516,1.5801181,905
SSSCA1-AS1,True,0.03526808894588977,2.5371188001885883,1.3323847,1295
AC091489.1,True,0.11991028216778381,2.555529714568704,1.4118594,1166
AC110079.1,True,0.13503105951544578,2.5039167357111785,1.1890609,1578
AL359851.1,True,0.06668504282190087,2.5844946536415057,1.5368928,980
AC005307.1,True,0.27300546007415566,2.779627748979574,2.3792267,309
AC021087.3,True,0.03844218070514938,2.712708208696915,2.0903542,442
AC109460.2,True,0.05698423079444332,2.884221596918174,2.8307285,161
AL158206.1,True,0.06689350820115715,2.5018962296965257,1.180339,1592
LINC02193,True,0.0647195574792409,2.616289625104758,1.6741426,817
AP001486.2,True,0.03556668759560156,2.565401273863458,1.4544721,1097
AP000766.1,True,0.033950157389606196,2.565672157146168,1.4556414,1093
AC010735.1,True,0.04810498388232512,2.9795378858110504,3.2421818,105
AC040174.1,True,0.048518061320963486,2.715223268992644,2.1012108,435
DISC1FP1,True,0.19280862376801414,2.6445300491160886,1.7960484,675
C15orf65,True,0.02078539525192969,2.5866688501682145,1.5462781,962
AL360270.2,True,0.01462201725535654,2.746326673904168,2.2354755,363
AC009163.4,True,0.05676054192176662,2.5251261452049247,1.2806158,1395
LINC00922,True,0.1381896621346527,3.021545283038036,3.4235158,87
AC105243.1,True,0.23211573366027508,2.5752944153570914,1.497178,1034
CORO7,True,0.20881507780852354,2.4956872744682657,1.1535367,1660
AC025627.1,True,0.04485916797727217,2.498657363708928,1.1663576,1627
AC007220.1,True,0.06228883160973669,2.464806882401948,1.0202348,1967
AC040173.1,True,0.047086062014807216,2.5617006761197545,1.4384977,1123
AP005328.1,True,0.3393088924456412,2.711882690967992,2.0867906,446
AC079062.1,True,0.6876370869939213,2.6759202447336827,2.1523845,397
AC024267.1,True,0.20480804062425076,2.8488488195030595,2.6780343,194
AC027575.2,True,0.1189810769659087,2.53894227850961,1.3402561,1281
AC006030.1,True,0.1114093953357932,2.4951370341277572,1.1511614,1666
AP001020.2,True,0.05314581749723864,2.5792441810873132,1.514228,1011
AC068025.1,True,0.031461918388164756,2.5515214063867853,1.3945566,1190
RN7SL200P,True,0.03211352495169658,2.4658101610036063,1.0245657,1956
AC119868.2,True,0.04438467694774886,2.5130190167360333,1.2283528,1488
LINC01029,True,0.6813201915625589,2.78339110635204,2.7756,173
AC090912.1,True,0.11554326590520006,2.676272338341693,1.9330709,568
TXNIP,True,1.0155537983182192,2.668760823599139,1.4313018,1137
AP001011.1,True,0.06316793231787016,2.468710007218732,1.0370835,1920
NDUFV2-AS1,True,0.1037305311393204,2.50038564761416,1.1738181,1606
RN7SL574P,True,0.0761228402640713,2.7960960444752625,2.4503157,276
RASSF5,True,0.1073144451489449,2.565595693658068,1.4553113,1094
LINC01909,True,0.04331725583481935,2.5756069322719055,1.498527,1032
NCOA4,True,0.7148417973250782,2.6200279676200964,1.2039112,1532
AC019183.1,True,0.2952358150076125,2.7252434612845264,2.1444652,404
RN7SL220P,True,0.078460357760638,2.6837588783310187,1.9653882,537
GTF2IP6,True,0.05710065599052203,2.5863575398695295,1.5449343,965
AC243964.2,True,0.0953696161186728,2.574523861736799,1.4938517,1040
AC092073.1,True,0.14065270466359414,2.463883409309175,1.0162485,1980
AC079466.1,True,1.0734502407574917,2.9716842114064734,2.3896968,304
AC011511.2,True,0.11709272652165491,2.499631221002059,1.1705616,1613
AC005943.1,True,0.06304878919787689,2.5162444837438116,1.2422762,1463
ASB16-AS1,True,0.24120685250093796,2.531427597045806,1.3078175,1340
ILF3-AS1,True,0.4057488126859897,2.5319268752565063,1.3173778,1321
AC008105.3,True,0.11131815963730464,2.5584485605722267,1.4244592,1149
AC007773.1,True,0.02237879960805627,2.6109550284421283,1.6511147,842
AC011476.3,True,0.6254965801381065,2.7709027418119816,2.703181,190
AC022031.2,True,0.07489475224488473,2.5798817625019552,1.5169803,1008
AC009271.1,True,0.28981552868374855,2.61268063687974,1.6585636,833
AC011489.1,True,0.13617522523523748,2.4711004051792087,1.0474021,1898
AC087289.3,True,0.025351349805322956,2.6889269784162533,1.9876974,524
AC104532.2,True,0.03300443069444729,2.557467141251915,1.4202228,1154
AC002546.2,True,0.06180611221580709,2.6484333947170304,1.812898,655
EIF5AP2,True,0.09858852974284801,2.5990640336985633,1.5997846,883
AC010615.2,True,0.24188518358374847,2.6466601624273505,1.8052435,664
AC011466.1,True,0.024185156717388148,2.472599981942989,1.0538753,1887
IGFL2-AS1,True,0.6265917417316897,3.455610039092098,6.6737475,3
FBXO17,True,0.5427718812300537,2.571765122860597,1.5483968,960
AC008894.2,True,0.0290961974103958,2.489820040494477,1.1282095,1721
ZSCAN16-AS1,True,0.0928964115968379,2.5785612442290824,1.51128,1013
AC011455.3,True,0.04615400091194872,2.621101898682506,1.6949158,794
AC005614.2,True,0.05845398238010833,2.466850502102443,1.0290565,1939
AC006064.4,True,0.18812573264800508,2.517343943439111,1.2470223,1449
AC027020.2,True,0.06552449622907089,2.633663861984239,1.7491422,717
RPS10-NUDT3,True,0.09930933476138051,2.6524835055013054,1.8303813,638
AC016727.1,True,0.18104734769816458,2.527836856327672,1.2923172,1368
AC015849.3,True,0.08230280546114775,2.499116242766055,1.1683385,1620
GPR75-ASB3,True,0.1810558731165452,2.7073522863140895,2.067234,464
NBPF10,True,0.08960524724925595,2.5198457432245953,1.2578218,1431
AC108463.3,True,0.04281319562505725,2.4714421745383235,1.0488775,1897
LIX1L,True,0.11274100963432479,2.5401450462030235,1.3454481,1273
AL080317.2,True,0.06538992837867637,2.6279873737720854,1.7246385,750
TPTE2P2,True,0.17414264300748197,2.5515427220810727,1.3946487,1189
NUDT3,True,0.5917439663292446,2.5268672196669306,1.2880372,1376
AL365181.3,True,0.06801857584625694,2.5408981405224655,1.3486991,1263
GTF2IP13,True,0.04524061774636936,2.6072842842191153,1.6352692,849
AFAP1-AS1,True,0.06163016044882093,2.581076282667598,1.5221367,999
AP000317.2,True,0.15022645057038989,2.542726402598989,1.3565911,1250
ADIRF-AS1,True,0.017317981611327818,2.566198967204352,1.4579155,1090
AC103702.2,True,0.05628214446202668,2.5405095864830463,1.3470218,1268
AC104109.3,True,0.08575596465724741,2.6471389842771744,1.8073105,661
AC027644.3,True,0.05594521315679889,2.5527010306733913,1.3996488,1185
AL391121.1,True,0.023833714750630904,2.4803041852992624,1.0871322,1820
AP000692.2,True,0.03287104571370957,3.2302565615673666,4.324463,35
DGCR11,True,0.02509002046189107,2.4766865976618346,1.0715162,1848
TM4SF19-TCTEX1D2,True,0.1592780506598826,2.554549068080918,1.4076263,1175
AL592183.1,True,0.24639752346848318,2.516825679402766,1.2447851,1452
HIST1H2BG,True,0.8887570869375409,2.661959586715769,1.3995668,1186
AC005089.1,True,0.04739615778769812,2.5703954298134377,1.4760305,1067
AL034397.3,True,0.08260360167989772,2.5335035135953183,1.3167785,1322
PI4KAP1,True,0.04979212214952452,2.4977881278104777,1.1626054,1632
ZNF280B,True,0.3674531610696296,2.6964805707901536,2.2716124,338
AC015574.1,True,0.9162564398749459,2.871379820792664,2.376735,312
AC241952.1,True,0.1397896633482398,2.5405425298104167,1.347164,1267
LINC02340,True,0.23405644042758558,2.47374851766739,1.0588332,1876
FCGBP,True,0.14374937396040594,2.585777926908647,1.5424323,969
HNF1B,True,0.06455763455054259,2.548337443562868,1.3808124,1210
AL445584.2,True,0.23749312991906849,2.6138738241136235,1.6637143,828
FRG1HP,True,0.21303314324264386,2.4632660179093304,1.0135833,1989
LINC00540,True,0.4272985924610899,2.8875573422609726,3.3796523,91
DACH1,True,0.04001916999309923,2.6272865473303106,1.7216132,753
Metazoa_SRP:93,True,0.02574566434418077,2.622358803292803,1.7003415,785
AL133216.2,True,0.07302631917308651,2.5022439518222286,1.18184,1589
ANKRD20A21P,True,0.12042744043989527,2.734166556678595,2.1829836,387
AL671511.2,True,0.03790282178136145,2.6263918139180173,1.7177509,760
AC087633.2,True,0.8596759242164926,2.695252320081793,1.5549128,947
AC009086.2,True,0.06961195922886677,2.6911314202108896,1.9972132,513
DDX52,True,0.4409558555991046,2.546284450466037,1.4006363,1183
AC079949.2,True,0.07956220858959585,2.5886389503903615,1.5547825,948
BX004987.1,True,0.06798770198533534,2.6721653414817834,1.9153421,578
AC005156.1,True,0.028137797411078167,2.809347446300828,2.507518,249
AC020763.2,True,0.034860929251791586,2.536261244605056,1.3286829,1303
AC130448.1,True,0.043224961889356726,2.53167833542057,1.3088998,1336
AC099689.1,True,0.02854456799082494,2.6497257433015378,1.8184768,651
AC079801.1,True,0.18668914727666133,2.67190737496765,1.9142286,580
AL356273.3,True,0.05255993192275932,2.5571661790747573,1.4189235,1158
AL603750.1,True,0.02258963055409626,2.6914536534924562,1.9986043,512
AL078581.3,True,0.03195028369611479,2.683565442103,1.9645531,538
SCHLAP1,True,1.0185100933044324,3.2670884197459187,4.2231364,38
NPTN-IT1,True,0.0687880920042353,2.4992091430497676,1.1687396,1619
AL157778.1,True,0.3636912921450504,2.7585472225952206,2.6315322,208
LINC00976,True,0.05324228123325803,2.6688992444524713,1.9012433,593
AC104073.4,True,0.08985058810043486,2.4790488047335955,1.0817131,1826
FRG1CP,True,0.13338338878385209,2.5165760974568183,1.2437078,1455
HIST1H3D:1,True,0.6946426303642296,2.5002437276419567,1.1336496,1708
AL353759.1,True,0.06901697274198271,2.462693302003589,1.011111,2000
AC010487.3,True,0.18341648668562868,2.6548073246114865,1.8404125,627
MGC4859,True,1.6344486189944982,3.2444156145854346,3.001402,129
AL807742.1,True,0.03586169003505791,2.6166623407165868,1.6757514,814
AC005394.2,True,0.054367108232183686,2.640969372756877,1.780678,686
AC087280.2,True,0.2970838553278769,2.6409274981619073,1.7804973,687
EXOC3L2,True,0.21440143448416493,2.660107029026391,1.8632898,617
AP000547.3,True,0.08520838821098503,2.4963653268751265,1.1564636,1653
AC002472.2,True,0.20428432985156347,2.6206300757993586,1.6928791,797
AL354702.2,True,0.1811283968471843,2.8539950602397064,2.7002492,191
AL805961.1,True,0.04399187607786054,2.4964318775811,1.1567509,1650
AL139424.3,True,0.05341589597203243,2.6283777074370485,1.7263234,747
Plekha8,True,0.054005483043124455,2.5377547551019792,1.33513,1288
Abca1,True,0.06571990846369885,2.5271373347333252,1.2892976,1374
Pabpc1,True,0.15979586332896345,2.7120895616494796,2.0876837,445
Fgfr2,True,0.039337536782029996,2.5711496728392755,1.4792863,1058
Trim30a,True,0.2777180084608795,2.666415913972216,1.8905234,596
Nrxn2,True,0.04340103426493583,2.8777295227412547,2.802704,166
Prkca,True,0.07388111088916999,2.62239532894633,1.7004992,782
Sox6,True,0.039549248665965084,2.493596392215256,1.1445109,1683
1700007G11Rik,True,0.03134115229288163,2.4967879478182735,1.1582879,1643
Znhit1,True,0.02750563673596199,2.5355919335753074,1.3257936,1307
Zfp804b,True,0.029753317192577716,2.727914215624164,2.1559942,395
AC121583.1,True,0.0486267128410977,2.9409859427903258,3.075764,122
