cell_id,UMAP1,UMAP2,cell_line,perturbation,dose_value,dose_unit,time,condition,source
D03_E09_RT_BC_141_Lig_BC_355-0,13.074452,-0.34373426,A549,control,0.0,nM,24.0,control_0,control
F07_F10_RT_BC_247_Lig_BC_200-0,10.295692,3.034622,A549,control,0.0,nM,24.0,control_0,control
B06_F10_RT_BC_268_Lig_BC_294-0,12.466434,-1.9217523,A549,control,0.0,nM,24.0,control_0,control
A08_F10_RT_BC_172_Lig_BC_28-0,7.513653,-1.7655427,A549,control,0.0,nM,24.0,control_0,control
D07_F10_RT_BC_292_Lig_BC_77-0,9.680858,4.0584903,A549,control,0.0,nM,24.0,control_0,control
G11_F10_RT_BC_180_Lig_BC_356-0,12.575544,2.0722377,A549,control,0.0,nM,24.0,control_0,control
C08_E09_RT_BC_62_Lig_BC_352-0,6.736005,-3.581395,A549,control,0.0,nM,24.0,control_0,control
D02_E09_RT_BC_362_Lig_BC_51-0,8.074714,-0.86849767,A549,control,0.0,nM,24.0,control_0,control
D04_F10_RT_BC_159_Lig_BC_10-0,7.9586887,2.240757,A549,control,0.0,nM,24.0,control_0,control
H09_E09_RT_BC_238_Lig_BC_351-0,8.970107,-2.5931532,A549,control,0.0,nM,24.0,control_0,control
E02_F10_RT_BC_276_Lig_BC_1-0,7.095618,3.543728,A549,control,0.0,nM,24.0,control_0,control
A11_F10_RT_BC_27_Lig_BC_35-0,6.89634,-1.3967364,A549,control,0.0,nM,24.0,control_0,control
H02_E09_RT_BC_337_Lig_BC_109-0,12.96786,-0.07458006,A549,control,0.0,nM,24.0,control_0,control
H05_E09_RT_BC_379_Lig_BC_374-0,11.333435,2.1619515,A549,control,0.0,nM,24.0,control_0,control
E01_E09_RT_BC_90_Lig_BC_254-0,12.430401,-2.2755466,A549,control,0.0,nM,24.0,control_0,control
C05_E09_RT_BC_236_Lig_BC_316-0,7.4231167,-0.19783157,A549,control,0.0,nM,24.0,control_0,control
H10_F10_RT_BC_199_Lig_BC_239-0,10.577716,-3.3089275,A549,control,0.0,nM,24.0,control_0,control
A03_E09_RT_BC_159_Lig_BC_298-0,1.9266503,1.2052609,A549,control,0.0,nM,24.0,control_0,control
G07_E09_RT_BC_246_Lig_BC_132-0,12.876768,1.1697112,A549,control,0.0,nM,24.0,control_0,control
F07_F10_RT_BC_296_Lig_BC_198-0,11.911899,-1.7780876,A549,control,0.0,nM,24.0,control_0,control
G11_F10_RT_BC_45_Lig_BC_293-0,13.06115,0.644021,A549,control,0.0,nM,24.0,control_0,control
G07_E09_RT_BC_100_Lig_BC_288-0,9.970696,-3.2789793,A549,control,0.0,nM,24.0,control_0,control
F08_F10_RT_BC_346_Lig_BC_6-0,10.541253,-3.2437623,A549,control,0.0,nM,24.0,control_0,control
C01_F10_RT_BC_242_Lig_BC_279-0,6.317799,-4.237825,A549,control,0.0,nM,24.0,control_0,control
C04_F10_RT_BC_122_Lig_BC_185-0,6.218634,-1.5506328,A549,control,0.0,nM,24.0,control_0,control
B09_F10_RT_BC_221_Lig_BC_178-0,12.920706,1.5130081,A549,control,0.0,nM,24.0,control_0,control
E04_E09_RT_BC_201_Lig_BC_203-0,10.894111,1.5153124,A549,control,0.0,nM,24.0,control_0,control
F11_E09_RT_BC_195_Lig_BC_78-0,10.987441,3.1174333,A549,control,0.0,nM,24.0,control_0,control
D06_E09_RT_BC_78_Lig_BC_2-0,7.927004,-0.0073988223,A549,control,0.0,nM,24.0,control_0,control
H02_E09_RT_BC_362_Lig_BC_285-0,7.060273,-0.66854,A549,control,0.0,nM,24.0,control_0,control
H09_E09_RT_BC_221_Lig_BC_321-0,10.43868,-3.4916527,A549,control,0.0,nM,24.0,control_0,control
D04_E09_RT_BC_133_Lig_BC_259-0,9.35747,-0.023140045,A549,control,0.0,nM,24.0,control_0,control
H06_F10_RT_BC_107_Lig_BC_262-0,11.00377,-1.0611032,A549,control,0.0,nM,24.0,control_0,control
B04_E09_RT_BC_193_Lig_BC_273-0,12.860324,0.7956079,A549,control,0.0,nM,24.0,control_0,control
G08_E09_RT_BC_139_Lig_BC_109-0,7.622692,2.601871,A549,control,0.0,nM,24.0,control_0,control
A03_E09_RT_BC_45_Lig_BC_231-0,9.4565115,-2.8548183,A549,control,0.0,nM,24.0,control_0,control
E07_E09_RT_BC_43_Lig_BC_218-0,10.89564,-1.7613081,A549,control,0.0,nM,24.0,control_0,control
A08_F10_RT_BC_102_Lig_BC_304-0,12.863839,0.5896703,A549,control,0.0,nM,24.0,control_0,control
G01_E09_RT_BC_31_Lig_BC_43-0,10.989033,3.2072701,A549,control,0.0,nM,24.0,control_0,control
D06_F10_RT_BC_104_Lig_BC_265-0,5.9981866,-0.23356773,A549,control,0.0,nM,24.0,control_0,control
H11_F10_RT_BC_172_Lig_BC_54-0,6.348986,-1.5363141,A549,control,0.0,nM,24.0,control_0,control
D10_F10_RT_BC_20_Lig_BC_349-0,12.389244,-1.398481,A549,control,0.0,nM,24.0,control_0,control
D01_E09_RT_BC_230_Lig_BC_195-0,10.362316,-1.4733969,A549,control,0.0,nM,24.0,control_0,control
G01_E09_RT_BC_207_Lig_BC_78-0,10.23787,3.2745936,A549,control,0.0,nM,24.0,control_0,control
B08_E09_RT_BC_325_Lig_BC_225-0,7.6118813,-3.713668,A549,control,0.0,nM,24.0,control_0,control
C09_F10_RT_BC_55_Lig_BC_294-0,13.019264,-0.011160058,A549,control,0.0,nM,24.0,control_0,control
A06_E09_RT_BC_17_Lig_BC_307-0,5.547567,-1.2652134,A549,control,0.0,nM,24.0,control_0,control
H12_F10_RT_BC_190_Lig_BC_273-0,7.6564054,1.7906388,A549,control,0.0,nM,24.0,control_0,control
B05_E09_RT_BC_225_Lig_BC_238-0,8.642592,-1.0666857,A549,control,0.0,nM,24.0,control_0,control
F09_F10_RT_BC_304_Lig_BC_45-0,8.451908,-0.28473654,A549,control,0.0,nM,24.0,control_0,control
D05_E09_RT_BC_51_Lig_BC_308-0,7.988698,-0.37432516,A549,control,0.0,nM,24.0,control_0,control
C04_F10_RT_BC_175_Lig_BC_321-0,9.485593,-3.5489526,A549,control,0.0,nM,24.0,control_0,control
D07_E09_RT_BC_327_Lig_BC_367-0,12.996859,0.37659281,A549,control,0.0,nM,24.0,control_0,control
B02_E09_RT_BC_344_Lig_BC_201-0,11.773442,2.1303356,A549,control,0.0,nM,24.0,control_0,control
B12_F10_RT_BC_370_Lig_BC_357-0,10.760473,1.9063008,A549,control,0.0,nM,24.0,control_0,control
C04_E09_RT_BC_373_Lig_BC_284-0,8.0064745,2.1690066,A549,control,0.0,nM,24.0,control_0,control
A07_F10_RT_BC_153_Lig_BC_31-0,13.016151,-0.8981587,A549,control,0.0,nM,24.0,control_0,control
F12_E09_RT_BC_99_Lig_BC_69-0,8.836972,-3.3695216,A549,control,0.0,nM,24.0,control_0,control
D06_F10_RT_BC_345_Lig_BC_165-0,8.256385,3.019221,A549,control,0.0,nM,24.0,control_0,control
E05_E09_RT_BC_216_Lig_BC_121-0,8.640248,-3.821158,A549,control,0.0,nM,24.0,control_0,control
D02_F10_RT_BC_196_Lig_BC_255-0,11.028045,1.8378444,A549,control,0.0,nM,24.0,control_0,control
D06_E09_RT_BC_162_Lig_BC_359-0,9.809856,-4.539486,A549,control,0.0,nM,24.0,control_0,control
F06_F10_RT_BC_357_Lig_BC_100-0,12.645849,2.0484095,A549,control,0.0,nM,24.0,control_0,control
G12_E09_RT_BC_121_Lig_BC_19-0,9.537038,2.5568738,A549,control,0.0,nM,24.0,control_0,control
G10_F10_RT_BC_103_Lig_BC_125-0,1.8129909,1.2751665,A549,control,0.0,nM,24.0,control_0,control
A07_F10_RT_BC_81_Lig_BC_221-0,10.917395,2.9146473,A549,control,0.0,nM,24.0,control_0,control
H10_E09_RT_BC_152_Lig_BC_365-0,8.753359,3.743171,A549,control,0.0,nM,24.0,control_0,control
A03_F10_RT_BC_173_Lig_BC_197-0,8.945701,3.9315574,A549,control,0.0,nM,24.0,control_0,control
H03_E09_RT_BC_91_Lig_BC_337-0,12.481186,-0.20961607,A549,control,0.0,nM,24.0,control_0,control
B02_F10_RT_BC_287_Lig_BC_20-0,5.22485,-0.9122613,A549,control,0.0,nM,24.0,control_0,control
E02_F10_RT_BC_28_Lig_BC_124-0,11.874837,-0.4422085,A549,control,0.0,nM,24.0,control_0,control
G03_E09_RT_BC_93_Lig_BC_33-0,9.997722,1.6455898,A549,control,0.0,nM,24.0,control_0,control
A09_F10_RT_BC_186_Lig_BC_229-0,9.626991,-3.1307762,A549,control,0.0,nM,24.0,control_0,control
D07_E09_RT_BC_104_Lig_BC_224-0,12.229381,0.44681355,A549,control,0.0,nM,24.0,control_0,control
D05_E09_RT_BC_224_Lig_BC_305-0,13.071347,0.60887665,A549,control,0.0,nM,24.0,control_0,control
F02_E09_RT_BC_189_Lig_BC_383-0,10.240161,3.147223,A549,control,0.0,nM,24.0,control_0,control
C10_F10_RT_BC_95_Lig_BC_144-0,6.552322,-3.041051,A549,control,0.0,nM,24.0,control_0,control
F08_E09_RT_BC_260_Lig_BC_323-0,13.278844,0.23902434,A549,control,0.0,nM,24.0,control_0,control
A09_E09_RT_BC_146_Lig_BC_286-0,11.700795,0.62757814,A549,control,0.0,nM,24.0,control_0,control
D03_E09_RT_BC_55_Lig_BC_190-0,6.407969,-0.6489125,A549,control,0.0,nM,24.0,control_0,control
F11_F10_RT_BC_341_Lig_BC_163-0,11.146164,-3.6755939,A549,control,0.0,nM,24.0,control_0,control
G01_F10_RT_BC_167_Lig_BC_356-0,9.8782835,4.224348,A549,control,0.0,nM,24.0,control_0,control
G09_E09_RT_BC_132_Lig_BC_256-0,6.626333,-0.69062823,A549,control,0.0,nM,24.0,control_0,control
G09_F10_RT_BC_241_Lig_BC_321-0,9.932239,-4.0530205,A549,control,0.0,nM,24.0,control_0,control
F02_E09_RT_BC_32_Lig_BC_210-0,7.8702526,-3.9522545,A549,control,0.0,nM,24.0,control_0,control
A07_E09_RT_BC_18_Lig_BC_151-0,9.747349,-2.7970855,A549,control,0.0,nM,24.0,control_0,control
H07_E09_RT_BC_337_Lig_BC_331-0,10.992388,0.26370913,A549,control,0.0,nM,24.0,control_0,control
D10_F10_RT_BC_234_Lig_BC_29-0,9.865007,4.180418,A549,control,0.0,nM,24.0,control_0,control
H09_F10_RT_BC_154_Lig_BC_244-0,11.845604,1.5318191,A549,control,0.0,nM,24.0,control_0,control
H01_E09_RT_BC_306_Lig_BC_90-0,8.155598,2.8270004,A549,control,0.0,nM,24.0,control_0,control
D04_F10_RT_BC_154_Lig_BC_319-0,10.909843,0.96965754,A549,control,0.0,nM,24.0,control_0,control
G06_E09_RT_BC_253_Lig_BC_354-0,5.9862022,-4.274802,A549,control,0.0,nM,24.0,control_0,control
H08_F10_RT_BC_293_Lig_BC_32-0,7.5963173,-2.5466785,A549,control,0.0,nM,24.0,control_0,control
F04_F10_RT_BC_248_Lig_BC_156-0,9.022571,0.9058986,A549,control,0.0,nM,24.0,control_0,control
A12_F10_RT_BC_172_Lig_BC_110-0,7.171433,3.5997963,A549,control,0.0,nM,24.0,control_0,control
E01_E09_RT_BC_381_Lig_BC_22-0,11.008186,2.5630293,A549,control,0.0,nM,24.0,control_0,control
A04_F10_RT_BC_152_Lig_BC_271-0,3.9045863,0.5843693,A549,control,0.0,nM,24.0,control_0,control
F10_E09_RT_BC_138_Lig_BC_330-0,5.9830704,-4.1995916,A549,control,0.0,nM,24.0,control_0,control
D01_F10_RT_BC_15_Lig_BC_256-0,7.652266,-0.42192283,A549,control,0.0,nM,24.0,control_0,control
F11_E09_RT_BC_238_Lig_BC_195-0,9.747288,3.9257882,A549,control,0.0,nM,24.0,control_0,control
H07_F10_RT_BC_318_Lig_BC_328-0,3.7249925,0.0639713,A549,control,0.0,nM,24.0,control_0,control
B05_F10_RT_BC_148_Lig_BC_351-0,7.8543596,-0.6264812,A549,control,0.0,nM,24.0,control_0,control
B04_F10_RT_BC_180_Lig_BC_98-0,11.456571,-0.40081143,A549,control,0.0,nM,24.0,control_0,control
A09_F10_RT_BC_191_Lig_BC_17-0,9.377849,3.589339,A549,control,0.0,nM,24.0,control_0,control
A09_E09_RT_BC_382_Lig_BC_147-0,10.639885,1.0117583,A549,control,0.0,nM,24.0,control_0,control
C11_F10_RT_BC_43_Lig_BC_200-0,11.64599,3.0077147,A549,control,0.0,nM,24.0,control_0,control
F12_E09_RT_BC_229_Lig_BC_190-0,12.678427,1.8932216,A549,control,0.0,nM,24.0,control_0,control
H08_F10_RT_BC_370_Lig_BC_245-0,12.827946,0.86076075,A549,control,0.0,nM,24.0,control_0,control
E07_F10_RT_BC_104_Lig_BC_178-0,8.5569105,3.5114594,A549,control,0.0,nM,24.0,control_0,control
B04_F10_RT_BC_88_Lig_BC_43-0,3.6096735,-0.35187507,A549,control,0.0,nM,24.0,control_0,control
D02_E09_RT_BC_41_Lig_BC_255-0,11.319112,0.19199027,A549,control,0.0,nM,24.0,control_0,control
C09_F10_RT_BC_352_Lig_BC_230-0,11.258811,-0.45278746,A549,control,0.0,nM,24.0,control_0,control
B09_F10_RT_BC_38_Lig_BC_27-0,11.708184,2.9411392,A549,control,0.0,nM,24.0,control_0,control
F10_F10_RT_BC_324_Lig_BC_259-0,12.751734,0.7903316,A549,control,0.0,nM,24.0,control_0,control
A07_F10_RT_BC_130_Lig_BC_172-0,12.807631,-0.79153216,A549,control,0.0,nM,24.0,control_0,control
G11_E09_RT_BC_225_Lig_BC_13-0,10.730487,0.928126,A549,control,0.0,nM,24.0,control_0,control
D05_F10_RT_BC_218_Lig_BC_71-0,13.228763,0.2430528,A549,control,0.0,nM,24.0,control_0,control
C11_F10_RT_BC_105_Lig_BC_153-0,12.018987,1.8046615,A549,control,0.0,nM,24.0,control_0,control
F06_E09_RT_BC_107_Lig_BC_366-0,10.008947,0.6894552,A549,control,0.0,nM,24.0,control_0,control
G11_E09_RT_BC_230_Lig_BC_288-0,12.712042,1.7055571,A549,control,0.0,nM,24.0,control_0,control
E05_F10_RT_BC_87_Lig_BC_19-0,6.7758884,-2.6892266,A549,control,0.0,nM,24.0,control_0,control
G08_E09_RT_BC_17_Lig_BC_211-0,5.1520805,-1.8436414,A549,control,0.0,nM,24.0,control_0,control
H03_F10_RT_BC_83_Lig_BC_176-0,4.9804735,0.011062032,A549,control,0.0,nM,24.0,control_0,control
G02_F10_RT_BC_7_Lig_BC_194-0,9.951439,-2.5206478,A549,control,0.0,nM,24.0,control_0,control
H02_F10_RT_BC_179_Lig_BC_237-0,5.004955,-2.3299096,A549,control,0.0,nM,24.0,control_0,control
F10_E09_RT_BC_331_Lig_BC_60-0,12.461094,0.24151888,A549,control,0.0,nM,24.0,control_0,control
C12_F10_RT_BC_349_Lig_BC_135-0,10.577178,3.6568103,A549,control,0.0,nM,24.0,control_0,control
G10_E09_RT_BC_339_Lig_BC_344-0,9.530069,-4.305807,A549,control,0.0,nM,24.0,control_0,control
B04_E09_RT_BC_140_Lig_BC_380-0,12.100049,-0.7769861,A549,control,0.0,nM,24.0,control_0,control
F11_E09_RT_BC_27_Lig_BC_90-0,12.662462,-1.2516023,A549,control,0.0,nM,24.0,control_0,control
D09_E09_RT_BC_158_Lig_BC_368-0,5.919649,-1.1528296,A549,control,0.0,nM,24.0,control_0,control
C08_F10_RT_BC_73_Lig_BC_109-0,10.876435,3.5630808,A549,control,0.0,nM,24.0,control_0,control
D01_E09_RT_BC_366_Lig_BC_138-0,11.551765,-3.3852446,A549,control,0.0,nM,24.0,control_0,control
C05_F10_RT_BC_181_Lig_BC_179-0,8.808326,-0.36701775,A549,control,0.0,nM,24.0,control_0,control
F09_E09_RT_BC_297_Lig_BC_183-0,5.96752,0.075598635,A549,control,0.0,nM,24.0,control_0,control
G11_F10_RT_BC_208_Lig_BC_134-0,11.759327,-2.4087348,A549,control,0.0,nM,24.0,control_0,control
H03_E09_RT_BC_130_Lig_BC_154-0,12.141771,1.6503339,A549,control,0.0,nM,24.0,control_0,control
C10_F10_RT_BC_300_Lig_BC_363-0,11.760597,0.9161812,A549,control,0.0,nM,24.0,control_0,control
E08_F10_RT_BC_163_Lig_BC_165-0,7.968303,3.9060292,A549,control,0.0,nM,24.0,control_0,control
G09_E09_RT_BC_131_Lig_BC_125-0,7.273841,3.445473,A549,control,0.0,nM,24.0,control_0,control
D05_F10_RT_BC_140_Lig_BC_186-0,11.222125,1.5871441,A549,control,0.0,nM,24.0,control_0,control
C04_F10_RT_BC_373_Lig_BC_80-0,12.620623,0.30078596,A549,control,0.0,nM,24.0,control_0,control
E04_E09_RT_BC_147_Lig_BC_101-0,10.141937,-3.0434377,A549,control,0.0,nM,24.0,control_0,control
C12_E09_RT_BC_71_Lig_BC_225-0,8.9298725,-0.2525524,A549,control,0.0,nM,24.0,control_0,control
C12_E09_RT_BC_177_Lig_BC_286-0,11.354878,-0.9722872,A549,control,0.0,nM,24.0,control_0,control
C02_F10_RT_BC_91_Lig_BC_252-0,6.385902,-1.6880691,A549,control,0.0,nM,24.0,control_0,control
A05_E09_RT_BC_47_Lig_BC_19-0,11.724908,-1.6917834,A549,control,0.0,nM,24.0,control_0,control
B12_F10_RT_BC_78_Lig_BC_319-0,8.878918,0.082625985,A549,control,0.0,nM,24.0,control_0,control
E04_E09_RT_BC_355_Lig_BC_155-0,8.305516,1.3635035,A549,control,0.0,nM,24.0,control_0,control
A10_E09_RT_BC_342_Lig_BC_342-0,9.348643,1.6249932,A549,control,0.0,nM,24.0,control_0,control
D08_F10_RT_BC_75_Lig_BC_152-1,7.0277133,0.79306805,A549,(+)-JQ1,10.0,nM,24.0,(+)-JQ1_10nM,true
B04_E09_RT_BC_374_Lig_BC_110-1,5.017426,-2.4562738,A549,(+)-JQ1,10.0,nM,24.0,(+)-JQ1_10nM,true
H12_E09_RT_BC_53_Lig_BC_13-1,12.356262,0.5743709,A549,(+)-JQ1,10.0,nM,24.0,(+)-JQ1_10nM,true
B03_E09_RT_BC_306_Lig_BC_181-1,12.693234,2.093061,A549,(+)-JQ1,10.0,nM,24.0,(+)-JQ1_10nM,true
H02_F10_RT_BC_242_Lig_BC_148-1,5.6547976,-4.0940475,A549,(+)-JQ1,10.0,nM,24.0,(+)-JQ1_10nM,true
A03_E09_RT_BC_121_Lig_BC_14-1,6.8745112,-2.1423895,A549,(+)-JQ1,10.0,nM,24.0,(+)-JQ1_10nM,true
F05_F10_RT_BC_332_Lig_BC_220-1,12.287457,0.61758363,A549,(+)-JQ1,10.0,nM,24.0,(+)-JQ1_10nM,true
E06_F10_RT_BC_284_Lig_BC_113-1,7.0117908,3.2785566,A549,(+)-JQ1,10.0,nM,24.0,(+)-JQ1_10nM,true
F12_E09_RT_BC_16_Lig_BC_50-1,12.491294,1.8279276,A549,(+)-JQ1,10.0,nM,24.0,(+)-JQ1_10nM,true
F04_F10_RT_BC_358_Lig_BC_187-1,12.482836,0.1854199,A549,(+)-JQ1,10.0,nM,24.0,(+)-JQ1_10nM,true
G09_E09_RT_BC_127_Lig_BC_5-1,5.9155655,-0.5011826,A549,(+)-JQ1,10.0,nM,24.0,(+)-JQ1_10nM,true
F12_E09_RT_BC_14_Lig_BC_115-1,11.203448,1.075524,A549,(+)-JQ1,10.0,nM,24.0,(+)-JQ1_10nM,true
G09_F10_RT_BC_35_Lig_BC_105-1,7.6393704,1.6632749,A549,(+)-JQ1,10.0,nM,24.0,(+)-JQ1_10nM,true
E12_E09_RT_BC_263_Lig_BC_146-1,10.027007,0.7509953,A549,(+)-JQ1,10.0,nM,24.0,(+)-JQ1_10nM,true
G08_F10_RT_BC_85_Lig_BC_154-1,9.998484,1.8025316,A549,(+)-JQ1,10.0,nM,24.0,(+)-JQ1_10nM,true
C07_E09_RT_BC_214_Lig_BC_146-1,5.602868,-1.1909826,A549,(+)-JQ1,10.0,nM,24.0,(+)-JQ1_10nM,true
H10_E09_RT_BC_306_Lig_BC_371-1,11.813314,2.8324986,A549,(+)-JQ1,10.0,nM,24.0,(+)-JQ1_10nM,true
A03_E09_RT_BC_50_Lig_BC_308-1,9.633235,-3.4701257,A549,(+)-JQ1,10.0,nM,24.0,(+)-JQ1_10nM,true
F10_E09_RT_BC_168_Lig_BC_363-1,13.066097,0.47048223,A549,(+)-JQ1,10.0,nM,24.0,(+)-JQ1_10nM,true
E02_F10_RT_BC_187_Lig_BC_323-1,10.118197,2.686194,A549,(+)-JQ1,10.0,nM,24.0,(+)-JQ1_10nM,true
A01_F10_RT_BC_228_Lig_BC_42-1,8.41006,3.198507,A549,(+)-JQ1,10.0,nM,24.0,(+)-JQ1_10nM,true
G01_E09_RT_BC_244_Lig_BC_207-1,9.425597,3.0352817,A549,(+)-JQ1,10.0,nM,24.0,(+)-JQ1_10nM,true
C02_E09_RT_BC_18_Lig_BC_376-1,6.0903125,0.6148277,A549,(+)-JQ1,10.0,nM,24.0,(+)-JQ1_10nM,true
B10_F10_RT_BC_62_Lig_BC_341-1,8.554684,-0.31782368,A549,(+)-JQ1,10.0,nM,24.0,(+)-JQ1_10nM,true
B02_E09_RT_BC_238_Lig_BC_51-1,12.254937,2.543456,A549,(+)-JQ1,10.0,nM,24.0,(+)-JQ1_10nM,true
H09_E09_RT_BC_218_Lig_BC_33-1,13.215518,-0.41881612,A549,(+)-JQ1,10.0,nM,24.0,(+)-JQ1_10nM,true
F02_E09_RT_BC_136_Lig_BC_128-1,13.033522,-0.2589376,A549,(+)-JQ1,10.0,nM,24.0,(+)-JQ1_10nM,true
F09_F10_RT_BC_311_Lig_BC_369-1,5.5576634,-1.6101878,A549,(+)-JQ1,10.0,nM,24.0,(+)-JQ1_10nM,true
D02_E09_RT_BC_234_Lig_BC_69-1,10.769167,-2.3187947,A549,(+)-JQ1,10.0,nM,24.0,(+)-JQ1_10nM,true
D05_E09_RT_BC_272_Lig_BC_226-1,6.2602763,-0.9108381,A549,(+)-JQ1,10.0,nM,24.0,(+)-JQ1_10nM,true
F08_F10_RT_BC_58_Lig_BC_94-1,9.328762,-0.49725154,A549,(+)-JQ1,10.0,nM,24.0,(+)-JQ1_10nM,true
C09_F10_RT_BC_190_Lig_BC_193-1,12.927989,-0.659706,A549,(+)-JQ1,10.0,nM,24.0,(+)-JQ1_10nM,true
G08_F10_RT_BC_116_Lig_BC_157-1,11.729582,-1.5810373,A549,(+)-JQ1,10.0,nM,24.0,(+)-JQ1_10nM,true
D06_E09_RT_BC_44_Lig_BC_81-1,5.277919,-2.0258572,A549,(+)-JQ1,10.0,nM,24.0,(+)-JQ1_10nM,true
H05_E09_RT_BC_31_Lig_BC_54-1,10.982574,1.7235371,A549,(+)-JQ1,10.0,nM,24.0,(+)-JQ1_10nM,true
E01_F10_RT_BC_332_Lig_BC_211-1,7.6075935,-0.28294265,A549,(+)-JQ1,10.0,nM,24.0,(+)-JQ1_10nM,true
C01_F10_RT_BC_326_Lig_BC_107-1,5.5216436,0.8043736,A549,(+)-JQ1,10.0,nM,24.0,(+)-JQ1_10nM,true
A11_F10_RT_BC_67_Lig_BC_20-1,12.425861,2.184555,A549,(+)-JQ1,10.0,nM,24.0,(+)-JQ1_10nM,true
B12_F10_RT_BC_109_Lig_BC_152-1,10.60887,2.6819296,A549,(+)-JQ1,10.0,nM,24.0,(+)-JQ1_10nM,true
E05_F10_RT_BC_195_Lig_BC_366-1,11.331865,2.2176642,A549,(+)-JQ1,10.0,nM,24.0,(+)-JQ1_10nM,true
D11_F10_RT_BC_334_Lig_BC_114-1,12.985151,-1.004747,A549,(+)-JQ1,10.0,nM,24.0,(+)-JQ1_10nM,true
H05_F10_RT_BC_244_Lig_BC_193-1,7.8432565,1.6980652,A549,(+)-JQ1,10.0,nM,24.0,(+)-JQ1_10nM,true
D01_F10_RT_BC_119_Lig_BC_33-1,8.107046,3.4385118,A549,(+)-JQ1,10.0,nM,24.0,(+)-JQ1_10nM,true
D09_F10_RT_BC_307_Lig_BC_279-1,11.445213,2.577098,A549,(+)-JQ1,10.0,nM,24.0,(+)-JQ1_10nM,true
E09_E09_RT_BC_45_Lig_BC_220-1,5.0608134,-1.6025157,A549,(+)-JQ1,10.0,nM,24.0,(+)-JQ1_10nM,true
C07_F10_RT_BC_363_Lig_BC_88-1,5.8157024,2.0714362,A549,(+)-JQ1,10.0,nM,24.0,(+)-JQ1_10nM,true
G12_F10_RT_BC_217_Lig_BC_359-1,10.673786,2.3779593,A549,(+)-JQ1,10.0,nM,24.0,(+)-JQ1_10nM,true
A11_F10_RT_BC_220_Lig_BC_183-1,13.344731,-0.24427319,A549,(+)-JQ1,10.0,nM,24.0,(+)-JQ1_10nM,true
G08_E09_RT_BC_275_Lig_BC_303-1,5.764705,0.0034427731,A549,(+)-JQ1,10.0,nM,24.0,(+)-JQ1_10nM,true
E09_F10_RT_BC_6_Lig_BC_145-1,11.369057,1.8973689,A549,(+)-JQ1,10.0,nM,24.0,(+)-JQ1_10nM,true
C02_E09_RT_BC_248_Lig_BC_153-1,4.8460054,0.30533323,A549,(+)-JQ1,10.0,nM,24.0,(+)-JQ1_10nM,true
A07_E09_RT_BC_134_Lig_BC_266-1,6.9313397,2.1585264,A549,(+)-JQ1,10.0,nM,24.0,(+)-JQ1_10nM,true
F11_E09_RT_BC_138_Lig_BC_109-1,11.349035,-0.3041587,A549,(+)-JQ1,10.0,nM,24.0,(+)-JQ1_10nM,true
B03_F10_RT_BC_181_Lig_BC_376-1,11.6382475,-1.5108544,A549,(+)-JQ1,10.0,nM,24.0,(+)-JQ1_10nM,true
F03_F10_RT_BC_94_Lig_BC_117-1,12.864903,1.1349175,A549,(+)-JQ1,10.0,nM,24.0,(+)-JQ1_10nM,true
A12_E09_RT_BC_245_Lig_BC_283-1,13.054048,0.26417482,A549,(+)-JQ1,10.0,nM,24.0,(+)-JQ1_10nM,true
D03_E09_RT_BC_189_Lig_BC_280-1,10.410495,0.73220783,A549,(+)-JQ1,10.0,nM,24.0,(+)-JQ1_10nM,true
E04_F10_RT_BC_369_Lig_BC_370-1,12.186049,0.5730078,A549,(+)-JQ1,10.0,nM,24.0,(+)-JQ1_10nM,true
C01_F10_RT_BC_369_Lig_BC_197-1,10.965896,2.3270895,A549,(+)-JQ1,10.0,nM,24.0,(+)-JQ1_10nM,true
F10_F10_RT_BC_229_Lig_BC_265-1,10.848908,3.4776871,A549,(+)-JQ1,10.0,nM,24.0,(+)-JQ1_10nM,true
E02_E09_RT_BC_266_Lig_BC_43-1,11.337826,-0.7971597,A549,(+)-JQ1,10.0,nM,24.0,(+)-JQ1_10nM,true
C05_F10_RT_BC_49_Lig_BC_351-1,3.8648987,-2.5425365,A549,(+)-JQ1,10.0,nM,24.0,(+)-JQ1_10nM,true
G05_E09_RT_BC_86_Lig_BC_286-1,10.613018,2.030671,A549,(+)-JQ1,10.0,nM,24.0,(+)-JQ1_10nM,true
F03_E09_RT_BC_75_Lig_BC_26-1,12.579927,0.22723433,A549,(+)-JQ1,10.0,nM,24.0,(+)-JQ1_10nM,true
B02_E09_RT_BC_255_Lig_BC_56-1,10.382871,3.7094736,A549,(+)-JQ1,10.0,nM,24.0,(+)-JQ1_10nM,true
C10_F10_RT_BC_131_Lig_BC_340-1,9.561833,2.9011009,A549,(+)-JQ1,10.0,nM,24.0,(+)-JQ1_10nM,true
H12_F10_RT_BC_69_Lig_BC_324-1,7.9959044,2.3490565,A549,(+)-JQ1,10.0,nM,24.0,(+)-JQ1_10nM,true
H02_E09_RT_BC_179_Lig_BC_214-1,5.5008087,-2.3155699,A549,(+)-JQ1,10.0,nM,24.0,(+)-JQ1_10nM,true
D12_F10_RT_BC_310_Lig_BC_84-1,12.418687,-1.6427199,A549,(+)-JQ1,10.0,nM,24.0,(+)-JQ1_10nM,true
F09_F10_RT_BC_37_Lig_BC_364-1,8.683876,3.0018399,A549,(+)-JQ1,10.0,nM,24.0,(+)-JQ1_10nM,true
D05_E09_RT_BC_330_Lig_BC_341-1,9.611604,0.7777391,A549,(+)-JQ1,10.0,nM,24.0,(+)-JQ1_10nM,true
G12_F10_RT_BC_15_Lig_BC_153-1,11.120879,-2.5184283,A549,(+)-JQ1,10.0,nM,24.0,(+)-JQ1_10nM,true
H11_E09_RT_BC_61_Lig_BC_1-1,9.367043,2.8572807,A549,(+)-JQ1,10.0,nM,24.0,(+)-JQ1_10nM,true
F06_E09_RT_BC_153_Lig_BC_104-1,12.909999,-1.002412,A549,(+)-JQ1,10.0,nM,24.0,(+)-JQ1_10nM,true
G04_F10_RT_BC_298_Lig_BC_241-1,10.560503,-0.14736398,A549,(+)-JQ1,10.0,nM,24.0,(+)-JQ1_10nM,true
H08_E09_RT_BC_4_Lig_BC_367-1,12.709407,-0.67712116,A549,(+)-JQ1,10.0,nM,24.0,(+)-JQ1_10nM,true
A04_F10_RT_BC_122_Lig_BC_82-1,9.152938,0.1641044,A549,(+)-JQ1,10.0,nM,24.0,(+)-JQ1_10nM,true
G08_E09_RT_BC_320_Lig_BC_60-1,9.884032,0.09164305,A549,(+)-JQ1,10.0,nM,24.0,(+)-JQ1_10nM,true
H03_E09_RT_BC_39_Lig_BC_53-1,6.2580943,-0.22190839,A549,(+)-JQ1,10.0,nM,24.0,(+)-JQ1_10nM,true
F02_F10_RT_BC_340_Lig_BC_300-1,11.605513,0.77727073,A549,(+)-JQ1,10.0,nM,24.0,(+)-JQ1_10nM,true
G06_F10_RT_BC_354_Lig_BC_367-1,9.492409,2.389293,A549,(+)-JQ1,10.0,nM,24.0,(+)-JQ1_10nM,true
C12_F10_RT_BC_325_Lig_BC_75-1,8.068104,-1.9104977,A549,(+)-JQ1,10.0,nM,24.0,(+)-JQ1_10nM,true
H06_F10_RT_BC_210_Lig_BC_186-1,9.737607,1.7074611,A549,(+)-JQ1,10.0,nM,24.0,(+)-JQ1_10nM,true
G06_E09_RT_BC_235_Lig_BC_189-1,6.368322,0.42769387,A549,(+)-JQ1,10.0,nM,24.0,(+)-JQ1_10nM,true
A02_F10_RT_BC_325_Lig_BC_50-1,8.070768,-2.1960056,A549,(+)-JQ1,10.0,nM,24.0,(+)-JQ1_10nM,true
A11_F10_RT_BC_29_Lig_BC_256-1,5.140153,1.4965847,A549,(+)-JQ1,10.0,nM,24.0,(+)-JQ1_10nM,true
C07_E09_RT_BC_16_Lig_BC_323-1,7.851551,-3.9489355,A549,(+)-JQ1,10.0,nM,24.0,(+)-JQ1_10nM,true
F12_F10_RT_BC_106_Lig_BC_80-1,6.6935177,-1.7056212,A549,(+)-JQ1,10.0,nM,24.0,(+)-JQ1_10nM,true
D04_F10_RT_BC_128_Lig_BC_318-1,11.63199,1.0179217,A549,(+)-JQ1,10.0,nM,24.0,(+)-JQ1_10nM,true
G11_F10_RT_BC_303_Lig_BC_365-1,12.242595,0.5520292,A549,(+)-JQ1,10.0,nM,24.0,(+)-JQ1_10nM,true
E11_F10_RT_BC_215_Lig_BC_375-1,13.214705,-0.20957959,A549,(+)-JQ1,10.0,nM,24.0,(+)-JQ1_10nM,true
A01_E09_RT_BC_103_Lig_BC_162-1,12.739954,1.2218096,A549,(+)-JQ1,10.0,nM,24.0,(+)-JQ1_10nM,true
G12_E09_RT_BC_71_Lig_BC_9-1,11.112708,1.3949625,A549,(+)-JQ1,10.0,nM,24.0,(+)-JQ1_10nM,true
D08_E09_RT_BC_363_Lig_BC_229-1,6.2682796,-4.227978,A549,(+)-JQ1,10.0,nM,24.0,(+)-JQ1_10nM,true
D08_F10_RT_BC_182_Lig_BC_255-1,7.3600044,3.2231817,A549,(+)-JQ1,10.0,nM,24.0,(+)-JQ1_10nM,true
G11_E09_RT_BC_365_Lig_BC_227-1,12.348432,-0.70820075,A549,(+)-JQ1,10.0,nM,24.0,(+)-JQ1_10nM,true
A08_F10_RT_BC_46_Lig_BC_125-1,5.073934,-3.633081,A549,(+)-JQ1,10.0,nM,24.0,(+)-JQ1_10nM,true
D04_E09_RT_BC_44_Lig_BC_259-1,8.938481,2.8571806,A549,(+)-JQ1,10.0,nM,24.0,(+)-JQ1_10nM,true
B12_E09_RT_BC_299_Lig_BC_256-1,8.577093,3.4635313,A549,(+)-JQ1,10.0,nM,24.0,(+)-JQ1_10nM,true
C04_F10_RT_BC_208_Lig_BC_147-1,8.476691,2.7698495,A549,(+)-JQ1,10.0,nM,24.0,(+)-JQ1_10nM,true
D09_F10_RT_BC_91_Lig_BC_256-1,12.378592,0.16170354,A549,(+)-JQ1,10.0,nM,24.0,(+)-JQ1_10nM,true
F12_F10_RT_BC_186_Lig_BC_175-1,8.668681,2.5323224,A549,(+)-JQ1,10.0,nM,24.0,(+)-JQ1_10nM,true
H06_E09_RT_BC_344_Lig_BC_190-1,6.530899,0.5284558,A549,(+)-JQ1,10.0,nM,24.0,(+)-JQ1_10nM,true
B06_E09_RT_BC_333_Lig_BC_363-1,11.873037,2.7915335,A549,(+)-JQ1,10.0,nM,24.0,(+)-JQ1_10nM,true
H12_F10_RT_BC_220_Lig_BC_71-1,10.051294,-0.5190943,A549,(+)-JQ1,10.0,nM,24.0,(+)-JQ1_10nM,true
C01_F10_RT_BC_369_Lig_BC_42-1,10.065287,2.9463882,A549,(+)-JQ1,10.0,nM,24.0,(+)-JQ1_10nM,true
G05_F10_RT_BC_143_Lig_BC_307-1,13.106248,-0.5376623,A549,(+)-JQ1,10.0,nM,24.0,(+)-JQ1_10nM,true
B10_F10_RT_BC_115_Lig_BC_13-1,9.049933,-2.8984804,A549,(+)-JQ1,10.0,nM,24.0,(+)-JQ1_10nM,true
F02_E09_RT_BC_105_Lig_BC_33-1,7.180766,2.7015474,A549,(+)-JQ1,10.0,nM,24.0,(+)-JQ1_10nM,true
G04_E09_RT_BC_318_Lig_BC_316-1,9.082436,-2.0474315,A549,(+)-JQ1,10.0,nM,24.0,(+)-JQ1_10nM,true
E08_F10_RT_BC_308_Lig_BC_34-1,5.1216226,1.3874658,A549,(+)-JQ1,10.0,nM,24.0,(+)-JQ1_10nM,true
F07_F10_RT_BC_373_Lig_BC_138-1,9.800824,-3.873999,A549,(+)-JQ1,10.0,nM,24.0,(+)-JQ1_10nM,true
G04_E09_RT_BC_317_Lig_BC_47-1,11.295612,-1.6115792,A549,(+)-JQ1,10.0,nM,24.0,(+)-JQ1_10nM,true
B05_E09_RT_BC_66_Lig_BC_94-1,9.425145,3.4242823,A549,(+)-JQ1,10.0,nM,24.0,(+)-JQ1_10nM,true
G10_F10_RT_BC_126_Lig_BC_223-1,8.057562,3.058483,A549,(+)-JQ1,10.0,nM,24.0,(+)-JQ1_10nM,true
C02_E09_RT_BC_244_Lig_BC_33-1,8.546533,1.8716698,A549,(+)-JQ1,10.0,nM,24.0,(+)-JQ1_10nM,true
B04_E09_RT_BC_114_Lig_BC_141-1,10.780832,2.4382281,A549,(+)-JQ1,10.0,nM,24.0,(+)-JQ1_10nM,true
B01_F10_RT_BC_314_Lig_BC_88-1,9.521487,2.6026354,A549,(+)-JQ1,10.0,nM,24.0,(+)-JQ1_10nM,true
F07_F10_RT_BC_256_Lig_BC_175-1,13.179714,-0.73406035,A549,(+)-JQ1,10.0,nM,24.0,(+)-JQ1_10nM,true
H03_E09_RT_BC_231_Lig_BC_47-1,11.379023,-1.9283248,A549,(+)-JQ1,10.0,nM,24.0,(+)-JQ1_10nM,true
H11_E09_RT_BC_209_Lig_BC_29-1,13.006729,1.126614,A549,(+)-JQ1,10.0,nM,24.0,(+)-JQ1_10nM,true
E04_F10_RT_BC_150_Lig_BC_322-1,9.438549,-3.6549883,A549,(+)-JQ1,10.0,nM,24.0,(+)-JQ1_10nM,true
A03_F10_RT_BC_138_Lig_BC_297-1,12.818452,-0.15048812,A549,(+)-JQ1,10.0,nM,24.0,(+)-JQ1_10nM,true
G09_F10_RT_BC_124_Lig_BC_172-1,9.000615,-0.25287956,A549,(+)-JQ1,10.0,nM,24.0,(+)-JQ1_10nM,true
F09_E09_RT_BC_264_Lig_BC_208-1,12.136528,1.9193417,A549,(+)-JQ1,10.0,nM,24.0,(+)-JQ1_10nM,true
F02_F10_RT_BC_237_Lig_BC_160-1,13.241522,0.07588939,A549,(+)-JQ1,10.0,nM,24.0,(+)-JQ1_10nM,true
E12_F10_RT_BC_172_Lig_BC_122-1,6.6316757,2.8221529,A549,(+)-JQ1,10.0,nM,24.0,(+)-JQ1_10nM,true
C10_F10_RT_BC_245_Lig_BC_167-1,12.141105,0.29595396,A549,(+)-JQ1,10.0,nM,24.0,(+)-JQ1_10nM,true
H05_E09_RT_BC_171_Lig_BC_216-1,9.721934,-2.4522252,A549,(+)-JQ1,10.0,nM,24.0,(+)-JQ1_10nM,true
G02_F10_RT_BC_326_Lig_BC_298-1,11.726776,2.737718,A549,(+)-JQ1,10.0,nM,24.0,(+)-JQ1_10nM,true
A07_E09_RT_BC_122_Lig_BC_95-1,8.100033,0.29456106,A549,(+)-JQ1,10.0,nM,24.0,(+)-JQ1_10nM,true
A12_F10_RT_BC_29_Lig_BC_209-1,8.948667,1.4610656,A549,(+)-JQ1,10.0,nM,24.0,(+)-JQ1_10nM,true
H06_E09_RT_BC_145_Lig_BC_44-1,8.190666,1.4758571,A549,(+)-JQ1,10.0,nM,24.0,(+)-JQ1_10nM,true
A07_F10_RT_BC_9_Lig_BC_153-1,8.435234,-3.479225,A549,(+)-JQ1,10.0,nM,24.0,(+)-JQ1_10nM,true
C04_E09_RT_BC_345_Lig_BC_167-1,9.922832,4.033513,A549,(+)-JQ1,10.0,nM,24.0,(+)-JQ1_10nM,true
G01_F10_RT_BC_203_Lig_BC_190-1,11.245734,-3.5045083,A549,(+)-JQ1,10.0,nM,24.0,(+)-JQ1_10nM,true
F11_F10_RT_BC_198_Lig_BC_298-1,12.792433,1.7508835,A549,(+)-JQ1,10.0,nM,24.0,(+)-JQ1_10nM,true
H05_F10_RT_BC_55_Lig_BC_317-1,6.4648175,-1.5453734,A549,(+)-JQ1,10.0,nM,24.0,(+)-JQ1_10nM,true
C08_E09_RT_BC_262_Lig_BC_226-1,9.090578,-3.0739558,A549,(+)-JQ1,10.0,nM,24.0,(+)-JQ1_10nM,true
E08_F10_RT_BC_123_Lig_BC_257-1,9.958336,4.025798,A549,(+)-JQ1,10.0,nM,24.0,(+)-JQ1_10nM,true
F10_E09_RT_BC_139_Lig_BC_278-1,12.793159,1.3589376,A549,(+)-JQ1,10.0,nM,24.0,(+)-JQ1_10nM,true
H06_F10_RT_BC_186_Lig_BC_317-1,5.31339,0.569028,A549,(+)-JQ1,10.0,nM,24.0,(+)-JQ1_10nM,true
C01_F10_RT_BC_282_Lig_BC_151-1,9.241045,2.6421454,A549,(+)-JQ1,10.0,nM,24.0,(+)-JQ1_10nM,true
A10_F10_RT_BC_279_Lig_BC_128-1,9.575312,-4.136532,A549,(+)-JQ1,10.0,nM,24.0,(+)-JQ1_10nM,true
H09_E09_RT_BC_364_Lig_BC_282-1,10.695072,2.6503897,A549,(+)-JQ1,10.0,nM,24.0,(+)-JQ1_10nM,true
H12_F10_RT_BC_138_Lig_BC_256-1,10.948912,-2.0400732,A549,(+)-JQ1,10.0,nM,24.0,(+)-JQ1_10nM,true
D12_F10_RT_BC_170_Lig_BC_103-1,11.314259,-3.4537048,A549,(+)-JQ1,10.0,nM,24.0,(+)-JQ1_10nM,true
G11_E09_RT_BC_260_Lig_BC_127-1,12.258286,-0.30754608,A549,(+)-JQ1,10.0,nM,24.0,(+)-JQ1_10nM,true
E09_F10_RT_BC_251_Lig_BC_186-1,5.7701707,1.3569437,A549,(+)-JQ1,10.0,nM,24.0,(+)-JQ1_10nM,true
E07_F10_RT_BC_330_Lig_BC_139-1,6.205369,0.15521473,A549,(+)-JQ1,10.0,nM,24.0,(+)-JQ1_10nM,true
D09_F10_RT_BC_103_Lig_BC_178-1,10.137449,-2.7237363,A549,(+)-JQ1,100.0,nM,24.0,(+)-JQ1_100nM,true
F11_F10_RT_BC_81_Lig_BC_171-1,8.552219,-4.0804877,A549,(+)-JQ1,100.0,nM,24.0,(+)-JQ1_100nM,true
B04_F10_RT_BC_132_Lig_BC_87-1,6.670841,-0.5440705,A549,(+)-JQ1,100.0,nM,24.0,(+)-JQ1_100nM,true
A06_E09_RT_BC_145_Lig_BC_146-1,13.0027275,0.71208876,A549,(+)-JQ1,100.0,nM,24.0,(+)-JQ1_100nM,true
H11_F10_RT_BC_366_Lig_BC_293-1,12.120405,-0.72451276,A549,(+)-JQ1,100.0,nM,24.0,(+)-JQ1_100nM,true
F01_F10_RT_BC_97_Lig_BC_299-1,4.5657563,-0.37956688,A549,(+)-JQ1,100.0,nM,24.0,(+)-JQ1_100nM,true
C07_E09_RT_BC_370_Lig_BC_328-1,10.546957,3.6709177,A549,(+)-JQ1,100.0,nM,24.0,(+)-JQ1_100nM,true
A08_F10_RT_BC_357_Lig_BC_291-1,7.575184,1.690384,A549,(+)-JQ1,100.0,nM,24.0,(+)-JQ1_100nM,true
D01_E09_RT_BC_51_Lig_BC_148-1,12.24258,-0.09621584,A549,(+)-JQ1,100.0,nM,24.0,(+)-JQ1_100nM,true
C03_F10_RT_BC_131_Lig_BC_74-1,8.403699,3.1246896,A549,(+)-JQ1,100.0,nM,24.0,(+)-JQ1_100nM,true
D03_E09_RT_BC_298_Lig_BC_99-1,4.382786,0.66122746,A549,(+)-JQ1,100.0,nM,24.0,(+)-JQ1_100nM,true
C01_F10_RT_BC_47_Lig_BC_202-1,11.175926,1.4032644,A549,(+)-JQ1,100.0,nM,24.0,(+)-JQ1_100nM,true
D04_E09_RT_BC_275_Lig_BC_195-1,12.171822,2.380935,A549,(+)-JQ1,100.0,nM,24.0,(+)-JQ1_100nM,true
G11_F10_RT_BC_212_Lig_BC_20-1,6.1757026,-0.629467,A549,(+)-JQ1,100.0,nM,24.0,(+)-JQ1_100nM,true
B09_F10_RT_BC_265_Lig_BC_257-1,9.515778,-3.712772,A549,(+)-JQ1,100.0,nM,24.0,(+)-JQ1_100nM,true
D04_F10_RT_BC_98_Lig_BC_236-1,12.533942,-0.16199787,A549,(+)-JQ1,100.0,nM,24.0,(+)-JQ1_100nM,true
C02_F10_RT_BC_33_Lig_BC_303-1,5.827937,1.2044246,A549,(+)-JQ1,100.0,nM,24.0,(+)-JQ1_100nM,true
H08_E09_RT_BC_235_Lig_BC_249-1,8.486818,0.6018035,A549,(+)-JQ1,100.0,nM,24.0,(+)-JQ1_100nM,true
E07_E09_RT_BC_183_Lig_BC_248-1,10.411213,1.5256623,A549,(+)-JQ1,100.0,nM,24.0,(+)-JQ1_100nM,true
F09_F10_RT_BC_361_Lig_BC_359-1,9.565432,-1.678814,A549,(+)-JQ1,100.0,nM,24.0,(+)-JQ1_100nM,true
C01_E09_RT_BC_255_Lig_BC_221-1,9.089584,0.42428035,A549,(+)-JQ1,100.0,nM,24.0,(+)-JQ1_100nM,true
G09_E09_RT_BC_33_Lig_BC_128-1,10.356923,3.227094,A549,(+)-JQ1,100.0,nM,24.0,(+)-JQ1_100nM,true
B06_F10_RT_BC_375_Lig_BC_178-1,10.91296,3.2433922,A549,(+)-JQ1,100.0,nM,24.0,(+)-JQ1_100nM,true
C01_F10_RT_BC_298_Lig_BC_299-1,5.4526334,-0.95059305,A549,(+)-JQ1,100.0,nM,24.0,(+)-JQ1_100nM,true
D03_E09_RT_BC_235_Lig_BC_332-1,6.788031,1.5223649,A549,(+)-JQ1,100.0,nM,24.0,(+)-JQ1_100nM,true
G04_E09_RT_BC_366_Lig_BC_24-1,4.8796954,-1.6821151,A549,(+)-JQ1,100.0,nM,24.0,(+)-JQ1_100nM,true
C03_E09_RT_BC_112_Lig_BC_43-1,9.197726,1.0035262,A549,(+)-JQ1,100.0,nM,24.0,(+)-JQ1_100nM,true
E01_E09_RT_BC_167_Lig_BC_292-1,8.129985,1.9828155,A549,(+)-JQ1,100.0,nM,24.0,(+)-JQ1_100nM,true
G10_F10_RT_BC_142_Lig_BC_103-1,5.4501605,1.6471019,A549,(+)-JQ1,100.0,nM,24.0,(+)-JQ1_100nM,true
F01_F10_RT_BC_206_Lig_BC_255-1,12.268792,2.1001632,A549,(+)-JQ1,100.0,nM,24.0,(+)-JQ1_100nM,true
B05_F10_RT_BC_103_Lig_BC_218-1,6.71435,2.5405934,A549,(+)-JQ1,100.0,nM,24.0,(+)-JQ1_100nM,true
E12_F10_RT_BC_98_Lig_BC_242-1,10.1033745,2.7384708,A549,(+)-JQ1,100.0,nM,24.0,(+)-JQ1_100nM,true
C01_F10_RT_BC_368_Lig_BC_296-1,11.672399,2.5726037,A549,(+)-JQ1,100.0,nM,24.0,(+)-JQ1_100nM,true
E10_E09_RT_BC_321_Lig_BC_224-1,8.240642,-2.2907312,A549,(+)-JQ1,100.0,nM,24.0,(+)-JQ1_100nM,true
E11_F10_RT_BC_209_Lig_BC_63-1,10.805458,1.8232354,A549,(+)-JQ1,100.0,nM,24.0,(+)-JQ1_100nM,true
H03_F10_RT_BC_32_Lig_BC_119-1,4.537045,0.83466876,A549,(+)-JQ1,100.0,nM,24.0,(+)-JQ1_100nM,true
C10_F10_RT_BC_186_Lig_BC_208-1,6.458895,-1.5686294,A549,(+)-JQ1,100.0,nM,24.0,(+)-JQ1_100nM,true
D05_E09_RT_BC_132_Lig_BC_6-1,8.885389,0.4200816,A549,(+)-JQ1,100.0,nM,24.0,(+)-JQ1_100nM,true
B03_E09_RT_BC_49_Lig_BC_310-1,7.1765637,-0.03111694,A549,(+)-JQ1,100.0,nM,24.0,(+)-JQ1_100nM,true
C06_E09_RT_BC_236_Lig_BC_366-1,6.9812474,-1.8146684,A549,(+)-JQ1,100.0,nM,24.0,(+)-JQ1_100nM,true
G08_F10_RT_BC_349_Lig_BC_319-1,8.93879,2.3846495,A549,(+)-JQ1,100.0,nM,24.0,(+)-JQ1_100nM,true
D02_E09_RT_BC_327_Lig_BC_29-1,9.722119,-4.6453953,A549,(+)-JQ1,100.0,nM,24.0,(+)-JQ1_100nM,true
A04_F10_RT_BC_326_Lig_BC_376-1,6.465796,2.6204033,A549,(+)-JQ1,100.0,nM,24.0,(+)-JQ1_100nM,true
F11_E09_RT_BC_302_Lig_BC_305-1,12.27503,1.4925839,A549,(+)-JQ1,100.0,nM,24.0,(+)-JQ1_100nM,true
H11_E09_RT_BC_201_Lig_BC_312-1,12.087864,1.5901388,A549,(+)-JQ1,100.0,nM,24.0,(+)-JQ1_100nM,true
A04_E09_RT_BC_319_Lig_BC_252-1,5.6463413,-2.6060593,A549,(+)-JQ1,100.0,nM,24.0,(+)-JQ1_100nM,true
D05_E09_RT_BC_100_Lig_BC_377-1,6.4919257,0.1901802,A549,(+)-JQ1,100.0,nM,24.0,(+)-JQ1_100nM,true
A03_F10_RT_BC_30_Lig_BC_322-1,9.703218,3.8550346,A549,(+)-JQ1,100.0,nM,24.0,(+)-JQ1_100nM,true
B10_E09_RT_BC_19_Lig_BC_52-1,5.2832937,-2.1409476,A549,(+)-JQ1,100.0,nM,24.0,(+)-JQ1_100nM,true
D03_F10_RT_BC_163_Lig_BC_2-1,3.7968996,-0.9540258,A549,(+)-JQ1,100.0,nM,24.0,(+)-JQ1_100nM,true
F10_F10_RT_BC_144_Lig_BC_304-1,10.469948,1.5525445,A549,(+)-JQ1,100.0,nM,24.0,(+)-JQ1_100nM,true
E02_F10_RT_BC_255_Lig_BC_303-1,12.328549,-2.4389172,A549,(+)-JQ1,100.0,nM,24.0,(+)-JQ1_100nM,true
C04_F10_RT_BC_33_Lig_BC_358-1,4.31978,-1.749669,A549,(+)-JQ1,100.0,nM,24.0,(+)-JQ1_100nM,true
F10_F10_RT_BC_227_Lig_BC_289-1,11.158961,1.8949072,A549,(+)-JQ1,100.0,nM,24.0,(+)-JQ1_100nM,true
D04_F10_RT_BC_384_Lig_BC_82-1,8.726273,-1.4075859,A549,(+)-JQ1,100.0,nM,24.0,(+)-JQ1_100nM,true
F02_E09_RT_BC_284_Lig_BC_316-1,7.400861,2.7676253,A549,(+)-JQ1,100.0,nM,24.0,(+)-JQ1_100nM,true
G06_F10_RT_BC_352_Lig_BC_126-1,5.5660806,1.9090255,A549,(+)-JQ1,100.0,nM,24.0,(+)-JQ1_100nM,true
E12_F10_RT_BC_49_Lig_BC_99-1,7.6966634,1.1395302,A549,(+)-JQ1,100.0,nM,24.0,(+)-JQ1_100nM,true
B01_E09_RT_BC_339_Lig_BC_28-1,4.909147,-1.2139494,A549,(+)-JQ1,100.0,nM,24.0,(+)-JQ1_100nM,true
A12_F10_RT_BC_147_Lig_BC_68-1,6.330625,-0.6334269,A549,(+)-JQ1,100.0,nM,24.0,(+)-JQ1_100nM,true
E11_F10_RT_BC_170_Lig_BC_188-1,6.7187276,-3.2182345,A549,(+)-JQ1,100.0,nM,24.0,(+)-JQ1_100nM,true
A10_E09_RT_BC_86_Lig_BC_286-1,5.7049494,1.6909097,A549,(+)-JQ1,100.0,nM,24.0,(+)-JQ1_100nM,true
G09_E09_RT_BC_150_Lig_BC_81-1,11.063034,1.1243813,A549,(+)-JQ1,100.0,nM,24.0,(+)-JQ1_100nM,true
E09_F10_RT_BC_22_Lig_BC_210-1,8.176129,3.6301386,A549,(+)-JQ1,100.0,nM,24.0,(+)-JQ1_100nM,true
A03_F10_RT_BC_70_Lig_BC_164-1,9.304969,2.8831666,A549,(+)-JQ1,100.0,nM,24.0,(+)-JQ1_100nM,true
F02_F10_RT_BC_89_Lig_BC_107-1,4.8924007,-1.1226248,A549,(+)-JQ1,100.0,nM,24.0,(+)-JQ1_100nM,true
C05_F10_RT_BC_187_Lig_BC_208-1,5.43557,-2.1882951,A549,(+)-JQ1,100.0,nM,24.0,(+)-JQ1_100nM,true
A07_F10_RT_BC_23_Lig_BC_366-1,9.45643,-2.980924,A549,(+)-JQ1,100.0,nM,24.0,(+)-JQ1_100nM,true
B11_F10_RT_BC_199_Lig_BC_19-1,8.625133,0.58608013,A549,(+)-JQ1,100.0,nM,24.0,(+)-JQ1_100nM,true
E08_F10_RT_BC_296_Lig_BC_61-1,11.055855,1.7484208,A549,(+)-JQ1,100.0,nM,24.0,(+)-JQ1_100nM,true
G10_F10_RT_BC_275_Lig_BC_96-1,12.81134,-1.0737152,A549,(+)-JQ1,100.0,nM,24.0,(+)-JQ1_100nM,true
E02_E09_RT_BC_45_Lig_BC_97-1,5.702898,0.22887616,A549,(+)-JQ1,100.0,nM,24.0,(+)-JQ1_100nM,true
C08_E09_RT_BC_171_Lig_BC_177-1,5.4465585,-0.3976273,A549,(+)-JQ1,100.0,nM,24.0,(+)-JQ1_100nM,true
G02_E09_RT_BC_154_Lig_BC_170-1,10.443202,1.2469912,A549,(+)-JQ1,100.0,nM,24.0,(+)-JQ1_100nM,true
B04_F10_RT_BC_322_Lig_BC_206-1,9.90156,0.0026239455,A549,(+)-JQ1,100.0,nM,24.0,(+)-JQ1_100nM,true
A03_F10_RT_BC_238_Lig_BC_61-1,6.3548317,2.6126618,A549,(+)-JQ1,100.0,nM,24.0,(+)-JQ1_100nM,true
E11_F10_RT_BC_49_Lig_BC_42-1,11.175129,-0.4104618,A549,(+)-JQ1,100.0,nM,24.0,(+)-JQ1_100nM,true
G11_E09_RT_BC_14_Lig_BC_244-1,8.007796,2.3637576,A549,(+)-JQ1,100.0,nM,24.0,(+)-JQ1_100nM,true
H12_E09_RT_BC_174_Lig_BC_198-1,9.018539,-0.086025044,A549,(+)-JQ1,100.0,nM,24.0,(+)-JQ1_100nM,true
F06_F10_RT_BC_20_Lig_BC_160-1,11.110342,3.3053777,A549,(+)-JQ1,100.0,nM,24.0,(+)-JQ1_100nM,true
E12_E09_RT_BC_76_Lig_BC_108-1,6.7929707,-2.8567488,A549,(+)-JQ1,100.0,nM,24.0,(+)-JQ1_100nM,true
H01_E09_RT_BC_172_Lig_BC_3-1,11.463907,-0.87599796,A549,(+)-JQ1,100.0,nM,24.0,(+)-JQ1_100nM,true
H01_E09_RT_BC_61_Lig_BC_161-1,11.615278,-0.8081158,A549,(+)-JQ1,100.0,nM,24.0,(+)-JQ1_100nM,true
C03_E09_RT_BC_270_Lig_BC_1-1,10.564179,-2.5277934,A549,(+)-JQ1,100.0,nM,24.0,(+)-JQ1_100nM,true
C05_F10_RT_BC_62_Lig_BC_339-1,12.765785,-0.31637165,A549,(+)-JQ1,100.0,nM,24.0,(+)-JQ1_100nM,true
B07_F10_RT_BC_215_Lig_BC_127-1,6.433867,-3.136003,A549,(+)-JQ1,100.0,nM,24.0,(+)-JQ1_100nM,true
H08_F10_RT_BC_368_Lig_BC_227-1,8.653139,4.2095647,A549,(+)-JQ1,100.0,nM,24.0,(+)-JQ1_100nM,true
H11_F10_RT_BC_335_Lig_BC_29-1,5.611845,0.8264234,A549,(+)-JQ1,100.0,nM,24.0,(+)-JQ1_100nM,true
C10_E09_RT_BC_300_Lig_BC_205-1,8.1190405,1.8718753,A549,(+)-JQ1,100.0,nM,24.0,(+)-JQ1_100nM,true
D12_F10_RT_BC_191_Lig_BC_228-1,10.01138,1.7011284,A549,(+)-JQ1,100.0,nM,24.0,(+)-JQ1_100nM,true
G10_F10_RT_BC_91_Lig_BC_166-1,7.0815535,2.22756,A549,(+)-JQ1,100.0,nM,24.0,(+)-JQ1_100nM,true
F10_F10_RT_BC_189_Lig_BC_243-1,11.236256,-0.117512405,A549,(+)-JQ1,100.0,nM,24.0,(+)-JQ1_100nM,true
D04_F10_RT_BC_30_Lig_BC_167-1,5.498578,0.62335765,A549,(+)-JQ1,100.0,nM,24.0,(+)-JQ1_100nM,true
D03_E09_RT_BC_342_Lig_BC_303-1,7.2677608,2.1419437,A549,(+)-JQ1,100.0,nM,24.0,(+)-JQ1_100nM,true
H11_F10_RT_BC_18_Lig_BC_15-1,4.4971256,0.70718503,A549,(+)-JQ1,100.0,nM,24.0,(+)-JQ1_100nM,true
B01_F10_RT_BC_46_Lig_BC_316-1,8.905442,2.288153,A549,(+)-JQ1,100.0,nM,24.0,(+)-JQ1_100nM,true
A12_F10_RT_BC_64_Lig_BC_308-1,6.6634,2.9486785,A549,(+)-JQ1,100.0,nM,24.0,(+)-JQ1_100nM,true
D07_F10_RT_BC_344_Lig_BC_293-1,9.897145,4.1680107,A549,(+)-JQ1,100.0,nM,24.0,(+)-JQ1_100nM,true
C02_F10_RT_BC_364_Lig_BC_149-1,12.123955,-2.0620935,A549,(+)-JQ1,100.0,nM,24.0,(+)-JQ1_100nM,true
F02_E09_RT_BC_148_Lig_BC_104-1,9.421691,3.4843996,A549,(+)-JQ1,100.0,nM,24.0,(+)-JQ1_100nM,true
F11_E09_RT_BC_219_Lig_BC_126-1,6.8442883,0.20091368,A549,(+)-JQ1,100.0,nM,24.0,(+)-JQ1_100nM,true
H12_E09_RT_BC_21_Lig_BC_185-1,11.447674,3.0165555,A549,(+)-JQ1,100.0,nM,24.0,(+)-JQ1_100nM,true
G11_F10_RT_BC_307_Lig_BC_306-1,10.04255,-4.0071387,A549,(+)-JQ1,100.0,nM,24.0,(+)-JQ1_100nM,true
G08_F10_RT_BC_200_Lig_BC_206-1,8.874987,3.2123055,A549,(+)-JQ1,100.0,nM,24.0,(+)-JQ1_100nM,true
D07_E09_RT_BC_374_Lig_BC_322-1,5.2904067,0.045814976,A549,(+)-JQ1,100.0,nM,24.0,(+)-JQ1_100nM,true
F08_E09_RT_BC_131_Lig_BC_224-1,12.008777,0.12970524,A549,(+)-JQ1,100.0,nM,24.0,(+)-JQ1_100nM,true
B07_F10_RT_BC_284_Lig_BC_287-1,8.285392,1.2200372,A549,(+)-JQ1,100.0,nM,24.0,(+)-JQ1_100nM,true
B05_F10_RT_BC_77_Lig_BC_28-1,5.6392255,0.892354,A549,(+)-JQ1,100.0,nM,24.0,(+)-JQ1_100nM,true
E09_F10_RT_BC_259_Lig_BC_45-1,12.562265,-2.1211557,A549,(+)-JQ1,100.0,nM,24.0,(+)-JQ1_100nM,true
B12_F10_RT_BC_126_Lig_BC_202-1,9.250599,1.1310388,A549,(+)-JQ1,100.0,nM,24.0,(+)-JQ1_100nM,true
E11_F10_RT_BC_157_Lig_BC_310-1,7.108067,1.0091875,A549,(+)-JQ1,100.0,nM,24.0,(+)-JQ1_100nM,true
F02_F10_RT_BC_373_Lig_BC_330-1,8.094511,-3.2061558,A549,(+)-JQ1,100.0,nM,24.0,(+)-JQ1_100nM,true
G12_F10_RT_BC_21_Lig_BC_219-1,9.010415,3.8646667,A549,(+)-JQ1,100.0,nM,24.0,(+)-JQ1_100nM,true
B01_E09_RT_BC_253_Lig_BC_122-1,5.624399,0.7142168,A549,(+)-JQ1,100.0,nM,24.0,(+)-JQ1_100nM,true
H12_E09_RT_BC_216_Lig_BC_261-1,8.543294,1.9006939,A549,(+)-JQ1,100.0,nM,24.0,(+)-JQ1_100nM,true
C06_E09_RT_BC_214_Lig_BC_363-1,9.41975,1.8155571,A549,(+)-JQ1,100.0,nM,24.0,(+)-JQ1_100nM,true
D05_E09_RT_BC_100_Lig_BC_98-1,8.918895,0.78974485,A549,(+)-JQ1,100.0,nM,24.0,(+)-JQ1_100nM,true
F06_F10_RT_BC_140_Lig_BC_247-1,4.9672747,-0.9655853,A549,(+)-JQ1,100.0,nM,24.0,(+)-JQ1_100nM,true
G01_F10_RT_BC_291_Lig_BC_140-1,7.749213,1.9081087,A549,(+)-JQ1,100.0,nM,24.0,(+)-JQ1_100nM,true
H05_F10_RT_BC_254_Lig_BC_101-1,7.7304425,0.4523676,A549,(+)-JQ1,100.0,nM,24.0,(+)-JQ1_100nM,true
G09_E09_RT_BC_248_Lig_BC_308-1,10.24794,1.4430177,A549,(+)-JQ1,100.0,nM,24.0,(+)-JQ1_100nM,true
B11_F10_RT_BC_101_Lig_BC_308-1,9.137694,-4.6998754,A549,(+)-JQ1,100.0,nM,24.0,(+)-JQ1_100nM,true
H01_E09_RT_BC_348_Lig_BC_181-1,12.116846,0.11426977,A549,(+)-JQ1,100.0,nM,24.0,(+)-JQ1_100nM,true
D03_F10_RT_BC_262_Lig_BC_225-1,8.836729,2.187662,A549,(+)-JQ1,100.0,nM,24.0,(+)-JQ1_100nM,true
F10_E09_RT_BC_173_Lig_BC_170-1,5.050346,-0.41487303,A549,(+)-JQ1,100.0,nM,24.0,(+)-JQ1_100nM,true
F02_E09_RT_BC_378_Lig_BC_371-1,12.293699,-0.49331743,A549,(+)-JQ1,100.0,nM,24.0,(+)-JQ1_100nM,true
C08_F10_RT_BC_260_Lig_BC_17-1,11.982765,0.70591587,A549,(+)-JQ1,100.0,nM,24.0,(+)-JQ1_100nM,true
A02_E09_RT_BC_134_Lig_BC_207-1,5.6382484,2.2057657,A549,(+)-JQ1,100.0,nM,24.0,(+)-JQ1_100nM,true
C07_F10_RT_BC_376_Lig_BC_205-1,4.5635743,0.8443597,A549,(+)-JQ1,100.0,nM,24.0,(+)-JQ1_100nM,true
H09_E09_RT_BC_319_Lig_BC_68-1,8.873061,-4.5312257,A549,(+)-JQ1,100.0,nM,24.0,(+)-JQ1_100nM,true
H11_E09_RT_BC_54_Lig_BC_287-1,11.331844,2.4995527,A549,(+)-JQ1,100.0,nM,24.0,(+)-JQ1_100nM,true
H04_E09_RT_BC_170_Lig_BC_333-1,9.861824,2.5502543,A549,(+)-JQ1,100.0,nM,24.0,(+)-JQ1_100nM,true
C07_F10_RT_BC_8_Lig_BC_286-1,7.724517,2.9341228,A549,(+)-JQ1,100.0,nM,24.0,(+)-JQ1_100nM,true
D05_E09_RT_BC_356_Lig_BC_64-1,8.279596,0.22105181,A549,(+)-JQ1,100.0,nM,24.0,(+)-JQ1_100nM,true
F01_E09_RT_BC_97_Lig_BC_101-1,8.839236,0.9624373,A549,(+)-JQ1,100.0,nM,24.0,(+)-JQ1_100nM,true
G10_E09_RT_BC_133_Lig_BC_339-1,9.800019,-4.151003,A549,(+)-JQ1,100.0,nM,24.0,(+)-JQ1_100nM,true
C03_F10_RT_BC_134_Lig_BC_299-1,4.316183,-0.72358847,A549,(+)-JQ1,100.0,nM,24.0,(+)-JQ1_100nM,true
D01_E09_RT_BC_33_Lig_BC_21-1,8.102441,-2.1305022,A549,(+)-JQ1,100.0,nM,24.0,(+)-JQ1_100nM,true
H07_F10_RT_BC_356_Lig_BC_367-1,6.378565,-0.51137686,A549,(+)-JQ1,100.0,nM,24.0,(+)-JQ1_100nM,true
C07_F10_RT_BC_50_Lig_BC_338-1,9.440173,0.33682537,A549,(+)-JQ1,100.0,nM,24.0,(+)-JQ1_100nM,true
G03_F10_RT_BC_185_Lig_BC_141-1,12.580312,2.0473955,A549,(+)-JQ1,100.0,nM,24.0,(+)-JQ1_100nM,true
H03_F10_RT_BC_322_Lig_BC_19-1,8.20363,-3.5839834,A549,(+)-JQ1,100.0,nM,24.0,(+)-JQ1_100nM,true
G05_F10_RT_BC_261_Lig_BC_12-1,11.754013,-2.7536879,A549,(+)-JQ1,100.0,nM,24.0,(+)-JQ1_100nM,true
A12_E09_RT_BC_99_Lig_BC_152-1,5.452648,-0.28286523,A549,(+)-JQ1,100.0,nM,24.0,(+)-JQ1_100nM,true
F06_E09_RT_BC_153_Lig_BC_97-1,8.689519,1.9438279,A549,(+)-JQ1,100.0,nM,24.0,(+)-JQ1_100nM,true
C02_E09_RT_BC_243_Lig_BC_154-1,9.382429,-4.0862713,A549,(+)-JQ1,100.0,nM,24.0,(+)-JQ1_100nM,true
G06_F10_RT_BC_365_Lig_BC_220-1,8.927342,-4.6732697,A549,(+)-JQ1,100.0,nM,24.0,(+)-JQ1_100nM,true
F11_F10_RT_BC_30_Lig_BC_114-1,12.907507,-0.033095315,A549,(+)-JQ1,100.0,nM,24.0,(+)-JQ1_100nM,true
E07_F10_RT_BC_143_Lig_BC_188-1,11.286154,1.7913477,A549,(+)-JQ1,100.0,nM,24.0,(+)-JQ1_100nM,true
C08_F10_RT_BC_336_Lig_BC_160-1,8.588715,-3.3939176,A549,(+)-JQ1,100.0,nM,24.0,(+)-JQ1_100nM,true
B01_E09_RT_BC_213_Lig_BC_253-1,5.686059,1.7167709,A549,(+)-JQ1,1000.0,nM,24.0,(+)-JQ1_1000nM,true
H10_E09_RT_BC_366_Lig_BC_147-1,8.419086,-4.647312,A549,(+)-JQ1,1000.0,nM,24.0,(+)-JQ1_1000nM,true
H07_F10_RT_BC_191_Lig_BC_370-1,10.773843,-0.19132383,A549,(+)-JQ1,1000.0,nM,24.0,(+)-JQ1_1000nM,true
D11_F10_RT_BC_127_Lig_BC_160-1,6.8602576,1.6871022,A549,(+)-JQ1,1000.0,nM,24.0,(+)-JQ1_1000nM,true
H03_E09_RT_BC_37_Lig_BC_78-1,5.2106724,0.5499185,A549,(+)-JQ1,1000.0,nM,24.0,(+)-JQ1_1000nM,true
H01_F10_RT_BC_167_Lig_BC_228-1,7.483247,-1.3569078,A549,(+)-JQ1,1000.0,nM,24.0,(+)-JQ1_1000nM,true
B04_F10_RT_BC_48_Lig_BC_129-1,5.5843964,1.3113959,A549,(+)-JQ1,1000.0,nM,24.0,(+)-JQ1_1000nM,true
H04_F10_RT_BC_91_Lig_BC_244-1,5.7899857,0.4765995,A549,(+)-JQ1,1000.0,nM,24.0,(+)-JQ1_1000nM,true
D09_F10_RT_BC_39_Lig_BC_143-1,6.9133625,-0.39066803,A549,(+)-JQ1,1000.0,nM,24.0,(+)-JQ1_1000nM,true
H10_F10_RT_BC_13_Lig_BC_42-1,7.481804,-1.0789771,A549,(+)-JQ1,1000.0,nM,24.0,(+)-JQ1_1000nM,true
G01_E09_RT_BC_356_Lig_BC_21-1,8.335802,0.70326835,A549,(+)-JQ1,1000.0,nM,24.0,(+)-JQ1_1000nM,true
F12_E09_RT_BC_248_Lig_BC_356-1,5.925295,-0.534128,A549,(+)-JQ1,1000.0,nM,24.0,(+)-JQ1_1000nM,true
H02_F10_RT_BC_356_Lig_BC_138-1,11.330443,-3.0851865,A549,(+)-JQ1,1000.0,nM,24.0,(+)-JQ1_1000nM,true
A05_F10_RT_BC_152_Lig_BC_270-1,10.566967,0.09985884,A549,(+)-JQ1,1000.0,nM,24.0,(+)-JQ1_1000nM,true
A12_F10_RT_BC_112_Lig_BC_207-1,11.833781,0.6329564,A549,(+)-JQ1,1000.0,nM,24.0,(+)-JQ1_1000nM,true
H10_E09_RT_BC_181_Lig_BC_42-1,8.579115,-3.0213213,A549,(+)-JQ1,1000.0,nM,24.0,(+)-JQ1_1000nM,true
F08_E09_RT_BC_126_Lig_BC_34-1,8.470587,-0.4407748,A549,(+)-JQ1,1000.0,nM,24.0,(+)-JQ1_1000nM,true
F12_E09_RT_BC_210_Lig_BC_240-1,12.696046,0.7334827,A549,(+)-JQ1,1000.0,nM,24.0,(+)-JQ1_1000nM,true
H06_F10_RT_BC_91_Lig_BC_41-1,6.8277445,-0.014686177,A549,(+)-JQ1,1000.0,nM,24.0,(+)-JQ1_1000nM,true
B03_E09_RT_BC_158_Lig_BC_185-1,2.0276012,1.0911282,A549,(+)-JQ1,1000.0,nM,24.0,(+)-JQ1_1000nM,true
C03_F10_RT_BC_289_Lig_BC_305-1,9.558484,1.2033596,A549,(+)-JQ1,1000.0,nM,24.0,(+)-JQ1_1000nM,true
A04_E09_RT_BC_340_Lig_BC_218-1,11.841548,0.16984034,A549,(+)-JQ1,1000.0,nM,24.0,(+)-JQ1_1000nM,true
A03_F10_RT_BC_15_Lig_BC_225-1,7.6489863,3.3523517,A549,(+)-JQ1,1000.0,nM,24.0,(+)-JQ1_1000nM,true
B09_F10_RT_BC_317_Lig_BC_308-1,10.930787,-3.1470258,A549,(+)-JQ1,1000.0,nM,24.0,(+)-JQ1_1000nM,true
C06_E09_RT_BC_263_Lig_BC_102-1,5.5088515,0.4737802,A549,(+)-JQ1,1000.0,nM,24.0,(+)-JQ1_1000nM,true
F03_E09_RT_BC_280_Lig_BC_157-1,6.5240245,1.4603435,A549,(+)-JQ1,1000.0,nM,24.0,(+)-JQ1_1000nM,true
H05_E09_RT_BC_305_Lig_BC_203-1,12.501695,-0.57427883,A549,(+)-JQ1,1000.0,nM,24.0,(+)-JQ1_1000nM,true
D09_F10_RT_BC_296_Lig_BC_7-1,6.5787516,-0.034922756,A549,(+)-JQ1,1000.0,nM,24.0,(+)-JQ1_1000nM,true
H08_E09_RT_BC_331_Lig_BC_300-1,11.797262,0.3422683,A549,(+)-JQ1,1000.0,nM,24.0,(+)-JQ1_1000nM,true
E03_F10_RT_BC_70_Lig_BC_206-1,8.350817,0.62425953,A549,(+)-JQ1,1000.0,nM,24.0,(+)-JQ1_1000nM,true
H09_E09_RT_BC_98_Lig_BC_194-1,6.416593,-0.13214229,A549,(+)-JQ1,1000.0,nM,24.0,(+)-JQ1_1000nM,true
B08_E09_RT_BC_237_Lig_BC_334-1,6.375611,1.2239329,A549,(+)-JQ1,1000.0,nM,24.0,(+)-JQ1_1000nM,true
A06_F10_RT_BC_171_Lig_BC_60-1,8.679456,1.7564783,A549,(+)-JQ1,1000.0,nM,24.0,(+)-JQ1_1000nM,true
D04_F10_RT_BC_353_Lig_BC_363-1,4.9665055,1.3158078,A549,(+)-JQ1,1000.0,nM,24.0,(+)-JQ1_1000nM,true
D04_F10_RT_BC_134_Lig_BC_168-1,9.432847,-0.8471934,A549,(+)-JQ1,1000.0,nM,24.0,(+)-JQ1_1000nM,true
C10_F10_RT_BC_70_Lig_BC_174-1,7.679442,-0.6761724,A549,(+)-JQ1,1000.0,nM,24.0,(+)-JQ1_1000nM,true
H03_E09_RT_BC_167_Lig_BC_61-1,10.947988,2.7203095,A549,(+)-JQ1,1000.0,nM,24.0,(+)-JQ1_1000nM,true
C05_F10_RT_BC_348_Lig_BC_369-1,10.550882,1.7051563,A549,(+)-JQ1,1000.0,nM,24.0,(+)-JQ1_1000nM,true
C06_E09_RT_BC_197_Lig_BC_301-1,7.1705804,1.8229283,A549,(+)-JQ1,1000.0,nM,24.0,(+)-JQ1_1000nM,true
D07_F10_RT_BC_172_Lig_BC_168-1,10.28875,1.6795131,A549,(+)-JQ1,1000.0,nM,24.0,(+)-JQ1_1000nM,true
E08_E09_RT_BC_279_Lig_BC_124-1,6.9073305,1.1803645,A549,(+)-JQ1,1000.0,nM,24.0,(+)-JQ1_1000nM,true
A09_F10_RT_BC_182_Lig_BC_160-1,7.366472,0.88350856,A549,(+)-JQ1,1000.0,nM,24.0,(+)-JQ1_1000nM,true
E12_E09_RT_BC_355_Lig_BC_73-1,6.230139,1.6009804,A549,(+)-JQ1,1000.0,nM,24.0,(+)-JQ1_1000nM,true
B03_F10_RT_BC_256_Lig_BC_74-1,6.6290774,0.80823565,A549,(+)-JQ1,1000.0,nM,24.0,(+)-JQ1_1000nM,true
B05_F10_RT_BC_99_Lig_BC_212-1,2.9893951,0.11197661,A549,(+)-JQ1,1000.0,nM,24.0,(+)-JQ1_1000nM,true
H02_F10_RT_BC_109_Lig_BC_44-1,9.683787,4.134157,A549,(+)-JQ1,1000.0,nM,24.0,(+)-JQ1_1000nM,true
G11_E09_RT_BC_41_Lig_BC_333-1,7.64178,1.7440603,A549,(+)-JQ1,1000.0,nM,24.0,(+)-JQ1_1000nM,true
D06_F10_RT_BC_266_Lig_BC_371-1,7.3957987,2.671668,A549,(+)-JQ1,1000.0,nM,24.0,(+)-JQ1_1000nM,true
E10_F10_RT_BC_28_Lig_BC_155-1,10.327484,3.6768768,A549,(+)-JQ1,1000.0,nM,24.0,(+)-JQ1_1000nM,true
D11_F10_RT_BC_167_Lig_BC_322-1,7.8021674,-0.19992146,A549,(+)-JQ1,1000.0,nM,24.0,(+)-JQ1_1000nM,true
A07_F10_RT_BC_384_Lig_BC_115-1,5.2433896,0.66348875,A549,(+)-JQ1,1000.0,nM,24.0,(+)-JQ1_1000nM,true
A05_F10_RT_BC_126_Lig_BC_278-1,6.125863,-0.13810548,A549,(+)-JQ1,1000.0,nM,24.0,(+)-JQ1_1000nM,true
E02_E09_RT_BC_196_Lig_BC_31-1,11.937319,-0.33932358,A549,(+)-JQ1,1000.0,nM,24.0,(+)-JQ1_1000nM,true
F03_E09_RT_BC_118_Lig_BC_74-1,3.4222715,0.34017113,A549,(+)-JQ1,1000.0,nM,24.0,(+)-JQ1_1000nM,true
E04_F10_RT_BC_26_Lig_BC_121-1,6.3931255,-0.5699832,A549,(+)-JQ1,1000.0,nM,24.0,(+)-JQ1_1000nM,true
G01_E09_RT_BC_297_Lig_BC_65-1,8.991402,-4.66186,A549,(+)-JQ1,1000.0,nM,24.0,(+)-JQ1_1000nM,true
C05_E09_RT_BC_90_Lig_BC_358-1,7.7513685,1.0096858,A549,(+)-JQ1,1000.0,nM,24.0,(+)-JQ1_1000nM,true
F11_F10_RT_BC_357_Lig_BC_146-1,8.843363,-4.0777426,A549,(+)-JQ1,1000.0,nM,24.0,(+)-JQ1_1000nM,true
F10_E09_RT_BC_354_Lig_BC_172-1,7.660642,3.936425,A549,(+)-JQ1,1000.0,nM,24.0,(+)-JQ1_1000nM,true
A11_F10_RT_BC_209_Lig_BC_130-1,9.95792,1.763105,A549,(+)-JQ1,1000.0,nM,24.0,(+)-JQ1_1000nM,true
D10_E09_RT_BC_365_Lig_BC_366-1,7.3565173,-0.6504552,A549,(+)-JQ1,1000.0,nM,24.0,(+)-JQ1_1000nM,true
F10_F10_RT_BC_78_Lig_BC_185-1,7.761577,-1.8000451,A549,(+)-JQ1,1000.0,nM,24.0,(+)-JQ1_1000nM,true
E10_F10_RT_BC_243_Lig_BC_138-1,7.129265,0.49786255,A549,(+)-JQ1,1000.0,nM,24.0,(+)-JQ1_1000nM,true
D05_F10_RT_BC_112_Lig_BC_131-1,6.448711,1.0668502,A549,(+)-JQ1,1000.0,nM,24.0,(+)-JQ1_1000nM,true
C10_F10_RT_BC_308_Lig_BC_198-1,11.73456,-2.57685,A549,(+)-JQ1,1000.0,nM,24.0,(+)-JQ1_1000nM,true
B08_E09_RT_BC_322_Lig_BC_204-1,5.129035,0.86989653,A549,(+)-JQ1,1000.0,nM,24.0,(+)-JQ1_1000nM,true
D04_E09_RT_BC_245_Lig_BC_78-1,11.510636,-0.5189036,A549,(+)-JQ1,1000.0,nM,24.0,(+)-JQ1_1000nM,true
C06_F10_RT_BC_314_Lig_BC_54-1,10.232051,1.8881497,A549,(+)-JQ1,1000.0,nM,24.0,(+)-JQ1_1000nM,true
B03_F10_RT_BC_66_Lig_BC_157-1,8.750079,0.33926648,A549,(+)-JQ1,1000.0,nM,24.0,(+)-JQ1_1000nM,true
G03_F10_RT_BC_158_Lig_BC_126-1,9.055039,4.1445804,A549,(+)-JQ1,1000.0,nM,24.0,(+)-JQ1_1000nM,true
G08_F10_RT_BC_324_Lig_BC_191-1,7.851207,0.8499783,A549,(+)-JQ1,1000.0,nM,24.0,(+)-JQ1_1000nM,true
C02_F10_RT_BC_187_Lig_BC_95-1,6.7478876,2.9541812,A549,(+)-JQ1,1000.0,nM,24.0,(+)-JQ1_1000nM,true
H08_F10_RT_BC_156_Lig_BC_195-1,5.9518285,-4.0330048,A549,(+)-JQ1,1000.0,nM,24.0,(+)-JQ1_1000nM,true
E09_F10_RT_BC_245_Lig_BC_89-1,7.1482315,1.590703,A549,(+)-JQ1,1000.0,nM,24.0,(+)-JQ1_1000nM,true
G04_E09_RT_BC_248_Lig_BC_143-1,5.2085075,1.0671982,A549,(+)-JQ1,1000.0,nM,24.0,(+)-JQ1_1000nM,true
C09_E09_RT_BC_236_Lig_BC_294-1,5.662143,1.2522267,A549,(+)-JQ1,1000.0,nM,24.0,(+)-JQ1_1000nM,true
A05_F10_RT_BC_149_Lig_BC_48-1,5.302644,-3.694739,A549,(+)-JQ1,1000.0,nM,24.0,(+)-JQ1_1000nM,true
G03_E09_RT_BC_278_Lig_BC_156-1,6.3170342,0.8284692,A549,(+)-JQ1,1000.0,nM,24.0,(+)-JQ1_1000nM,true
E07_E09_RT_BC_232_Lig_BC_171-1,5.719067,2.1577435,A549,(+)-JQ1,1000.0,nM,24.0,(+)-JQ1_1000nM,true
E04_F10_RT_BC_383_Lig_BC_50-1,6.08209,1.5511985,A549,(+)-JQ1,1000.0,nM,24.0,(+)-JQ1_1000nM,true
D11_F10_RT_BC_97_Lig_BC_183-1,7.9022093,3.0665715,A549,(+)-JQ1,1000.0,nM,24.0,(+)-JQ1_1000nM,true
D12_E09_RT_BC_316_Lig_BC_88-1,6.752591,1.5223789,A549,(+)-JQ1,1000.0,nM,24.0,(+)-JQ1_1000nM,true
A06_F10_RT_BC_218_Lig_BC_104-1,7.715991,0.8426046,A549,(+)-JQ1,1000.0,nM,24.0,(+)-JQ1_1000nM,true
A01_E09_RT_BC_198_Lig_BC_174-1,9.275521,-2.7852967,A549,(+)-JQ1,1000.0,nM,24.0,(+)-JQ1_1000nM,true
B04_E09_RT_BC_348_Lig_BC_238-1,8.335595,-0.46883547,A549,(+)-JQ1,1000.0,nM,24.0,(+)-JQ1_1000nM,true
F12_F10_RT_BC_15_Lig_BC_116-1,8.610158,0.82952225,A549,(+)-JQ1,1000.0,nM,24.0,(+)-JQ1_1000nM,true
C05_E09_RT_BC_67_Lig_BC_210-1,3.8929653,-0.65798044,A549,(+)-JQ1,1000.0,nM,24.0,(+)-JQ1_1000nM,true
B12_E09_RT_BC_250_Lig_BC_41-1,6.42638,1.2839569,A549,(+)-JQ1,1000.0,nM,24.0,(+)-JQ1_1000nM,true
G05_E09_RT_BC_113_Lig_BC_322-1,10.064028,3.866067,A549,(+)-JQ1,1000.0,nM,24.0,(+)-JQ1_1000nM,true
C04_E09_RT_BC_303_Lig_BC_232-1,11.574369,-0.7021014,A549,(+)-JQ1,1000.0,nM,24.0,(+)-JQ1_1000nM,true
H02_F10_RT_BC_335_Lig_BC_190-1,6.099818,0.47137928,A549,(+)-JQ1,1000.0,nM,24.0,(+)-JQ1_1000nM,true
D12_F10_RT_BC_91_Lig_BC_259-1,11.091865,1.3961207,A549,(+)-JQ1,1000.0,nM,24.0,(+)-JQ1_1000nM,true
G09_F10_RT_BC_367_Lig_BC_208-1,5.4782953,0.9721273,A549,(+)-JQ1,1000.0,nM,24.0,(+)-JQ1_1000nM,true
A12_F10_RT_BC_280_Lig_BC_213-1,5.216234,1.4561297,A549,(+)-JQ1,1000.0,nM,24.0,(+)-JQ1_1000nM,true
F05_F10_RT_BC_78_Lig_BC_21-1,4.5792956,-0.95404845,A549,(+)-JQ1,1000.0,nM,24.0,(+)-JQ1_1000nM,true
D03_E09_RT_BC_274_Lig_BC_45-1,9.495348,1.9142145,A549,(+)-JQ1,1000.0,nM,24.0,(+)-JQ1_1000nM,true
A02_F10_RT_BC_149_Lig_BC_293-1,11.523394,1.0482422,A549,(+)-JQ1,1000.0,nM,24.0,(+)-JQ1_1000nM,true
D01_E09_RT_BC_217_Lig_BC_302-1,7.8184056,3.8662634,A549,(+)-JQ1,1000.0,nM,24.0,(+)-JQ1_1000nM,true
H10_E09_RT_BC_239_Lig_BC_218-1,2.0082388,1.2831866,A549,(+)-JQ1,1000.0,nM,24.0,(+)-JQ1_1000nM,true
H10_E09_RT_BC_353_Lig_BC_344-1,4.944856,1.8906657,A549,(+)-JQ1,1000.0,nM,24.0,(+)-JQ1_1000nM,true
H02_E09_RT_BC_135_Lig_BC_74-1,10.194997,-0.08195164,A549,(+)-JQ1,1000.0,nM,24.0,(+)-JQ1_1000nM,true
A01_F10_RT_BC_157_Lig_BC_382-1,8.580324,0.8403665,A549,(+)-JQ1,1000.0,nM,24.0,(+)-JQ1_1000nM,true
B08_F10_RT_BC_180_Lig_BC_98-1,6.973749,0.68201756,A549,(+)-JQ1,1000.0,nM,24.0,(+)-JQ1_1000nM,true
E08_E09_RT_BC_183_Lig_BC_134-1,10.978376,-2.8330224,A549,(+)-JQ1,1000.0,nM,24.0,(+)-JQ1_1000nM,true
A09_E09_RT_BC_46_Lig_BC_142-1,3.3393419,-0.9436623,A549,(+)-JQ1,1000.0,nM,24.0,(+)-JQ1_1000nM,true
E04_F10_RT_BC_320_Lig_BC_14-1,9.863729,1.2386366,A549,(+)-JQ1,1000.0,nM,24.0,(+)-JQ1_1000nM,true
H09_F10_RT_BC_352_Lig_BC_229-1,7.473145,0.36797246,A549,(+)-JQ1,1000.0,nM,24.0,(+)-JQ1_1000nM,true
E03_F10_RT_BC_282_Lig_BC_60-1,7.745334,-3.27191,A549,(+)-JQ1,1000.0,nM,24.0,(+)-JQ1_1000nM,true
G11_F10_RT_BC_9_Lig_BC_218-1,7.37012,0.6904606,A549,(+)-JQ1,1000.0,nM,24.0,(+)-JQ1_1000nM,true
B05_F10_RT_BC_343_Lig_BC_284-1,6.1312857,0.75486463,A549,(+)-JQ1,1000.0,nM,24.0,(+)-JQ1_1000nM,true
E01_F10_RT_BC_177_Lig_BC_324-1,7.746734,0.40612054,A549,(+)-JQ1,1000.0,nM,24.0,(+)-JQ1_1000nM,true
F07_F10_RT_BC_241_Lig_BC_284-1,5.480844,0.66241765,A549,(+)-JQ1,1000.0,nM,24.0,(+)-JQ1_1000nM,true
F04_F10_RT_BC_173_Lig_BC_145-1,10.107965,1.040623,A549,(+)-JQ1,1000.0,nM,24.0,(+)-JQ1_1000nM,true
A05_F10_RT_BC_229_Lig_BC_260-1,6.24652,0.013592365,A549,(+)-JQ1,1000.0,nM,24.0,(+)-JQ1_1000nM,true
F07_E09_RT_BC_270_Lig_BC_171-1,5.9809384,0.27074027,A549,(+)-JQ1,1000.0,nM,24.0,(+)-JQ1_1000nM,true
B10_E09_RT_BC_55_Lig_BC_129-1,9.398186,1.4660115,A549,(+)-JQ1,1000.0,nM,24.0,(+)-JQ1_1000nM,true
H05_E09_RT_BC_190_Lig_BC_109-1,10.886602,3.1402934,A549,(+)-JQ1,1000.0,nM,24.0,(+)-JQ1_1000nM,true
E02_F10_RT_BC_188_Lig_BC_197-1,6.280005,0.63221395,A549,(+)-JQ1,1000.0,nM,24.0,(+)-JQ1_1000nM,true
C01_F10_RT_BC_50_Lig_BC_254-1,7.8563285,2.9348595,A549,(+)-JQ1,1000.0,nM,24.0,(+)-JQ1_1000nM,true
H03_E09_RT_BC_94_Lig_BC_311-1,5.623656,1.8216115,A549,(+)-JQ1,1000.0,nM,24.0,(+)-JQ1_1000nM,true
F12_E09_RT_BC_201_Lig_BC_265-1,12.220153,-0.06497401,A549,(+)-JQ1,1000.0,nM,24.0,(+)-JQ1_1000nM,true
B06_F10_RT_BC_271_Lig_BC_261-1,7.149601,1.5587312,A549,(+)-JQ1,1000.0,nM,24.0,(+)-JQ1_1000nM,true
F09_E09_RT_BC_45_Lig_BC_298-1,4.5696125,0.9519454,A549,(+)-JQ1,1000.0,nM,24.0,(+)-JQ1_1000nM,true
H05_F10_RT_BC_85_Lig_BC_367-1,5.5062137,0.917978,A549,(+)-JQ1,1000.0,nM,24.0,(+)-JQ1_1000nM,true
F07_F10_RT_BC_270_Lig_BC_238-1,7.225806,3.0028176,A549,(+)-JQ1,1000.0,nM,24.0,(+)-JQ1_1000nM,true
E08_F10_RT_BC_67_Lig_BC_29-1,11.783542,-1.8869374,A549,(+)-JQ1,1000.0,nM,24.0,(+)-JQ1_1000nM,true
F12_F10_RT_BC_298_Lig_BC_353-1,8.017385,-3.9001935,A549,(+)-JQ1,1000.0,nM,24.0,(+)-JQ1_1000nM,true
A08_E09_RT_BC_217_Lig_BC_221-1,7.124249,2.9165425,A549,(+)-JQ1,1000.0,nM,24.0,(+)-JQ1_1000nM,true
E06_E09_RT_BC_104_Lig_BC_271-1,9.889012,0.46567932,A549,(+)-JQ1,1000.0,nM,24.0,(+)-JQ1_1000nM,true
E10_F10_RT_BC_195_Lig_BC_234-1,9.328863,1.9409366,A549,(+)-JQ1,1000.0,nM,24.0,(+)-JQ1_1000nM,true
E04_E09_RT_BC_210_Lig_BC_98-1,4.5895185,-0.58997834,A549,(+)-JQ1,1000.0,nM,24.0,(+)-JQ1_1000nM,true
A10_E09_RT_BC_189_Lig_BC_160-1,8.110914,-0.3035643,A549,(+)-JQ1,1000.0,nM,24.0,(+)-JQ1_1000nM,true
H04_E09_RT_BC_301_Lig_BC_223-1,6.0798984,1.5880266,A549,(+)-JQ1,1000.0,nM,24.0,(+)-JQ1_1000nM,true
B07_F10_RT_BC_265_Lig_BC_274-1,7.0096517,3.0909457,A549,(+)-JQ1,1000.0,nM,24.0,(+)-JQ1_1000nM,true
H08_F10_RT_BC_89_Lig_BC_328-1,8.195138,3.396736,A549,(+)-JQ1,1000.0,nM,24.0,(+)-JQ1_1000nM,true
C02_F10_RT_BC_186_Lig_BC_11-1,3.809421,0.18293022,A549,(+)-JQ1,1000.0,nM,24.0,(+)-JQ1_1000nM,true
D08_F10_RT_BC_123_Lig_BC_323-1,8.34763,1.3215154,A549,(+)-JQ1,1000.0,nM,24.0,(+)-JQ1_1000nM,true
C09_F10_RT_BC_32_Lig_BC_169-1,9.573094,-3.1416185,A549,(+)-JQ1,1000.0,nM,24.0,(+)-JQ1_1000nM,true
E12_F10_RT_BC_19_Lig_BC_197-1,7.826932,0.49305028,A549,(+)-JQ1,1000.0,nM,24.0,(+)-JQ1_1000nM,true
E07_E09_RT_BC_195_Lig_BC_181-1,5.795992,0.27001655,A549,(+)-JQ1,1000.0,nM,24.0,(+)-JQ1_1000nM,true
A09_F10_RT_BC_201_Lig_BC_381-1,9.233254,0.26649913,A549,(+)-JQ1,1000.0,nM,24.0,(+)-JQ1_1000nM,true
A05_F10_RT_BC_383_Lig_BC_345-1,11.5602,-2.8801327,A549,(+)-JQ1,1000.0,nM,24.0,(+)-JQ1_1000nM,true
A07_E09_RT_BC_229_Lig_BC_334-1,4.681908,-1.8102069,A549,(+)-JQ1,1000.0,nM,24.0,(+)-JQ1_1000nM,true
B01_E09_RT_BC_198_Lig_BC_94-1,7.1113577,-1.1866882,A549,(+)-JQ1,1000.0,nM,24.0,(+)-JQ1_1000nM,true
B08_F10_RT_BC_42_Lig_BC_288-1,8.416548,0.7335824,A549,(+)-JQ1,1000.0,nM,24.0,(+)-JQ1_1000nM,true
E12_F10_RT_BC_186_Lig_BC_33-1,7.8701077,0.845271,A549,(+)-JQ1,1000.0,nM,24.0,(+)-JQ1_1000nM,true
B03_F10_RT_BC_348_Lig_BC_127-1,5.8862586,2.1728804,A549,(+)-JQ1,1000.0,nM,24.0,(+)-JQ1_1000nM,true
B04_E09_RT_BC_181_Lig_BC_93-1,6.4700623,-0.118224174,A549,(+)-JQ1,1000.0,nM,24.0,(+)-JQ1_1000nM,true
B09_F10_RT_BC_55_Lig_BC_9-1,9.474025,3.3516722,A549,(+)-JQ1,1000.0,nM,24.0,(+)-JQ1_1000nM,true
F03_E09_RT_BC_352_Lig_BC_260-1,7.800962,2.8674366,A549,(+)-JQ1,1000.0,nM,24.0,(+)-JQ1_1000nM,true
B11_F10_RT_BC_29_Lig_BC_24-1,11.032718,-2.0646083,A549,(+)-JQ1,10000.0,nM,24.0,(+)-JQ1_10000nM,true
C07_E09_RT_BC_101_Lig_BC_81-1,7.8749194,-0.35096177,A549,(+)-JQ1,10000.0,nM,24.0,(+)-JQ1_10000nM,true
D01_E09_RT_BC_38_Lig_BC_93-1,8.741665,0.2444015,A549,(+)-JQ1,10000.0,nM,24.0,(+)-JQ1_10000nM,true
G03_E09_RT_BC_103_Lig_BC_209-1,11.166594,-2.979645,A549,(+)-JQ1,10000.0,nM,24.0,(+)-JQ1_10000nM,true
H06_F10_RT_BC_338_Lig_BC_180-1,9.459229,-2.4580986,A549,(+)-JQ1,10000.0,nM,24.0,(+)-JQ1_10000nM,true
E06_E09_RT_BC_198_Lig_BC_197-1,9.07038,1.1346122,A549,(+)-JQ1,10000.0,nM,24.0,(+)-JQ1_10000nM,true
B12_E09_RT_BC_354_Lig_BC_60-1,6.2049203,-0.07217912,A549,(+)-JQ1,10000.0,nM,24.0,(+)-JQ1_10000nM,true
D01_F10_RT_BC_260_Lig_BC_254-1,5.656336,1.8138834,A549,(+)-JQ1,10000.0,nM,24.0,(+)-JQ1_10000nM,true
C09_F10_RT_BC_49_Lig_BC_20-1,7.082925,0.7728709,A549,(+)-JQ1,10000.0,nM,24.0,(+)-JQ1_10000nM,true
G08_F10_RT_BC_109_Lig_BC_80-1,12.3287525,-1.0369854,A549,(+)-JQ1,10000.0,nM,24.0,(+)-JQ1_10000nM,true
E12_F10_RT_BC_290_Lig_BC_254-1,8.291173,2.3552616,A549,(+)-JQ1,10000.0,nM,24.0,(+)-JQ1_10000nM,true
B03_E09_RT_BC_17_Lig_BC_164-1,6.0602894,0.945314,A549,(+)-JQ1,10000.0,nM,24.0,(+)-JQ1_10000nM,true
A03_E09_RT_BC_28_Lig_BC_178-1,8.972759,3.7840207,A549,(+)-JQ1,10000.0,nM,24.0,(+)-JQ1_10000nM,true
G11_F10_RT_BC_3_Lig_BC_242-1,12.9048,0.033861008,A549,(+)-JQ1,10000.0,nM,24.0,(+)-JQ1_10000nM,true
G10_F10_RT_BC_243_Lig_BC_162-1,10.714081,1.1146381,A549,(+)-JQ1,10000.0,nM,24.0,(+)-JQ1_10000nM,true
F07_E09_RT_BC_196_Lig_BC_91-1,11.469829,1.9290011,A549,(+)-JQ1,10000.0,nM,24.0,(+)-JQ1_10000nM,true
B02_F10_RT_BC_2_Lig_BC_194-1,4.8548713,0.36606687,A549,(+)-JQ1,10000.0,nM,24.0,(+)-JQ1_10000nM,true
H10_E09_RT_BC_49_Lig_BC_80-1,7.214302,1.2780424,A549,(+)-JQ1,10000.0,nM,24.0,(+)-JQ1_10000nM,true
B02_F10_RT_BC_379_Lig_BC_370-1,6.3159347,1.000927,A549,(+)-JQ1,10000.0,nM,24.0,(+)-JQ1_10000nM,true
H11_E09_RT_BC_297_Lig_BC_267-1,8.902851,-0.03247268,A549,(+)-JQ1,10000.0,nM,24.0,(+)-JQ1_10000nM,true
A04_F10_RT_BC_248_Lig_BC_228-1,11.264926,-3.5986845,A549,(+)-JQ1,10000.0,nM,24.0,(+)-JQ1_10000nM,true
H11_F10_RT_BC_133_Lig_BC_195-1,10.141323,-2.730213,A549,(+)-JQ1,10000.0,nM,24.0,(+)-JQ1_10000nM,true
G03_E09_RT_BC_190_Lig_BC_320-1,9.375465,1.7603074,A549,(+)-JQ1,10000.0,nM,24.0,(+)-JQ1_10000nM,true
G03_F10_RT_BC_63_Lig_BC_175-1,4.404789,-0.2014739,A549,(+)-JQ1,10000.0,nM,24.0,(+)-JQ1_10000nM,true
H06_F10_RT_BC_143_Lig_BC_30-1,8.364136,0.58437145,A549,(+)-JQ1,10000.0,nM,24.0,(+)-JQ1_10000nM,true
H10_E09_RT_BC_149_Lig_BC_223-1,10.624585,1.4570087,A549,(+)-JQ1,10000.0,nM,24.0,(+)-JQ1_10000nM,true
D06_F10_RT_BC_359_Lig_BC_375-1,9.2927265,1.1282855,A549,(+)-JQ1,10000.0,nM,24.0,(+)-JQ1_10000nM,true
F05_F10_RT_BC_87_Lig_BC_190-1,8.233581,0.8798078,A549,(+)-JQ1,10000.0,nM,24.0,(+)-JQ1_10000nM,true
H03_E09_RT_BC_19_Lig_BC_172-1,6.323834,0.80814266,A549,(+)-JQ1,10000.0,nM,24.0,(+)-JQ1_10000nM,true
A08_F10_RT_BC_370_Lig_BC_16-1,5.430382,-3.77063,A549,(+)-JQ1,10000.0,nM,24.0,(+)-JQ1_10000nM,true
A09_F10_RT_BC_329_Lig_BC_8-1,7.512896,0.8935943,A549,(+)-JQ1,10000.0,nM,24.0,(+)-JQ1_10000nM,true
C12_F10_RT_BC_262_Lig_BC_177-1,6.3345547,-0.57282776,A549,(+)-JQ1,10000.0,nM,24.0,(+)-JQ1_10000nM,true
F02_F10_RT_BC_9_Lig_BC_163-1,5.1155887,-1.156942,A549,(+)-JQ1,10000.0,nM,24.0,(+)-JQ1_10000nM,true
B04_F10_RT_BC_285_Lig_BC_43-1,5.346393,-3.6366,A549,(+)-JQ1,10000.0,nM,24.0,(+)-JQ1_10000nM,true
G02_F10_RT_BC_287_Lig_BC_376-1,5.584742,2.2502491,A549,(+)-JQ1,10000.0,nM,24.0,(+)-JQ1_10000nM,true
A10_F10_RT_BC_289_Lig_BC_165-1,7.1535606,0.55442315,A549,(+)-JQ1,10000.0,nM,24.0,(+)-JQ1_10000nM,true
F09_E09_RT_BC_161_Lig_BC_87-1,6.709952,1.0132227,A549,(+)-JQ1,10000.0,nM,24.0,(+)-JQ1_10000nM,true
F05_E09_RT_BC_62_Lig_BC_285-1,8.004331,0.8030929,A549,(+)-JQ1,10000.0,nM,24.0,(+)-JQ1_10000nM,true
G01_F10_RT_BC_289_Lig_BC_4-1,7.7630973,3.716349,A549,(+)-JQ1,10000.0,nM,24.0,(+)-JQ1_10000nM,true
G01_E09_RT_BC_131_Lig_BC_358-1,7.4314537,0.79824907,A549,(+)-JQ1,10000.0,nM,24.0,(+)-JQ1_10000nM,true
H10_F10_RT_BC_189_Lig_BC_185-1,7.1765904,1.119496,A549,(+)-JQ1,10000.0,nM,24.0,(+)-JQ1_10000nM,true
E12_F10_RT_BC_260_Lig_BC_5-1,6.6744113,1.123737,A549,(+)-JQ1,10000.0,nM,24.0,(+)-JQ1_10000nM,true
A07_F10_RT_BC_117_Lig_BC_206-1,10.999248,-3.3957143,A549,(+)-JQ1,10000.0,nM,24.0,(+)-JQ1_10000nM,true
H12_E09_RT_BC_251_Lig_BC_265-1,5.4963193,0.60761434,A549,(+)-JQ1,10000.0,nM,24.0,(+)-JQ1_10000nM,true
E07_F10_RT_BC_26_Lig_BC_256-1,9.831006,0.7600696,A549,(+)-JQ1,10000.0,nM,24.0,(+)-JQ1_10000nM,true
E05_E09_RT_BC_231_Lig_BC_105-1,8.292788,0.41636983,A549,(+)-JQ1,10000.0,nM,24.0,(+)-JQ1_10000nM,true
D10_F10_RT_BC_301_Lig_BC_152-1,4.9402523,1.1626223,A549,(+)-JQ1,10000.0,nM,24.0,(+)-JQ1_10000nM,true
D01_F10_RT_BC_51_Lig_BC_378-1,4.8420887,1.1052233,A549,(+)-JQ1,10000.0,nM,24.0,(+)-JQ1_10000nM,true
G09_F10_RT_BC_121_Lig_BC_28-1,8.584497,0.3104379,A549,(+)-JQ1,10000.0,nM,24.0,(+)-JQ1_10000nM,true
C03_F10_RT_BC_383_Lig_BC_36-1,5.580935,1.8023382,A549,(+)-JQ1,10000.0,nM,24.0,(+)-JQ1_10000nM,true
H04_F10_RT_BC_230_Lig_BC_56-1,10.052824,-3.8431048,A549,(+)-JQ1,10000.0,nM,24.0,(+)-JQ1_10000nM,true
G08_F10_RT_BC_359_Lig_BC_25-1,9.567857,4.039933,A549,(+)-JQ1,10000.0,nM,24.0,(+)-JQ1_10000nM,true
C10_E09_RT_BC_79_Lig_BC_184-1,5.059368,2.1150665,A549,(+)-JQ1,10000.0,nM,24.0,(+)-JQ1_10000nM,true
A06_E09_RT_BC_143_Lig_BC_14-1,9.470592,-0.19311664,A549,(+)-JQ1,10000.0,nM,24.0,(+)-JQ1_10000nM,true
D02_E09_RT_BC_27_Lig_BC_254-1,8.631718,1.5780598,A549,(+)-JQ1,10000.0,nM,24.0,(+)-JQ1_10000nM,true
C11_F10_RT_BC_304_Lig_BC_122-1,8.684358,3.5378761,A549,(+)-JQ1,10000.0,nM,24.0,(+)-JQ1_10000nM,true
G11_E09_RT_BC_222_Lig_BC_336-1,11.579882,-0.19764681,A549,(+)-JQ1,10000.0,nM,24.0,(+)-JQ1_10000nM,true
H04_E09_RT_BC_342_Lig_BC_293-1,6.262575,0.98230964,A549,(+)-JQ1,10000.0,nM,24.0,(+)-JQ1_10000nM,true
G07_E09_RT_BC_210_Lig_BC_196-1,10.626403,2.9220586,A549,(+)-JQ1,10000.0,nM,24.0,(+)-JQ1_10000nM,true
E01_E09_RT_BC_129_Lig_BC_41-1,5.37087,0.07198273,A549,(+)-JQ1,10000.0,nM,24.0,(+)-JQ1_10000nM,true
H07_E09_RT_BC_108_Lig_BC_353-1,6.793781,0.7327201,A549,(+)-JQ1,10000.0,nM,24.0,(+)-JQ1_10000nM,true
E02_F10_RT_BC_280_Lig_BC_251-1,7.84615,0.48380917,A549,(+)-JQ1,10000.0,nM,24.0,(+)-JQ1_10000nM,true
G10_F10_RT_BC_325_Lig_BC_286-1,7.552388,2.0045185,A549,(+)-JQ1,10000.0,nM,24.0,(+)-JQ1_10000nM,true
A12_F10_RT_BC_205_Lig_BC_197-1,6.519648,0.94959426,A549,(+)-JQ1,10000.0,nM,24.0,(+)-JQ1_10000nM,true
F11_F10_RT_BC_269_Lig_BC_378-1,8.281633,0.8527165,A549,(+)-JQ1,10000.0,nM,24.0,(+)-JQ1_10000nM,true
E07_E09_RT_BC_166_Lig_BC_236-1,5.771833,-0.48381108,A549,(+)-JQ1,10000.0,nM,24.0,(+)-JQ1_10000nM,true
B07_F10_RT_BC_109_Lig_BC_321-1,8.114201,0.66336936,A549,(+)-JQ1,10000.0,nM,24.0,(+)-JQ1_10000nM,true
A07_E09_RT_BC_105_Lig_BC_245-1,10.313282,-2.5943384,A549,(+)-JQ1,10000.0,nM,24.0,(+)-JQ1_10000nM,true
F06_F10_RT_BC_61_Lig_BC_336-1,10.060159,-0.22642757,A549,(+)-JQ1,10000.0,nM,24.0,(+)-JQ1_10000nM,true
E07_E09_RT_BC_337_Lig_BC_90-1,11.90484,-0.8469242,A549,(+)-JQ1,10000.0,nM,24.0,(+)-JQ1_10000nM,true
H07_E09_RT_BC_107_Lig_BC_2-1,8.97849,-0.4107941,A549,(+)-JQ1,10000.0,nM,24.0,(+)-JQ1_10000nM,true
F12_F10_RT_BC_226_Lig_BC_103-1,5.552064,-0.739759,A549,(+)-JQ1,10000.0,nM,24.0,(+)-JQ1_10000nM,true
A05_E09_RT_BC_331_Lig_BC_226-1,5.1397166,1.7764622,A549,(+)-JQ1,10000.0,nM,24.0,(+)-JQ1_10000nM,true
E05_E09_RT_BC_64_Lig_BC_96-1,6.0918145,1.4743558,A549,(+)-JQ1,10000.0,nM,24.0,(+)-JQ1_10000nM,true
G02_E09_RT_BC_154_Lig_BC_296-1,6.6549654,1.4840711,A549,(+)-JQ1,10000.0,nM,24.0,(+)-JQ1_10000nM,true
G11_F10_RT_BC_7_Lig_BC_135-1,10.036896,-4.100782,A549,(+)-JQ1,10000.0,nM,24.0,(+)-JQ1_10000nM,true
E06_F10_RT_BC_87_Lig_BC_56-1,4.368374,0.07258065,A549,(+)-JQ1,10000.0,nM,24.0,(+)-JQ1_10000nM,true
C04_F10_RT_BC_282_Lig_BC_144-1,5.888717,1.4099375,A549,(+)-JQ1,10000.0,nM,24.0,(+)-JQ1_10000nM,true
D01_F10_RT_BC_170_Lig_BC_34-1,4.602334,0.055944074,A549,(+)-JQ1,10000.0,nM,24.0,(+)-JQ1_10000nM,true
E01_F10_RT_BC_114_Lig_BC_251-1,8.704844,-0.48648003,A549,(+)-JQ1,10000.0,nM,24.0,(+)-JQ1_10000nM,true
A01_F10_RT_BC_368_Lig_BC_68-1,8.55171,1.0909058,A549,(+)-JQ1,10000.0,nM,24.0,(+)-JQ1_10000nM,true
G11_F10_RT_BC_220_Lig_BC_186-1,8.128161,3.8880014,A549,(+)-JQ1,10000.0,nM,24.0,(+)-JQ1_10000nM,true
H08_E09_RT_BC_362_Lig_BC_47-1,12.753715,0.9273582,A549,(+)-JQ1,10000.0,nM,24.0,(+)-JQ1_10000nM,true
D05_E09_RT_BC_34_Lig_BC_380-1,5.7676086,1.1294299,A549,(+)-JQ1,10000.0,nM,24.0,(+)-JQ1_10000nM,true
F03_F10_RT_BC_341_Lig_BC_156-1,11.68471,0.5485122,A549,(+)-JQ1,10000.0,nM,24.0,(+)-JQ1_10000nM,true
C07_F10_RT_BC_214_Lig_BC_213-1,6.894561,-2.7057374,A549,(+)-JQ1,10000.0,nM,24.0,(+)-JQ1_10000nM,true
G08_E09_RT_BC_307_Lig_BC_147-1,8.7714615,-4.631402,A549,(+)-JQ1,10000.0,nM,24.0,(+)-JQ1_10000nM,true
E07_E09_RT_BC_56_Lig_BC_18-1,4.018023,-0.5624731,A549,(+)-JQ1,10000.0,nM,24.0,(+)-JQ1_10000nM,true
C05_E09_RT_BC_123_Lig_BC_3-1,4.970657,1.7595755,A549,(+)-JQ1,10000.0,nM,24.0,(+)-JQ1_10000nM,true
A03_E09_RT_BC_251_Lig_BC_192-1,9.203718,1.1998781,A549,(+)-JQ1,10000.0,nM,24.0,(+)-JQ1_10000nM,true
H07_F10_RT_BC_15_Lig_BC_51-1,6.4122806,-0.20974393,A549,(+)-JQ1,10000.0,nM,24.0,(+)-JQ1_10000nM,true
E12_F10_RT_BC_171_Lig_BC_71-1,11.39669,-2.3944407,A549,(+)-JQ1,10000.0,nM,24.0,(+)-JQ1_10000nM,true
H04_E09_RT_BC_128_Lig_BC_199-1,8.6726265,2.213789,A549,(+)-JQ1,10000.0,nM,24.0,(+)-JQ1_10000nM,true
D01_F10_RT_BC_216_Lig_BC_76-1,5.3918266,0.05860172,A549,(+)-JQ1,10000.0,nM,24.0,(+)-JQ1_10000nM,true
F12_E09_RT_BC_170_Lig_BC_108-1,7.713666,0.90712893,A549,(+)-JQ1,10000.0,nM,24.0,(+)-JQ1_10000nM,true
E03_E09_RT_BC_291_Lig_BC_23-1,6.395154,-1.1839055,A549,(+)-JQ1,10000.0,nM,24.0,(+)-JQ1_10000nM,true
E08_E09_RT_BC_188_Lig_BC_70-1,6.9224744,0.5580995,A549,(+)-JQ1,10000.0,nM,24.0,(+)-JQ1_10000nM,true
D05_F10_RT_BC_254_Lig_BC_85-1,9.01918,3.0354838,A549,(+)-JQ1,10000.0,nM,24.0,(+)-JQ1_10000nM,true
D04_F10_RT_BC_160_Lig_BC_304-1,8.681112,0.6117724,A549,(+)-JQ1,10000.0,nM,24.0,(+)-JQ1_10000nM,true
F04_E09_RT_BC_89_Lig_BC_164-1,8.89881,1.5773807,A549,(+)-JQ1,10000.0,nM,24.0,(+)-JQ1_10000nM,true
E01_E09_RT_BC_219_Lig_BC_201-1,6.487507,0.9117132,A549,(+)-JQ1,10000.0,nM,24.0,(+)-JQ1_10000nM,true
E10_F10_RT_BC_238_Lig_BC_7-1,7.655843,-0.13013227,A549,(+)-JQ1,10000.0,nM,24.0,(+)-JQ1_10000nM,true
A01_E09_RT_BC_238_Lig_BC_195-1,9.149316,-4.4301395,A549,(+)-JQ1,10000.0,nM,24.0,(+)-JQ1_10000nM,true
G03_E09_RT_BC_282_Lig_BC_353-1,8.384182,2.3188417,A549,(+)-JQ1,10000.0,nM,24.0,(+)-JQ1_10000nM,true
F04_E09_RT_BC_152_Lig_BC_259-1,9.45442,0.20856477,A549,(+)-JQ1,10000.0,nM,24.0,(+)-JQ1_10000nM,true
A05_F10_RT_BC_226_Lig_BC_177-1,7.783037,-0.95517725,A549,(+)-JQ1,10000.0,nM,24.0,(+)-JQ1_10000nM,true
F03_E09_RT_BC_358_Lig_BC_328-1,6.2146854,-0.06719272,A549,(+)-JQ1,10000.0,nM,24.0,(+)-JQ1_10000nM,true
G04_F10_RT_BC_41_Lig_BC_40-1,6.7136683,1.1811557,A549,(+)-JQ1,10000.0,nM,24.0,(+)-JQ1_10000nM,true
A04_F10_RT_BC_365_Lig_BC_356-1,6.8036137,2.3258374,A549,(+)-JQ1,10000.0,nM,24.0,(+)-JQ1_10000nM,true
G10_F10_RT_BC_366_Lig_BC_167-1,11.049055,2.1076,A549,(+)-JQ1,10000.0,nM,24.0,(+)-JQ1_10000nM,true
H03_F10_RT_BC_226_Lig_BC_136-1,6.5665083,1.5795504,A549,(+)-JQ1,10000.0,nM,24.0,(+)-JQ1_10000nM,true
C12_F10_RT_BC_163_Lig_BC_110-1,11.555865,-2.5223687,A549,(+)-JQ1,10000.0,nM,24.0,(+)-JQ1_10000nM,true
G12_F10_RT_BC_14_Lig_BC_9-1,5.9841228,-0.7649789,A549,(+)-JQ1,10000.0,nM,24.0,(+)-JQ1_10000nM,true
G10_E09_RT_BC_31_Lig_BC_53-1,6.5164666,1.3912624,A549,(+)-JQ1,10000.0,nM,24.0,(+)-JQ1_10000nM,true
F02_F10_RT_BC_250_Lig_BC_180-1,4.702432,1.6533986,A549,(+)-JQ1,10000.0,nM,24.0,(+)-JQ1_10000nM,true
F02_F10_RT_BC_230_Lig_BC_37-1,4.563493,1.570047,A549,(+)-JQ1,10000.0,nM,24.0,(+)-JQ1_10000nM,true
D03_E09_RT_BC_87_Lig_BC_30-1,5.624787,2.296247,A549,(+)-JQ1,10000.0,nM,24.0,(+)-JQ1_10000nM,true
B03_E09_RT_BC_219_Lig_BC_216-1,10.116393,0.15240574,A549,(+)-JQ1,10000.0,nM,24.0,(+)-JQ1_10000nM,true
C08_F10_RT_BC_109_Lig_BC_159-1,8.965925,1.1573254,A549,(+)-JQ1,10000.0,nM,24.0,(+)-JQ1_10000nM,true
A12_F10_RT_BC_131_Lig_BC_31-1,8.428838,0.67413193,A549,(+)-JQ1,10000.0,nM,24.0,(+)-JQ1_10000nM,true
G11_E09_RT_BC_313_Lig_BC_374-1,10.100376,3.799652,A549,(+)-JQ1,10000.0,nM,24.0,(+)-JQ1_10000nM,true
D06_F10_RT_BC_183_Lig_BC_377-1,5.175393,1.9086484,A549,(+)-JQ1,10000.0,nM,24.0,(+)-JQ1_10000nM,true
G04_F10_RT_BC_267_Lig_BC_47-1,8.844779,0.6265445,A549,(+)-JQ1,10000.0,nM,24.0,(+)-JQ1_10000nM,true
E05_E09_RT_BC_128_Lig_BC_58-1,10.819089,1.2242117,A549,(+)-JQ1,10000.0,nM,24.0,(+)-JQ1_10000nM,true
G11_E09_RT_BC_351_Lig_BC_354-1,9.28887,-4.6681786,A549,(+)-JQ1,10000.0,nM,24.0,(+)-JQ1_10000nM,true
C07_F10_RT_BC_340_Lig_BC_273-1,6.163566,1.1727133,A549,(+)-JQ1,10000.0,nM,24.0,(+)-JQ1_10000nM,true
A02_E09_RT_BC_278_Lig_BC_239-1,6.8405194,2.1312773,A549,(+)-JQ1,10000.0,nM,24.0,(+)-JQ1_10000nM,true
B03_E09_RT_BC_157_Lig_BC_44-1,5.0986347,1.7251589,A549,(+)-JQ1,10000.0,nM,24.0,(+)-JQ1_10000nM,true
G07_F10_RT_BC_35_Lig_BC_186-1,4.897877,0.77776605,A549,(+)-JQ1,10000.0,nM,24.0,(+)-JQ1_10000nM,true
C07_F10_RT_BC_20_Lig_BC_216-1,5.816711,-1.3093601,A549,(+)-JQ1,10000.0,nM,24.0,(+)-JQ1_10000nM,true
F01_E09_RT_BC_128_Lig_BC_94-1,6.025021,1.0695704,A549,(+)-JQ1,10000.0,nM,24.0,(+)-JQ1_10000nM,true
A02_F10_RT_BC_186_Lig_BC_379-1,8.929411,0.9215468,A549,(+)-JQ1,10000.0,nM,24.0,(+)-JQ1_10000nM,true
G02_F10_RT_BC_266_Lig_BC_235-1,8.705972,-4.1881766,A549,(+)-JQ1,10000.0,nM,24.0,(+)-JQ1_10000nM,true
C12_F10_RT_BC_33_Lig_BC_369-1,8.180195,2.0355108,A549,(+)-JQ1,10000.0,nM,24.0,(+)-JQ1_10000nM,true
B02_E09_RT_BC_257_Lig_BC_53-1,5.0020795,1.1484108,A549,(+)-JQ1,10000.0,nM,24.0,(+)-JQ1_10000nM,true
A04_F10_RT_BC_290_Lig_BC_199-1,8.702787,-3.7505367,A549,(+)-JQ1,10000.0,nM,24.0,(+)-JQ1_10000nM,true
E08_F10_RT_BC_34_Lig_BC_203-1,6.3392735,1.0807371,A549,(+)-JQ1,10000.0,nM,24.0,(+)-JQ1_10000nM,true
G09_E09_RT_BC_138_Lig_BC_255-1,7.4028583,3.6411865,A549,(+)-JQ1,10000.0,nM,24.0,(+)-JQ1_10000nM,true
D03_F10_RT_BC_367_Lig_BC_77-1,5.0663447,1.531692,A549,(+)-JQ1,10000.0,nM,24.0,(+)-JQ1_10000nM,true
F10_E09_RT_BC_36_Lig_BC_324-1,9.020487,0.2524228,A549,(+)-JQ1,10000.0,nM,24.0,(+)-JQ1_10000nM,true
F01_E09_RT_BC_69_Lig_BC_216-1,10.7222395,-2.9404068,A549,(+)-JQ1,10000.0,nM,24.0,(+)-JQ1_10000nM,true
D02_E09_RT_BC_108_Lig_BC_287-1,8.236234,0.034578905,A549,(+)-JQ1,10000.0,nM,24.0,(+)-JQ1_10000nM,true
A01_F10_RT_BC_153_Lig_BC_197-1,11.191256,0.2371014,A549,(+)-JQ1,10000.0,nM,24.0,(+)-JQ1_10000nM,true
H11_F10_RT_BC_63_Lig_BC_199-1,6.5318184,0.29832923,A549,(+)-JQ1,10000.0,nM,24.0,(+)-JQ1_10000nM,true
F12_E09_RT_BC_259_Lig_BC_55-1,11.886924,0.37485817,A549,(+)-JQ1,10000.0,nM,24.0,(+)-JQ1_10000nM,true
D04_F10_RT_BC_161_Lig_BC_202-1,6.281695,0.65278196,A549,(+)-JQ1,10000.0,nM,24.0,(+)-JQ1_10000nM,true
F03_E09_RT_BC_343_Lig_BC_176-1,8.9741335,1.4870576,A549,(+)-JQ1,10000.0,nM,24.0,(+)-JQ1_10000nM,true
H09_E09_RT_BC_101_Lig_BC_208-1,7.948122,0.17762777,A549,(+)-JQ1,10000.0,nM,24.0,(+)-JQ1_10000nM,true
G11_F10_RT_BC_252_Lig_BC_106-1,8.668766,3.4863038,A549,(+)-JQ1,10000.0,nM,24.0,(+)-JQ1_10000nM,true
A09_E09_RT_BC_358_Lig_BC_40-1,6.138522,0.067067176,A549,(+)-JQ1,10000.0,nM,24.0,(+)-JQ1_10000nM,true
G01_E09_RT_BC_305_Lig_BC_309-1,9.793381,-1.1617067,A549,Trametinib (GSK1120212),10.0,nM,24.0,Trametinib (GSK1120212)_10nM,true
F03_E09_RT_BC_251_Lig_BC_329-1,10.138352,-1.286026,A549,Trametinib (GSK1120212),10.0,nM,24.0,Trametinib (GSK1120212)_10nM,true
H09_F10_RT_BC_153_Lig_BC_46-1,8.258597,-1.8306831,A549,Trametinib (GSK1120212),10.0,nM,24.0,Trametinib (GSK1120212)_10nM,true
C04_F10_RT_BC_344_Lig_BC_251-1,4.9871783,1.0305481,A549,Trametinib (GSK1120212),10.0,nM,24.0,Trametinib (GSK1120212)_10nM,true
F07_F10_RT_BC_354_Lig_BC_172-1,9.614334,-0.61811376,A549,Trametinib (GSK1120212),10.0,nM,24.0,Trametinib (GSK1120212)_10nM,true
E11_F10_RT_BC_53_Lig_BC_367-1,7.2411065,-1.3910458,A549,Trametinib (GSK1120212),10.0,nM,24.0,Trametinib (GSK1120212)_10nM,true
F09_F10_RT_BC_53_Lig_BC_209-1,9.359957,-0.036760006,A549,Trametinib (GSK1120212),10.0,nM,24.0,Trametinib (GSK1120212)_10nM,true
G09_F10_RT_BC_99_Lig_BC_132-1,10.756468,-1.5900708,A549,Trametinib (GSK1120212),10.0,nM,24.0,Trametinib (GSK1120212)_10nM,true
F01_E09_RT_BC_180_Lig_BC_13-1,9.478339,0.015085127,A549,Trametinib (GSK1120212),10.0,nM,24.0,Trametinib (GSK1120212)_10nM,true
C01_F10_RT_BC_113_Lig_BC_308-1,10.497365,1.4389337,A549,Trametinib (GSK1120212),10.0,nM,24.0,Trametinib (GSK1120212)_10nM,true
G09_E09_RT_BC_348_Lig_BC_121-1,9.113243,0.12011156,A549,Trametinib (GSK1120212),10.0,nM,24.0,Trametinib (GSK1120212)_10nM,true
F08_F10_RT_BC_326_Lig_BC_341-1,10.447451,-3.2129436,A549,Trametinib (GSK1120212),10.0,nM,24.0,Trametinib (GSK1120212)_10nM,true
G09_E09_RT_BC_251_Lig_BC_106-1,7.4854927,-0.83718485,A549,Trametinib (GSK1120212),10.0,nM,24.0,Trametinib (GSK1120212)_10nM,true
A11_F10_RT_BC_242_Lig_BC_109-1,8.593363,-4.3169417,A549,Trametinib (GSK1120212),10.0,nM,24.0,Trametinib (GSK1120212)_10nM,true
F12_F10_RT_BC_7_Lig_BC_227-1,10.609952,1.4086747,A549,Trametinib (GSK1120212),10.0,nM,24.0,Trametinib (GSK1120212)_10nM,true
G03_E09_RT_BC_9_Lig_BC_167-1,8.805489,-1.9280989,A549,Trametinib (GSK1120212),10.0,nM,24.0,Trametinib (GSK1120212)_10nM,true
H07_E09_RT_BC_99_Lig_BC_199-1,6.483882,-1.9639953,A549,Trametinib (GSK1120212),10.0,nM,24.0,Trametinib (GSK1120212)_10nM,true
G09_F10_RT_BC_142_Lig_BC_320-1,10.531709,-0.5417864,A549,Trametinib (GSK1120212),10.0,nM,24.0,Trametinib (GSK1120212)_10nM,true
A03_F10_RT_BC_69_Lig_BC_150-1,8.270789,-0.37854865,A549,Trametinib (GSK1120212),10.0,nM,24.0,Trametinib (GSK1120212)_10nM,true
G09_F10_RT_BC_133_Lig_BC_149-1,10.13724,-1.264177,A549,Trametinib (GSK1120212),10.0,nM,24.0,Trametinib (GSK1120212)_10nM,true
E09_F10_RT_BC_172_Lig_BC_375-1,10.0143,-0.669078,A549,Trametinib (GSK1120212),10.0,nM,24.0,Trametinib (GSK1120212)_10nM,true
B05_E09_RT_BC_336_Lig_BC_51-1,9.457666,-1.9133435,A549,Trametinib (GSK1120212),10.0,nM,24.0,Trametinib (GSK1120212)_10nM,true
C03_F10_RT_BC_69_Lig_BC_33-1,8.641432,-1.4177566,A549,Trametinib (GSK1120212),10.0,nM,24.0,Trametinib (GSK1120212)_10nM,true
F10_F10_RT_BC_253_Lig_BC_155-1,7.4034514,-2.9969034,A549,Trametinib (GSK1120212),10.0,nM,24.0,Trametinib (GSK1120212)_10nM,true
E04_F10_RT_BC_18_Lig_BC_131-1,8.684103,-1.7425449,A549,Trametinib (GSK1120212),10.0,nM,24.0,Trametinib (GSK1120212)_10nM,true
F12_E09_RT_BC_381_Lig_BC_10-1,10.335342,-0.7696212,A549,Trametinib (GSK1120212),10.0,nM,24.0,Trametinib (GSK1120212)_10nM,true
F10_E09_RT_BC_343_Lig_BC_303-1,10.337445,-1.7128015,A549,Trametinib (GSK1120212),10.0,nM,24.0,Trametinib (GSK1120212)_10nM,true
D10_E09_RT_BC_44_Lig_BC_220-1,9.373304,-2.2235477,A549,Trametinib (GSK1120212),10.0,nM,24.0,Trametinib (GSK1120212)_10nM,true
G09_E09_RT_BC_212_Lig_BC_236-1,10.636156,-1.0933524,A549,Trametinib (GSK1120212),10.0,nM,24.0,Trametinib (GSK1120212)_10nM,true
F10_F10_RT_BC_299_Lig_BC_286-1,10.098104,-0.70007294,A549,Trametinib (GSK1120212),10.0,nM,24.0,Trametinib (GSK1120212)_10nM,true
E06_F10_RT_BC_30_Lig_BC_360-1,9.556517,-0.9578312,A549,Trametinib (GSK1120212),10.0,nM,24.0,Trametinib (GSK1120212)_10nM,true
A08_F10_RT_BC_87_Lig_BC_244-1,8.775432,-1.8829491,A549,Trametinib (GSK1120212),10.0,nM,24.0,Trametinib (GSK1120212)_10nM,true
B10_E09_RT_BC_325_Lig_BC_179-1,5.2101393,-1.1424445,A549,Trametinib (GSK1120212),10.0,nM,24.0,Trametinib (GSK1120212)_10nM,true
D06_E09_RT_BC_375_Lig_BC_57-1,5.313894,-0.12869416,A549,Trametinib (GSK1120212),10.0,nM,24.0,Trametinib (GSK1120212)_10nM,true
D11_F10_RT_BC_301_Lig_BC_213-1,6.825326,-1.7360364,A549,Trametinib (GSK1120212),10.0,nM,24.0,Trametinib (GSK1120212)_10nM,true
G02_F10_RT_BC_339_Lig_BC_348-1,9.183362,-0.54260516,A549,Trametinib (GSK1120212),10.0,nM,24.0,Trametinib (GSK1120212)_10nM,true
D02_E09_RT_BC_332_Lig_BC_183-1,10.448465,-1.1685127,A549,Trametinib (GSK1120212),10.0,nM,24.0,Trametinib (GSK1120212)_10nM,true
D02_F10_RT_BC_70_Lig_BC_1-1,6.8755684,-1.1851239,A549,Trametinib (GSK1120212),10.0,nM,24.0,Trametinib (GSK1120212)_10nM,true
A05_F10_RT_BC_309_Lig_BC_253-1,8.936552,-1.8076428,A549,Trametinib (GSK1120212),10.0,nM,24.0,Trametinib (GSK1120212)_10nM,true
D12_E09_RT_BC_121_Lig_BC_353-1,11.707068,-0.32219696,A549,Trametinib (GSK1120212),10.0,nM,24.0,Trametinib (GSK1120212)_10nM,true
E10_E09_RT_BC_244_Lig_BC_279-1,7.939745,-2.5066183,A549,Trametinib (GSK1120212),10.0,nM,24.0,Trametinib (GSK1120212)_10nM,true
C06_F10_RT_BC_231_Lig_BC_7-1,9.053172,-0.47580364,A549,Trametinib (GSK1120212),10.0,nM,24.0,Trametinib (GSK1120212)_10nM,true
D11_F10_RT_BC_230_Lig_BC_370-1,9.620658,-1.80861,A549,Trametinib (GSK1120212),10.0,nM,24.0,Trametinib (GSK1120212)_10nM,true
E10_E09_RT_BC_342_Lig_BC_182-1,10.015423,-2.1187437,A549,Trametinib (GSK1120212),10.0,nM,24.0,Trametinib (GSK1120212)_10nM,true
A02_F10_RT_BC_48_Lig_BC_201-1,7.159936,-2.67997,A549,Trametinib (GSK1120212),10.0,nM,24.0,Trametinib (GSK1120212)_10nM,true
C01_E09_RT_BC_78_Lig_BC_352-1,8.534468,-0.88937587,A549,Trametinib (GSK1120212),10.0,nM,24.0,Trametinib (GSK1120212)_10nM,true
G10_F10_RT_BC_217_Lig_BC_224-1,10.506498,-1.7972715,A549,Trametinib (GSK1120212),10.0,nM,24.0,Trametinib (GSK1120212)_10nM,true
H02_F10_RT_BC_3_Lig_BC_17-1,9.584327,-1.535372,A549,Trametinib (GSK1120212),10.0,nM,24.0,Trametinib (GSK1120212)_10nM,true
D05_E09_RT_BC_306_Lig_BC_2-1,9.7586975,-1.9628454,A549,Trametinib (GSK1120212),10.0,nM,24.0,Trametinib (GSK1120212)_10nM,true
E07_F10_RT_BC_137_Lig_BC_150-1,9.718293,0.103149146,A549,Trametinib (GSK1120212),10.0,nM,24.0,Trametinib (GSK1120212)_10nM,true
D09_F10_RT_BC_53_Lig_BC_376-1,10.471983,-1.4513429,A549,Trametinib (GSK1120212),10.0,nM,24.0,Trametinib (GSK1120212)_10nM,true
F08_E09_RT_BC_29_Lig_BC_133-1,10.766984,-1.1166004,A549,Trametinib (GSK1120212),10.0,nM,24.0,Trametinib (GSK1120212)_10nM,true
C06_E09_RT_BC_29_Lig_BC_6-1,11.085346,-1.2737845,A549,Trametinib (GSK1120212),10.0,nM,24.0,Trametinib (GSK1120212)_10nM,true
B12_E09_RT_BC_9_Lig_BC_331-1,9.349612,-2.0440452,A549,Trametinib (GSK1120212),10.0,nM,24.0,Trametinib (GSK1120212)_10nM,true
C06_E09_RT_BC_229_Lig_BC_232-1,7.6860948,0.7357427,A549,Trametinib (GSK1120212),10.0,nM,24.0,Trametinib (GSK1120212)_10nM,true
C05_E09_RT_BC_314_Lig_BC_63-1,10.027214,0.7908324,A549,Trametinib (GSK1120212),10.0,nM,24.0,Trametinib (GSK1120212)_10nM,true
D04_E09_RT_BC_295_Lig_BC_104-1,9.673963,-0.6253841,A549,Trametinib (GSK1120212),10.0,nM,24.0,Trametinib (GSK1120212)_10nM,true
H12_F10_RT_BC_295_Lig_BC_281-1,9.423065,-1.6522685,A549,Trametinib (GSK1120212),10.0,nM,24.0,Trametinib (GSK1120212)_10nM,true
B09_F10_RT_BC_167_Lig_BC_332-1,11.071359,-0.56828314,A549,Trametinib (GSK1120212),10.0,nM,24.0,Trametinib (GSK1120212)_10nM,true
F06_F10_RT_BC_354_Lig_BC_299-1,7.22074,-2.594755,A549,Trametinib (GSK1120212),10.0,nM,24.0,Trametinib (GSK1120212)_10nM,true
F11_F10_RT_BC_379_Lig_BC_278-1,8.969295,-1.180886,A549,Trametinib (GSK1120212),10.0,nM,24.0,Trametinib (GSK1120212)_10nM,true
C01_E09_RT_BC_158_Lig_BC_147-1,10.573537,-0.9288672,A549,Trametinib (GSK1120212),10.0,nM,24.0,Trametinib (GSK1120212)_10nM,true
F05_F10_RT_BC_325_Lig_BC_25-1,9.451785,-2.118615,A549,Trametinib (GSK1120212),10.0,nM,24.0,Trametinib (GSK1120212)_10nM,true
C08_F10_RT_BC_317_Lig_BC_144-1,8.168912,-2.6487522,A549,Trametinib (GSK1120212),10.0,nM,24.0,Trametinib (GSK1120212)_10nM,true
E06_F10_RT_BC_273_Lig_BC_123-1,9.41199,-0.83693707,A549,Trametinib (GSK1120212),10.0,nM,24.0,Trametinib (GSK1120212)_10nM,true
A02_E09_RT_BC_303_Lig_BC_157-1,6.299949,-0.73996776,A549,Trametinib (GSK1120212),10.0,nM,24.0,Trametinib (GSK1120212)_10nM,true
G05_E09_RT_BC_249_Lig_BC_185-1,7.239567,-2.9115577,A549,Trametinib (GSK1120212),10.0,nM,24.0,Trametinib (GSK1120212)_10nM,true
C02_F10_RT_BC_222_Lig_BC_275-1,9.6674795,-1.3149782,A549,Trametinib (GSK1120212),10.0,nM,24.0,Trametinib (GSK1120212)_10nM,true
A11_F10_RT_BC_31_Lig_BC_279-1,9.744038,-0.87638664,A549,Trametinib (GSK1120212),10.0,nM,24.0,Trametinib (GSK1120212)_10nM,true
H09_F10_RT_BC_231_Lig_BC_113-1,7.0231953,-0.12122805,A549,Trametinib (GSK1120212),10.0,nM,24.0,Trametinib (GSK1120212)_10nM,true
F09_E09_RT_BC_193_Lig_BC_64-1,8.340724,-1.7515552,A549,Trametinib (GSK1120212),10.0,nM,24.0,Trametinib (GSK1120212)_10nM,true
B02_F10_RT_BC_164_Lig_BC_170-1,7.176199,-2.239385,A549,Trametinib (GSK1120212),10.0,nM,24.0,Trametinib (GSK1120212)_10nM,true
F12_E09_RT_BC_157_Lig_BC_363-1,10.408071,-0.94158554,A549,Trametinib (GSK1120212),10.0,nM,24.0,Trametinib (GSK1120212)_10nM,true
C08_E09_RT_BC_358_Lig_BC_164-1,7.978469,-0.8338463,A549,Trametinib (GSK1120212),10.0,nM,24.0,Trametinib (GSK1120212)_10nM,true
C09_F10_RT_BC_174_Lig_BC_64-1,10.531837,-1.5168011,A549,Trametinib (GSK1120212),10.0,nM,24.0,Trametinib (GSK1120212)_10nM,true
D10_E09_RT_BC_127_Lig_BC_135-1,8.556637,-2.2605736,A549,Trametinib (GSK1120212),10.0,nM,24.0,Trametinib (GSK1120212)_10nM,true
G10_F10_RT_BC_127_Lig_BC_261-1,5.8441224,-1.9605314,A549,Trametinib (GSK1120212),10.0,nM,24.0,Trametinib (GSK1120212)_10nM,true
F09_E09_RT_BC_63_Lig_BC_252-1,7.2639203,2.3932414,A549,Trametinib (GSK1120212),10.0,nM,24.0,Trametinib (GSK1120212)_10nM,true
C06_F10_RT_BC_255_Lig_BC_249-1,9.983077,0.4854278,A549,Trametinib (GSK1120212),10.0,nM,24.0,Trametinib (GSK1120212)_10nM,true
F05_E09_RT_BC_66_Lig_BC_352-1,7.047013,-1.5530437,A549,Trametinib (GSK1120212),10.0,nM,24.0,Trametinib (GSK1120212)_10nM,true
D06_F10_RT_BC_159_Lig_BC_319-1,8.140895,-1.2012041,A549,Trametinib (GSK1120212),10.0,nM,24.0,Trametinib (GSK1120212)_10nM,true
F09_F10_RT_BC_329_Lig_BC_64-1,7.90292,-2.2440815,A549,Trametinib (GSK1120212),10.0,nM,24.0,Trametinib (GSK1120212)_10nM,true
H10_F10_RT_BC_52_Lig_BC_61-1,10.2135515,-1.6864452,A549,Trametinib (GSK1120212),10.0,nM,24.0,Trametinib (GSK1120212)_10nM,true
B03_E09_RT_BC_76_Lig_BC_364-1,11.227095,-0.88021314,A549,Trametinib (GSK1120212),10.0,nM,24.0,Trametinib (GSK1120212)_10nM,true
D08_F10_RT_BC_87_Lig_BC_40-1,9.44479,-1.8477799,A549,Trametinib (GSK1120212),10.0,nM,24.0,Trametinib (GSK1120212)_10nM,true
F03_E09_RT_BC_140_Lig_BC_310-1,6.676357,-2.1216009,A549,Trametinib (GSK1120212),10.0,nM,24.0,Trametinib (GSK1120212)_10nM,true
D04_F10_RT_BC_301_Lig_BC_221-1,5.7531633,-4.179155,A549,Trametinib (GSK1120212),10.0,nM,24.0,Trametinib (GSK1120212)_10nM,true
C12_E09_RT_BC_201_Lig_BC_241-1,8.564548,-0.77040726,A549,Trametinib (GSK1120212),10.0,nM,24.0,Trametinib (GSK1120212)_10nM,true
F08_E09_RT_BC_116_Lig_BC_237-1,11.033782,2.5511081,A549,Trametinib (GSK1120212),10.0,nM,24.0,Trametinib (GSK1120212)_10nM,true
E12_F10_RT_BC_159_Lig_BC_18-1,10.2018,-1.4682654,A549,Trametinib (GSK1120212),10.0,nM,24.0,Trametinib (GSK1120212)_10nM,true
E08_E09_RT_BC_108_Lig_BC_223-1,7.401054,-0.43026996,A549,Trametinib (GSK1120212),10.0,nM,24.0,Trametinib (GSK1120212)_10nM,true
C12_F10_RT_BC_123_Lig_BC_236-1,7.882066,-1.1247108,A549,Trametinib (GSK1120212),10.0,nM,24.0,Trametinib (GSK1120212)_10nM,true
E04_F10_RT_BC_260_Lig_BC_158-1,11.082739,-0.9210845,A549,Trametinib (GSK1120212),10.0,nM,24.0,Trametinib (GSK1120212)_10nM,true
G11_E09_RT_BC_326_Lig_BC_288-1,10.602456,-0.9310893,A549,Trametinib (GSK1120212),10.0,nM,24.0,Trametinib (GSK1120212)_10nM,true
H02_F10_RT_BC_5_Lig_BC_356-1,9.801527,-0.8062535,A549,Trametinib (GSK1120212),10.0,nM,24.0,Trametinib (GSK1120212)_10nM,true
H04_F10_RT_BC_128_Lig_BC_231-1,6.8747344,-0.19564936,A549,Trametinib (GSK1120212),10.0,nM,24.0,Trametinib (GSK1120212)_10nM,true
A08_F10_RT_BC_238_Lig_BC_51-1,8.836152,-2.2922292,A549,Trametinib (GSK1120212),10.0,nM,24.0,Trametinib (GSK1120212)_10nM,true
F03_E09_RT_BC_27_Lig_BC_223-1,9.232541,-0.4554187,A549,Trametinib (GSK1120212),10.0,nM,24.0,Trametinib (GSK1120212)_10nM,true
A08_F10_RT_BC_170_Lig_BC_243-1,10.229652,-1.36891,A549,Trametinib (GSK1120212),10.0,nM,24.0,Trametinib (GSK1120212)_10nM,true
A10_F10_RT_BC_76_Lig_BC_144-1,8.046845,-4.0985646,A549,Trametinib (GSK1120212),10.0,nM,24.0,Trametinib (GSK1120212)_10nM,true
F05_E09_RT_BC_199_Lig_BC_109-1,7.0091286,-0.66630435,A549,Trametinib (GSK1120212),10.0,nM,24.0,Trametinib (GSK1120212)_10nM,true
D05_F10_RT_BC_301_Lig_BC_180-1,9.82589,-0.72081625,A549,Trametinib (GSK1120212),10.0,nM,24.0,Trametinib (GSK1120212)_10nM,true
H07_F10_RT_BC_18_Lig_BC_10-1,11.309199,-1.9870329,A549,Trametinib (GSK1120212),10.0,nM,24.0,Trametinib (GSK1120212)_10nM,true
H09_F10_RT_BC_311_Lig_BC_13-1,7.355902,-2.5929136,A549,Trametinib (GSK1120212),10.0,nM,24.0,Trametinib (GSK1120212)_10nM,true
A02_E09_RT_BC_68_Lig_BC_38-1,6.113091,-1.1177993,A549,Trametinib (GSK1120212),10.0,nM,24.0,Trametinib (GSK1120212)_10nM,true
D12_F10_RT_BC_45_Lig_BC_248-1,8.566926,-0.74526554,A549,Trametinib (GSK1120212),10.0,nM,24.0,Trametinib (GSK1120212)_10nM,true
C10_F10_RT_BC_185_Lig_BC_96-1,7.6588397,2.7671647,A549,Trametinib (GSK1120212),10.0,nM,24.0,Trametinib (GSK1120212)_10nM,true
C12_F10_RT_BC_164_Lig_BC_143-1,9.758581,-1.8092139,A549,Trametinib (GSK1120212),10.0,nM,24.0,Trametinib (GSK1120212)_10nM,true
F11_F10_RT_BC_279_Lig_BC_177-1,10.729988,-1.7188247,A549,Trametinib (GSK1120212),10.0,nM,24.0,Trametinib (GSK1120212)_10nM,true
G08_F10_RT_BC_70_Lig_BC_14-1,8.03991,-0.50079477,A549,Trametinib (GSK1120212),10.0,nM,24.0,Trametinib (GSK1120212)_10nM,true
F09_E09_RT_BC_8_Lig_BC_159-1,3.5731409,-0.6058783,A549,Trametinib (GSK1120212),10.0,nM,24.0,Trametinib (GSK1120212)_10nM,true
E11_F10_RT_BC_15_Lig_BC_147-1,9.083438,-2.1980302,A549,Trametinib (GSK1120212),10.0,nM,24.0,Trametinib (GSK1120212)_10nM,true
G12_F10_RT_BC_351_Lig_BC_16-1,7.1663103,-0.046844568,A549,Trametinib (GSK1120212),10.0,nM,24.0,Trametinib (GSK1120212)_10nM,true
F10_F10_RT_BC_139_Lig_BC_162-1,7.352852,2.7109382,A549,Trametinib (GSK1120212),10.0,nM,24.0,Trametinib (GSK1120212)_10nM,true
G03_E09_RT_BC_357_Lig_BC_311-1,7.795878,0.67464226,A549,Trametinib (GSK1120212),10.0,nM,24.0,Trametinib (GSK1120212)_10nM,true
G03_F10_RT_BC_338_Lig_BC_306-1,7.5532007,-3.8933346,A549,Trametinib (GSK1120212),10.0,nM,24.0,Trametinib (GSK1120212)_10nM,true
A12_E09_RT_BC_14_Lig_BC_107-1,9.934909,-1.9442304,A549,Trametinib (GSK1120212),10.0,nM,24.0,Trametinib (GSK1120212)_10nM,true
G08_F10_RT_BC_267_Lig_BC_205-1,8.769117,-2.2240968,A549,Trametinib (GSK1120212),10.0,nM,24.0,Trametinib (GSK1120212)_10nM,true
C12_F10_RT_BC_288_Lig_BC_227-1,7.1251106,-4.332735,A549,Trametinib (GSK1120212),10.0,nM,24.0,Trametinib (GSK1120212)_10nM,true
F12_E09_RT_BC_106_Lig_BC_197-1,11.037519,-1.1598736,A549,Trametinib (GSK1120212),10.0,nM,24.0,Trametinib (GSK1120212)_10nM,true
H09_E09_RT_BC_80_Lig_BC_340-1,7.261302,-1.4471241,A549,Trametinib (GSK1120212),10.0,nM,24.0,Trametinib (GSK1120212)_10nM,true
B12_F10_RT_BC_367_Lig_BC_101-1,8.568111,-2.1949205,A549,Trametinib (GSK1120212),10.0,nM,24.0,Trametinib (GSK1120212)_10nM,true
F05_F10_RT_BC_357_Lig_BC_228-1,7.1174016,-0.7998959,A549,Trametinib (GSK1120212),10.0,nM,24.0,Trametinib (GSK1120212)_10nM,true
G05_F10_RT_BC_37_Lig_BC_361-1,9.016956,1.6519378,A549,Trametinib (GSK1120212),10.0,nM,24.0,Trametinib (GSK1120212)_10nM,true
E01_E09_RT_BC_17_Lig_BC_67-1,5.8321676,1.6891263,A549,Trametinib (GSK1120212),10.0,nM,24.0,Trametinib (GSK1120212)_10nM,true
D01_F10_RT_BC_71_Lig_BC_383-1,6.326582,-1.7642407,A549,Trametinib (GSK1120212),10.0,nM,24.0,Trametinib (GSK1120212)_10nM,true
E06_E09_RT_BC_371_Lig_BC_284-1,8.621427,-1.9719713,A549,Trametinib (GSK1120212),10.0,nM,24.0,Trametinib (GSK1120212)_10nM,true
H05_E09_RT_BC_302_Lig_BC_300-1,10.767085,0.5880893,A549,Trametinib (GSK1120212),10.0,nM,24.0,Trametinib (GSK1120212)_10nM,true
B11_F10_RT_BC_162_Lig_BC_356-1,9.807939,0.67819095,A549,Trametinib (GSK1120212),10.0,nM,24.0,Trametinib (GSK1120212)_10nM,true
A03_F10_RT_BC_51_Lig_BC_119-1,9.807043,-1.7185514,A549,Trametinib (GSK1120212),10.0,nM,24.0,Trametinib (GSK1120212)_10nM,true
D01_F10_RT_BC_373_Lig_BC_256-1,10.347459,-1.747452,A549,Trametinib (GSK1120212),10.0,nM,24.0,Trametinib (GSK1120212)_10nM,true
F09_E09_RT_BC_175_Lig_BC_339-1,10.352564,-0.762254,A549,Trametinib (GSK1120212),10.0,nM,24.0,Trametinib (GSK1120212)_10nM,true
B01_E09_RT_BC_160_Lig_BC_318-1,5.695148,1.1194155,A549,Trametinib (GSK1120212),10.0,nM,24.0,Trametinib (GSK1120212)_10nM,true
H05_E09_RT_BC_50_Lig_BC_178-1,6.9221363,-2.4259644,A549,Trametinib (GSK1120212),10.0,nM,24.0,Trametinib (GSK1120212)_10nM,true
E01_E09_RT_BC_180_Lig_BC_173-1,8.984967,0.1880245,A549,Trametinib (GSK1120212),10.0,nM,24.0,Trametinib (GSK1120212)_10nM,true
A09_F10_RT_BC_115_Lig_BC_221-1,8.770201,-2.80045,A549,Trametinib (GSK1120212),10.0,nM,24.0,Trametinib (GSK1120212)_10nM,true
G03_E09_RT_BC_274_Lig_BC_177-1,10.187067,0.9398814,A549,Trametinib (GSK1120212),10.0,nM,24.0,Trametinib (GSK1120212)_10nM,true
E07_E09_RT_BC_53_Lig_BC_113-1,9.587216,-1.511275,A549,Trametinib (GSK1120212),10.0,nM,24.0,Trametinib (GSK1120212)_10nM,true
F05_E09_RT_BC_242_Lig_BC_295-1,9.425021,-1.3580947,A549,Trametinib (GSK1120212),10.0,nM,24.0,Trametinib (GSK1120212)_10nM,true
F01_F10_RT_BC_151_Lig_BC_238-1,9.356109,-0.47177398,A549,Trametinib (GSK1120212),10.0,nM,24.0,Trametinib (GSK1120212)_10nM,true
G02_E09_RT_BC_90_Lig_BC_308-1,10.438466,-0.4503384,A549,Trametinib (GSK1120212),10.0,nM,24.0,Trametinib (GSK1120212)_10nM,true
F02_F10_RT_BC_211_Lig_BC_73-1,9.732422,-1.2063774,A549,Trametinib (GSK1120212),10.0,nM,24.0,Trametinib (GSK1120212)_10nM,true
D04_F10_RT_BC_142_Lig_BC_377-1,4.800179,0.32649562,A549,Trametinib (GSK1120212),10.0,nM,24.0,Trametinib (GSK1120212)_10nM,true
C01_F10_RT_BC_337_Lig_BC_95-1,10.265304,-1.706664,A549,Trametinib (GSK1120212),10.0,nM,24.0,Trametinib (GSK1120212)_10nM,true
F07_E09_RT_BC_67_Lig_BC_40-1,9.912379,-0.72842413,A549,Trametinib (GSK1120212),10.0,nM,24.0,Trametinib (GSK1120212)_10nM,true
A07_F10_RT_BC_97_Lig_BC_209-1,11.749021,2.2966616,A549,Trametinib (GSK1120212),10.0,nM,24.0,Trametinib (GSK1120212)_10nM,true
F07_E09_RT_BC_212_Lig_BC_123-1,1.7798795,1.3227099,A549,Trametinib (GSK1120212),10.0,nM,24.0,Trametinib (GSK1120212)_10nM,true
F03_E09_RT_BC_342_Lig_BC_191-1,10.157156,-1.4334142,A549,Trametinib (GSK1120212),10.0,nM,24.0,Trametinib (GSK1120212)_10nM,true
D07_F10_RT_BC_25_Lig_BC_202-1,8.596311,-1.8401942,A549,Trametinib (GSK1120212),10.0,nM,24.0,Trametinib (GSK1120212)_10nM,true
H09_E09_RT_BC_98_Lig_BC_90-1,8.346617,1.4327266,A549,Trametinib (GSK1120212),10.0,nM,24.0,Trametinib (GSK1120212)_10nM,true
F12_F10_RT_BC_256_Lig_BC_339-1,9.941231,0.8151614,A549,Trametinib (GSK1120212),100.0,nM,24.0,Trametinib (GSK1120212)_100nM,true
H02_E09_RT_BC_77_Lig_BC_364-1,5.3693175,-1.9816126,A549,Trametinib (GSK1120212),100.0,nM,24.0,Trametinib (GSK1120212)_100nM,true
H11_E09_RT_BC_264_Lig_BC_34-1,11.252305,-0.7960627,A549,Trametinib (GSK1120212),100.0,nM,24.0,Trametinib (GSK1120212)_100nM,true
F03_E09_RT_BC_113_Lig_BC_215-1,3.899621,-0.10729402,A549,Trametinib (GSK1120212),100.0,nM,24.0,Trametinib (GSK1120212)_100nM,true
H11_F10_RT_BC_211_Lig_BC_130-1,9.679386,-0.6478253,A549,Trametinib (GSK1120212),100.0,nM,24.0,Trametinib (GSK1120212)_100nM,true
A10_E09_RT_BC_20_Lig_BC_54-1,5.544624,-0.28705743,A549,Trametinib (GSK1120212),100.0,nM,24.0,Trametinib (GSK1120212)_100nM,true
F05_E09_RT_BC_186_Lig_BC_219-1,10.566258,-1.2739848,A549,Trametinib (GSK1120212),100.0,nM,24.0,Trametinib (GSK1120212)_100nM,true
E04_F10_RT_BC_328_Lig_BC_50-1,6.28279,0.6068246,A549,Trametinib (GSK1120212),100.0,nM,24.0,Trametinib (GSK1120212)_100nM,true
E11_F10_RT_BC_242_Lig_BC_294-1,6.4430676,-4.307388,A549,Trametinib (GSK1120212),100.0,nM,24.0,Trametinib (GSK1120212)_100nM,true
C02_F10_RT_BC_149_Lig_BC_39-1,7.3305354,-2.0626707,A549,Trametinib (GSK1120212),100.0,nM,24.0,Trametinib (GSK1120212)_100nM,true
E09_F10_RT_BC_191_Lig_BC_143-1,12.40979,-1.0678668,A549,Trametinib (GSK1120212),100.0,nM,24.0,Trametinib (GSK1120212)_100nM,true
E09_F10_RT_BC_52_Lig_BC_87-1,9.077223,-1.1949662,A549,Trametinib (GSK1120212),100.0,nM,24.0,Trametinib (GSK1120212)_100nM,true
B06_E09_RT_BC_363_Lig_BC_179-1,8.965311,-1.1957963,A549,Trametinib (GSK1120212),100.0,nM,24.0,Trametinib (GSK1120212)_100nM,true
F05_F10_RT_BC_39_Lig_BC_99-1,9.309314,-0.12627573,A549,Trametinib (GSK1120212),100.0,nM,24.0,Trametinib (GSK1120212)_100nM,true
B07_E09_RT_BC_194_Lig_BC_208-1,4.923873,-2.2924025,A549,Trametinib (GSK1120212),100.0,nM,24.0,Trametinib (GSK1120212)_100nM,true
E12_E09_RT_BC_161_Lig_BC_99-1,10.28692,-1.1748707,A549,Trametinib (GSK1120212),100.0,nM,24.0,Trametinib (GSK1120212)_100nM,true
C02_E09_RT_BC_242_Lig_BC_219-1,4.826861,-2.145935,A549,Trametinib (GSK1120212),100.0,nM,24.0,Trametinib (GSK1120212)_100nM,true
H09_E09_RT_BC_210_Lig_BC_311-1,10.839926,-0.83966476,A549,Trametinib (GSK1120212),100.0,nM,24.0,Trametinib (GSK1120212)_100nM,true
A06_E09_RT_BC_255_Lig_BC_319-1,8.554285,-1.5682554,A549,Trametinib (GSK1120212),100.0,nM,24.0,Trametinib (GSK1120212)_100nM,true
F07_E09_RT_BC_200_Lig_BC_5-1,8.76121,0.47557682,A549,Trametinib (GSK1120212),100.0,nM,24.0,Trametinib (GSK1120212)_100nM,true
E12_E09_RT_BC_236_Lig_BC_202-1,11.227641,-0.6926738,A549,Trametinib (GSK1120212),100.0,nM,24.0,Trametinib (GSK1120212)_100nM,true
D01_E09_RT_BC_126_Lig_BC_24-1,8.92483,-2.2215989,A549,Trametinib (GSK1120212),100.0,nM,24.0,Trametinib (GSK1120212)_100nM,true
A09_F10_RT_BC_291_Lig_BC_351-1,8.475287,-2.0692163,A549,Trametinib (GSK1120212),100.0,nM,24.0,Trametinib (GSK1120212)_100nM,true
H03_F10_RT_BC_300_Lig_BC_275-1,8.417088,-3.3285778,A549,Trametinib (GSK1120212),100.0,nM,24.0,Trametinib (GSK1120212)_100nM,true
E12_E09_RT_BC_326_Lig_BC_134-1,8.996311,-1.7029437,A549,Trametinib (GSK1120212),100.0,nM,24.0,Trametinib (GSK1120212)_100nM,true
B07_E09_RT_BC_269_Lig_BC_206-1,7.719683,-1.5818087,A549,Trametinib (GSK1120212),100.0,nM,24.0,Trametinib (GSK1120212)_100nM,true
G02_F10_RT_BC_16_Lig_BC_43-1,8.070719,-2.3680055,A549,Trametinib (GSK1120212),100.0,nM,24.0,Trametinib (GSK1120212)_100nM,true
G02_E09_RT_BC_92_Lig_BC_222-1,9.586671,-0.8245976,A549,Trametinib (GSK1120212),100.0,nM,24.0,Trametinib (GSK1120212)_100nM,true
D02_F10_RT_BC_151_Lig_BC_261-1,9.935986,0.6096306,A549,Trametinib (GSK1120212),100.0,nM,24.0,Trametinib (GSK1120212)_100nM,true
A07_F10_RT_BC_15_Lig_BC_53-1,10.557522,-0.81678635,A549,Trametinib (GSK1120212),100.0,nM,24.0,Trametinib (GSK1120212)_100nM,true
F11_E09_RT_BC_51_Lig_BC_48-1,8.8070345,-1.444172,A549,Trametinib (GSK1120212),100.0,nM,24.0,Trametinib (GSK1120212)_100nM,true
D07_F10_RT_BC_352_Lig_BC_30-1,10.234445,-1.2976146,A549,Trametinib (GSK1120212),100.0,nM,24.0,Trametinib (GSK1120212)_100nM,true
B02_E09_RT_BC_320_Lig_BC_339-1,9.829373,-1.5814571,A549,Trametinib (GSK1120212),100.0,nM,24.0,Trametinib (GSK1120212)_100nM,true
E10_E09_RT_BC_114_Lig_BC_274-1,8.772283,-2.0570116,A549,Trametinib (GSK1120212),100.0,nM,24.0,Trametinib (GSK1120212)_100nM,true
E11_F10_RT_BC_102_Lig_BC_15-1,9.776504,-1.3739268,A549,Trametinib (GSK1120212),100.0,nM,24.0,Trametinib (GSK1120212)_100nM,true
G07_E09_RT_BC_297_Lig_BC_355-1,7.720549,-1.752934,A549,Trametinib (GSK1120212),100.0,nM,24.0,Trametinib (GSK1120212)_100nM,true
G05_F10_RT_BC_213_Lig_BC_118-1,10.339522,-0.44449154,A549,Trametinib (GSK1120212),100.0,nM,24.0,Trametinib (GSK1120212)_100nM,true
E10_E09_RT_BC_331_Lig_BC_198-1,6.465331,-1.7601149,A549,Trametinib (GSK1120212),100.0,nM,24.0,Trametinib (GSK1120212)_100nM,true
F06_F10_RT_BC_355_Lig_BC_63-1,8.018117,-2.7293482,A549,Trametinib (GSK1120212),100.0,nM,24.0,Trametinib (GSK1120212)_100nM,true
G12_F10_RT_BC_353_Lig_BC_10-1,9.099282,-0.8800382,A549,Trametinib (GSK1120212),100.0,nM,24.0,Trametinib (GSK1120212)_100nM,true
B03_E09_RT_BC_103_Lig_BC_195-1,5.1111655,-0.97083193,A549,Trametinib (GSK1120212),100.0,nM,24.0,Trametinib (GSK1120212)_100nM,true
B07_F10_RT_BC_302_Lig_BC_132-1,7.4487314,-0.15241422,A549,Trametinib (GSK1120212),100.0,nM,24.0,Trametinib (GSK1120212)_100nM,true
H05_F10_RT_BC_210_Lig_BC_350-1,9.376705,-1.4248326,A549,Trametinib (GSK1120212),100.0,nM,24.0,Trametinib (GSK1120212)_100nM,true
G03_F10_RT_BC_169_Lig_BC_261-1,3.6461084,-2.040787,A549,Trametinib (GSK1120212),100.0,nM,24.0,Trametinib (GSK1120212)_100nM,true
C07_E09_RT_BC_150_Lig_BC_224-1,9.763403,-0.8137831,A549,Trametinib (GSK1120212),100.0,nM,24.0,Trametinib (GSK1120212)_100nM,true
C12_F10_RT_BC_148_Lig_BC_17-1,9.103596,-2.1285107,A549,Trametinib (GSK1120212),100.0,nM,24.0,Trametinib (GSK1120212)_100nM,true
F02_F10_RT_BC_152_Lig_BC_264-1,11.330742,-1.3627584,A549,Trametinib (GSK1120212),100.0,nM,24.0,Trametinib (GSK1120212)_100nM,true
D08_F10_RT_BC_321_Lig_BC_34-1,7.474938,-1.6385363,A549,Trametinib (GSK1120212),100.0,nM,24.0,Trametinib (GSK1120212)_100nM,true
E01_F10_RT_BC_102_Lig_BC_114-1,6.508724,-0.3603924,A549,Trametinib (GSK1120212),100.0,nM,24.0,Trametinib (GSK1120212)_100nM,true
B05_F10_RT_BC_98_Lig_BC_40-1,8.323948,-1.9726611,A549,Trametinib (GSK1120212),100.0,nM,24.0,Trametinib (GSK1120212)_100nM,true
H05_E09_RT_BC_104_Lig_BC_337-1,11.015573,-0.46304953,A549,Trametinib (GSK1120212),100.0,nM,24.0,Trametinib (GSK1120212)_100nM,true
C05_F10_RT_BC_356_Lig_BC_86-1,5.0422087,-2.9451847,A549,Trametinib (GSK1120212),100.0,nM,24.0,Trametinib (GSK1120212)_100nM,true
H01_F10_RT_BC_196_Lig_BC_199-1,6.516323,0.34950277,A549,Trametinib (GSK1120212),100.0,nM,24.0,Trametinib (GSK1120212)_100nM,true
B06_E09_RT_BC_71_Lig_BC_169-1,8.662495,-1.5625492,A549,Trametinib (GSK1120212),100.0,nM,24.0,Trametinib (GSK1120212)_100nM,true
G04_E09_RT_BC_48_Lig_BC_199-1,9.235405,-0.55967575,A549,Trametinib (GSK1120212),100.0,nM,24.0,Trametinib (GSK1120212)_100nM,true
F03_F10_RT_BC_5_Lig_BC_210-1,7.7935877,-0.9991514,A549,Trametinib (GSK1120212),100.0,nM,24.0,Trametinib (GSK1120212)_100nM,true
C03_F10_RT_BC_137_Lig_BC_15-1,9.97306,-1.934522,A549,Trametinib (GSK1120212),100.0,nM,24.0,Trametinib (GSK1120212)_100nM,true
D07_E09_RT_BC_179_Lig_BC_300-1,8.50542,-1.7719098,A549,Trametinib (GSK1120212),100.0,nM,24.0,Trametinib (GSK1120212)_100nM,true
G01_E09_RT_BC_235_Lig_BC_30-1,10.383138,-0.14082599,A549,Trametinib (GSK1120212),100.0,nM,24.0,Trametinib (GSK1120212)_100nM,true
H03_F10_RT_BC_17_Lig_BC_308-1,6.216997,-0.36102018,A549,Trametinib (GSK1120212),100.0,nM,24.0,Trametinib (GSK1120212)_100nM,true
B10_F10_RT_BC_349_Lig_BC_146-1,10.89699,-0.8218401,A549,Trametinib (GSK1120212),100.0,nM,24.0,Trametinib (GSK1120212)_100nM,true
E12_E09_RT_BC_29_Lig_BC_104-1,9.20817,-1.9221787,A549,Trametinib (GSK1120212),100.0,nM,24.0,Trametinib (GSK1120212)_100nM,true
A05_F10_RT_BC_230_Lig_BC_60-1,7.978123,-1.0614383,A549,Trametinib (GSK1120212),100.0,nM,24.0,Trametinib (GSK1120212)_100nM,true
D03_E09_RT_BC_122_Lig_BC_353-1,8.310147,-2.3164418,A549,Trametinib (GSK1120212),100.0,nM,24.0,Trametinib (GSK1120212)_100nM,true
G11_E09_RT_BC_118_Lig_BC_275-1,10.715657,-1.6755289,A549,Trametinib (GSK1120212),100.0,nM,24.0,Trametinib (GSK1120212)_100nM,true
C02_F10_RT_BC_208_Lig_BC_57-1,9.765948,-1.8516623,A549,Trametinib (GSK1120212),100.0,nM,24.0,Trametinib (GSK1120212)_100nM,true
F02_F10_RT_BC_209_Lig_BC_196-1,5.5618486,-0.48944986,A549,Trametinib (GSK1120212),100.0,nM,24.0,Trametinib (GSK1120212)_100nM,true
H05_F10_RT_BC_187_Lig_BC_31-1,5.0593214,0.9579033,A549,Trametinib (GSK1120212),100.0,nM,24.0,Trametinib (GSK1120212)_100nM,true
F05_F10_RT_BC_217_Lig_BC_53-1,9.700794,-1.5283363,A549,Trametinib (GSK1120212),100.0,nM,24.0,Trametinib (GSK1120212)_100nM,true
B06_E09_RT_BC_233_Lig_BC_98-1,9.209776,-0.4847807,A549,Trametinib (GSK1120212),100.0,nM,24.0,Trametinib (GSK1120212)_100nM,true
H05_E09_RT_BC_22_Lig_BC_321-1,7.892719,-1.1211722,A549,Trametinib (GSK1120212),100.0,nM,24.0,Trametinib (GSK1120212)_100nM,true
A12_E09_RT_BC_142_Lig_BC_8-1,8.277506,-0.7258115,A549,Trametinib (GSK1120212),100.0,nM,24.0,Trametinib (GSK1120212)_100nM,true
D07_F10_RT_BC_20_Lig_BC_62-1,6.0928597,-1.3036054,A549,Trametinib (GSK1120212),100.0,nM,24.0,Trametinib (GSK1120212)_100nM,true
B12_E09_RT_BC_260_Lig_BC_250-1,8.51717,-1.405426,A549,Trametinib (GSK1120212),100.0,nM,24.0,Trametinib (GSK1120212)_100nM,true
H04_F10_RT_BC_322_Lig_BC_181-1,8.655426,-1.8520588,A549,Trametinib (GSK1120212),100.0,nM,24.0,Trametinib (GSK1120212)_100nM,true
C10_F10_RT_BC_6_Lig_BC_157-1,8.4230385,-1.4712234,A549,Trametinib (GSK1120212),100.0,nM,24.0,Trametinib (GSK1120212)_100nM,true
H07_F10_RT_BC_113_Lig_BC_286-1,9.762925,-1.4659824,A549,Trametinib (GSK1120212),100.0,nM,24.0,Trametinib (GSK1120212)_100nM,true
G05_F10_RT_BC_365_Lig_BC_72-1,10.334168,-1.027303,A549,Trametinib (GSK1120212),100.0,nM,24.0,Trametinib (GSK1120212)_100nM,true
C06_F10_RT_BC_338_Lig_BC_170-1,10.830478,-0.20083672,A549,Trametinib (GSK1120212),100.0,nM,24.0,Trametinib (GSK1120212)_100nM,true
F05_F10_RT_BC_82_Lig_BC_86-1,8.138447,-1.9700686,A549,Trametinib (GSK1120212),100.0,nM,24.0,Trametinib (GSK1120212)_100nM,true
A05_F10_RT_BC_218_Lig_BC_308-1,10.618475,-3.360334,A549,Trametinib (GSK1120212),100.0,nM,24.0,Trametinib (GSK1120212)_100nM,true
F09_F10_RT_BC_89_Lig_BC_74-1,9.030592,-1.7936103,A549,Trametinib (GSK1120212),100.0,nM,24.0,Trametinib (GSK1120212)_100nM,true
C06_F10_RT_BC_165_Lig_BC_171-1,10.096974,-1.7818608,A549,Trametinib (GSK1120212),100.0,nM,24.0,Trametinib (GSK1120212)_100nM,true
E12_F10_RT_BC_146_Lig_BC_19-1,7.945248,-1.7767209,A549,Trametinib (GSK1120212),100.0,nM,24.0,Trametinib (GSK1120212)_100nM,true
H10_E09_RT_BC_53_Lig_BC_370-1,9.762368,1.2630764,A549,Trametinib (GSK1120212),100.0,nM,24.0,Trametinib (GSK1120212)_100nM,true
G02_E09_RT_BC_185_Lig_BC_365-1,9.942362,-1.793994,A549,Trametinib (GSK1120212),100.0,nM,24.0,Trametinib (GSK1120212)_100nM,true
E05_F10_RT_BC_303_Lig_BC_159-1,8.298848,-1.6711546,A549,Trametinib (GSK1120212),100.0,nM,24.0,Trametinib (GSK1120212)_100nM,true
F05_E09_RT_BC_99_Lig_BC_218-1,8.704358,-0.95553213,A549,Trametinib (GSK1120212),100.0,nM,24.0,Trametinib (GSK1120212)_100nM,true
G09_F10_RT_BC_164_Lig_BC_63-1,9.253733,-2.0549736,A549,Trametinib (GSK1120212),100.0,nM,24.0,Trametinib (GSK1120212)_100nM,true
C04_F10_RT_BC_272_Lig_BC_89-1,8.751634,-1.0171127,A549,Trametinib (GSK1120212),100.0,nM,24.0,Trametinib (GSK1120212)_100nM,true
C12_E09_RT_BC_351_Lig_BC_383-1,9.86809,-1.9913135,A549,Trametinib (GSK1120212),100.0,nM,24.0,Trametinib (GSK1120212)_100nM,true
H04_E09_RT_BC_114_Lig_BC_99-1,10.597993,-1.2565335,A549,Trametinib (GSK1120212),100.0,nM,24.0,Trametinib (GSK1120212)_100nM,true
H08_F10_RT_BC_313_Lig_BC_189-1,4.774014,-0.7267645,A549,Trametinib (GSK1120212),100.0,nM,24.0,Trametinib (GSK1120212)_100nM,true
C05_F10_RT_BC_361_Lig_BC_95-1,9.929592,-1.3698599,A549,Trametinib (GSK1120212),100.0,nM,24.0,Trametinib (GSK1120212)_100nM,true
D10_E09_RT_BC_112_Lig_BC_115-1,7.10056,-0.95879275,A549,Trametinib (GSK1120212),100.0,nM,24.0,Trametinib (GSK1120212)_100nM,true
F05_F10_RT_BC_320_Lig_BC_216-1,8.888525,-1.1924446,A549,Trametinib (GSK1120212),100.0,nM,24.0,Trametinib (GSK1120212)_100nM,true
E12_F10_RT_BC_19_Lig_BC_157-1,6.2285905,-2.319653,A549,Trametinib (GSK1120212),100.0,nM,24.0,Trametinib (GSK1120212)_100nM,true
G09_E09_RT_BC_196_Lig_BC_74-1,9.889493,-1.3363279,A549,Trametinib (GSK1120212),100.0,nM,24.0,Trametinib (GSK1120212)_100nM,true
H12_E09_RT_BC_13_Lig_BC_273-1,10.771929,-0.6353635,A549,Trametinib (GSK1120212),100.0,nM,24.0,Trametinib (GSK1120212)_100nM,true
G01_F10_RT_BC_323_Lig_BC_106-1,8.512093,-1.6196959,A549,Trametinib (GSK1120212),100.0,nM,24.0,Trametinib (GSK1120212)_100nM,true
E08_F10_RT_BC_261_Lig_BC_63-1,9.847846,-0.24342676,A549,Trametinib (GSK1120212),100.0,nM,24.0,Trametinib (GSK1120212)_100nM,true
D03_F10_RT_BC_171_Lig_BC_313-1,8.334944,-0.3127301,A549,Trametinib (GSK1120212),100.0,nM,24.0,Trametinib (GSK1120212)_100nM,true
G02_F10_RT_BC_349_Lig_BC_165-1,10.796688,1.2946218,A549,Trametinib (GSK1120212),100.0,nM,24.0,Trametinib (GSK1120212)_100nM,true
A08_F10_RT_BC_53_Lig_BC_268-1,9.75683,1.3800452,A549,Trametinib (GSK1120212),100.0,nM,24.0,Trametinib (GSK1120212)_100nM,true
G06_F10_RT_BC_207_Lig_BC_285-1,6.812203,-1.1898441,A549,Trametinib (GSK1120212),100.0,nM,24.0,Trametinib (GSK1120212)_100nM,true
A08_F10_RT_BC_353_Lig_BC_256-1,9.090812,0.5556452,A549,Trametinib (GSK1120212),100.0,nM,24.0,Trametinib (GSK1120212)_100nM,true
H12_E09_RT_BC_359_Lig_BC_249-1,9.299005,-0.9649213,A549,Trametinib (GSK1120212),100.0,nM,24.0,Trametinib (GSK1120212)_100nM,true
G10_F10_RT_BC_133_Lig_BC_24-1,8.182653,-1.1044595,A549,Trametinib (GSK1120212),100.0,nM,24.0,Trametinib (GSK1120212)_100nM,true
A12_F10_RT_BC_21_Lig_BC_81-1,8.516949,-1.2178693,A549,Trametinib (GSK1120212),100.0,nM,24.0,Trametinib (GSK1120212)_100nM,true
F11_F10_RT_BC_193_Lig_BC_312-1,11.5738325,2.2984731,A549,Trametinib (GSK1120212),100.0,nM,24.0,Trametinib (GSK1120212)_100nM,true
F02_E09_RT_BC_155_Lig_BC_288-1,8.421357,-1.6556634,A549,Trametinib (GSK1120212),100.0,nM,24.0,Trametinib (GSK1120212)_100nM,true
B12_F10_RT_BC_205_Lig_BC_339-1,11.838848,-0.8641439,A549,Trametinib (GSK1120212),100.0,nM,24.0,Trametinib (GSK1120212)_100nM,true
E12_F10_RT_BC_49_Lig_BC_306-1,7.756257,-1.9647447,A549,Trametinib (GSK1120212),100.0,nM,24.0,Trametinib (GSK1120212)_100nM,true
A07_F10_RT_BC_270_Lig_BC_268-1,9.954207,-1.2718787,A549,Trametinib (GSK1120212),100.0,nM,24.0,Trametinib (GSK1120212)_100nM,true
F08_F10_RT_BC_291_Lig_BC_35-1,8.526188,-0.20202315,A549,Trametinib (GSK1120212),100.0,nM,24.0,Trametinib (GSK1120212)_100nM,true
F05_F10_RT_BC_314_Lig_BC_280-1,10.029353,0.79778916,A549,Trametinib (GSK1120212),100.0,nM,24.0,Trametinib (GSK1120212)_100nM,true
E07_F10_RT_BC_279_Lig_BC_248-1,8.109677,-1.5765684,A549,Trametinib (GSK1120212),100.0,nM,24.0,Trametinib (GSK1120212)_100nM,true
B07_E09_RT_BC_87_Lig_BC_104-1,8.18349,-1.4038836,A549,Trametinib (GSK1120212),100.0,nM,24.0,Trametinib (GSK1120212)_100nM,true
F01_E09_RT_BC_202_Lig_BC_154-1,12.53856,-1.5423042,A549,Trametinib (GSK1120212),100.0,nM,24.0,Trametinib (GSK1120212)_100nM,true
A03_F10_RT_BC_41_Lig_BC_203-1,9.267607,-0.6699016,A549,Trametinib (GSK1120212),100.0,nM,24.0,Trametinib (GSK1120212)_100nM,true
G05_F10_RT_BC_305_Lig_BC_324-1,9.495144,-0.94876933,A549,Trametinib (GSK1120212),100.0,nM,24.0,Trametinib (GSK1120212)_100nM,true
H09_F10_RT_BC_296_Lig_BC_375-1,9.025344,-1.7224692,A549,Trametinib (GSK1120212),100.0,nM,24.0,Trametinib (GSK1120212)_100nM,true
H12_F10_RT_BC_179_Lig_BC_199-1,9.018719,-1.5988373,A549,Trametinib (GSK1120212),100.0,nM,24.0,Trametinib (GSK1120212)_100nM,true
H09_E09_RT_BC_206_Lig_BC_278-1,10.050982,-1.5733143,A549,Trametinib (GSK1120212),100.0,nM,24.0,Trametinib (GSK1120212)_100nM,true
G02_F10_RT_BC_85_Lig_BC_151-1,9.479128,-1.4431299,A549,Trametinib (GSK1120212),100.0,nM,24.0,Trametinib (GSK1120212)_100nM,true
G11_F10_RT_BC_214_Lig_BC_136-1,10.000003,-0.7184456,A549,Trametinib (GSK1120212),100.0,nM,24.0,Trametinib (GSK1120212)_100nM,true
H01_E09_RT_BC_379_Lig_BC_149-1,9.890713,-0.23053989,A549,Trametinib (GSK1120212),100.0,nM,24.0,Trametinib (GSK1120212)_100nM,true
G04_F10_RT_BC_69_Lig_BC_79-1,9.664681,-1.6614158,A549,Trametinib (GSK1120212),100.0,nM,24.0,Trametinib (GSK1120212)_100nM,true
G06_E09_RT_BC_294_Lig_BC_85-1,8.678032,-0.8505819,A549,Trametinib (GSK1120212),100.0,nM,24.0,Trametinib (GSK1120212)_100nM,true
F11_F10_RT_BC_196_Lig_BC_81-1,7.3031244,-1.1500005,A549,Trametinib (GSK1120212),100.0,nM,24.0,Trametinib (GSK1120212)_100nM,true
F05_F10_RT_BC_50_Lig_BC_112-1,8.335984,-2.0909467,A549,Trametinib (GSK1120212),100.0,nM,24.0,Trametinib (GSK1120212)_100nM,true
F01_F10_RT_BC_250_Lig_BC_205-1,10.03266,-0.5194311,A549,Trametinib (GSK1120212),100.0,nM,24.0,Trametinib (GSK1120212)_100nM,true
E04_F10_RT_BC_198_Lig_BC_110-1,8.340462,-1.794123,A549,Trametinib (GSK1120212),100.0,nM,24.0,Trametinib (GSK1120212)_100nM,true
G12_F10_RT_BC_46_Lig_BC_256-1,10.867382,-1.5728246,A549,Trametinib (GSK1120212),100.0,nM,24.0,Trametinib (GSK1120212)_100nM,true
D10_E09_RT_BC_110_Lig_BC_209-1,9.520892,-1.3990535,A549,Trametinib (GSK1120212),100.0,nM,24.0,Trametinib (GSK1120212)_100nM,true
C06_F10_RT_BC_340_Lig_BC_234-1,8.277288,-0.8918509,A549,Trametinib (GSK1120212),100.0,nM,24.0,Trametinib (GSK1120212)_100nM,true
E12_F10_RT_BC_17_Lig_BC_174-1,9.287258,-1.595343,A549,Trametinib (GSK1120212),100.0,nM,24.0,Trametinib (GSK1120212)_100nM,true
H01_E09_RT_BC_353_Lig_BC_33-1,10.823375,-1.2264618,A549,Trametinib (GSK1120212),100.0,nM,24.0,Trametinib (GSK1120212)_100nM,true
F02_F10_RT_BC_127_Lig_BC_357-1,10.672797,-0.71372867,A549,Trametinib (GSK1120212),100.0,nM,24.0,Trametinib (GSK1120212)_100nM,true
F06_E09_RT_BC_244_Lig_BC_376-1,6.0597043,0.9069131,A549,Trametinib (GSK1120212),100.0,nM,24.0,Trametinib (GSK1120212)_100nM,true
C12_F10_RT_BC_324_Lig_BC_168-1,10.545368,-0.7515586,A549,Trametinib (GSK1120212),100.0,nM,24.0,Trametinib (GSK1120212)_100nM,true
D01_F10_RT_BC_307_Lig_BC_46-1,8.286566,-0.4234924,A549,Trametinib (GSK1120212),100.0,nM,24.0,Trametinib (GSK1120212)_100nM,true
A03_F10_RT_BC_180_Lig_BC_85-1,3.9458044,-1.5336419,A549,Trametinib (GSK1120212),100.0,nM,24.0,Trametinib (GSK1120212)_100nM,true
F03_E09_RT_BC_381_Lig_BC_46-1,11.71631,0.49579495,A549,Trametinib (GSK1120212),100.0,nM,24.0,Trametinib (GSK1120212)_100nM,true
A02_F10_RT_BC_210_Lig_BC_165-1,10.427681,-0.7129522,A549,Trametinib (GSK1120212),100.0,nM,24.0,Trametinib (GSK1120212)_100nM,true
E07_E09_RT_BC_2_Lig_BC_74-1,9.422597,-2.2503047,A549,Trametinib (GSK1120212),100.0,nM,24.0,Trametinib (GSK1120212)_100nM,true
D07_F10_RT_BC_260_Lig_BC_274-1,9.329192,-0.9810382,A549,Trametinib (GSK1120212),100.0,nM,24.0,Trametinib (GSK1120212)_100nM,true
G04_F10_RT_BC_187_Lig_BC_252-1,7.9293838,-2.0643826,A549,Trametinib (GSK1120212),100.0,nM,24.0,Trametinib (GSK1120212)_100nM,true
A08_F10_RT_BC_46_Lig_BC_120-1,4.977378,-1.7758569,A549,Trametinib (GSK1120212),100.0,nM,24.0,Trametinib (GSK1120212)_100nM,true
F02_F10_RT_BC_110_Lig_BC_356-1,6.4326906,-2.4177978,A549,Trametinib (GSK1120212),100.0,nM,24.0,Trametinib (GSK1120212)_100nM,true
H06_F10_RT_BC_378_Lig_BC_218-1,4.8810935,-0.35284182,A549,Trametinib (GSK1120212),1000.0,nM,24.0,Trametinib (GSK1120212)_1000nM,true
F02_E09_RT_BC_88_Lig_BC_132-1,10.393639,-1.1123573,A549,Trametinib (GSK1120212),1000.0,nM,24.0,Trametinib (GSK1120212)_1000nM,true
D02_E09_RT_BC_354_Lig_BC_212-1,5.9241557,2.1527607,A549,Trametinib (GSK1120212),1000.0,nM,24.0,Trametinib (GSK1120212)_1000nM,true
E07_F10_RT_BC_71_Lig_BC_43-1,10.77648,2.8578784,A549,Trametinib (GSK1120212),1000.0,nM,24.0,Trametinib (GSK1120212)_1000nM,true
E08_E09_RT_BC_315_Lig_BC_339-1,10.813698,-1.4460576,A549,Trametinib (GSK1120212),1000.0,nM,24.0,Trametinib (GSK1120212)_1000nM,true
A09_F10_RT_BC_254_Lig_BC_149-1,6.033246,-1.7896162,A549,Trametinib (GSK1120212),1000.0,nM,24.0,Trametinib (GSK1120212)_1000nM,true
C01_E09_RT_BC_191_Lig_BC_59-1,7.7878838,-1.900066,A549,Trametinib (GSK1120212),1000.0,nM,24.0,Trametinib (GSK1120212)_1000nM,true
F12_F10_RT_BC_260_Lig_BC_262-1,10.082974,-1.1412791,A549,Trametinib (GSK1120212),1000.0,nM,24.0,Trametinib (GSK1120212)_1000nM,true
H07_E09_RT_BC_125_Lig_BC_318-1,12.768592,1.6518989,A549,Trametinib (GSK1120212),1000.0,nM,24.0,Trametinib (GSK1120212)_1000nM,true
F08_F10_RT_BC_320_Lig_BC_253-1,11.263982,-1.5713296,A549,Trametinib (GSK1120212),1000.0,nM,24.0,Trametinib (GSK1120212)_1000nM,true
E10_F10_RT_BC_351_Lig_BC_284-1,9.4591,-1.5060595,A549,Trametinib (GSK1120212),1000.0,nM,24.0,Trametinib (GSK1120212)_1000nM,true
E02_F10_RT_BC_200_Lig_BC_293-1,8.781714,-1.1969489,A549,Trametinib (GSK1120212),1000.0,nM,24.0,Trametinib (GSK1120212)_1000nM,true
B03_F10_RT_BC_3_Lig_BC_330-1,8.246567,-1.3069141,A549,Trametinib (GSK1120212),1000.0,nM,24.0,Trametinib (GSK1120212)_1000nM,true
F09_F10_RT_BC_327_Lig_BC_265-1,6.902949,-1.0097883,A549,Trametinib (GSK1120212),1000.0,nM,24.0,Trametinib (GSK1120212)_1000nM,true
D10_F10_RT_BC_216_Lig_BC_27-1,8.020914,-1.8957721,A549,Trametinib (GSK1120212),1000.0,nM,24.0,Trametinib (GSK1120212)_1000nM,true
F04_F10_RT_BC_185_Lig_BC_356-1,9.857175,-0.23532557,A549,Trametinib (GSK1120212),1000.0,nM,24.0,Trametinib (GSK1120212)_1000nM,true
E12_F10_RT_BC_305_Lig_BC_311-1,10.860212,-1.2680254,A549,Trametinib (GSK1120212),1000.0,nM,24.0,Trametinib (GSK1120212)_1000nM,true
B02_E09_RT_BC_268_Lig_BC_136-1,9.756979,-0.7121421,A549,Trametinib (GSK1120212),1000.0,nM,24.0,Trametinib (GSK1120212)_1000nM,true
E08_F10_RT_BC_372_Lig_BC_314-1,10.701188,-1.4693528,A549,Trametinib (GSK1120212),1000.0,nM,24.0,Trametinib (GSK1120212)_1000nM,true
C03_F10_RT_BC_185_Lig_BC_88-1,7.6341596,-0.41292894,A549,Trametinib (GSK1120212),1000.0,nM,24.0,Trametinib (GSK1120212)_1000nM,true
G04_F10_RT_BC_141_Lig_BC_49-1,5.299128,-1.3977784,A549,Trametinib (GSK1120212),1000.0,nM,24.0,Trametinib (GSK1120212)_1000nM,true
F06_E09_RT_BC_171_Lig_BC_111-1,10.765186,-0.71047705,A549,Trametinib (GSK1120212),1000.0,nM,24.0,Trametinib (GSK1120212)_1000nM,true
B11_F10_RT_BC_230_Lig_BC_93-1,4.188794,-1.5251284,A549,Trametinib (GSK1120212),1000.0,nM,24.0,Trametinib (GSK1120212)_1000nM,true
B02_F10_RT_BC_150_Lig_BC_146-1,6.2668834,-1.8041457,A549,Trametinib (GSK1120212),1000.0,nM,24.0,Trametinib (GSK1120212)_1000nM,true
B06_F10_RT_BC_107_Lig_BC_98-1,10.694529,1.0577285,A549,Trametinib (GSK1120212),1000.0,nM,24.0,Trametinib (GSK1120212)_1000nM,true
E07_F10_RT_BC_373_Lig_BC_205-1,10.498089,-0.3251735,A549,Trametinib (GSK1120212),1000.0,nM,24.0,Trametinib (GSK1120212)_1000nM,true
C01_F10_RT_BC_331_Lig_BC_310-1,10.381938,-0.7244395,A549,Trametinib (GSK1120212),1000.0,nM,24.0,Trametinib (GSK1120212)_1000nM,true
H06_F10_RT_BC_313_Lig_BC_365-1,8.159361,-0.9441371,A549,Trametinib (GSK1120212),1000.0,nM,24.0,Trametinib (GSK1120212)_1000nM,true
H11_F10_RT_BC_90_Lig_BC_271-1,9.935016,-1.3166882,A549,Trametinib (GSK1120212),1000.0,nM,24.0,Trametinib (GSK1120212)_1000nM,true
A03_F10_RT_BC_266_Lig_BC_282-1,8.801374,-1.5122601,A549,Trametinib (GSK1120212),1000.0,nM,24.0,Trametinib (GSK1120212)_1000nM,true
F11_F10_RT_BC_114_Lig_BC_59-1,9.604521,-1.2310708,A549,Trametinib (GSK1120212),1000.0,nM,24.0,Trametinib (GSK1120212)_1000nM,true
D04_F10_RT_BC_111_Lig_BC_281-1,10.050383,-0.5174453,A549,Trametinib (GSK1120212),1000.0,nM,24.0,Trametinib (GSK1120212)_1000nM,true
H05_E09_RT_BC_346_Lig_BC_82-1,9.129445,-1.8083692,A549,Trametinib (GSK1120212),1000.0,nM,24.0,Trametinib (GSK1120212)_1000nM,true
G05_F10_RT_BC_118_Lig_BC_24-1,8.1951885,-1.4588665,A549,Trametinib (GSK1120212),1000.0,nM,24.0,Trametinib (GSK1120212)_1000nM,true
C08_F10_RT_BC_273_Lig_BC_141-1,9.791807,-2.5009265,A549,Trametinib (GSK1120212),1000.0,nM,24.0,Trametinib (GSK1120212)_1000nM,true
D03_E09_RT_BC_349_Lig_BC_79-1,7.922299,-1.0949286,A549,Trametinib (GSK1120212),1000.0,nM,24.0,Trametinib (GSK1120212)_1000nM,true
B03_F10_RT_BC_279_Lig_BC_208-1,5.876094,-4.1915092,A549,Trametinib (GSK1120212),1000.0,nM,24.0,Trametinib (GSK1120212)_1000nM,true
G09_F10_RT_BC_224_Lig_BC_274-1,7.2367873,-0.9798015,A549,Trametinib (GSK1120212),1000.0,nM,24.0,Trametinib (GSK1120212)_1000nM,true
F03_E09_RT_BC_329_Lig_BC_359-1,9.558504,0.22220199,A549,Trametinib (GSK1120212),1000.0,nM,24.0,Trametinib (GSK1120212)_1000nM,true
H04_E09_RT_BC_205_Lig_BC_182-1,8.320893,-3.2194333,A549,Trametinib (GSK1120212),1000.0,nM,24.0,Trametinib (GSK1120212)_1000nM,true
A07_E09_RT_BC_302_Lig_BC_7-1,8.077032,-1.4331197,A549,Trametinib (GSK1120212),1000.0,nM,24.0,Trametinib (GSK1120212)_1000nM,true
F03_F10_RT_BC_30_Lig_BC_302-1,9.830272,-1.6298159,A549,Trametinib (GSK1120212),1000.0,nM,24.0,Trametinib (GSK1120212)_1000nM,true
F12_F10_RT_BC_89_Lig_BC_288-1,11.753593,-1.6144068,A549,Trametinib (GSK1120212),1000.0,nM,24.0,Trametinib (GSK1120212)_1000nM,true
F06_E09_RT_BC_293_Lig_BC_360-1,9.648108,-1.8345069,A549,Trametinib (GSK1120212),1000.0,nM,24.0,Trametinib (GSK1120212)_1000nM,true
G08_E09_RT_BC_375_Lig_BC_23-1,8.031654,1.2838137,A549,Trametinib (GSK1120212),1000.0,nM,24.0,Trametinib (GSK1120212)_1000nM,true
D12_F10_RT_BC_75_Lig_BC_184-1,8.843847,-2.2286563,A549,Trametinib (GSK1120212),1000.0,nM,24.0,Trametinib (GSK1120212)_1000nM,true
D11_F10_RT_BC_346_Lig_BC_74-1,7.0232205,-4.168002,A549,Trametinib (GSK1120212),1000.0,nM,24.0,Trametinib (GSK1120212)_1000nM,true
E11_F10_RT_BC_379_Lig_BC_379-1,7.7736554,-0.72747594,A549,Trametinib (GSK1120212),1000.0,nM,24.0,Trametinib (GSK1120212)_1000nM,true
F09_F10_RT_BC_125_Lig_BC_214-1,8.197962,-0.38062522,A549,Trametinib (GSK1120212),1000.0,nM,24.0,Trametinib (GSK1120212)_1000nM,true
H09_F10_RT_BC_10_Lig_BC_261-1,9.907986,-1.2136115,A549,Trametinib (GSK1120212),1000.0,nM,24.0,Trametinib (GSK1120212)_1000nM,true
C03_F10_RT_BC_106_Lig_BC_230-1,8.054851,-2.3460321,A549,Trametinib (GSK1120212),1000.0,nM,24.0,Trametinib (GSK1120212)_1000nM,true
E11_F10_RT_BC_274_Lig_BC_367-1,10.40921,-0.7263217,A549,Trametinib (GSK1120212),1000.0,nM,24.0,Trametinib (GSK1120212)_1000nM,true
A04_E09_RT_BC_37_Lig_BC_1-1,4.7829847,-2.0178804,A549,Trametinib (GSK1120212),1000.0,nM,24.0,Trametinib (GSK1120212)_1000nM,true
F01_F10_RT_BC_113_Lig_BC_343-1,10.832876,-1.0284623,A549,Trametinib (GSK1120212),1000.0,nM,24.0,Trametinib (GSK1120212)_1000nM,true
C10_F10_RT_BC_52_Lig_BC_307-1,10.015785,-1.8986877,A549,Trametinib (GSK1120212),1000.0,nM,24.0,Trametinib (GSK1120212)_1000nM,true
H08_E09_RT_BC_363_Lig_BC_83-1,9.49011,0.12931901,A549,Trametinib (GSK1120212),1000.0,nM,24.0,Trametinib (GSK1120212)_1000nM,true
B05_F10_RT_BC_207_Lig_BC_40-1,10.242148,-1.1748585,A549,Trametinib (GSK1120212),1000.0,nM,24.0,Trametinib (GSK1120212)_1000nM,true
C06_E09_RT_BC_384_Lig_BC_359-1,9.062592,-1.9895934,A549,Trametinib (GSK1120212),1000.0,nM,24.0,Trametinib (GSK1120212)_1000nM,true
F06_F10_RT_BC_329_Lig_BC_316-1,9.702557,-2.3211951,A549,Trametinib (GSK1120212),1000.0,nM,24.0,Trametinib (GSK1120212)_1000nM,true
C10_E09_RT_BC_36_Lig_BC_82-1,2.1977384,-0.23903337,A549,Trametinib (GSK1120212),1000.0,nM,24.0,Trametinib (GSK1120212)_1000nM,true
F08_F10_RT_BC_382_Lig_BC_59-1,10.639818,-1.903697,A549,Trametinib (GSK1120212),1000.0,nM,24.0,Trametinib (GSK1120212)_1000nM,true
D08_F10_RT_BC_134_Lig_BC_22-1,10.200683,-0.8761588,A549,Trametinib (GSK1120212),1000.0,nM,24.0,Trametinib (GSK1120212)_1000nM,true
H08_E09_RT_BC_242_Lig_BC_321-1,10.342288,-1.2546442,A549,Trametinib (GSK1120212),1000.0,nM,24.0,Trametinib (GSK1120212)_1000nM,true
D07_F10_RT_BC_138_Lig_BC_178-1,8.906977,-1.7511575,A549,Trametinib (GSK1120212),1000.0,nM,24.0,Trametinib (GSK1120212)_1000nM,true
H05_F10_RT_BC_295_Lig_BC_99-1,8.78571,-1.0367465,A549,Trametinib (GSK1120212),1000.0,nM,24.0,Trametinib (GSK1120212)_1000nM,true
E09_E09_RT_BC_273_Lig_BC_59-1,9.0862055,-1.0953592,A549,Trametinib (GSK1120212),1000.0,nM,24.0,Trametinib (GSK1120212)_1000nM,true
G06_F10_RT_BC_374_Lig_BC_220-1,7.503201,-1.8845506,A549,Trametinib (GSK1120212),1000.0,nM,24.0,Trametinib (GSK1120212)_1000nM,true
G07_E09_RT_BC_160_Lig_BC_238-1,9.844921,-0.14610328,A549,Trametinib (GSK1120212),1000.0,nM,24.0,Trametinib (GSK1120212)_1000nM,true
C03_F10_RT_BC_223_Lig_BC_379-1,4.048843,-1.56002,A549,Trametinib (GSK1120212),1000.0,nM,24.0,Trametinib (GSK1120212)_1000nM,true
D03_E09_RT_BC_5_Lig_BC_267-1,8.202642,-1.364333,A549,Trametinib (GSK1120212),1000.0,nM,24.0,Trametinib (GSK1120212)_1000nM,true
E02_F10_RT_BC_292_Lig_BC_357-1,9.985176,-0.32155904,A549,Trametinib (GSK1120212),1000.0,nM,24.0,Trametinib (GSK1120212)_1000nM,true
H05_E09_RT_BC_73_Lig_BC_98-1,9.555775,-0.050894167,A549,Trametinib (GSK1120212),1000.0,nM,24.0,Trametinib (GSK1120212)_1000nM,true
G12_F10_RT_BC_202_Lig_BC_380-1,9.674321,-1.1592937,A549,Trametinib (GSK1120212),1000.0,nM,24.0,Trametinib (GSK1120212)_1000nM,true
E11_F10_RT_BC_310_Lig_BC_293-1,6.367905,1.4053409,A549,Trametinib (GSK1120212),1000.0,nM,24.0,Trametinib (GSK1120212)_1000nM,true
H07_E09_RT_BC_162_Lig_BC_342-1,9.13514,-1.3554353,A549,Trametinib (GSK1120212),1000.0,nM,24.0,Trametinib (GSK1120212)_1000nM,true
F12_E09_RT_BC_86_Lig_BC_37-1,10.580706,-1.0320079,A549,Trametinib (GSK1120212),1000.0,nM,24.0,Trametinib (GSK1120212)_1000nM,true
B06_F10_RT_BC_255_Lig_BC_35-1,8.507855,-1.6276615,A549,Trametinib (GSK1120212),1000.0,nM,24.0,Trametinib (GSK1120212)_1000nM,true
E06_E09_RT_BC_307_Lig_BC_3-1,9.244448,-0.7310345,A549,Trametinib (GSK1120212),1000.0,nM,24.0,Trametinib (GSK1120212)_1000nM,true
F09_F10_RT_BC_220_Lig_BC_145-1,7.8644843,-1.9603397,A549,Trametinib (GSK1120212),1000.0,nM,24.0,Trametinib (GSK1120212)_1000nM,true
B12_E09_RT_BC_235_Lig_BC_208-1,8.423723,-1.4038785,A549,Trametinib (GSK1120212),1000.0,nM,24.0,Trametinib (GSK1120212)_1000nM,true
H09_F10_RT_BC_33_Lig_BC_265-1,3.9997165,-1.7420768,A549,Trametinib (GSK1120212),1000.0,nM,24.0,Trametinib (GSK1120212)_1000nM,true
F11_F10_RT_BC_75_Lig_BC_191-1,9.157299,-1.0984938,A549,Trametinib (GSK1120212),1000.0,nM,24.0,Trametinib (GSK1120212)_1000nM,true
E03_F10_RT_BC_213_Lig_BC_337-1,8.768881,-0.72985405,A549,Trametinib (GSK1120212),1000.0,nM,24.0,Trametinib (GSK1120212)_1000nM,true
B10_F10_RT_BC_25_Lig_BC_116-1,8.272539,-1.2414776,A549,Trametinib (GSK1120212),1000.0,nM,24.0,Trametinib (GSK1120212)_1000nM,true
C02_F10_RT_BC_164_Lig_BC_247-1,8.404825,-0.97282064,A549,Trametinib (GSK1120212),1000.0,nM,24.0,Trametinib (GSK1120212)_1000nM,true
A01_E09_RT_BC_119_Lig_BC_60-1,9.146499,-1.4471802,A549,Trametinib (GSK1120212),1000.0,nM,24.0,Trametinib (GSK1120212)_1000nM,true
G01_E09_RT_BC_119_Lig_BC_2-1,9.512404,-1.131317,A549,Trametinib (GSK1120212),1000.0,nM,24.0,Trametinib (GSK1120212)_1000nM,true
C04_F10_RT_BC_30_Lig_BC_190-1,2.597489,-0.26622614,A549,Trametinib (GSK1120212),1000.0,nM,24.0,Trametinib (GSK1120212)_1000nM,true
E06_E09_RT_BC_256_Lig_BC_293-1,10.1650305,-1.0793399,A549,Trametinib (GSK1120212),1000.0,nM,24.0,Trametinib (GSK1120212)_1000nM,true
E06_E09_RT_BC_229_Lig_BC_19-1,5.8248057,1.2049028,A549,Trametinib (GSK1120212),1000.0,nM,24.0,Trametinib (GSK1120212)_1000nM,true
F03_E09_RT_BC_90_Lig_BC_264-1,8.6767845,-1.8879876,A549,Trametinib (GSK1120212),1000.0,nM,24.0,Trametinib (GSK1120212)_1000nM,true
F06_F10_RT_BC_3_Lig_BC_353-1,9.457459,-1.8660353,A549,Trametinib (GSK1120212),1000.0,nM,24.0,Trametinib (GSK1120212)_1000nM,true
A08_F10_RT_BC_161_Lig_BC_165-1,5.5032935,-0.39595398,A549,Trametinib (GSK1120212),1000.0,nM,24.0,Trametinib (GSK1120212)_1000nM,true
H04_E09_RT_BC_261_Lig_BC_302-1,8.030518,-1.9138999,A549,Trametinib (GSK1120212),1000.0,nM,24.0,Trametinib (GSK1120212)_1000nM,true
A01_E09_RT_BC_308_Lig_BC_18-1,8.4236555,-1.2689861,A549,Trametinib (GSK1120212),1000.0,nM,24.0,Trametinib (GSK1120212)_1000nM,true
G02_E09_RT_BC_358_Lig_BC_84-1,3.0426447,-0.092458546,A549,Trametinib (GSK1120212),1000.0,nM,24.0,Trametinib (GSK1120212)_1000nM,true
A05_F10_RT_BC_127_Lig_BC_97-1,9.579979,-0.34773898,A549,Trametinib (GSK1120212),1000.0,nM,24.0,Trametinib (GSK1120212)_1000nM,true
E04_F10_RT_BC_365_Lig_BC_1-1,9.5816555,-0.8054258,A549,Trametinib (GSK1120212),1000.0,nM,24.0,Trametinib (GSK1120212)_1000nM,true
G01_E09_RT_BC_308_Lig_BC_54-1,9.694879,3.623548,A549,Trametinib (GSK1120212),1000.0,nM,24.0,Trametinib (GSK1120212)_1000nM,true
A07_F10_RT_BC_308_Lig_BC_366-1,10.740554,2.0790806,A549,Trametinib (GSK1120212),1000.0,nM,24.0,Trametinib (GSK1120212)_1000nM,true
H05_F10_RT_BC_145_Lig_BC_151-1,8.588337,-0.95382804,A549,Trametinib (GSK1120212),1000.0,nM,24.0,Trametinib (GSK1120212)_1000nM,true
E02_E09_RT_BC_234_Lig_BC_113-1,10.850151,-0.79596,A549,Trametinib (GSK1120212),1000.0,nM,24.0,Trametinib (GSK1120212)_1000nM,true
E01_F10_RT_BC_164_Lig_BC_102-1,5.6799583,-1.7288353,A549,Trametinib (GSK1120212),1000.0,nM,24.0,Trametinib (GSK1120212)_1000nM,true
A02_E09_RT_BC_303_Lig_BC_88-1,11.957841,2.2619889,A549,Trametinib (GSK1120212),1000.0,nM,24.0,Trametinib (GSK1120212)_1000nM,true
C04_E09_RT_BC_160_Lig_BC_261-1,8.220988,-1.1899914,A549,Trametinib (GSK1120212),1000.0,nM,24.0,Trametinib (GSK1120212)_1000nM,true
D11_F10_RT_BC_320_Lig_BC_214-1,6.7206616,-1.5246598,A549,Trametinib (GSK1120212),1000.0,nM,24.0,Trametinib (GSK1120212)_1000nM,true
F06_E09_RT_BC_126_Lig_BC_257-1,7.7137847,-3.599813,A549,Trametinib (GSK1120212),1000.0,nM,24.0,Trametinib (GSK1120212)_1000nM,true
E07_F10_RT_BC_294_Lig_BC_190-1,8.161433,-0.4242409,A549,Trametinib (GSK1120212),1000.0,nM,24.0,Trametinib (GSK1120212)_1000nM,true
H01_E09_RT_BC_154_Lig_BC_33-1,8.433196,-1.4572986,A549,Trametinib (GSK1120212),1000.0,nM,24.0,Trametinib (GSK1120212)_1000nM,true
F10_E09_RT_BC_363_Lig_BC_124-1,10.32006,-0.5325608,A549,Trametinib (GSK1120212),1000.0,nM,24.0,Trametinib (GSK1120212)_1000nM,true
G01_F10_RT_BC_268_Lig_BC_148-1,9.813923,-0.5245249,A549,Trametinib (GSK1120212),1000.0,nM,24.0,Trametinib (GSK1120212)_1000nM,true
H08_E09_RT_BC_257_Lig_BC_352-1,9.750665,-1.5661691,A549,Trametinib (GSK1120212),1000.0,nM,24.0,Trametinib (GSK1120212)_1000nM,true
B07_F10_RT_BC_62_Lig_BC_175-1,6.654519,-1.9997138,A549,Trametinib (GSK1120212),1000.0,nM,24.0,Trametinib (GSK1120212)_1000nM,true
H03_E09_RT_BC_227_Lig_BC_145-1,8.854182,-1.7847607,A549,Trametinib (GSK1120212),1000.0,nM,24.0,Trametinib (GSK1120212)_1000nM,true
C10_F10_RT_BC_273_Lig_BC_182-1,8.930178,-1.2506349,A549,Trametinib (GSK1120212),1000.0,nM,24.0,Trametinib (GSK1120212)_1000nM,true
G08_E09_RT_BC_301_Lig_BC_276-1,9.999297,-1.142334,A549,Trametinib (GSK1120212),1000.0,nM,24.0,Trametinib (GSK1120212)_1000nM,true
A02_E09_RT_BC_316_Lig_BC_50-1,8.231605,-1.2751887,A549,Trametinib (GSK1120212),1000.0,nM,24.0,Trametinib (GSK1120212)_1000nM,true
G07_F10_RT_BC_171_Lig_BC_143-1,6.7550855,0.23936544,A549,Trametinib (GSK1120212),1000.0,nM,24.0,Trametinib (GSK1120212)_1000nM,true
G04_F10_RT_BC_233_Lig_BC_116-1,9.55349,-0.58107644,A549,Trametinib (GSK1120212),1000.0,nM,24.0,Trametinib (GSK1120212)_1000nM,true
D04_F10_RT_BC_129_Lig_BC_65-1,10.250317,3.7943747,A549,Trametinib (GSK1120212),1000.0,nM,24.0,Trametinib (GSK1120212)_1000nM,true
G10_F10_RT_BC_19_Lig_BC_95-1,9.237082,-1.9948581,A549,Trametinib (GSK1120212),1000.0,nM,24.0,Trametinib (GSK1120212)_1000nM,true
F11_F10_RT_BC_321_Lig_BC_166-1,6.8303623,-1.7715738,A549,Trametinib (GSK1120212),1000.0,nM,24.0,Trametinib (GSK1120212)_1000nM,true
E07_E09_RT_BC_16_Lig_BC_15-1,8.064325,-1.4310818,A549,Trametinib (GSK1120212),1000.0,nM,24.0,Trametinib (GSK1120212)_1000nM,true
E04_F10_RT_BC_187_Lig_BC_222-1,9.37715,-1.9300747,A549,Trametinib (GSK1120212),1000.0,nM,24.0,Trametinib (GSK1120212)_1000nM,true
D01_E09_RT_BC_355_Lig_BC_140-1,10.126709,-1.1874664,A549,Trametinib (GSK1120212),1000.0,nM,24.0,Trametinib (GSK1120212)_1000nM,true
E05_E09_RT_BC_30_Lig_BC_14-1,10.165464,0.53874344,A549,Trametinib (GSK1120212),1000.0,nM,24.0,Trametinib (GSK1120212)_1000nM,true
D12_F10_RT_BC_18_Lig_BC_318-1,9.659366,4.0155916,A549,Trametinib (GSK1120212),1000.0,nM,24.0,Trametinib (GSK1120212)_1000nM,true
G04_F10_RT_BC_199_Lig_BC_212-1,7.2976527,-1.8563778,A549,Trametinib (GSK1120212),1000.0,nM,24.0,Trametinib (GSK1120212)_1000nM,true
G08_F10_RT_BC_230_Lig_BC_335-1,7.25901,-0.7583139,A549,Trametinib (GSK1120212),1000.0,nM,24.0,Trametinib (GSK1120212)_1000nM,true
F02_E09_RT_BC_371_Lig_BC_316-1,10.139043,-0.13426702,A549,Trametinib (GSK1120212),1000.0,nM,24.0,Trametinib (GSK1120212)_1000nM,true
E03_E09_RT_BC_152_Lig_BC_234-1,9.628015,-1.461431,A549,Trametinib (GSK1120212),1000.0,nM,24.0,Trametinib (GSK1120212)_1000nM,true
G11_F10_RT_BC_279_Lig_BC_287-1,8.005663,-1.521121,A549,Trametinib (GSK1120212),1000.0,nM,24.0,Trametinib (GSK1120212)_1000nM,true
A10_F10_RT_BC_353_Lig_BC_382-1,9.864827,-0.68566805,A549,Trametinib (GSK1120212),1000.0,nM,24.0,Trametinib (GSK1120212)_1000nM,true
F02_E09_RT_BC_361_Lig_BC_255-1,9.717152,-0.5165703,A549,Trametinib (GSK1120212),1000.0,nM,24.0,Trametinib (GSK1120212)_1000nM,true
C04_F10_RT_BC_178_Lig_BC_364-1,9.340613,0.49159104,A549,Trametinib (GSK1120212),1000.0,nM,24.0,Trametinib (GSK1120212)_1000nM,true
F02_E09_RT_BC_147_Lig_BC_126-1,8.808043,-1.6777712,A549,Trametinib (GSK1120212),1000.0,nM,24.0,Trametinib (GSK1120212)_1000nM,true
G04_F10_RT_BC_172_Lig_BC_139-1,5.8381615,-1.1375041,A549,Trametinib (GSK1120212),1000.0,nM,24.0,Trametinib (GSK1120212)_1000nM,true
E06_F10_RT_BC_346_Lig_BC_152-1,10.782416,-0.6647598,A549,Trametinib (GSK1120212),1000.0,nM,24.0,Trametinib (GSK1120212)_1000nM,true
H09_F10_RT_BC_334_Lig_BC_226-1,4.1615324,0.08285149,A549,Trametinib (GSK1120212),1000.0,nM,24.0,Trametinib (GSK1120212)_1000nM,true
A10_F10_RT_BC_83_Lig_BC_292-1,7.208312,-1.8627344,A549,Trametinib (GSK1120212),1000.0,nM,24.0,Trametinib (GSK1120212)_1000nM,true
F05_F10_RT_BC_33_Lig_BC_305-1,8.040348,0.5264179,A549,Trametinib (GSK1120212),1000.0,nM,24.0,Trametinib (GSK1120212)_1000nM,true
H06_E09_RT_BC_77_Lig_BC_143-1,9.803086,0.29172766,A549,Trametinib (GSK1120212),1000.0,nM,24.0,Trametinib (GSK1120212)_1000nM,true
B10_F10_RT_BC_200_Lig_BC_61-1,8.7229595,-2.0203693,A549,Trametinib (GSK1120212),1000.0,nM,24.0,Trametinib (GSK1120212)_1000nM,true
C04_F10_RT_BC_114_Lig_BC_180-1,9.343464,-1.1174551,A549,Trametinib (GSK1120212),1000.0,nM,24.0,Trametinib (GSK1120212)_1000nM,true
H01_F10_RT_BC_67_Lig_BC_160-1,9.401608,-1.5659709,A549,Trametinib (GSK1120212),1000.0,nM,24.0,Trametinib (GSK1120212)_1000nM,true
A06_F10_RT_BC_298_Lig_BC_238-1,5.603009,-1.4501679,A549,Trametinib (GSK1120212),1000.0,nM,24.0,Trametinib (GSK1120212)_1000nM,true
G08_E09_RT_BC_128_Lig_BC_169-1,10.967502,-1.5159619,A549,Trametinib (GSK1120212),1000.0,nM,24.0,Trametinib (GSK1120212)_1000nM,true
E06_E09_RT_BC_49_Lig_BC_45-1,7.1085095,-0.8958508,A549,Trametinib (GSK1120212),1000.0,nM,24.0,Trametinib (GSK1120212)_1000nM,true
D06_E09_RT_BC_74_Lig_BC_358-1,6.6695085,-1.1982185,A549,Trametinib (GSK1120212),1000.0,nM,24.0,Trametinib (GSK1120212)_1000nM,true
D10_F10_RT_BC_302_Lig_BC_315-1,8.514732,-1.6389081,A549,Trametinib (GSK1120212),1000.0,nM,24.0,Trametinib (GSK1120212)_1000nM,true
C08_F10_RT_BC_228_Lig_BC_269-1,8.544803,-1.2901562,A549,Trametinib (GSK1120212),10000.0,nM,24.0,Trametinib (GSK1120212)_10000nM,true
B12_F10_RT_BC_180_Lig_BC_50-1,9.493197,-0.4070222,A549,Trametinib (GSK1120212),10000.0,nM,24.0,Trametinib (GSK1120212)_10000nM,true
F05_F10_RT_BC_150_Lig_BC_121-1,9.075777,-1.2462112,A549,Trametinib (GSK1120212),10000.0,nM,24.0,Trametinib (GSK1120212)_10000nM,true
F12_E09_RT_BC_221_Lig_BC_246-1,7.693174,-1.2099738,A549,Trametinib (GSK1120212),10000.0,nM,24.0,Trametinib (GSK1120212)_10000nM,true
F02_E09_RT_BC_145_Lig_BC_63-1,9.988463,-1.135589,A549,Trametinib (GSK1120212),10000.0,nM,24.0,Trametinib (GSK1120212)_10000nM,true
F02_F10_RT_BC_62_Lig_BC_22-1,9.663886,-1.6095264,A549,Trametinib (GSK1120212),10000.0,nM,24.0,Trametinib (GSK1120212)_10000nM,true
D01_F10_RT_BC_304_Lig_BC_117-1,4.356183,-1.9270886,A549,Trametinib (GSK1120212),10000.0,nM,24.0,Trametinib (GSK1120212)_10000nM,true
D01_E09_RT_BC_255_Lig_BC_9-1,9.943002,-1.0820378,A549,Trametinib (GSK1120212),10000.0,nM,24.0,Trametinib (GSK1120212)_10000nM,true
G04_E09_RT_BC_125_Lig_BC_74-1,8.441709,-3.2088816,A549,Trametinib (GSK1120212),10000.0,nM,24.0,Trametinib (GSK1120212)_10000nM,true
D04_E09_RT_BC_136_Lig_BC_291-1,8.958919,-0.22318366,A549,Trametinib (GSK1120212),10000.0,nM,24.0,Trametinib (GSK1120212)_10000nM,true
G11_F10_RT_BC_148_Lig_BC_295-1,4.033906,-0.70901024,A549,Trametinib (GSK1120212),10000.0,nM,24.0,Trametinib (GSK1120212)_10000nM,true
E08_F10_RT_BC_105_Lig_BC_342-1,9.8457985,-0.48113942,A549,Trametinib (GSK1120212),10000.0,nM,24.0,Trametinib (GSK1120212)_10000nM,true
E10_F10_RT_BC_325_Lig_BC_335-1,8.907561,-1.9783477,A549,Trametinib (GSK1120212),10000.0,nM,24.0,Trametinib (GSK1120212)_10000nM,true
A01_F10_RT_BC_194_Lig_BC_288-1,8.572849,-1.995457,A549,Trametinib (GSK1120212),10000.0,nM,24.0,Trametinib (GSK1120212)_10000nM,true
C12_F10_RT_BC_240_Lig_BC_323-1,9.208902,-0.77302456,A549,Trametinib (GSK1120212),10000.0,nM,24.0,Trametinib (GSK1120212)_10000nM,true
C11_F10_RT_BC_136_Lig_BC_19-1,9.889545,0.43306303,A549,Trametinib (GSK1120212),10000.0,nM,24.0,Trametinib (GSK1120212)_10000nM,true
G01_F10_RT_BC_78_Lig_BC_23-1,5.4689302,-1.6664042,A549,Trametinib (GSK1120212),10000.0,nM,24.0,Trametinib (GSK1120212)_10000nM,true
D01_E09_RT_BC_20_Lig_BC_216-1,6.284539,-3.0637195,A549,Trametinib (GSK1120212),10000.0,nM,24.0,Trametinib (GSK1120212)_10000nM,true
A12_F10_RT_BC_303_Lig_BC_10-1,10.29646,-1.1687558,A549,Trametinib (GSK1120212),10000.0,nM,24.0,Trametinib (GSK1120212)_10000nM,true
D06_E09_RT_BC_332_Lig_BC_119-1,9.889099,-1.087132,A549,Trametinib (GSK1120212),10000.0,nM,24.0,Trametinib (GSK1120212)_10000nM,true
C05_F10_RT_BC_144_Lig_BC_116-1,9.28519,-1.2423486,A549,Trametinib (GSK1120212),10000.0,nM,24.0,Trametinib (GSK1120212)_10000nM,true
G05_E09_RT_BC_184_Lig_BC_176-1,8.821284,3.253931,A549,Trametinib (GSK1120212),10000.0,nM,24.0,Trametinib (GSK1120212)_10000nM,true
G08_E09_RT_BC_212_Lig_BC_194-1,10.22163,-2.1689923,A549,Trametinib (GSK1120212),10000.0,nM,24.0,Trametinib (GSK1120212)_10000nM,true
F12_F10_RT_BC_300_Lig_BC_323-1,10.030447,-1.1302266,A549,Trametinib (GSK1120212),10000.0,nM,24.0,Trametinib (GSK1120212)_10000nM,true
G08_F10_RT_BC_135_Lig_BC_296-1,7.895809,-1.8904467,A549,Trametinib (GSK1120212),10000.0,nM,24.0,Trametinib (GSK1120212)_10000nM,true
A05_F10_RT_BC_240_Lig_BC_196-1,5.697835,-3.2006147,A549,Trametinib (GSK1120212),10000.0,nM,24.0,Trametinib (GSK1120212)_10000nM,true
C02_F10_RT_BC_134_Lig_BC_44-1,9.372999,-1.1767863,A549,Trametinib (GSK1120212),10000.0,nM,24.0,Trametinib (GSK1120212)_10000nM,true
F10_F10_RT_BC_353_Lig_BC_305-1,10.777217,-1.0466163,A549,Trametinib (GSK1120212),10000.0,nM,24.0,Trametinib (GSK1120212)_10000nM,true
D03_E09_RT_BC_290_Lig_BC_195-1,6.86506,-1.8323911,A549,Trametinib (GSK1120212),10000.0,nM,24.0,Trametinib (GSK1120212)_10000nM,true
C02_E09_RT_BC_27_Lig_BC_335-1,3.0078132,-0.78248173,A549,Trametinib (GSK1120212),10000.0,nM,24.0,Trametinib (GSK1120212)_10000nM,true
B01_E09_RT_BC_353_Lig_BC_7-1,6.5309486,-0.80079424,A549,Trametinib (GSK1120212),10000.0,nM,24.0,Trametinib (GSK1120212)_10000nM,true
D04_E09_RT_BC_216_Lig_BC_184-1,9.684925,-0.624703,A549,Trametinib (GSK1120212),10000.0,nM,24.0,Trametinib (GSK1120212)_10000nM,true
B06_E09_RT_BC_363_Lig_BC_29-1,4.9906516,0.32377607,A549,Trametinib (GSK1120212),10000.0,nM,24.0,Trametinib (GSK1120212)_10000nM,true
G09_E09_RT_BC_317_Lig_BC_85-1,10.403761,-0.3538613,A549,Trametinib (GSK1120212),10000.0,nM,24.0,Trametinib (GSK1120212)_10000nM,true
H04_E09_RT_BC_338_Lig_BC_338-1,10.088856,0.14418592,A549,Trametinib (GSK1120212),10000.0,nM,24.0,Trametinib (GSK1120212)_10000nM,true
E10_F10_RT_BC_116_Lig_BC_245-1,3.312921,-1.4452626,A549,Trametinib (GSK1120212),10000.0,nM,24.0,Trametinib (GSK1120212)_10000nM,true
H12_E09_RT_BC_338_Lig_BC_167-1,5.522578,-0.9527464,A549,Trametinib (GSK1120212),10000.0,nM,24.0,Trametinib (GSK1120212)_10000nM,true
F09_E09_RT_BC_135_Lig_BC_306-1,8.547434,-1.8683094,A549,Trametinib (GSK1120212),10000.0,nM,24.0,Trametinib (GSK1120212)_10000nM,true
F02_E09_RT_BC_144_Lig_BC_78-1,9.130239,-1.1299049,A549,Trametinib (GSK1120212),10000.0,nM,24.0,Trametinib (GSK1120212)_10000nM,true
C08_E09_RT_BC_232_Lig_BC_363-1,9.493042,-0.7256881,A549,Trametinib (GSK1120212),10000.0,nM,24.0,Trametinib (GSK1120212)_10000nM,true
H03_E09_RT_BC_315_Lig_BC_211-1,10.357249,-0.86704856,A549,Trametinib (GSK1120212),10000.0,nM,24.0,Trametinib (GSK1120212)_10000nM,true
A10_E09_RT_BC_123_Lig_BC_215-1,9.996255,-1.111488,A549,Trametinib (GSK1120212),10000.0,nM,24.0,Trametinib (GSK1120212)_10000nM,true
E12_E09_RT_BC_116_Lig_BC_189-1,9.90107,-1.2756488,A549,Trametinib (GSK1120212),10000.0,nM,24.0,Trametinib (GSK1120212)_10000nM,true
E06_F10_RT_BC_33_Lig_BC_134-1,6.1004043,-2.4661047,A549,Trametinib (GSK1120212),10000.0,nM,24.0,Trametinib (GSK1120212)_10000nM,true
E05_F10_RT_BC_30_Lig_BC_353-1,9.665246,-0.46064135,A549,Trametinib (GSK1120212),10000.0,nM,24.0,Trametinib (GSK1120212)_10000nM,true
B12_E09_RT_BC_353_Lig_BC_280-1,10.137143,-1.0178995,A549,Trametinib (GSK1120212),10000.0,nM,24.0,Trametinib (GSK1120212)_10000nM,true
H03_E09_RT_BC_109_Lig_BC_314-1,8.8933,-1.7047595,A549,Trametinib (GSK1120212),10000.0,nM,24.0,Trametinib (GSK1120212)_10000nM,true
H05_E09_RT_BC_29_Lig_BC_109-1,8.810621,-1.697616,A549,Trametinib (GSK1120212),10000.0,nM,24.0,Trametinib (GSK1120212)_10000nM,true
F02_E09_RT_BC_13_Lig_BC_133-1,8.99969,-1.3828064,A549,Trametinib (GSK1120212),10000.0,nM,24.0,Trametinib (GSK1120212)_10000nM,true
E01_F10_RT_BC_226_Lig_BC_202-1,9.440429,-0.5753725,A549,Trametinib (GSK1120212),10000.0,nM,24.0,Trametinib (GSK1120212)_10000nM,true
C10_F10_RT_BC_66_Lig_BC_222-1,9.793193,-1.0973321,A549,Trametinib (GSK1120212),10000.0,nM,24.0,Trametinib (GSK1120212)_10000nM,true
G06_F10_RT_BC_327_Lig_BC_327-1,10.001061,-0.28881162,A549,Trametinib (GSK1120212),10000.0,nM,24.0,Trametinib (GSK1120212)_10000nM,true
A07_E09_RT_BC_233_Lig_BC_38-1,8.560102,-1.0816739,A549,Trametinib (GSK1120212),10000.0,nM,24.0,Trametinib (GSK1120212)_10000nM,true
G08_E09_RT_BC_219_Lig_BC_248-1,10.30489,-1.1940743,A549,Trametinib (GSK1120212),10000.0,nM,24.0,Trametinib (GSK1120212)_10000nM,true
B12_F10_RT_BC_29_Lig_BC_114-1,8.915303,-1.1015112,A549,Trametinib (GSK1120212),10000.0,nM,24.0,Trametinib (GSK1120212)_10000nM,true
F05_E09_RT_BC_17_Lig_BC_36-1,7.8495975,-1.6213316,A549,Trametinib (GSK1120212),10000.0,nM,24.0,Trametinib (GSK1120212)_10000nM,true
G07_E09_RT_BC_286_Lig_BC_76-1,8.703227,-0.8214802,A549,Trametinib (GSK1120212),10000.0,nM,24.0,Trametinib (GSK1120212)_10000nM,true
D11_F10_RT_BC_218_Lig_BC_13-1,10.06388,0.5822754,A549,Trametinib (GSK1120212),10000.0,nM,24.0,Trametinib (GSK1120212)_10000nM,true
G01_F10_RT_BC_320_Lig_BC_125-1,10.499733,-0.9163479,A549,Trametinib (GSK1120212),10000.0,nM,24.0,Trametinib (GSK1120212)_10000nM,true
E05_F10_RT_BC_346_Lig_BC_62-1,5.8500004,-4.009133,A549,Trametinib (GSK1120212),10000.0,nM,24.0,Trametinib (GSK1120212)_10000nM,true
D12_E09_RT_BC_363_Lig_BC_29-1,7.262343,0.3600508,A549,Trametinib (GSK1120212),10000.0,nM,24.0,Trametinib (GSK1120212)_10000nM,true
D05_E09_RT_BC_103_Lig_BC_353-1,9.482303,-0.09675575,A549,Trametinib (GSK1120212),10000.0,nM,24.0,Trametinib (GSK1120212)_10000nM,true
H10_E09_RT_BC_296_Lig_BC_172-1,4.647471,-0.94128364,A549,Trametinib (GSK1120212),10000.0,nM,24.0,Trametinib (GSK1120212)_10000nM,true
G10_E09_RT_BC_5_Lig_BC_334-1,8.5331955,-0.75714165,A549,Trametinib (GSK1120212),10000.0,nM,24.0,Trametinib (GSK1120212)_10000nM,true
B07_F10_RT_BC_314_Lig_BC_280-1,7.6725736,-0.8086708,A549,Trametinib (GSK1120212),10000.0,nM,24.0,Trametinib (GSK1120212)_10000nM,true
G11_E09_RT_BC_125_Lig_BC_119-1,10.001783,0.5212779,A549,Trametinib (GSK1120212),10000.0,nM,24.0,Trametinib (GSK1120212)_10000nM,true
C01_F10_RT_BC_187_Lig_BC_52-1,6.2141247,-2.3531275,A549,Trametinib (GSK1120212),10000.0,nM,24.0,Trametinib (GSK1120212)_10000nM,true
E02_E09_RT_BC_213_Lig_BC_35-1,3.728772,-1.7705499,A549,Trametinib (GSK1120212),10000.0,nM,24.0,Trametinib (GSK1120212)_10000nM,true
G07_F10_RT_BC_309_Lig_BC_13-1,7.964996,-1.3096229,A549,Trametinib (GSK1120212),10000.0,nM,24.0,Trametinib (GSK1120212)_10000nM,true
C01_E09_RT_BC_28_Lig_BC_156-1,8.596644,-0.6188272,A549,Trametinib (GSK1120212),10000.0,nM,24.0,Trametinib (GSK1120212)_10000nM,true
F03_E09_RT_BC_204_Lig_BC_327-1,9.945389,0.79851574,A549,Trametinib (GSK1120212),10000.0,nM,24.0,Trametinib (GSK1120212)_10000nM,true
D03_F10_RT_BC_127_Lig_BC_314-1,1.9754561,0.82913977,A549,Trametinib (GSK1120212),10000.0,nM,24.0,Trametinib (GSK1120212)_10000nM,true
H07_E09_RT_BC_250_Lig_BC_174-1,6.3008285,-4.232114,A549,Trametinib (GSK1120212),10000.0,nM,24.0,Trametinib (GSK1120212)_10000nM,true
G06_F10_RT_BC_73_Lig_BC_318-1,9.585215,-0.60822165,A549,Trametinib (GSK1120212),10000.0,nM,24.0,Trametinib (GSK1120212)_10000nM,true
C07_E09_RT_BC_198_Lig_BC_199-1,5.765187,1.4014829,A549,Trametinib (GSK1120212),10000.0,nM,24.0,Trametinib (GSK1120212)_10000nM,true
F09_F10_RT_BC_203_Lig_BC_153-1,8.503403,-0.3688379,A549,Trametinib (GSK1120212),10000.0,nM,24.0,Trametinib (GSK1120212)_10000nM,true
A05_F10_RT_BC_43_Lig_BC_307-1,12.505548,1.2408928,A549,Trametinib (GSK1120212),10000.0,nM,24.0,Trametinib (GSK1120212)_10000nM,true
C12_F10_RT_BC_175_Lig_BC_228-1,9.412548,-1.5242659,A549,Trametinib (GSK1120212),10000.0,nM,24.0,Trametinib (GSK1120212)_10000nM,true
A03_F10_RT_BC_198_Lig_BC_292-1,8.716205,2.690465,A549,Trametinib (GSK1120212),10000.0,nM,24.0,Trametinib (GSK1120212)_10000nM,true
F01_E09_RT_BC_179_Lig_BC_45-1,10.021974,-0.3513142,A549,Trametinib (GSK1120212),10000.0,nM,24.0,Trametinib (GSK1120212)_10000nM,true
F04_E09_RT_BC_31_Lig_BC_91-1,8.645028,-1.7326413,A549,Trametinib (GSK1120212),10000.0,nM,24.0,Trametinib (GSK1120212)_10000nM,true
C04_E09_RT_BC_163_Lig_BC_319-1,11.431003,-0.8569722,A549,Trametinib (GSK1120212),10000.0,nM,24.0,Trametinib (GSK1120212)_10000nM,true
H03_F10_RT_BC_266_Lig_BC_33-1,8.93824,-1.0678264,A549,Trametinib (GSK1120212),10000.0,nM,24.0,Trametinib (GSK1120212)_10000nM,true
B03_F10_RT_BC_73_Lig_BC_18-1,9.861431,-0.5493126,A549,Trametinib (GSK1120212),10000.0,nM,24.0,Trametinib (GSK1120212)_10000nM,true
B03_F10_RT_BC_301_Lig_BC_373-1,8.58617,-1.2643646,A549,Trametinib (GSK1120212),10000.0,nM,24.0,Trametinib (GSK1120212)_10000nM,true
G08_E09_RT_BC_210_Lig_BC_5-1,9.997795,0.7687926,A549,Trametinib (GSK1120212),10000.0,nM,24.0,Trametinib (GSK1120212)_10000nM,true
F12_F10_RT_BC_28_Lig_BC_58-1,9.798322,-1.3902684,A549,Trametinib (GSK1120212),10000.0,nM,24.0,Trametinib (GSK1120212)_10000nM,true
C12_E09_RT_BC_320_Lig_BC_198-1,9.598228,-0.8895047,A549,Trametinib (GSK1120212),10000.0,nM,24.0,Trametinib (GSK1120212)_10000nM,true
G12_F10_RT_BC_316_Lig_BC_354-1,9.355299,-1.905459,A549,Trametinib (GSK1120212),10000.0,nM,24.0,Trametinib (GSK1120212)_10000nM,true
D08_F10_RT_BC_98_Lig_BC_139-1,9.611813,-1.3646293,A549,Trametinib (GSK1120212),10000.0,nM,24.0,Trametinib (GSK1120212)_10000nM,true
D07_F10_RT_BC_34_Lig_BC_282-1,5.8625946,-2.7512493,A549,Trametinib (GSK1120212),10000.0,nM,24.0,Trametinib (GSK1120212)_10000nM,true
D12_F10_RT_BC_18_Lig_BC_145-1,11.85279,0.024886372,A549,Trametinib (GSK1120212),10000.0,nM,24.0,Trametinib (GSK1120212)_10000nM,true
F09_E09_RT_BC_146_Lig_BC_28-1,9.036234,-0.9532485,A549,Trametinib (GSK1120212),10000.0,nM,24.0,Trametinib (GSK1120212)_10000nM,true
E02_E09_RT_BC_111_Lig_BC_192-1,10.051062,-0.7556784,A549,Trametinib (GSK1120212),10000.0,nM,24.0,Trametinib (GSK1120212)_10000nM,true
H07_F10_RT_BC_190_Lig_BC_72-1,9.686443,-1.3316995,A549,Trametinib (GSK1120212),10000.0,nM,24.0,Trametinib (GSK1120212)_10000nM,true
A06_F10_RT_BC_268_Lig_BC_46-1,6.4721375,-4.3658786,A549,Trametinib (GSK1120212),10000.0,nM,24.0,Trametinib (GSK1120212)_10000nM,true
C09_F10_RT_BC_53_Lig_BC_200-1,6.6834774,-1.3045014,A549,Trametinib (GSK1120212),10000.0,nM,24.0,Trametinib (GSK1120212)_10000nM,true
E12_F10_RT_BC_47_Lig_BC_192-1,7.084694,-1.0971782,A549,Trametinib (GSK1120212),10000.0,nM,24.0,Trametinib (GSK1120212)_10000nM,true
B06_F10_RT_BC_294_Lig_BC_184-1,8.165877,-1.1616997,A549,Trametinib (GSK1120212),10000.0,nM,24.0,Trametinib (GSK1120212)_10000nM,true
A05_F10_RT_BC_274_Lig_BC_164-1,9.453125,4.05465,A549,Trametinib (GSK1120212),10000.0,nM,24.0,Trametinib (GSK1120212)_10000nM,true
G12_E09_RT_BC_349_Lig_BC_96-1,10.45357,-1.5843542,A549,Trametinib (GSK1120212),10000.0,nM,24.0,Trametinib (GSK1120212)_10000nM,true
G07_F10_RT_BC_13_Lig_BC_280-1,10.097441,-0.5084257,A549,Trametinib (GSK1120212),10000.0,nM,24.0,Trametinib (GSK1120212)_10000nM,true
G01_E09_RT_BC_219_Lig_BC_61-1,9.092624,-0.8417671,A549,Trametinib (GSK1120212),10000.0,nM,24.0,Trametinib (GSK1120212)_10000nM,true
B10_E09_RT_BC_335_Lig_BC_123-1,7.3679543,-1.7519321,A549,Trametinib (GSK1120212),10000.0,nM,24.0,Trametinib (GSK1120212)_10000nM,true
H07_F10_RT_BC_76_Lig_BC_284-1,9.853937,-0.9406789,A549,Trametinib (GSK1120212),10000.0,nM,24.0,Trametinib (GSK1120212)_10000nM,true
F06_F10_RT_BC_180_Lig_BC_215-1,9.811931,-0.33907837,A549,Trametinib (GSK1120212),10000.0,nM,24.0,Trametinib (GSK1120212)_10000nM,true
H06_F10_RT_BC_204_Lig_BC_101-1,8.996416,-1.0636805,A549,Trametinib (GSK1120212),10000.0,nM,24.0,Trametinib (GSK1120212)_10000nM,true
B10_E09_RT_BC_70_Lig_BC_285-1,8.891281,-1.3504025,A549,Trametinib (GSK1120212),10000.0,nM,24.0,Trametinib (GSK1120212)_10000nM,true
G07_E09_RT_BC_221_Lig_BC_58-1,8.796168,-0.60064524,A549,Trametinib (GSK1120212),10000.0,nM,24.0,Trametinib (GSK1120212)_10000nM,true
A06_F10_RT_BC_182_Lig_BC_275-1,9.798899,-0.8711494,A549,Trametinib (GSK1120212),10000.0,nM,24.0,Trametinib (GSK1120212)_10000nM,true
F08_E09_RT_BC_121_Lig_BC_204-1,10.46877,-2.0906947,A549,Trametinib (GSK1120212),10000.0,nM,24.0,Trametinib (GSK1120212)_10000nM,true
G06_F10_RT_BC_258_Lig_BC_43-1,10.348859,2.879007,A549,Trametinib (GSK1120212),10000.0,nM,24.0,Trametinib (GSK1120212)_10000nM,true
A11_F10_RT_BC_339_Lig_BC_308-1,4.1438828,0.26002976,A549,Trametinib (GSK1120212),10000.0,nM,24.0,Trametinib (GSK1120212)_10000nM,true
C01_E09_RT_BC_61_Lig_BC_172-1,4.784659,-0.56360805,A549,Trametinib (GSK1120212),10000.0,nM,24.0,Trametinib (GSK1120212)_10000nM,true
A07_F10_RT_BC_316_Lig_BC_320-1,10.190922,-0.9650685,A549,Trametinib (GSK1120212),10000.0,nM,24.0,Trametinib (GSK1120212)_10000nM,true
A06_E09_RT_BC_89_Lig_BC_370-1,10.138356,-0.7578146,A549,Trametinib (GSK1120212),10000.0,nM,24.0,Trametinib (GSK1120212)_10000nM,true
E03_E09_RT_BC_259_Lig_BC_194-1,10.215354,-0.51339006,A549,Trametinib (GSK1120212),10000.0,nM,24.0,Trametinib (GSK1120212)_10000nM,true
A02_F10_RT_BC_305_Lig_BC_107-1,10.309606,-1.0280308,A549,Trametinib (GSK1120212),10000.0,nM,24.0,Trametinib (GSK1120212)_10000nM,true
B08_F10_RT_BC_49_Lig_BC_74-1,6.948484,0.21434122,A549,Trametinib (GSK1120212),10000.0,nM,24.0,Trametinib (GSK1120212)_10000nM,true
A11_F10_RT_BC_260_Lig_BC_278-1,7.65687,-1.9481969,A549,Trametinib (GSK1120212),10000.0,nM,24.0,Trametinib (GSK1120212)_10000nM,true
C02_E09_RT_BC_376_Lig_BC_243-1,8.505472,-2.0822475,A549,Trametinib (GSK1120212),10000.0,nM,24.0,Trametinib (GSK1120212)_10000nM,true
D03_E09_RT_BC_263_Lig_BC_179-1,10.594186,-0.9100419,A549,Trametinib (GSK1120212),10000.0,nM,24.0,Trametinib (GSK1120212)_10000nM,true
D06_E09_RT_BC_218_Lig_BC_349-1,9.307603,-1.685711,A549,Trametinib (GSK1120212),10000.0,nM,24.0,Trametinib (GSK1120212)_10000nM,true
H03_E09_RT_BC_314_Lig_BC_220-1,8.6145315,-1.4808744,A549,Trametinib (GSK1120212),10000.0,nM,24.0,Trametinib (GSK1120212)_10000nM,true
D06_E09_RT_BC_350_Lig_BC_137-1,10.149416,-1.6038499,A549,Trametinib (GSK1120212),10000.0,nM,24.0,Trametinib (GSK1120212)_10000nM,true
B02_E09_RT_BC_38_Lig_BC_143-1,9.106177,-0.51645327,A549,Trametinib (GSK1120212),10000.0,nM,24.0,Trametinib (GSK1120212)_10000nM,true
F10_F10_RT_BC_14_Lig_BC_135-1,10.984634,-0.85790277,A549,Trametinib (GSK1120212),10000.0,nM,24.0,Trametinib (GSK1120212)_10000nM,true
H07_E09_RT_BC_138_Lig_BC_340-1,11.312592,-0.88792604,A549,Trametinib (GSK1120212),10000.0,nM,24.0,Trametinib (GSK1120212)_10000nM,true
H01_E09_RT_BC_57_Lig_BC_195-1,8.639423,-2.1989193,A549,Trametinib (GSK1120212),10000.0,nM,24.0,Trametinib (GSK1120212)_10000nM,true
G05_E09_RT_BC_129_Lig_BC_52-1,8.386008,-0.8161346,A549,Trametinib (GSK1120212),10000.0,nM,24.0,Trametinib (GSK1120212)_10000nM,true
F06_F10_RT_BC_256_Lig_BC_92-1,11.919121,-1.2065003,A549,Trametinib (GSK1120212),10000.0,nM,24.0,Trametinib (GSK1120212)_10000nM,true
C09_F10_RT_BC_250_Lig_BC_39-1,6.4114513,-3.2059274,A549,Trametinib (GSK1120212),10000.0,nM,24.0,Trametinib (GSK1120212)_10000nM,true
E07_E09_RT_BC_160_Lig_BC_17-1,8.8073225,-1.9219489,A549,Trametinib (GSK1120212),10000.0,nM,24.0,Trametinib (GSK1120212)_10000nM,true
F07_F10_RT_BC_148_Lig_BC_204-1,8.929659,-1.3783135,A549,Trametinib (GSK1120212),10000.0,nM,24.0,Trametinib (GSK1120212)_10000nM,true
G09_E09_RT_BC_277_Lig_BC_136-1,6.791028,0.4562469,A549,Trametinib (GSK1120212),10000.0,nM,24.0,Trametinib (GSK1120212)_10000nM,true
H03_F10_RT_BC_121_Lig_BC_51-1,6.557089,-3.6009302,A549,Trametinib (GSK1120212),10000.0,nM,24.0,Trametinib (GSK1120212)_10000nM,true
D07_E09_RT_BC_253_Lig_BC_131-1,6.054444,0.8541289,A549,Trametinib (GSK1120212),10000.0,nM,24.0,Trametinib (GSK1120212)_10000nM,true
A05_F10_RT_BC_315_Lig_BC_369-1,9.103506,-2.3848882,A549,Trametinib (GSK1120212),10000.0,nM,24.0,Trametinib (GSK1120212)_10000nM,true
G05_F10_RT_BC_354_Lig_BC_285-1,10.162663,-1.2494453,A549,Trametinib (GSK1120212),10000.0,nM,24.0,Trametinib (GSK1120212)_10000nM,true
H06_E09_RT_BC_17_Lig_BC_98-1,6.945095,-3.896623,A549,Trametinib (GSK1120212),10000.0,nM,24.0,Trametinib (GSK1120212)_10000nM,true
A05_F10_RT_BC_339_Lig_BC_72-1,5.5653286,1.6521547,A549,Trametinib (GSK1120212),10000.0,nM,24.0,Trametinib (GSK1120212)_10000nM,true
B09_F10_RT_BC_68_Lig_BC_309-1,5.0020566,-1.5147072,A549,Trametinib (GSK1120212),10000.0,nM,24.0,Trametinib (GSK1120212)_10000nM,true
E05_F10_RT_BC_46_Lig_BC_150-1,7.582424,-1.50117,A549,Trametinib (GSK1120212),10000.0,nM,24.0,Trametinib (GSK1120212)_10000nM,true
F01_E09_RT_BC_130_Lig_BC_242-1,5.6625133,-4.077858,A549,Trametinib (GSK1120212),10000.0,nM,24.0,Trametinib (GSK1120212)_10000nM,true
G07_E09_RT_BC_295_Lig_BC_337-1,4.013798,-1.5846584,A549,Trametinib (GSK1120212),10000.0,nM,24.0,Trametinib (GSK1120212)_10000nM,true
C05_F10_RT_BC_294_Lig_BC_319-1,11.137487,-1.4038619,A549,Trametinib (GSK1120212),10000.0,nM,24.0,Trametinib (GSK1120212)_10000nM,true
G01_F10_RT_BC_369_Lig_BC_107-1,8.932016,-1.7247523,A549,Trametinib (GSK1120212),10000.0,nM,24.0,Trametinib (GSK1120212)_10000nM,true
D03_E09_RT_BC_244_Lig_BC_193-1,4.6996064,-1.101283,A549,Trametinib (GSK1120212),10000.0,nM,24.0,Trametinib (GSK1120212)_10000nM,true
F08_E09_RT_BC_74_Lig_BC_59-1,8.62959,-1.9196758,A549,Trametinib (GSK1120212),10000.0,nM,24.0,Trametinib (GSK1120212)_10000nM,true
G09_E09_RT_BC_99_Lig_BC_288-1,9.12995,-2.2227366,A549,Trametinib (GSK1120212),10000.0,nM,24.0,Trametinib (GSK1120212)_10000nM,true
pred_(+)-JQ1_10_51-2,9.948195,1.9650725,A549,(+)-JQ1,10.0,nM,24.0,(+)-JQ1_10nM,predicted
pred_(+)-JQ1_10_61-2,12.617762,-0.37796378,A549,(+)-JQ1,10.0,nM,24.0,(+)-JQ1_10nM,predicted
pred_(+)-JQ1_10_84-2,12.012209,-0.6445791,A549,(+)-JQ1,10.0,nM,24.0,(+)-JQ1_10nM,predicted
pred_(+)-JQ1_10_118-2,11.714508,2.9194283,A549,(+)-JQ1,10.0,nM,24.0,(+)-JQ1_10nM,predicted
pred_(+)-JQ1_10_56-2,11.548961,-2.6915095,A549,(+)-JQ1,10.0,nM,24.0,(+)-JQ1_10nM,predicted
pred_(+)-JQ1_10_94-2,6.0213847,-4.1476817,A549,(+)-JQ1,10.0,nM,24.0,(+)-JQ1_10nM,predicted
pred_(+)-JQ1_10_112-2,11.461498,-2.9781954,A549,(+)-JQ1,10.0,nM,24.0,(+)-JQ1_10nM,predicted
pred_(+)-JQ1_10_28-2,7.465465,2.516651,A549,(+)-JQ1,10.0,nM,24.0,(+)-JQ1_10nM,predicted
pred_(+)-JQ1_10_116-2,10.447344,3.6031938,A549,(+)-JQ1,10.0,nM,24.0,(+)-JQ1_10nM,predicted
pred_(+)-JQ1_10_33-2,9.480057,-3.6853328,A549,(+)-JQ1,10.0,nM,24.0,(+)-JQ1_10nM,predicted
pred_(+)-JQ1_10_26-2,9.9871645,2.1727417,A549,(+)-JQ1,10.0,nM,24.0,(+)-JQ1_10nM,predicted
pred_(+)-JQ1_10_8-2,3.505755,-1.0367591,A549,(+)-JQ1,10.0,nM,24.0,(+)-JQ1_10nM,predicted
pred_(+)-JQ1_10_134-2,6.01907,2.2683182,A549,(+)-JQ1,10.0,nM,24.0,(+)-JQ1_10nM,predicted
pred_(+)-JQ1_10_202-2,10.035177,3.8113673,A549,(+)-JQ1,10.0,nM,24.0,(+)-JQ1_10nM,predicted
pred_(+)-JQ1_10_192-2,10.255077,3.519801,A549,(+)-JQ1,10.0,nM,24.0,(+)-JQ1_10nM,predicted
pred_(+)-JQ1_10_157-2,7.6765776,-0.65393037,A549,(+)-JQ1,10.0,nM,24.0,(+)-JQ1_10nM,predicted
pred_(+)-JQ1_10_44-2,7.4845986,-0.36909822,A549,(+)-JQ1,10.0,nM,24.0,(+)-JQ1_10nM,predicted
pred_(+)-JQ1_10_154-2,6.252513,2.2170079,A549,(+)-JQ1,10.0,nM,24.0,(+)-JQ1_10nM,predicted
pred_(+)-JQ1_10_96-2,7.4761567,-2.8403301,A549,(+)-JQ1,10.0,nM,24.0,(+)-JQ1_10nM,predicted
pred_(+)-JQ1_10_182-2,11.266704,-0.59143144,A549,(+)-JQ1,10.0,nM,24.0,(+)-JQ1_10nM,predicted
pred_(+)-JQ1_10_160-2,8.503329,0.13111779,A549,(+)-JQ1,10.0,nM,24.0,(+)-JQ1_10nM,predicted
pred_(+)-JQ1_10_52-2,9.448413,-0.20862402,A549,(+)-JQ1,10.0,nM,24.0,(+)-JQ1_10nM,predicted
pred_(+)-JQ1_10_92-2,11.421592,-3.0312078,A549,(+)-JQ1,10.0,nM,24.0,(+)-JQ1_10nM,predicted
pred_(+)-JQ1_10_15-2,10.560577,-2.1005504,A549,(+)-JQ1,10.0,nM,24.0,(+)-JQ1_10nM,predicted
pred_(+)-JQ1_10_11-2,9.211684,2.4487252,A549,(+)-JQ1,10.0,nM,24.0,(+)-JQ1_10nM,predicted
pred_(+)-JQ1_10_45-2,11.928836,-0.88233656,A549,(+)-JQ1,10.0,nM,24.0,(+)-JQ1_10nM,predicted
pred_(+)-JQ1_10_198-2,6.272513,2.2175407,A549,(+)-JQ1,10.0,nM,24.0,(+)-JQ1_10nM,predicted
pred_(+)-JQ1_10_111-2,4.6839857,0.56614804,A549,(+)-JQ1,10.0,nM,24.0,(+)-JQ1_10nM,predicted
pred_(+)-JQ1_10_143-2,10.823754,3.4403317,A549,(+)-JQ1,10.0,nM,24.0,(+)-JQ1_10nM,predicted
pred_(+)-JQ1_10_208-2,9.690161,2.0978658,A549,(+)-JQ1,10.0,nM,24.0,(+)-JQ1_10nM,predicted
pred_(+)-JQ1_10_63-2,12.856364,0.9171235,A549,(+)-JQ1,10.0,nM,24.0,(+)-JQ1_10nM,predicted
pred_(+)-JQ1_10_21-2,11.698789,-2.653544,A549,(+)-JQ1,10.0,nM,24.0,(+)-JQ1_10nM,predicted
pred_(+)-JQ1_10_38-2,6.902831,-0.05347488,A549,(+)-JQ1,10.0,nM,24.0,(+)-JQ1_10nM,predicted
pred_(+)-JQ1_10_170-2,10.876083,-0.063908204,A549,(+)-JQ1,10.0,nM,24.0,(+)-JQ1_10nM,predicted
pred_(+)-JQ1_10_24-2,10.472867,-2.150763,A549,(+)-JQ1,10.0,nM,24.0,(+)-JQ1_10nM,predicted
pred_(+)-JQ1_10_144-2,12.357701,2.100066,A549,(+)-JQ1,10.0,nM,24.0,(+)-JQ1_10nM,predicted
pred_(+)-JQ1_10_19-2,11.095807,-3.6175973,A549,(+)-JQ1,10.0,nM,24.0,(+)-JQ1_10nM,predicted
pred_(+)-JQ1_10_141-2,13.13052,-0.6356255,A549,(+)-JQ1,10.0,nM,24.0,(+)-JQ1_10nM,predicted
pred_(+)-JQ1_10_164-2,10.406187,0.014815549,A549,(+)-JQ1,10.0,nM,24.0,(+)-JQ1_10nM,predicted
pred_(+)-JQ1_10_68-2,6.862106,0.43350795,A549,(+)-JQ1,10.0,nM,24.0,(+)-JQ1_10nM,predicted
pred_(+)-JQ1_10_49-2,9.620789,1.0512376,A549,(+)-JQ1,10.0,nM,24.0,(+)-JQ1_10nM,predicted
pred_(+)-JQ1_10_197-2,4.572546,0.6102556,A549,(+)-JQ1,10.0,nM,24.0,(+)-JQ1_10nM,predicted
pred_(+)-JQ1_10_32-2,6.4341617,-2.4357622,A549,(+)-JQ1,10.0,nM,24.0,(+)-JQ1_10nM,predicted
pred_(+)-JQ1_10_162-2,8.909889,-0.36882126,A549,(+)-JQ1,10.0,nM,24.0,(+)-JQ1_10nM,predicted
pred_(+)-JQ1_10_207-2,12.079428,2.4654846,A549,(+)-JQ1,10.0,nM,24.0,(+)-JQ1_10nM,predicted
pred_(+)-JQ1_10_40-2,7.0451646,-3.60618,A549,(+)-JQ1,10.0,nM,24.0,(+)-JQ1_10nM,predicted
pred_(+)-JQ1_10_150-2,11.851328,-2.9551427,A549,(+)-JQ1,10.0,nM,24.0,(+)-JQ1_10nM,predicted
pred_(+)-JQ1_10_31-2,13.210143,-0.41111848,A549,(+)-JQ1,10.0,nM,24.0,(+)-JQ1_10nM,predicted
pred_(+)-JQ1_10_145-2,12.466579,2.0386565,A549,(+)-JQ1,10.0,nM,24.0,(+)-JQ1_10nM,predicted
pred_(+)-JQ1_10_83-2,10.883723,1.8337253,A549,(+)-JQ1,10.0,nM,24.0,(+)-JQ1_10nM,predicted
pred_(+)-JQ1_10_148-2,6.5655165,-2.213865,A549,(+)-JQ1,10.0,nM,24.0,(+)-JQ1_10nM,predicted
pred_(+)-JQ1_10_77-2,8.217613,2.5836947,A549,(+)-JQ1,10.0,nM,24.0,(+)-JQ1_10nM,predicted
pred_(+)-JQ1_10_95-2,7.886418,-4.021586,A549,(+)-JQ1,10.0,nM,24.0,(+)-JQ1_10nM,predicted
pred_(+)-JQ1_10_67-2,6.3161077,2.1392941,A549,(+)-JQ1,10.0,nM,24.0,(+)-JQ1_10nM,predicted
pred_(+)-JQ1_10_72-2,6.218221,-3.8738184,A549,(+)-JQ1,10.0,nM,24.0,(+)-JQ1_10nM,predicted
pred_(+)-JQ1_10_104-2,1.7951839,1.3227324,A549,(+)-JQ1,10.0,nM,24.0,(+)-JQ1_10nM,predicted
pred_(+)-JQ1_10_64-2,13.146334,-0.08544181,A549,(+)-JQ1,10.0,nM,24.0,(+)-JQ1_10nM,predicted
pred_(+)-JQ1_10_125-2,7.963903,4.002693,A549,(+)-JQ1,10.0,nM,24.0,(+)-JQ1_10nM,predicted
pred_(+)-JQ1_10_35-2,9.915284,1.9413506,A549,(+)-JQ1,10.0,nM,24.0,(+)-JQ1_10nM,predicted
pred_(+)-JQ1_10_193-2,6.98481,-1.1604337,A549,(+)-JQ1,10.0,nM,24.0,(+)-JQ1_10nM,predicted
pred_(+)-JQ1_10_18-2,4.20427,-0.36347324,A549,(+)-JQ1,10.0,nM,24.0,(+)-JQ1_10nM,predicted
pred_(+)-JQ1_10_200-2,11.531012,-2.7273438,A549,(+)-JQ1,10.0,nM,24.0,(+)-JQ1_10nM,predicted
pred_(+)-JQ1_10_159-2,6.7389975,-0.15949358,A549,(+)-JQ1,10.0,nM,24.0,(+)-JQ1_10nM,predicted
pred_(+)-JQ1_10_122-2,5.1387973,1.9893745,A549,(+)-JQ1,10.0,nM,24.0,(+)-JQ1_10nM,predicted
pred_(+)-JQ1_10_121-2,5.369034,1.673487,A549,(+)-JQ1,10.0,nM,24.0,(+)-JQ1_10nM,predicted
pred_(+)-JQ1_10_86-2,11.387654,0.69442487,A549,(+)-JQ1,10.0,nM,24.0,(+)-JQ1_10nM,predicted
pred_(+)-JQ1_10_105-2,10.824879,3.425116,A549,(+)-JQ1,10.0,nM,24.0,(+)-JQ1_10nM,predicted
pred_(+)-JQ1_10_123-2,6.6867495,-0.47182375,A549,(+)-JQ1,10.0,nM,24.0,(+)-JQ1_10nM,predicted
pred_(+)-JQ1_10_176-2,7.49129,3.7646697,A549,(+)-JQ1,10.0,nM,24.0,(+)-JQ1_10nM,predicted
pred_(+)-JQ1_10_175-2,10.481131,0.46692377,A549,(+)-JQ1,10.0,nM,24.0,(+)-JQ1_10nM,predicted
pred_(+)-JQ1_10_6-2,7.30369,-2.7596161,A549,(+)-JQ1,10.0,nM,24.0,(+)-JQ1_10nM,predicted
pred_(+)-JQ1_10_37-2,10.764144,-3.83412,A549,(+)-JQ1,10.0,nM,24.0,(+)-JQ1_10nM,predicted
pred_(+)-JQ1_10_20-2,9.8001585,4.179374,A549,(+)-JQ1,10.0,nM,24.0,(+)-JQ1_10nM,predicted
pred_(+)-JQ1_10_196-2,10.482579,1.7322028,A549,(+)-JQ1,10.0,nM,24.0,(+)-JQ1_10nM,predicted
pred_(+)-JQ1_10_169-2,9.307816,-2.6510475,A549,(+)-JQ1,10.0,nM,24.0,(+)-JQ1_10nM,predicted
pred_(+)-JQ1_10_149-2,10.232993,-2.1671894,A549,(+)-JQ1,10.0,nM,24.0,(+)-JQ1_10nM,predicted
pred_(+)-JQ1_10_59-2,6.1757393,-0.61073434,A549,(+)-JQ1,10.0,nM,24.0,(+)-JQ1_10nM,predicted
pred_(+)-JQ1_10_16-2,7.1688533,2.9660864,A549,(+)-JQ1,10.0,nM,24.0,(+)-JQ1_10nM,predicted
pred_(+)-JQ1_10_93-2,9.574831,0.47640166,A549,(+)-JQ1,10.0,nM,24.0,(+)-JQ1_10nM,predicted
pred_(+)-JQ1_10_190-2,5.3219166,1.5899181,A549,(+)-JQ1,10.0,nM,24.0,(+)-JQ1_10nM,predicted
pred_(+)-JQ1_10_132-2,11.224627,-0.61054486,A549,(+)-JQ1,10.0,nM,24.0,(+)-JQ1_10nM,predicted
pred_(+)-JQ1_10_29-2,8.142023,4.0711613,A549,(+)-JQ1,10.0,nM,24.0,(+)-JQ1_10nM,predicted
pred_(+)-JQ1_10_189-2,9.916927,-4.089021,A549,(+)-JQ1,10.0,nM,24.0,(+)-JQ1_10nM,predicted
pred_(+)-JQ1_10_184-2,8.397278,2.9598165,A549,(+)-JQ1,10.0,nM,24.0,(+)-JQ1_10nM,predicted
pred_(+)-JQ1_10_135-2,10.911217,2.8231366,A549,(+)-JQ1,10.0,nM,24.0,(+)-JQ1_10nM,predicted
pred_(+)-JQ1_10_109-2,10.542898,2.9610817,A549,(+)-JQ1,10.0,nM,24.0,(+)-JQ1_10nM,predicted
pred_(+)-JQ1_10_119-2,9.439024,3.7902958,A549,(+)-JQ1,10.0,nM,24.0,(+)-JQ1_10nM,predicted
pred_(+)-JQ1_10_171-2,7.344376,3.6135292,A549,(+)-JQ1,10.0,nM,24.0,(+)-JQ1_10nM,predicted
pred_(+)-JQ1_10_180-2,6.85705,1.209115,A549,(+)-JQ1,10.0,nM,24.0,(+)-JQ1_10nM,predicted
pred_(+)-JQ1_10_140-2,9.747832,4.219629,A549,(+)-JQ1,10.0,nM,24.0,(+)-JQ1_10nM,predicted
pred_(+)-JQ1_10_98-2,6.033354,-4.2781916,A549,(+)-JQ1,10.0,nM,24.0,(+)-JQ1_10nM,predicted
pred_(+)-JQ1_10_203-2,7.5370507,-4.258091,A549,(+)-JQ1,10.0,nM,24.0,(+)-JQ1_10nM,predicted
pred_(+)-JQ1_10_58-2,10.303195,0.6171849,A549,(+)-JQ1,10.0,nM,24.0,(+)-JQ1_10nM,predicted
pred_(+)-JQ1_10_137-2,8.214289,-2.7681696,A549,(+)-JQ1,10.0,nM,24.0,(+)-JQ1_10nM,predicted
pred_(+)-JQ1_10_128-2,10.032318,4.037496,A549,(+)-JQ1,10.0,nM,24.0,(+)-JQ1_10nM,predicted
pred_(+)-JQ1_10_179-2,5.663719,-2.1668303,A549,(+)-JQ1,10.0,nM,24.0,(+)-JQ1_10nM,predicted
pred_(+)-JQ1_10_146-2,10.791234,3.425339,A549,(+)-JQ1,10.0,nM,24.0,(+)-JQ1_10nM,predicted
pred_(+)-JQ1_10_103-2,10.861391,3.4133449,A549,(+)-JQ1,10.0,nM,24.0,(+)-JQ1_10nM,predicted
pred_(+)-JQ1_10_151-2,7.247835,-2.6823857,A549,(+)-JQ1,10.0,nM,24.0,(+)-JQ1_10nM,predicted
pred_(+)-JQ1_10_13-2,8.115597,-3.881443,A549,(+)-JQ1,10.0,nM,24.0,(+)-JQ1_10nM,predicted
pred_(+)-JQ1_10_120-2,6.6353135,2.134681,A549,(+)-JQ1,10.0,nM,24.0,(+)-JQ1_10nM,predicted
pred_(+)-JQ1_10_3-2,6.7550135,0.36243787,A549,(+)-JQ1,10.0,nM,24.0,(+)-JQ1_10nM,predicted
pred_(+)-JQ1_10_113-2,8.37184,3.789369,A549,(+)-JQ1,10.0,nM,24.0,(+)-JQ1_10nM,predicted
pred_(+)-JQ1_10_62-2,5.3527856,-0.11773131,A549,(+)-JQ1,10.0,nM,24.0,(+)-JQ1_10nM,predicted
pred_(+)-JQ1_10_5-2,11.890226,-2.5010626,A549,(+)-JQ1,10.0,nM,24.0,(+)-JQ1_10nM,predicted
pred_(+)-JQ1_10_163-2,7.0836434,2.0997012,A549,(+)-JQ1,10.0,nM,24.0,(+)-JQ1_10nM,predicted
pred_(+)-JQ1_10_1-2,12.335243,1.6480173,A549,(+)-JQ1,10.0,nM,24.0,(+)-JQ1_10nM,predicted
pred_(+)-JQ1_10_191-2,11.862543,-1.3257847,A549,(+)-JQ1,10.0,nM,24.0,(+)-JQ1_10nM,predicted
pred_(+)-JQ1_10_70-2,8.86594,-3.5745656,A549,(+)-JQ1,10.0,nM,24.0,(+)-JQ1_10nM,predicted
pred_(+)-JQ1_10_106-2,11.5734005,0.75391483,A549,(+)-JQ1,10.0,nM,24.0,(+)-JQ1_10nM,predicted
pred_(+)-JQ1_10_194-2,12.705651,1.955765,A549,(+)-JQ1,10.0,nM,24.0,(+)-JQ1_10nM,predicted
pred_(+)-JQ1_10_4-2,8.523312,-0.052612066,A549,(+)-JQ1,10.0,nM,24.0,(+)-JQ1_10nM,predicted
pred_(+)-JQ1_10_136-2,8.610641,0.06399285,A549,(+)-JQ1,10.0,nM,24.0,(+)-JQ1_10nM,predicted
pred_(+)-JQ1_10_27-2,8.041331,2.5961592,A549,(+)-JQ1,10.0,nM,24.0,(+)-JQ1_10nM,predicted
pred_(+)-JQ1_10_166-2,8.239054,3.9823725,A549,(+)-JQ1,10.0,nM,24.0,(+)-JQ1_10nM,predicted
pred_(+)-JQ1_10_57-2,8.355629,3.0454779,A549,(+)-JQ1,10.0,nM,24.0,(+)-JQ1_10nM,predicted
pred_(+)-JQ1_10_12-2,9.405444,-3.1952019,A549,(+)-JQ1,10.0,nM,24.0,(+)-JQ1_10nM,predicted
pred_(+)-JQ1_10_88-2,11.177939,-3.6624243,A549,(+)-JQ1,10.0,nM,24.0,(+)-JQ1_10nM,predicted
pred_(+)-JQ1_10_195-2,8.220194,0.13944082,A549,(+)-JQ1,10.0,nM,24.0,(+)-JQ1_10nM,predicted
pred_(+)-JQ1_10_10-2,6.7987747,-2.2619605,A549,(+)-JQ1,10.0,nM,24.0,(+)-JQ1_10nM,predicted
pred_(+)-JQ1_10_17-2,8.555437,3.5373044,A549,(+)-JQ1,10.0,nM,24.0,(+)-JQ1_10nM,predicted
pred_(+)-JQ1_10_161-2,6.7857513,-2.4350848,A549,(+)-JQ1,10.0,nM,24.0,(+)-JQ1_10nM,predicted
pred_(+)-JQ1_10_90-2,12.4495325,2.0675113,A549,(+)-JQ1,10.0,nM,24.0,(+)-JQ1_10nM,predicted
pred_(+)-JQ1_10_199-2,5.6934247,0.20822021,A549,(+)-JQ1,10.0,nM,24.0,(+)-JQ1_10nM,predicted
pred_(+)-JQ1_10_7-2,11.388807,-2.9089699,A549,(+)-JQ1,10.0,nM,24.0,(+)-JQ1_10nM,predicted
pred_(+)-JQ1_10_206-2,13.008515,0.11229001,A549,(+)-JQ1,10.0,nM,24.0,(+)-JQ1_10nM,predicted
pred_(+)-JQ1_10_60-2,9.972359,1.1068498,A549,(+)-JQ1,10.0,nM,24.0,(+)-JQ1_10nM,predicted
pred_(+)-JQ1_10_9-2,5.735139,-3.9715111,A549,(+)-JQ1,10.0,nM,24.0,(+)-JQ1_10nM,predicted
pred_(+)-JQ1_10_186-2,12.322753,-0.7545087,A549,(+)-JQ1,10.0,nM,24.0,(+)-JQ1_10nM,predicted
pred_(+)-JQ1_10_54-2,8.999819,3.2426536,A549,(+)-JQ1,10.0,nM,24.0,(+)-JQ1_10nM,predicted
pred_(+)-JQ1_10_47-2,10.579606,2.9248629,A549,(+)-JQ1,10.0,nM,24.0,(+)-JQ1_10nM,predicted
pred_(+)-JQ1_10_39-2,5.9117427,-2.6127896,A549,(+)-JQ1,10.0,nM,24.0,(+)-JQ1_10nM,predicted
pred_(+)-JQ1_10_127-2,8.143061,4.1179743,A549,(+)-JQ1,10.0,nM,24.0,(+)-JQ1_10nM,predicted
pred_(+)-JQ1_10_158-2,7.1868954,1.7683648,A549,(+)-JQ1,10.0,nM,24.0,(+)-JQ1_10nM,predicted
pred_(+)-JQ1_10_75-2,7.866211,2.1924932,A549,(+)-JQ1,10.0,nM,24.0,(+)-JQ1_10nM,predicted
pred_(+)-JQ1_10_66-2,9.007135,0.5051668,A549,(+)-JQ1,10.0,nM,24.0,(+)-JQ1_10nM,predicted
pred_(+)-JQ1_10_110-2,11.439917,-2.7632537,A549,(+)-JQ1,10.0,nM,24.0,(+)-JQ1_10nM,predicted
pred_(+)-JQ1_10_205-2,9.735169,3.0380561,A549,(+)-JQ1,10.0,nM,24.0,(+)-JQ1_10nM,predicted
pred_(+)-JQ1_10_69-2,7.8253803,2.535313,A549,(+)-JQ1,10.0,nM,24.0,(+)-JQ1_10nM,predicted
pred_(+)-JQ1_10_2-2,6.926763,-2.2849293,A549,(+)-JQ1,10.0,nM,24.0,(+)-JQ1_10nM,predicted
pred_(+)-JQ1_10_139-2,5.2479477,1.982399,A549,(+)-JQ1,10.0,nM,24.0,(+)-JQ1_10nM,predicted
pred_(+)-JQ1_10_185-2,11.383533,-3.2979577,A549,(+)-JQ1,10.0,nM,24.0,(+)-JQ1_10nM,predicted
pred_(+)-JQ1_10_30-2,8.1858015,-4.338146,A549,(+)-JQ1,10.0,nM,24.0,(+)-JQ1_10nM,predicted
pred_(+)-JQ1_10_188-2,9.392564,-2.6440392,A549,(+)-JQ1,10.0,nM,24.0,(+)-JQ1_10nM,predicted
pred_(+)-JQ1_10_76-2,13.165518,0.05074646,A549,(+)-JQ1,10.0,nM,24.0,(+)-JQ1_10nM,predicted
pred_(+)-JQ1_10_48-2,9.2585,4.0498023,A549,(+)-JQ1,10.0,nM,24.0,(+)-JQ1_10nM,predicted
pred_(+)-JQ1_10_89-2,11.126906,0.64545226,A549,(+)-JQ1,10.0,nM,24.0,(+)-JQ1_10nM,predicted
pred_(+)-JQ1_10_102-2,8.444911,-3.1307497,A549,(+)-JQ1,10.0,nM,24.0,(+)-JQ1_10nM,predicted
pred_(+)-JQ1_10_85-2,7.129534,-1.7970364,A549,(+)-JQ1,10.0,nM,24.0,(+)-JQ1_10nM,predicted
pred_(+)-JQ1_10_177-2,8.146642,2.5427394,A549,(+)-JQ1,10.0,nM,24.0,(+)-JQ1_10nM,predicted
pred_(+)-JQ1_100_18-2,11.922707,0.31640097,A549,(+)-JQ1,100.0,nM,24.0,(+)-JQ1_100nM,predicted
pred_(+)-JQ1_100_127-2,10.239094,-3.668046,A549,(+)-JQ1,100.0,nM,24.0,(+)-JQ1_100nM,predicted
pred_(+)-JQ1_100_113-2,11.363436,1.0696121,A549,(+)-JQ1,100.0,nM,24.0,(+)-JQ1_100nM,predicted
pred_(+)-JQ1_100_125-2,5.1021986,-3.269904,A549,(+)-JQ1,100.0,nM,24.0,(+)-JQ1_100nM,predicted
pred_(+)-JQ1_100_180-2,6.6998854,0.2838931,A549,(+)-JQ1,100.0,nM,24.0,(+)-JQ1_100nM,predicted
pred_(+)-JQ1_100_155-2,9.219731,2.7367737,A549,(+)-JQ1,100.0,nM,24.0,(+)-JQ1_100nM,predicted
pred_(+)-JQ1_100_120-2,9.114765,-0.40723452,A549,(+)-JQ1,100.0,nM,24.0,(+)-JQ1_100nM,predicted
pred_(+)-JQ1_100_29-2,7.6745963,2.952873,A549,(+)-JQ1,100.0,nM,24.0,(+)-JQ1_100nM,predicted
pred_(+)-JQ1_100_110-2,4.898454,1.9068811,A549,(+)-JQ1,100.0,nM,24.0,(+)-JQ1_100nM,predicted
pred_(+)-JQ1_100_162-2,8.561406,2.2072647,A549,(+)-JQ1,100.0,nM,24.0,(+)-JQ1_100nM,predicted
pred_(+)-JQ1_100_174-2,6.2239676,-3.5053034,A549,(+)-JQ1,100.0,nM,24.0,(+)-JQ1_100nM,predicted
pred_(+)-JQ1_100_183-2,10.393367,3.587998,A549,(+)-JQ1,100.0,nM,24.0,(+)-JQ1_100nM,predicted
pred_(+)-JQ1_100_151-2,12.970892,-0.65844667,A549,(+)-JQ1,100.0,nM,24.0,(+)-JQ1_100nM,predicted
pred_(+)-JQ1_100_77-2,4.283419,-1.6641814,A549,(+)-JQ1,100.0,nM,24.0,(+)-JQ1_100nM,predicted
pred_(+)-JQ1_100_98-2,5.9109416,-1.824907,A549,(+)-JQ1,100.0,nM,24.0,(+)-JQ1_100nM,predicted
pred_(+)-JQ1_100_157-2,11.392893,-3.4120214,A549,(+)-JQ1,100.0,nM,24.0,(+)-JQ1_100nM,predicted
pred_(+)-JQ1_100_26-2,9.41927,-2.5398967,A549,(+)-JQ1,100.0,nM,24.0,(+)-JQ1_100nM,predicted
pred_(+)-JQ1_100_147-2,11.482278,3.0819936,A549,(+)-JQ1,100.0,nM,24.0,(+)-JQ1_100nM,predicted
pred_(+)-JQ1_100_181-2,4.8246093,-0.17811851,A549,(+)-JQ1,100.0,nM,24.0,(+)-JQ1_100nM,predicted
pred_(+)-JQ1_100_88-2,8.5048,3.7222364,A549,(+)-JQ1,100.0,nM,24.0,(+)-JQ1_100nM,predicted
pred_(+)-JQ1_100_78-2,3.458731,-1.6219232,A549,(+)-JQ1,100.0,nM,24.0,(+)-JQ1_100nM,predicted
pred_(+)-JQ1_100_47-2,5.041658,-0.79305875,A549,(+)-JQ1,100.0,nM,24.0,(+)-JQ1_100nM,predicted
pred_(+)-JQ1_100_109-2,9.152967,0.101171836,A549,(+)-JQ1,100.0,nM,24.0,(+)-JQ1_100nM,predicted
pred_(+)-JQ1_100_63-2,4.959917,1.4918208,A549,(+)-JQ1,100.0,nM,24.0,(+)-JQ1_100nM,predicted
pred_(+)-JQ1_100_91-2,9.750857,-3.7587056,A549,(+)-JQ1,100.0,nM,24.0,(+)-JQ1_100nM,predicted
pred_(+)-JQ1_100_143-2,1.8112993,1.26738,A549,(+)-JQ1,100.0,nM,24.0,(+)-JQ1_100nM,predicted
pred_(+)-JQ1_100_176-2,10.801174,0.35077724,A549,(+)-JQ1,100.0,nM,24.0,(+)-JQ1_100nM,predicted
pred_(+)-JQ1_100_2-2,6.1764164,-0.6952355,A549,(+)-JQ1,100.0,nM,24.0,(+)-JQ1_100nM,predicted
pred_(+)-JQ1_100_50-2,9.848033,1.4230021,A549,(+)-JQ1,100.0,nM,24.0,(+)-JQ1_100nM,predicted
pred_(+)-JQ1_100_79-2,5.014864,1.8208578,A549,(+)-JQ1,100.0,nM,24.0,(+)-JQ1_100nM,predicted
pred_(+)-JQ1_100_170-2,7.079398,-1.3776537,A549,(+)-JQ1,100.0,nM,24.0,(+)-JQ1_100nM,predicted
pred_(+)-JQ1_100_65-2,12.227865,1.9043511,A549,(+)-JQ1,100.0,nM,24.0,(+)-JQ1_100nM,predicted
pred_(+)-JQ1_100_72-2,9.866021,-2.5655847,A549,(+)-JQ1,100.0,nM,24.0,(+)-JQ1_100nM,predicted
pred_(+)-JQ1_100_1-2,4.081051,-0.5635001,A549,(+)-JQ1,100.0,nM,24.0,(+)-JQ1_100nM,predicted
pred_(+)-JQ1_100_198-2,7.5738034,-2.272167,A549,(+)-JQ1,100.0,nM,24.0,(+)-JQ1_100nM,predicted
pred_(+)-JQ1_100_13-2,9.615691,-2.3700662,A549,(+)-JQ1,100.0,nM,24.0,(+)-JQ1_100nM,predicted
pred_(+)-JQ1_100_141-2,7.1418138,-3.8019245,A549,(+)-JQ1,100.0,nM,24.0,(+)-JQ1_100nM,predicted
pred_(+)-JQ1_100_68-2,10.564762,-3.0037997,A549,(+)-JQ1,100.0,nM,24.0,(+)-JQ1_100nM,predicted
pred_(+)-JQ1_100_186-2,7.5474095,-3.594433,A549,(+)-JQ1,100.0,nM,24.0,(+)-JQ1_100nM,predicted
pred_(+)-JQ1_100_130-2,7.172229,-0.04773501,A549,(+)-JQ1,100.0,nM,24.0,(+)-JQ1_100nM,predicted
pred_(+)-JQ1_100_169-2,6.9473057,3.2430384,A549,(+)-JQ1,100.0,nM,24.0,(+)-JQ1_100nM,predicted
pred_(+)-JQ1_100_76-2,9.175198,1.5471311,A549,(+)-JQ1,100.0,nM,24.0,(+)-JQ1_100nM,predicted
pred_(+)-JQ1_100_159-2,6.6286507,-3.0772035,A549,(+)-JQ1,100.0,nM,24.0,(+)-JQ1_100nM,predicted
pred_(+)-JQ1_100_171-2,5.598042,-2.6641853,A549,(+)-JQ1,100.0,nM,24.0,(+)-JQ1_100nM,predicted
pred_(+)-JQ1_100_166-2,3.165889,-0.35673684,A549,(+)-JQ1,100.0,nM,24.0,(+)-JQ1_100nM,predicted
pred_(+)-JQ1_100_52-2,5.8717055,-1.7639333,A549,(+)-JQ1,100.0,nM,24.0,(+)-JQ1_100nM,predicted
pred_(+)-JQ1_100_10-2,5.99625,-1.8844413,A549,(+)-JQ1,100.0,nM,24.0,(+)-JQ1_100nM,predicted
pred_(+)-JQ1_100_153-2,5.536371,-2.6670835,A549,(+)-JQ1,100.0,nM,24.0,(+)-JQ1_100nM,predicted
pred_(+)-JQ1_100_99-2,7.379606,2.1216688,A549,(+)-JQ1,100.0,nM,24.0,(+)-JQ1_100nM,predicted
pred_(+)-JQ1_100_32-2,4.1148767,-0.429779,A549,(+)-JQ1,100.0,nM,24.0,(+)-JQ1_100nM,predicted
pred_(+)-JQ1_100_190-2,6.426992,-0.46619534,A549,(+)-JQ1,100.0,nM,24.0,(+)-JQ1_100nM,predicted
pred_(+)-JQ1_100_33-2,8.125964,0.4861582,A549,(+)-JQ1,100.0,nM,24.0,(+)-JQ1_100nM,predicted
pred_(+)-JQ1_100_95-2,5.970165,-3.9860046,A549,(+)-JQ1,100.0,nM,24.0,(+)-JQ1_100nM,predicted
pred_(+)-JQ1_100_142-2,10.661826,1.7043195,A549,(+)-JQ1,100.0,nM,24.0,(+)-JQ1_100nM,predicted
pred_(+)-JQ1_100_104-2,11.609055,-1.4237527,A549,(+)-JQ1,100.0,nM,24.0,(+)-JQ1_100nM,predicted
pred_(+)-JQ1_100_195-2,11.26879,-3.499541,A549,(+)-JQ1,100.0,nM,24.0,(+)-JQ1_100nM,predicted
pred_(+)-JQ1_100_66-2,12.133401,2.2963762,A549,(+)-JQ1,100.0,nM,24.0,(+)-JQ1_100nM,predicted
pred_(+)-JQ1_100_24-2,7.7796655,1.427236,A549,(+)-JQ1,100.0,nM,24.0,(+)-JQ1_100nM,predicted
pred_(+)-JQ1_100_39-2,7.871355,-0.26470485,A549,(+)-JQ1,100.0,nM,24.0,(+)-JQ1_100nM,predicted
pred_(+)-JQ1_100_82-2,4.3398356,0.20785953,A549,(+)-JQ1,100.0,nM,24.0,(+)-JQ1_100nM,predicted
pred_(+)-JQ1_100_38-2,12.159372,-0.21156771,A549,(+)-JQ1,100.0,nM,24.0,(+)-JQ1_100nM,predicted
pred_(+)-JQ1_100_57-2,5.937847,0.9352092,A549,(+)-JQ1,100.0,nM,24.0,(+)-JQ1_100nM,predicted
pred_(+)-JQ1_100_27-2,6.583511,1.6292881,A549,(+)-JQ1,100.0,nM,24.0,(+)-JQ1_100nM,predicted
pred_(+)-JQ1_100_179-2,9.097202,2.8736112,A549,(+)-JQ1,100.0,nM,24.0,(+)-JQ1_100nM,predicted
pred_(+)-JQ1_100_193-2,3.9727333,-0.78358215,A549,(+)-JQ1,100.0,nM,24.0,(+)-JQ1_100nM,predicted
pred_(+)-JQ1_100_167-2,7.9249964,1.6511459,A549,(+)-JQ1,100.0,nM,24.0,(+)-JQ1_100nM,predicted
pred_(+)-JQ1_100_100-2,9.33264,-4.055242,A549,(+)-JQ1,100.0,nM,24.0,(+)-JQ1_100nM,predicted
pred_(+)-JQ1_100_12-2,9.88028,-2.582723,A549,(+)-JQ1,100.0,nM,24.0,(+)-JQ1_100nM,predicted
pred_(+)-JQ1_100_86-2,10.23786,1.9471568,A549,(+)-JQ1,100.0,nM,24.0,(+)-JQ1_100nM,predicted
pred_(+)-JQ1_100_53-2,10.304138,-2.5871599,A549,(+)-JQ1,100.0,nM,24.0,(+)-JQ1_100nM,predicted
pred_(+)-JQ1_100_46-2,9.11616,-4.0790496,A549,(+)-JQ1,100.0,nM,24.0,(+)-JQ1_100nM,predicted
pred_(+)-JQ1_100_49-2,9.784177,2.7859378,A549,(+)-JQ1,100.0,nM,24.0,(+)-JQ1_100nM,predicted
pred_(+)-JQ1_100_44-2,7.8914323,-4.3140798,A549,(+)-JQ1,100.0,nM,24.0,(+)-JQ1_100nM,predicted
pred_(+)-JQ1_100_43-2,9.888628,-2.9842372,A549,(+)-JQ1,100.0,nM,24.0,(+)-JQ1_100nM,predicted
pred_(+)-JQ1_100_92-2,9.526128,-4.612161,A549,(+)-JQ1,100.0,nM,24.0,(+)-JQ1_100nM,predicted
pred_(+)-JQ1_100_7-2,8.115449,-2.8266122,A549,(+)-JQ1,100.0,nM,24.0,(+)-JQ1_100nM,predicted
pred_(+)-JQ1_100_115-2,5.52568,-1.3113172,A549,(+)-JQ1,100.0,nM,24.0,(+)-JQ1_100nM,predicted
pred_(+)-JQ1_100_132-2,9.799293,1.9248682,A549,(+)-JQ1,100.0,nM,24.0,(+)-JQ1_100nM,predicted
pred_(+)-JQ1_100_197-2,6.201919,-2.917079,A549,(+)-JQ1,100.0,nM,24.0,(+)-JQ1_100nM,predicted
pred_(+)-JQ1_100_161-2,5.333559,0.7663042,A549,(+)-JQ1,100.0,nM,24.0,(+)-JQ1_100nM,predicted
pred_(+)-JQ1_100_192-2,9.729218,-3.7751567,A549,(+)-JQ1,100.0,nM,24.0,(+)-JQ1_100nM,predicted
pred_(+)-JQ1_100_41-2,8.36345,-0.58226496,A549,(+)-JQ1,100.0,nM,24.0,(+)-JQ1_100nM,predicted
pred_(+)-JQ1_100_55-2,8.032249,-0.851019,A549,(+)-JQ1,100.0,nM,24.0,(+)-JQ1_100nM,predicted
pred_(+)-JQ1_100_69-2,10.771837,1.9620031,A549,(+)-JQ1,100.0,nM,24.0,(+)-JQ1_100nM,predicted
pred_(+)-JQ1_100_144-2,7.2427125,-1.0283055,A549,(+)-JQ1,100.0,nM,24.0,(+)-JQ1_100nM,predicted
pred_(+)-JQ1_100_90-2,9.533244,-4.629517,A549,(+)-JQ1,100.0,nM,24.0,(+)-JQ1_100nM,predicted
pred_(+)-JQ1_100_112-2,5.3245564,1.5658147,A549,(+)-JQ1,100.0,nM,24.0,(+)-JQ1_100nM,predicted
pred_(+)-JQ1_100_172-2,11.647811,-2.109704,A549,(+)-JQ1,100.0,nM,24.0,(+)-JQ1_100nM,predicted
pred_(+)-JQ1_100_58-2,11.193399,-3.0339022,A549,(+)-JQ1,100.0,nM,24.0,(+)-JQ1_100nM,predicted
pred_(+)-JQ1_100_168-2,7.694371,1.9558762,A549,(+)-JQ1,100.0,nM,24.0,(+)-JQ1_100nM,predicted
pred_(+)-JQ1_100_146-2,6.385704,-2.9052622,A549,(+)-JQ1,100.0,nM,24.0,(+)-JQ1_100nM,predicted
pred_(+)-JQ1_100_158-2,2.4201655,-0.6345083,A549,(+)-JQ1,100.0,nM,24.0,(+)-JQ1_100nM,predicted
pred_(+)-JQ1_100_9-2,7.1442404,-2.0472074,A549,(+)-JQ1,100.0,nM,24.0,(+)-JQ1_100nM,predicted
pred_(+)-JQ1_100_135-2,12.935692,-0.56853724,A549,(+)-JQ1,100.0,nM,24.0,(+)-JQ1_100nM,predicted
pred_(+)-JQ1_100_8-2,4.7552423,-0.7714001,A549,(+)-JQ1,100.0,nM,24.0,(+)-JQ1_100nM,predicted
pred_(+)-JQ1_100_0-2,7.4001913,-1.3130423,A549,(+)-JQ1,100.0,nM,24.0,(+)-JQ1_100nM,predicted
pred_(+)-JQ1_100_150-2,5.4137936,-0.62206185,A549,(+)-JQ1,100.0,nM,24.0,(+)-JQ1_100nM,predicted
pred_(+)-JQ1_100_83-2,4.8659115,-0.92862284,A549,(+)-JQ1,100.0,nM,24.0,(+)-JQ1_100nM,predicted
pred_(+)-JQ1_100_111-2,5.2947845,0.6098816,A549,(+)-JQ1,100.0,nM,24.0,(+)-JQ1_100nM,predicted
pred_(+)-JQ1_100_154-2,11.745792,0.21058609,A549,(+)-JQ1,100.0,nM,24.0,(+)-JQ1_100nM,predicted
pred_(+)-JQ1_100_75-2,6.9673595,-2.5177293,A549,(+)-JQ1,100.0,nM,24.0,(+)-JQ1_100nM,predicted
pred_(+)-JQ1_100_62-2,11.288922,-2.1012905,A549,(+)-JQ1,100.0,nM,24.0,(+)-JQ1_100nM,predicted
pred_(+)-JQ1_100_119-2,12.434213,1.9563385,A549,(+)-JQ1,100.0,nM,24.0,(+)-JQ1_100nM,predicted
pred_(+)-JQ1_100_31-2,8.723152,-4.406524,A549,(+)-JQ1,100.0,nM,24.0,(+)-JQ1_100nM,predicted
pred_(+)-JQ1_100_106-2,4.9089236,1.4909893,A549,(+)-JQ1,100.0,nM,24.0,(+)-JQ1_100nM,predicted
pred_(+)-JQ1_100_118-2,6.065574,-1.6677039,A549,(+)-JQ1,100.0,nM,24.0,(+)-JQ1_100nM,predicted
pred_(+)-JQ1_100_139-2,7.812263,3.6591568,A549,(+)-JQ1,100.0,nM,24.0,(+)-JQ1_100nM,predicted
pred_(+)-JQ1_100_175-2,9.274544,2.7386343,A549,(+)-JQ1,100.0,nM,24.0,(+)-JQ1_100nM,predicted
pred_(+)-JQ1_100_163-2,8.494185,1.3705217,A549,(+)-JQ1,100.0,nM,24.0,(+)-JQ1_100nM,predicted
pred_(+)-JQ1_100_19-2,9.950852,1.495153,A549,(+)-JQ1,100.0,nM,24.0,(+)-JQ1_100nM,predicted
pred_(+)-JQ1_100_97-2,12.414286,-0.21179551,A549,(+)-JQ1,100.0,nM,24.0,(+)-JQ1_100nM,predicted
pred_(+)-JQ1_100_42-2,6.5348845,-0.6851372,A549,(+)-JQ1,100.0,nM,24.0,(+)-JQ1_100nM,predicted
pred_(+)-JQ1_100_145-2,4.6347003,-1.5960927,A549,(+)-JQ1,100.0,nM,24.0,(+)-JQ1_100nM,predicted
pred_(+)-JQ1_100_96-2,8.072936,-0.11029637,A549,(+)-JQ1,100.0,nM,24.0,(+)-JQ1_100nM,predicted
pred_(+)-JQ1_100_134-2,5.388722,-0.5877459,A549,(+)-JQ1,100.0,nM,24.0,(+)-JQ1_100nM,predicted
pred_(+)-JQ1_100_182-2,11.511623,0.44392037,A549,(+)-JQ1,100.0,nM,24.0,(+)-JQ1_100nM,predicted
pred_(+)-JQ1_100_156-2,5.6327105,-2.5965767,A549,(+)-JQ1,100.0,nM,24.0,(+)-JQ1_100nM,predicted
pred_(+)-JQ1_100_60-2,12.648596,-1.1289839,A549,(+)-JQ1,100.0,nM,24.0,(+)-JQ1_100nM,predicted
pred_(+)-JQ1_100_149-2,4.1999707,0.7964884,A549,(+)-JQ1,100.0,nM,24.0,(+)-JQ1_100nM,predicted
pred_(+)-JQ1_100_102-2,4.5990224,-1.8267642,A549,(+)-JQ1,100.0,nM,24.0,(+)-JQ1_100nM,predicted
pred_(+)-JQ1_100_165-2,3.1737788,-2.0664852,A549,(+)-JQ1,100.0,nM,24.0,(+)-JQ1_100nM,predicted
pred_(+)-JQ1_100_114-2,8.092213,3.027872,A549,(+)-JQ1,100.0,nM,24.0,(+)-JQ1_100nM,predicted
pred_(+)-JQ1_100_188-2,6.020544,0.5728775,A549,(+)-JQ1,100.0,nM,24.0,(+)-JQ1_100nM,predicted
pred_(+)-JQ1_100_105-2,4.4716144,0.20610009,A549,(+)-JQ1,100.0,nM,24.0,(+)-JQ1_100nM,predicted
pred_(+)-JQ1_100_14-2,12.209086,-0.18238337,A549,(+)-JQ1,100.0,nM,24.0,(+)-JQ1_100nM,predicted
pred_(+)-JQ1_100_34-2,4.23515,-1.6064212,A549,(+)-JQ1,100.0,nM,24.0,(+)-JQ1_100nM,predicted
pred_(+)-JQ1_100_89-2,5.832868,-1.4337401,A549,(+)-JQ1,100.0,nM,24.0,(+)-JQ1_100nM,predicted
pred_(+)-JQ1_100_108-2,4.485286,-0.6226107,A549,(+)-JQ1,100.0,nM,24.0,(+)-JQ1_100nM,predicted
pred_(+)-JQ1_100_116-2,11.498991,-3.1878488,A549,(+)-JQ1,100.0,nM,24.0,(+)-JQ1_100nM,predicted
pred_(+)-JQ1_100_48-2,5.91183,-0.03482577,A549,(+)-JQ1,100.0,nM,24.0,(+)-JQ1_100nM,predicted
pred_(+)-JQ1_100_3-2,5.609908,-2.636863,A549,(+)-JQ1,100.0,nM,24.0,(+)-JQ1_100nM,predicted
pred_(+)-JQ1_100_133-2,9.603095,-4.487008,A549,(+)-JQ1,100.0,nM,24.0,(+)-JQ1_100nM,predicted
pred_(+)-JQ1_100_45-2,5.946228,-0.02974435,A549,(+)-JQ1,100.0,nM,24.0,(+)-JQ1_100nM,predicted
pred_(+)-JQ1_100_21-2,11.1518545,2.4891512,A549,(+)-JQ1,100.0,nM,24.0,(+)-JQ1_100nM,predicted
pred_(+)-JQ1_100_93-2,7.462386,2.7141342,A549,(+)-JQ1,100.0,nM,24.0,(+)-JQ1_100nM,predicted
pred_(+)-JQ1_100_20-2,5.6736617,-3.9455805,A549,(+)-JQ1,100.0,nM,24.0,(+)-JQ1_100nM,predicted
pred_(+)-JQ1_100_84-2,4.9272127,1.4877516,A549,(+)-JQ1,100.0,nM,24.0,(+)-JQ1_100nM,predicted
pred_(+)-JQ1_100_107-2,9.156194,-0.44348785,A549,(+)-JQ1,100.0,nM,24.0,(+)-JQ1_100nM,predicted
pred_(+)-JQ1_100_15-2,11.943708,-0.7678483,A549,(+)-JQ1,100.0,nM,24.0,(+)-JQ1_100nM,predicted
pred_(+)-JQ1_100_40-2,8.538064,-0.24004075,A549,(+)-JQ1,100.0,nM,24.0,(+)-JQ1_100nM,predicted
pred_(+)-JQ1_100_85-2,9.7423315,2.5222504,A549,(+)-JQ1,100.0,nM,24.0,(+)-JQ1_100nM,predicted
pred_(+)-JQ1_100_136-2,12.2107525,-1.3765959,A549,(+)-JQ1,100.0,nM,24.0,(+)-JQ1_100nM,predicted
pred_(+)-JQ1_100_126-2,9.331304,0.028349852,A549,(+)-JQ1,100.0,nM,24.0,(+)-JQ1_100nM,predicted
pred_(+)-JQ1_100_191-2,10.015056,1.3587704,A549,(+)-JQ1,100.0,nM,24.0,(+)-JQ1_100nM,predicted
pred_(+)-JQ1_100_87-2,3.987072,0.49712408,A549,(+)-JQ1,100.0,nM,24.0,(+)-JQ1_100nM,predicted
pred_(+)-JQ1_100_70-2,8.536104,-3.0375822,A549,(+)-JQ1,100.0,nM,24.0,(+)-JQ1_100nM,predicted
pred_(+)-JQ1_100_37-2,7.2483506,-1.1346983,A549,(+)-JQ1,100.0,nM,24.0,(+)-JQ1_100nM,predicted
pred_(+)-JQ1_100_71-2,8.906326,0.55157554,A549,(+)-JQ1,100.0,nM,24.0,(+)-JQ1_100nM,predicted
pred_(+)-JQ1_100_184-2,5.9800477,-1.0376611,A549,(+)-JQ1,100.0,nM,24.0,(+)-JQ1_100nM,predicted
pred_(+)-JQ1_100_137-2,11.92224,-2.6836667,A549,(+)-JQ1,100.0,nM,24.0,(+)-JQ1_100nM,predicted
pred_(+)-JQ1_1000_92-2,6.862088,-1.1851523,A549,(+)-JQ1,1000.0,nM,24.0,(+)-JQ1_1000nM,predicted
pred_(+)-JQ1_1000_171-2,9.277329,-4.23904,A549,(+)-JQ1,1000.0,nM,24.0,(+)-JQ1_1000nM,predicted
pred_(+)-JQ1_1000_124-2,12.776319,-0.8805858,A549,(+)-JQ1,1000.0,nM,24.0,(+)-JQ1_1000nM,predicted
pred_(+)-JQ1_1000_52-2,9.820909,-3.600528,A549,(+)-JQ1,1000.0,nM,24.0,(+)-JQ1_1000nM,predicted
pred_(+)-JQ1_1000_173-2,5.777664,0.31388947,A549,(+)-JQ1,1000.0,nM,24.0,(+)-JQ1_1000nM,predicted
pred_(+)-JQ1_1000_2-2,8.699552,3.9756856,A549,(+)-JQ1,1000.0,nM,24.0,(+)-JQ1_1000nM,predicted
pred_(+)-JQ1_1000_103-2,7.1140046,1.4266081,A549,(+)-JQ1,1000.0,nM,24.0,(+)-JQ1_1000nM,predicted
pred_(+)-JQ1_1000_49-2,10.648078,1.4688941,A549,(+)-JQ1,1000.0,nM,24.0,(+)-JQ1_1000nM,predicted
pred_(+)-JQ1_1000_166-2,8.258301,0.9881317,A549,(+)-JQ1,1000.0,nM,24.0,(+)-JQ1_1000nM,predicted
pred_(+)-JQ1_1000_32-2,10.207249,3.5249527,A549,(+)-JQ1,1000.0,nM,24.0,(+)-JQ1_1000nM,predicted
pred_(+)-JQ1_1000_58-2,4.0708528,0.093545124,A549,(+)-JQ1,1000.0,nM,24.0,(+)-JQ1_1000nM,predicted
pred_(+)-JQ1_1000_158-2,9.060442,2.802376,A549,(+)-JQ1,1000.0,nM,24.0,(+)-JQ1_1000nM,predicted
pred_(+)-JQ1_1000_104-2,4.798907,-0.36421385,A549,(+)-JQ1,1000.0,nM,24.0,(+)-JQ1_1000nM,predicted
pred_(+)-JQ1_1000_175-2,9.636215,2.6017323,A549,(+)-JQ1,1000.0,nM,24.0,(+)-JQ1_1000nM,predicted
pred_(+)-JQ1_1000_113-2,11.516741,-1.707468,A549,(+)-JQ1,1000.0,nM,24.0,(+)-JQ1_1000nM,predicted
pred_(+)-JQ1_1000_148-2,7.038689,-1.1302531,A549,(+)-JQ1,1000.0,nM,24.0,(+)-JQ1_1000nM,predicted
pred_(+)-JQ1_1000_64-2,6.212901,-0.5914361,A549,(+)-JQ1,1000.0,nM,24.0,(+)-JQ1_1000nM,predicted
pred_(+)-JQ1_1000_3-2,8.973695,-3.969322,A549,(+)-JQ1,1000.0,nM,24.0,(+)-JQ1_1000nM,predicted
pred_(+)-JQ1_1000_183-2,2.5504773,-0.0060972036,A549,(+)-JQ1,1000.0,nM,24.0,(+)-JQ1_1000nM,predicted
pred_(+)-JQ1_1000_128-2,8.159974,-0.55951804,A549,(+)-JQ1,1000.0,nM,24.0,(+)-JQ1_1000nM,predicted
pred_(+)-JQ1_1000_37-2,12.679865,-1.4389957,A549,(+)-JQ1,1000.0,nM,24.0,(+)-JQ1_1000nM,predicted
pred_(+)-JQ1_1000_85-2,3.68218,-1.7009642,A549,(+)-JQ1,1000.0,nM,24.0,(+)-JQ1_1000nM,predicted
pred_(+)-JQ1_1000_41-2,5.805232,-0.23029268,A549,(+)-JQ1,1000.0,nM,24.0,(+)-JQ1_1000nM,predicted
pred_(+)-JQ1_1000_196-2,4.3241353,-1.7067167,A549,(+)-JQ1,1000.0,nM,24.0,(+)-JQ1_1000nM,predicted
pred_(+)-JQ1_1000_192-2,12.636037,-1.2210033,A549,(+)-JQ1,1000.0,nM,24.0,(+)-JQ1_1000nM,predicted
pred_(+)-JQ1_1000_19-2,7.8687897,3.0127985,A549,(+)-JQ1,1000.0,nM,24.0,(+)-JQ1_1000nM,predicted
pred_(+)-JQ1_1000_77-2,1.8595176,1.1655161,A549,(+)-JQ1,1000.0,nM,24.0,(+)-JQ1_1000nM,predicted
pred_(+)-JQ1_1000_100-2,3.7077048,0.45549324,A549,(+)-JQ1,1000.0,nM,24.0,(+)-JQ1_1000nM,predicted
pred_(+)-JQ1_1000_116-2,5.160918,-0.97286105,A549,(+)-JQ1,1000.0,nM,24.0,(+)-JQ1_1000nM,predicted
pred_(+)-JQ1_1000_121-2,10.817632,-3.8259993,A549,(+)-JQ1,1000.0,nM,24.0,(+)-JQ1_1000nM,predicted
pred_(+)-JQ1_1000_144-2,9.780763,-2.4718287,A549,(+)-JQ1,1000.0,nM,24.0,(+)-JQ1_1000nM,predicted
pred_(+)-JQ1_1000_125-2,11.9929905,1.8182787,A549,(+)-JQ1,1000.0,nM,24.0,(+)-JQ1_1000nM,predicted
pred_(+)-JQ1_1000_194-2,7.528855,-4.2128325,A549,(+)-JQ1,1000.0,nM,24.0,(+)-JQ1_1000nM,predicted
pred_(+)-JQ1_1000_140-2,3.9912632,0.1611455,A549,(+)-JQ1,1000.0,nM,24.0,(+)-JQ1_1000nM,predicted
pred_(+)-JQ1_1000_97-2,6.8634214,3.161177,A549,(+)-JQ1,1000.0,nM,24.0,(+)-JQ1_1000nM,predicted
pred_(+)-JQ1_1000_129-2,10.058514,-3.1971192,A549,(+)-JQ1,1000.0,nM,24.0,(+)-JQ1_1000nM,predicted
pred_(+)-JQ1_1000_195-2,4.7338486,1.616053,A549,(+)-JQ1,1000.0,nM,24.0,(+)-JQ1_1000nM,predicted
pred_(+)-JQ1_1000_63-2,9.427176,0.93382066,A549,(+)-JQ1,1000.0,nM,24.0,(+)-JQ1_1000nM,predicted
pred_(+)-JQ1_1000_177-2,12.458828,-0.20488484,A549,(+)-JQ1,1000.0,nM,24.0,(+)-JQ1_1000nM,predicted
pred_(+)-JQ1_1000_47-2,9.078042,-4.003116,A549,(+)-JQ1,1000.0,nM,24.0,(+)-JQ1_1000nM,predicted
pred_(+)-JQ1_1000_8-2,10.938113,-3.55872,A549,(+)-JQ1,1000.0,nM,24.0,(+)-JQ1_1000nM,predicted
pred_(+)-JQ1_1000_65-2,6.8268785,-0.06431276,A549,(+)-JQ1,1000.0,nM,24.0,(+)-JQ1_1000nM,predicted
pred_(+)-JQ1_1000_48-2,5.4736967,0.043159924,A549,(+)-JQ1,1000.0,nM,24.0,(+)-JQ1_1000nM,predicted
pred_(+)-JQ1_1000_17-2,8.73843,-3.2886648,A549,(+)-JQ1,1000.0,nM,24.0,(+)-JQ1_1000nM,predicted
pred_(+)-JQ1_1000_18-2,3.7099493,-1.1197008,A549,(+)-JQ1,1000.0,nM,24.0,(+)-JQ1_1000nM,predicted
pred_(+)-JQ1_1000_59-2,11.070066,2.1227725,A549,(+)-JQ1,1000.0,nM,24.0,(+)-JQ1_1000nM,predicted
pred_(+)-JQ1_1000_15-2,5.8559093,-2.6315403,A549,(+)-JQ1,1000.0,nM,24.0,(+)-JQ1_1000nM,predicted
pred_(+)-JQ1_1000_185-2,10.209218,-4.119603,A549,(+)-JQ1,1000.0,nM,24.0,(+)-JQ1_1000nM,predicted
pred_(+)-JQ1_1000_80-2,12.235943,-2.5601792,A549,(+)-JQ1,1000.0,nM,24.0,(+)-JQ1_1000nM,predicted
pred_(+)-JQ1_1000_76-2,12.338083,-1.8515971,A549,(+)-JQ1,1000.0,nM,24.0,(+)-JQ1_1000nM,predicted
pred_(+)-JQ1_1000_27-2,3.0800693,-0.21748745,A549,(+)-JQ1,1000.0,nM,24.0,(+)-JQ1_1000nM,predicted
pred_(+)-JQ1_1000_91-2,4.0123916,-0.79837507,A549,(+)-JQ1,1000.0,nM,24.0,(+)-JQ1_1000nM,predicted
pred_(+)-JQ1_1000_164-2,5.922223,0.3542747,A549,(+)-JQ1,1000.0,nM,24.0,(+)-JQ1_1000nM,predicted
pred_(+)-JQ1_1000_31-2,9.608421,-4.1271267,A549,(+)-JQ1,1000.0,nM,24.0,(+)-JQ1_1000nM,predicted
pred_(+)-JQ1_1000_22-2,4.734591,-2.4125636,A549,(+)-JQ1,1000.0,nM,24.0,(+)-JQ1_1000nM,predicted
pred_(+)-JQ1_1000_51-2,3.9559124,-1.1117122,A549,(+)-JQ1,1000.0,nM,24.0,(+)-JQ1_1000nM,predicted
pred_(+)-JQ1_1000_180-2,10.538885,-2.7063775,A549,(+)-JQ1,1000.0,nM,24.0,(+)-JQ1_1000nM,predicted
pred_(+)-JQ1_1000_131-2,12.474848,-1.4888245,A549,(+)-JQ1,1000.0,nM,24.0,(+)-JQ1_1000nM,predicted
pred_(+)-JQ1_1000_69-2,9.365299,0.8567996,A549,(+)-JQ1,1000.0,nM,24.0,(+)-JQ1_1000nM,predicted
pred_(+)-JQ1_1000_99-2,4.2516975,-0.557082,A549,(+)-JQ1,1000.0,nM,24.0,(+)-JQ1_1000nM,predicted
pred_(+)-JQ1_1000_127-2,7.9235663,-4.2161036,A549,(+)-JQ1,1000.0,nM,24.0,(+)-JQ1_1000nM,predicted
pred_(+)-JQ1_1000_134-2,5.8621044,-1.430454,A549,(+)-JQ1,1000.0,nM,24.0,(+)-JQ1_1000nM,predicted
pred_(+)-JQ1_1000_23-2,6.0800247,-1.0196239,A549,(+)-JQ1,1000.0,nM,24.0,(+)-JQ1_1000nM,predicted
pred_(+)-JQ1_1000_30-2,6.707103,-3.9816113,A549,(+)-JQ1,1000.0,nM,24.0,(+)-JQ1_1000nM,predicted
pred_(+)-JQ1_1000_154-2,8.707124,-3.2861447,A549,(+)-JQ1,1000.0,nM,24.0,(+)-JQ1_1000nM,predicted
pred_(+)-JQ1_1000_153-2,3.9908173,0.29853666,A549,(+)-JQ1,1000.0,nM,24.0,(+)-JQ1_1000nM,predicted
pred_(+)-JQ1_1000_54-2,5.1213975,0.705694,A549,(+)-JQ1,1000.0,nM,24.0,(+)-JQ1_1000nM,predicted
pred_(+)-JQ1_1000_193-2,11.224089,3.0764778,A549,(+)-JQ1,1000.0,nM,24.0,(+)-JQ1_1000nM,predicted
pred_(+)-JQ1_1000_40-2,10.053707,1.6162368,A549,(+)-JQ1,1000.0,nM,24.0,(+)-JQ1_1000nM,predicted
pred_(+)-JQ1_1000_90-2,9.683835,-4.175882,A549,(+)-JQ1,1000.0,nM,24.0,(+)-JQ1_1000nM,predicted
pred_(+)-JQ1_1000_105-2,9.916628,-2.7766993,A549,(+)-JQ1,1000.0,nM,24.0,(+)-JQ1_1000nM,predicted
pred_(+)-JQ1_1000_60-2,5.3771863,-3.454332,A549,(+)-JQ1,1000.0,nM,24.0,(+)-JQ1_1000nM,predicted
pred_(+)-JQ1_1000_7-2,12.532104,-0.1790754,A549,(+)-JQ1,1000.0,nM,24.0,(+)-JQ1_1000nM,predicted
pred_(+)-JQ1_1000_178-2,9.129344,-3.4571493,A549,(+)-JQ1,1000.0,nM,24.0,(+)-JQ1_1000nM,predicted
pred_(+)-JQ1_1000_141-2,6.032279,-0.6362728,A549,(+)-JQ1,1000.0,nM,24.0,(+)-JQ1_1000nM,predicted
pred_(+)-JQ1_1000_115-2,6.4115877,2.1561146,A549,(+)-JQ1,1000.0,nM,24.0,(+)-JQ1_1000nM,predicted
pred_(+)-JQ1_1000_146-2,10.806212,2.4500306,A549,(+)-JQ1,1000.0,nM,24.0,(+)-JQ1_1000nM,predicted
pred_(+)-JQ1_1000_84-2,4.835452,-0.29076105,A549,(+)-JQ1,1000.0,nM,24.0,(+)-JQ1_1000nM,predicted
pred_(+)-JQ1_1000_73-2,12.851468,-0.94023556,A549,(+)-JQ1,1000.0,nM,24.0,(+)-JQ1_1000nM,predicted
pred_(+)-JQ1_1000_71-2,11.158302,-2.0800962,A549,(+)-JQ1,1000.0,nM,24.0,(+)-JQ1_1000nM,predicted
pred_(+)-JQ1_1000_83-2,8.140319,-0.054763462,A549,(+)-JQ1,1000.0,nM,24.0,(+)-JQ1_1000nM,predicted
pred_(+)-JQ1_1000_72-2,6.1773524,2.4288704,A549,(+)-JQ1,1000.0,nM,24.0,(+)-JQ1_1000nM,predicted
pred_(+)-JQ1_1000_168-2,6.9103713,3.2036576,A549,(+)-JQ1,1000.0,nM,24.0,(+)-JQ1_1000nM,predicted
pred_(+)-JQ1_1000_118-2,10.195555,-2.3758755,A549,(+)-JQ1,1000.0,nM,24.0,(+)-JQ1_1000nM,predicted
pred_(+)-JQ1_1000_95-2,5.1245966,-1.111133,A549,(+)-JQ1,1000.0,nM,24.0,(+)-JQ1_1000nM,predicted
pred_(+)-JQ1_1000_56-2,2.9618359,0.16021663,A549,(+)-JQ1,1000.0,nM,24.0,(+)-JQ1_1000nM,predicted
pred_(+)-JQ1_1000_6-2,11.052643,2.1848633,A549,(+)-JQ1,1000.0,nM,24.0,(+)-JQ1_1000nM,predicted
pred_(+)-JQ1_1000_11-2,5.511529,-0.77261496,A549,(+)-JQ1,1000.0,nM,24.0,(+)-JQ1_1000nM,predicted
pred_(+)-JQ1_1000_10-2,3.5494869,0.40363666,A549,(+)-JQ1,1000.0,nM,24.0,(+)-JQ1_1000nM,predicted
pred_(+)-JQ1_1000_74-2,9.479557,-4.3042274,A549,(+)-JQ1,1000.0,nM,24.0,(+)-JQ1_1000nM,predicted
pred_(+)-JQ1_1000_163-2,7.526653,3.2215168,A549,(+)-JQ1,1000.0,nM,24.0,(+)-JQ1_1000nM,predicted
pred_(+)-JQ1_1000_123-2,8.89951,-3.519774,A549,(+)-JQ1,1000.0,nM,24.0,(+)-JQ1_1000nM,predicted
pred_(+)-JQ1_1000_188-2,7.6250134,2.884719,A549,(+)-JQ1,1000.0,nM,24.0,(+)-JQ1_1000nM,predicted
pred_(+)-JQ1_1000_135-2,7.185217,-0.7011421,A549,(+)-JQ1,1000.0,nM,24.0,(+)-JQ1_1000nM,predicted
pred_(+)-JQ1_1000_94-2,9.360764,-4.7007513,A549,(+)-JQ1,1000.0,nM,24.0,(+)-JQ1_1000nM,predicted
pred_(+)-JQ1_1000_9-2,6.7004876,-1.9668188,A549,(+)-JQ1,1000.0,nM,24.0,(+)-JQ1_1000nM,predicted
pred_(+)-JQ1_1000_149-2,4.7038355,0.86454225,A549,(+)-JQ1,1000.0,nM,24.0,(+)-JQ1_1000nM,predicted
pred_(+)-JQ1_1000_114-2,8.079174,-4.34551,A549,(+)-JQ1,1000.0,nM,24.0,(+)-JQ1_1000nM,predicted
pred_(+)-JQ1_1000_29-2,6.7836733,-1.2402294,A549,(+)-JQ1,1000.0,nM,24.0,(+)-JQ1_1000nM,predicted
pred_(+)-JQ1_1000_16-2,5.9082894,-0.7863629,A549,(+)-JQ1,1000.0,nM,24.0,(+)-JQ1_1000nM,predicted
pred_(+)-JQ1_1000_117-2,9.341066,2.4689069,A549,(+)-JQ1,1000.0,nM,24.0,(+)-JQ1_1000nM,predicted
pred_(+)-JQ1_1000_45-2,8.672592,-3.7524824,A549,(+)-JQ1,1000.0,nM,24.0,(+)-JQ1_1000nM,predicted
pred_(+)-JQ1_1000_44-2,6.066542,-2.2269573,A549,(+)-JQ1,1000.0,nM,24.0,(+)-JQ1_1000nM,predicted
pred_(+)-JQ1_1000_20-2,3.949047,-1.0050284,A549,(+)-JQ1,1000.0,nM,24.0,(+)-JQ1_1000nM,predicted
pred_(+)-JQ1_1000_78-2,4.4734306,-0.8926268,A549,(+)-JQ1,1000.0,nM,24.0,(+)-JQ1_1000nM,predicted
pred_(+)-JQ1_1000_190-2,11.30163,-1.4845947,A549,(+)-JQ1,1000.0,nM,24.0,(+)-JQ1_1000nM,predicted
pred_(+)-JQ1_1000_145-2,6.969925,2.9952345,A549,(+)-JQ1,1000.0,nM,24.0,(+)-JQ1_1000nM,predicted
pred_(+)-JQ1_1000_152-2,9.224243,0.21034166,A549,(+)-JQ1,1000.0,nM,24.0,(+)-JQ1_1000nM,predicted
pred_(+)-JQ1_1000_151-2,7.3617773,-1.3252003,A549,(+)-JQ1,1000.0,nM,24.0,(+)-JQ1_1000nM,predicted
pred_(+)-JQ1_1000_33-2,5.14384,-3.0349565,A549,(+)-JQ1,1000.0,nM,24.0,(+)-JQ1_1000nM,predicted
pred_(+)-JQ1_1000_81-2,9.922494,-1.9040009,A549,(+)-JQ1,1000.0,nM,24.0,(+)-JQ1_1000nM,predicted
pred_(+)-JQ1_1000_4-2,6.6954894,0.43757644,A549,(+)-JQ1,1000.0,nM,24.0,(+)-JQ1_1000nM,predicted
pred_(+)-JQ1_1000_98-2,11.71056,0.095073685,A549,(+)-JQ1,1000.0,nM,24.0,(+)-JQ1_1000nM,predicted
pred_(+)-JQ1_1000_5-2,7.3140154,-0.5647781,A549,(+)-JQ1,1000.0,nM,24.0,(+)-JQ1_1000nM,predicted
pred_(+)-JQ1_1000_36-2,5.0294914,-2.5406275,A549,(+)-JQ1,1000.0,nM,24.0,(+)-JQ1_1000nM,predicted
pred_(+)-JQ1_1000_169-2,6.133897,-1.4684303,A549,(+)-JQ1,1000.0,nM,24.0,(+)-JQ1_1000nM,predicted
pred_(+)-JQ1_1000_38-2,5.4517584,-3.747336,A549,(+)-JQ1,1000.0,nM,24.0,(+)-JQ1_1000nM,predicted
pred_(+)-JQ1_1000_101-2,9.411815,-3.1519606,A549,(+)-JQ1,1000.0,nM,24.0,(+)-JQ1_1000nM,predicted
pred_(+)-JQ1_1000_184-2,6.7680597,-3.1972978,A549,(+)-JQ1,1000.0,nM,24.0,(+)-JQ1_1000nM,predicted
pred_(+)-JQ1_1000_42-2,8.710591,3.982978,A549,(+)-JQ1,1000.0,nM,24.0,(+)-JQ1_1000nM,predicted
pred_(+)-JQ1_1000_55-2,6.2133527,0.5179414,A549,(+)-JQ1,1000.0,nM,24.0,(+)-JQ1_1000nM,predicted
pred_(+)-JQ1_1000_138-2,5.7076855,-4.1083736,A549,(+)-JQ1,1000.0,nM,24.0,(+)-JQ1_1000nM,predicted
pred_(+)-JQ1_1000_88-2,7.7276464,-4.3753986,A549,(+)-JQ1,1000.0,nM,24.0,(+)-JQ1_1000nM,predicted
pred_(+)-JQ1_1000_160-2,6.6982446,-0.6378953,A549,(+)-JQ1,1000.0,nM,24.0,(+)-JQ1_1000nM,predicted
pred_(+)-JQ1_1000_119-2,7.627541,2.8623683,A549,(+)-JQ1,1000.0,nM,24.0,(+)-JQ1_1000nM,predicted
pred_(+)-JQ1_1000_147-2,6.244292,-2.7069058,A549,(+)-JQ1,1000.0,nM,24.0,(+)-JQ1_1000nM,predicted
pred_(+)-JQ1_1000_136-2,4.781792,-1.4351244,A549,(+)-JQ1,1000.0,nM,24.0,(+)-JQ1_1000nM,predicted
pred_(+)-JQ1_1000_181-2,3.6926003,-1.0405627,A549,(+)-JQ1,1000.0,nM,24.0,(+)-JQ1_1000nM,predicted
pred_(+)-JQ1_1000_12-2,3.0167067,0.060369525,A549,(+)-JQ1,1000.0,nM,24.0,(+)-JQ1_1000nM,predicted
pred_(+)-JQ1_1000_93-2,11.301877,0.032223992,A549,(+)-JQ1,1000.0,nM,24.0,(+)-JQ1_1000nM,predicted
pred_(+)-JQ1_1000_142-2,6.1353683,-0.20085613,A549,(+)-JQ1,1000.0,nM,24.0,(+)-JQ1_1000nM,predicted
pred_(+)-JQ1_1000_139-2,3.561684,-0.27842677,A549,(+)-JQ1,1000.0,nM,24.0,(+)-JQ1_1000nM,predicted
pred_(+)-JQ1_1000_35-2,11.149174,-3.45358,A549,(+)-JQ1,1000.0,nM,24.0,(+)-JQ1_1000nM,predicted
pred_(+)-JQ1_1000_179-2,6.5523314,-1.8146832,A549,(+)-JQ1,1000.0,nM,24.0,(+)-JQ1_1000nM,predicted
pred_(+)-JQ1_1000_39-2,5.9675236,-0.25125656,A549,(+)-JQ1,1000.0,nM,24.0,(+)-JQ1_1000nM,predicted
pred_(+)-JQ1_1000_67-2,4.3391085,1.1262542,A549,(+)-JQ1,1000.0,nM,24.0,(+)-JQ1_1000nM,predicted
pred_(+)-JQ1_1000_70-2,4.0245004,-1.228965,A549,(+)-JQ1,1000.0,nM,24.0,(+)-JQ1_1000nM,predicted
pred_(+)-JQ1_1000_86-2,4.189256,-0.767136,A549,(+)-JQ1,1000.0,nM,24.0,(+)-JQ1_1000nM,predicted
pred_(+)-JQ1_1000_50-2,11.599426,-1.8483037,A549,(+)-JQ1,1000.0,nM,24.0,(+)-JQ1_1000nM,predicted
pred_(+)-JQ1_1000_122-2,7.861609,-4.17178,A549,(+)-JQ1,1000.0,nM,24.0,(+)-JQ1_1000nM,predicted
pred_(+)-JQ1_1000_187-2,9.442641,2.368214,A549,(+)-JQ1,1000.0,nM,24.0,(+)-JQ1_1000nM,predicted
pred_(+)-JQ1_1000_53-2,3.9323623,0.581527,A549,(+)-JQ1,1000.0,nM,24.0,(+)-JQ1_1000nM,predicted
pred_(+)-JQ1_1000_150-2,4.282324,-0.6843899,A549,(+)-JQ1,1000.0,nM,24.0,(+)-JQ1_1000nM,predicted
pred_(+)-JQ1_1000_46-2,6.032245,-0.8494212,A549,(+)-JQ1,1000.0,nM,24.0,(+)-JQ1_1000nM,predicted
pred_(+)-JQ1_1000_21-2,10.886446,0.40134656,A549,(+)-JQ1,1000.0,nM,24.0,(+)-JQ1_1000nM,predicted
pred_(+)-JQ1_1000_34-2,8.242212,-0.044543367,A549,(+)-JQ1,1000.0,nM,24.0,(+)-JQ1_1000nM,predicted
pred_(+)-JQ1_1000_167-2,12.898827,1.2916263,A549,(+)-JQ1,1000.0,nM,24.0,(+)-JQ1_1000nM,predicted
pred_(+)-JQ1_1000_182-2,7.233813,3.5406783,A549,(+)-JQ1,1000.0,nM,24.0,(+)-JQ1_1000nM,predicted
pred_(+)-JQ1_1000_66-2,4.3312254,-1.1229852,A549,(+)-JQ1,1000.0,nM,24.0,(+)-JQ1_1000nM,predicted
pred_(+)-JQ1_1000_43-2,8.390346,3.7405293,A549,(+)-JQ1,1000.0,nM,24.0,(+)-JQ1_1000nM,predicted
pred_(+)-JQ1_10000_64-2,8.305709,3.1661115,A549,(+)-JQ1,10000.0,nM,24.0,(+)-JQ1_10000nM,predicted
pred_(+)-JQ1_10000_126-2,9.362488,3.1494796,A549,(+)-JQ1,10000.0,nM,24.0,(+)-JQ1_10000nM,predicted
pred_(+)-JQ1_10000_7-2,7.296181,3.406884,A549,(+)-JQ1,10000.0,nM,24.0,(+)-JQ1_10000nM,predicted
pred_(+)-JQ1_10000_133-2,12.04892,-2.3186162,A549,(+)-JQ1,10000.0,nM,24.0,(+)-JQ1_10000nM,predicted
pred_(+)-JQ1_10000_26-2,7.1306076,-1.4949024,A549,(+)-JQ1,10000.0,nM,24.0,(+)-JQ1_10000nM,predicted
pred_(+)-JQ1_10000_39-2,6.828845,-0.26298162,A549,(+)-JQ1,10000.0,nM,24.0,(+)-JQ1_10000nM,predicted
pred_(+)-JQ1_10000_189-2,6.8740554,0.99669534,A549,(+)-JQ1,10000.0,nM,24.0,(+)-JQ1_10000nM,predicted
pred_(+)-JQ1_10000_47-2,7.8868647,-0.010739951,A549,(+)-JQ1,10000.0,nM,24.0,(+)-JQ1_10000nM,predicted
pred_(+)-JQ1_10000_195-2,3.9860575,0.4451459,A549,(+)-JQ1,10000.0,nM,24.0,(+)-JQ1_10000nM,predicted
pred_(+)-JQ1_10000_87-2,11.108819,2.323211,A549,(+)-JQ1,10000.0,nM,24.0,(+)-JQ1_10000nM,predicted
pred_(+)-JQ1_10000_127-2,8.044895,0.038960744,A549,(+)-JQ1,10000.0,nM,24.0,(+)-JQ1_10000nM,predicted
pred_(+)-JQ1_10000_172-2,2.2987812,-0.7972994,A549,(+)-JQ1,10000.0,nM,24.0,(+)-JQ1_10000nM,predicted
pred_(+)-JQ1_10000_3-2,4.25868,-1.1107397,A549,(+)-JQ1,10000.0,nM,24.0,(+)-JQ1_10000nM,predicted
pred_(+)-JQ1_10000_139-2,12.271005,2.1005876,A549,(+)-JQ1,10000.0,nM,24.0,(+)-JQ1_10000nM,predicted
pred_(+)-JQ1_10000_178-2,5.8019543,-0.4056534,A549,(+)-JQ1,10000.0,nM,24.0,(+)-JQ1_10000nM,predicted
pred_(+)-JQ1_10000_16-2,3.1851819,-0.5851282,A549,(+)-JQ1,10000.0,nM,24.0,(+)-JQ1_10000nM,predicted
pred_(+)-JQ1_10000_85-2,9.936035,3.798494,A549,(+)-JQ1,10000.0,nM,24.0,(+)-JQ1_10000nM,predicted
pred_(+)-JQ1_10000_37-2,10.633189,2.4566624,A549,(+)-JQ1,10000.0,nM,24.0,(+)-JQ1_10000nM,predicted
pred_(+)-JQ1_10000_81-2,3.2722893,-0.29779327,A549,(+)-JQ1,10000.0,nM,24.0,(+)-JQ1_10000nM,predicted
pred_(+)-JQ1_10000_112-2,2.3238022,-0.7485711,A549,(+)-JQ1,10000.0,nM,24.0,(+)-JQ1_10000nM,predicted
pred_(+)-JQ1_10000_171-2,7.994333,0.0047080712,A549,(+)-JQ1,10000.0,nM,24.0,(+)-JQ1_10000nM,predicted
pred_(+)-JQ1_10000_73-2,11.768937,1.9448228,A549,(+)-JQ1,10000.0,nM,24.0,(+)-JQ1_10000nM,predicted
pred_(+)-JQ1_10000_165-2,4.785749,1.7648937,A549,(+)-JQ1,10000.0,nM,24.0,(+)-JQ1_10000nM,predicted
pred_(+)-JQ1_10000_179-2,9.3427725,-2.3702247,A549,(+)-JQ1,10000.0,nM,24.0,(+)-JQ1_10000nM,predicted
pred_(+)-JQ1_10000_13-2,3.4153063,-0.21868877,A549,(+)-JQ1,10000.0,nM,24.0,(+)-JQ1_10000nM,predicted
pred_(+)-JQ1_10000_38-2,8.135556,3.121015,A549,(+)-JQ1,10000.0,nM,24.0,(+)-JQ1_10000nM,predicted
pred_(+)-JQ1_10000_143-2,4.742266,-0.734805,A549,(+)-JQ1,10000.0,nM,24.0,(+)-JQ1_10000nM,predicted
pred_(+)-JQ1_10000_53-2,5.8812895,-0.7246497,A549,(+)-JQ1,10000.0,nM,24.0,(+)-JQ1_10000nM,predicted
pred_(+)-JQ1_10000_48-2,10.512838,2.5953763,A549,(+)-JQ1,10000.0,nM,24.0,(+)-JQ1_10000nM,predicted
pred_(+)-JQ1_10000_74-2,5.261494,1.0937827,A549,(+)-JQ1,10000.0,nM,24.0,(+)-JQ1_10000nM,predicted
pred_(+)-JQ1_10000_131-2,7.230432,2.5849369,A549,(+)-JQ1,10000.0,nM,24.0,(+)-JQ1_10000nM,predicted
pred_(+)-JQ1_10000_71-2,5.6627746,0.5559258,A549,(+)-JQ1,10000.0,nM,24.0,(+)-JQ1_10000nM,predicted
pred_(+)-JQ1_10000_122-2,8.568927,-0.43868485,A549,(+)-JQ1,10000.0,nM,24.0,(+)-JQ1_10000nM,predicted
pred_(+)-JQ1_10000_109-2,10.758032,2.4943237,A549,(+)-JQ1,10000.0,nM,24.0,(+)-JQ1_10000nM,predicted
pred_(+)-JQ1_10000_168-2,4.2866454,0.1665228,A549,(+)-JQ1,10000.0,nM,24.0,(+)-JQ1_10000nM,predicted
pred_(+)-JQ1_10000_90-2,6.4760637,1.0267581,A549,(+)-JQ1,10000.0,nM,24.0,(+)-JQ1_10000nM,predicted
pred_(+)-JQ1_10000_128-2,4.806884,1.8260034,A549,(+)-JQ1,10000.0,nM,24.0,(+)-JQ1_10000nM,predicted
pred_(+)-JQ1_10000_138-2,8.849525,-4.1281,A549,(+)-JQ1,10000.0,nM,24.0,(+)-JQ1_10000nM,predicted
pred_(+)-JQ1_10000_23-2,7.0034933,-1.1762772,A549,(+)-JQ1,10000.0,nM,24.0,(+)-JQ1_10000nM,predicted
pred_(+)-JQ1_10000_52-2,10.130001,-3.4895208,A549,(+)-JQ1,10000.0,nM,24.0,(+)-JQ1_10000nM,predicted
pred_(+)-JQ1_10000_190-2,4.791803,1.5469004,A549,(+)-JQ1,10000.0,nM,24.0,(+)-JQ1_10000nM,predicted
pred_(+)-JQ1_10000_198-2,10.30557,-2.5354655,A549,(+)-JQ1,10000.0,nM,24.0,(+)-JQ1_10000nM,predicted
pred_(+)-JQ1_10000_129-2,5.001394,2.0394723,A549,(+)-JQ1,10000.0,nM,24.0,(+)-JQ1_10000nM,predicted
pred_(+)-JQ1_10000_145-2,8.821688,3.7786832,A549,(+)-JQ1,10000.0,nM,24.0,(+)-JQ1_10000nM,predicted
pred_(+)-JQ1_10000_147-2,12.010339,-0.023022154,A549,(+)-JQ1,10000.0,nM,24.0,(+)-JQ1_10000nM,predicted
pred_(+)-JQ1_10000_140-2,5.107901,-1.2984474,A549,(+)-JQ1,10000.0,nM,24.0,(+)-JQ1_10000nM,predicted
pred_(+)-JQ1_10000_163-2,9.356511,0.9440055,A549,(+)-JQ1,10000.0,nM,24.0,(+)-JQ1_10000nM,predicted
pred_(+)-JQ1_10000_63-2,12.818426,1.4201986,A549,(+)-JQ1,10000.0,nM,24.0,(+)-JQ1_10000nM,predicted
pred_(+)-JQ1_10000_161-2,4.474675,-2.1915548,A549,(+)-JQ1,10000.0,nM,24.0,(+)-JQ1_10000nM,predicted
pred_(+)-JQ1_10000_119-2,3.7386553,-0.64005953,A549,(+)-JQ1,10000.0,nM,24.0,(+)-JQ1_10000nM,predicted
pred_(+)-JQ1_10000_149-2,11.174852,0.1717055,A549,(+)-JQ1,10000.0,nM,24.0,(+)-JQ1_10000nM,predicted
pred_(+)-JQ1_10000_203-2,5.4241285,0.34684315,A549,(+)-JQ1,10000.0,nM,24.0,(+)-JQ1_10000nM,predicted
pred_(+)-JQ1_10000_123-2,10.663577,0.18100826,A549,(+)-JQ1,10000.0,nM,24.0,(+)-JQ1_10000nM,predicted
pred_(+)-JQ1_10000_132-2,5.7367525,-0.12095383,A549,(+)-JQ1,10000.0,nM,24.0,(+)-JQ1_10000nM,predicted
pred_(+)-JQ1_10000_194-2,5.6626997,0.6085754,A549,(+)-JQ1,10000.0,nM,24.0,(+)-JQ1_10000nM,predicted
pred_(+)-JQ1_10000_6-2,4.208618,-0.29187447,A549,(+)-JQ1,10000.0,nM,24.0,(+)-JQ1_10000nM,predicted
pred_(+)-JQ1_10000_76-2,5.5894613,-0.25799987,A549,(+)-JQ1,10000.0,nM,24.0,(+)-JQ1_10000nM,predicted
pred_(+)-JQ1_10000_95-2,10.3370905,-2.032655,A549,(+)-JQ1,10000.0,nM,24.0,(+)-JQ1_10000nM,predicted
pred_(+)-JQ1_10000_152-2,7.101369,-0.7271214,A549,(+)-JQ1,10000.0,nM,24.0,(+)-JQ1_10000nM,predicted
pred_(+)-JQ1_10000_105-2,6.6697073,-1.381628,A549,(+)-JQ1,10000.0,nM,24.0,(+)-JQ1_10000nM,predicted
pred_(+)-JQ1_10000_159-2,5.263401,-3.4600403,A549,(+)-JQ1,10000.0,nM,24.0,(+)-JQ1_10000nM,predicted
pred_(+)-JQ1_10000_103-2,3.3891814,-0.7444082,A549,(+)-JQ1,10000.0,nM,24.0,(+)-JQ1_10000nM,predicted
pred_(+)-JQ1_10000_154-2,4.895053,-3.33277,A549,(+)-JQ1,10000.0,nM,24.0,(+)-JQ1_10000nM,predicted
pred_(+)-JQ1_10000_25-2,8.055326,0.027018895,A549,(+)-JQ1,10000.0,nM,24.0,(+)-JQ1_10000nM,predicted
pred_(+)-JQ1_10000_36-2,4.120723,-0.23125061,A549,(+)-JQ1,10000.0,nM,24.0,(+)-JQ1_10000nM,predicted
pred_(+)-JQ1_10000_1-2,6.3711257,1.8564279,A549,(+)-JQ1,10000.0,nM,24.0,(+)-JQ1_10000nM,predicted
pred_(+)-JQ1_10000_75-2,11.330361,2.1198537,A549,(+)-JQ1,10000.0,nM,24.0,(+)-JQ1_10000nM,predicted
pred_(+)-JQ1_10000_182-2,11.28448,-1.6773505,A549,(+)-JQ1,10000.0,nM,24.0,(+)-JQ1_10000nM,predicted
pred_(+)-JQ1_10000_8-2,3.770103,0.7378465,A549,(+)-JQ1,10000.0,nM,24.0,(+)-JQ1_10000nM,predicted
pred_(+)-JQ1_10000_175-2,9.295031,-4.6187963,A549,(+)-JQ1,10000.0,nM,24.0,(+)-JQ1_10000nM,predicted
pred_(+)-JQ1_10000_51-2,6.238488,0.45607603,A549,(+)-JQ1,10000.0,nM,24.0,(+)-JQ1_10000nM,predicted
pred_(+)-JQ1_10000_70-2,4.947403,-3.3050437,A549,(+)-JQ1,10000.0,nM,24.0,(+)-JQ1_10000nM,predicted
pred_(+)-JQ1_10000_192-2,5.9603515,-1.3772942,A549,(+)-JQ1,10000.0,nM,24.0,(+)-JQ1_10000nM,predicted
pred_(+)-JQ1_10000_121-2,4.5399876,1.3112026,A549,(+)-JQ1,10000.0,nM,24.0,(+)-JQ1_10000nM,predicted
pred_(+)-JQ1_10000_106-2,6.7458296,-2.6010141,A549,(+)-JQ1,10000.0,nM,24.0,(+)-JQ1_10000nM,predicted
pred_(+)-JQ1_10000_17-2,4.787076,1.7715375,A549,(+)-JQ1,10000.0,nM,24.0,(+)-JQ1_10000nM,predicted
pred_(+)-JQ1_10000_24-2,4.7494216,-1.9812175,A549,(+)-JQ1,10000.0,nM,24.0,(+)-JQ1_10000nM,predicted
pred_(+)-JQ1_10000_108-2,9.370351,-4.546368,A549,(+)-JQ1,10000.0,nM,24.0,(+)-JQ1_10000nM,predicted
pred_(+)-JQ1_10000_72-2,9.226434,0.8697948,A549,(+)-JQ1,10000.0,nM,24.0,(+)-JQ1_10000nM,predicted
pred_(+)-JQ1_10000_156-2,4.5383596,-2.2143934,A549,(+)-JQ1,10000.0,nM,24.0,(+)-JQ1_10000nM,predicted
pred_(+)-JQ1_10000_33-2,5.5189323,-2.360639,A549,(+)-JQ1,10000.0,nM,24.0,(+)-JQ1_10000nM,predicted
pred_(+)-JQ1_10000_164-2,3.9905753,-0.12682103,A549,(+)-JQ1,10000.0,nM,24.0,(+)-JQ1_10000nM,predicted
pred_(+)-JQ1_10000_184-2,3.7587743,-1.2080637,A549,(+)-JQ1,10000.0,nM,24.0,(+)-JQ1_10000nM,predicted
pred_(+)-JQ1_10000_56-2,7.024494,-0.50777435,A549,(+)-JQ1,10000.0,nM,24.0,(+)-JQ1_10000nM,predicted
pred_(+)-JQ1_10000_158-2,9.423337,2.9193795,A549,(+)-JQ1,10000.0,nM,24.0,(+)-JQ1_10000nM,predicted
pred_(+)-JQ1_10000_162-2,9.470741,2.9867625,A549,(+)-JQ1,10000.0,nM,24.0,(+)-JQ1_10000nM,predicted
pred_(+)-JQ1_10000_130-2,6.47891,0.29870626,A549,(+)-JQ1,10000.0,nM,24.0,(+)-JQ1_10000nM,predicted
pred_(+)-JQ1_10000_86-2,8.020554,0.040937457,A549,(+)-JQ1,10000.0,nM,24.0,(+)-JQ1_10000nM,predicted
pred_(+)-JQ1_10000_89-2,6.988401,-3.2464716,A549,(+)-JQ1,10000.0,nM,24.0,(+)-JQ1_10000nM,predicted
pred_(+)-JQ1_10000_62-2,5.4137626,-2.9394007,A549,(+)-JQ1,10000.0,nM,24.0,(+)-JQ1_10000nM,predicted
pred_(+)-JQ1_10000_98-2,8.638512,-3.2665262,A549,(+)-JQ1,10000.0,nM,24.0,(+)-JQ1_10000nM,predicted
pred_(+)-JQ1_10000_55-2,11.750133,-0.0012342059,A549,(+)-JQ1,10000.0,nM,24.0,(+)-JQ1_10000nM,predicted
pred_(+)-JQ1_10000_58-2,3.3985243,-0.83162427,A549,(+)-JQ1,10000.0,nM,24.0,(+)-JQ1_10000nM,predicted
pred_(+)-JQ1_10000_200-2,7.0232377,-1.0402588,A549,(+)-JQ1,10000.0,nM,24.0,(+)-JQ1_10000nM,predicted
pred_(+)-JQ1_10000_18-2,9.605451,0.7708341,A549,(+)-JQ1,10000.0,nM,24.0,(+)-JQ1_10000nM,predicted
pred_(+)-JQ1_10000_125-2,4.8041897,-0.8106668,A549,(+)-JQ1,10000.0,nM,24.0,(+)-JQ1_10000nM,predicted
pred_(+)-JQ1_10000_155-2,11.970952,-0.0619596,A549,(+)-JQ1,10000.0,nM,24.0,(+)-JQ1_10000nM,predicted
pred_(+)-JQ1_10000_113-2,6.7971115,-1.1001016,A549,(+)-JQ1,10000.0,nM,24.0,(+)-JQ1_10000nM,predicted
pred_(+)-JQ1_10000_166-2,10.825307,0.16378407,A549,(+)-JQ1,10000.0,nM,24.0,(+)-JQ1_10000nM,predicted
pred_(+)-JQ1_10000_183-2,7.2720356,3.567276,A549,(+)-JQ1,10000.0,nM,24.0,(+)-JQ1_10000nM,predicted
pred_(+)-JQ1_10000_43-2,5.509798,0.2999824,A549,(+)-JQ1,10000.0,nM,24.0,(+)-JQ1_10000nM,predicted
pred_(+)-JQ1_10000_69-2,8.5282755,0.45234835,A549,(+)-JQ1,10000.0,nM,24.0,(+)-JQ1_10000nM,predicted
pred_(+)-JQ1_10000_4-2,8.1559515,0.22289476,A549,(+)-JQ1,10000.0,nM,24.0,(+)-JQ1_10000nM,predicted
pred_(+)-JQ1_10000_135-2,9.284215,0.7976912,A549,(+)-JQ1,10000.0,nM,24.0,(+)-JQ1_10000nM,predicted
pred_(+)-JQ1_10000_21-2,7.796438,2.6901786,A549,(+)-JQ1,10000.0,nM,24.0,(+)-JQ1_10000nM,predicted
pred_(+)-JQ1_10000_50-2,4.2047195,-0.25819483,A549,(+)-JQ1,10000.0,nM,24.0,(+)-JQ1_10000nM,predicted
pred_(+)-JQ1_10000_96-2,3.3421495,-0.34608117,A549,(+)-JQ1,10000.0,nM,24.0,(+)-JQ1_10000nM,predicted
pred_(+)-JQ1_10000_35-2,10.770314,2.5508935,A549,(+)-JQ1,10000.0,nM,24.0,(+)-JQ1_10000nM,predicted
pred_(+)-JQ1_10000_120-2,5.4745975,-3.7238705,A549,(+)-JQ1,10000.0,nM,24.0,(+)-JQ1_10000nM,predicted
pred_(+)-JQ1_10000_41-2,2.8024507,-1.0660775,A549,(+)-JQ1,10000.0,nM,24.0,(+)-JQ1_10000nM,predicted
pred_(+)-JQ1_10000_27-2,5.339572,-0.35790607,A549,(+)-JQ1,10000.0,nM,24.0,(+)-JQ1_10000nM,predicted
pred_(+)-JQ1_10000_124-2,8.6966715,-0.500232,A549,(+)-JQ1,10000.0,nM,24.0,(+)-JQ1_10000nM,predicted
pred_(+)-JQ1_10000_146-2,5.9095645,-0.43365183,A549,(+)-JQ1,10000.0,nM,24.0,(+)-JQ1_10000nM,predicted
pred_(+)-JQ1_10000_117-2,8.782907,3.1731057,A549,(+)-JQ1,10000.0,nM,24.0,(+)-JQ1_10000nM,predicted
pred_(+)-JQ1_10000_177-2,6.5951056,0.56572104,A549,(+)-JQ1,10000.0,nM,24.0,(+)-JQ1_10000nM,predicted
pred_(+)-JQ1_10000_102-2,6.3443074,2.730866,A549,(+)-JQ1,10000.0,nM,24.0,(+)-JQ1_10000nM,predicted
pred_(+)-JQ1_10000_29-2,7.8484917,1.9567424,A549,(+)-JQ1,10000.0,nM,24.0,(+)-JQ1_10000nM,predicted
pred_(+)-JQ1_10000_49-2,9.405213,-3.9050865,A549,(+)-JQ1,10000.0,nM,24.0,(+)-JQ1_10000nM,predicted
pred_(+)-JQ1_10000_118-2,10.223493,-3.4793308,A549,(+)-JQ1,10000.0,nM,24.0,(+)-JQ1_10000nM,predicted
pred_(+)-JQ1_10000_77-2,5.9962955,0.5493503,A549,(+)-JQ1,10000.0,nM,24.0,(+)-JQ1_10000nM,predicted
pred_(+)-JQ1_10000_40-2,6.5615373,-0.5917663,A549,(+)-JQ1,10000.0,nM,24.0,(+)-JQ1_10000nM,predicted
pred_(+)-JQ1_10000_20-2,11.06235,3.2880552,A549,(+)-JQ1,10000.0,nM,24.0,(+)-JQ1_10000nM,predicted
pred_(+)-JQ1_10000_0-2,5.6172667,-0.10137772,A549,(+)-JQ1,10000.0,nM,24.0,(+)-JQ1_10000nM,predicted
pred_(+)-JQ1_10000_11-2,3.2866268,-0.6754239,A549,(+)-JQ1,10000.0,nM,24.0,(+)-JQ1_10000nM,predicted
pred_(+)-JQ1_10000_44-2,4.5425677,-0.6693576,A549,(+)-JQ1,10000.0,nM,24.0,(+)-JQ1_10000nM,predicted
pred_(+)-JQ1_10000_54-2,2.858879,0.14566533,A549,(+)-JQ1,10000.0,nM,24.0,(+)-JQ1_10000nM,predicted
pred_(+)-JQ1_10000_68-2,8.891587,2.3354373,A549,(+)-JQ1,10000.0,nM,24.0,(+)-JQ1_10000nM,predicted
pred_(+)-JQ1_10000_196-2,3.5749948,-0.9051587,A549,(+)-JQ1,10000.0,nM,24.0,(+)-JQ1_10000nM,predicted
pred_(+)-JQ1_10000_169-2,10.97368,-2.0833945,A549,(+)-JQ1,10000.0,nM,24.0,(+)-JQ1_10000nM,predicted
pred_(+)-JQ1_10000_142-2,8.155335,2.6675675,A549,(+)-JQ1,10000.0,nM,24.0,(+)-JQ1_10000nM,predicted
pred_(+)-JQ1_10000_141-2,3.3929737,-0.4718243,A549,(+)-JQ1,10000.0,nM,24.0,(+)-JQ1_10000nM,predicted
pred_(+)-JQ1_10000_65-2,2.9023979,-0.07378222,A549,(+)-JQ1,10000.0,nM,24.0,(+)-JQ1_10000nM,predicted
pred_(+)-JQ1_10000_104-2,9.487277,-4.2832694,A549,(+)-JQ1,10000.0,nM,24.0,(+)-JQ1_10000nM,predicted
pred_(+)-JQ1_10000_9-2,3.576513,-0.8960549,A549,(+)-JQ1,10000.0,nM,24.0,(+)-JQ1_10000nM,predicted
pred_(+)-JQ1_10000_134-2,8.687627,-0.51517487,A549,(+)-JQ1,10000.0,nM,24.0,(+)-JQ1_10000nM,predicted
pred_(+)-JQ1_10000_174-2,3.4612684,-0.52282774,A549,(+)-JQ1,10000.0,nM,24.0,(+)-JQ1_10000nM,predicted
pred_(+)-JQ1_10000_83-2,12.162843,-1.2499509,A549,(+)-JQ1,10000.0,nM,24.0,(+)-JQ1_10000nM,predicted
pred_(+)-JQ1_10000_57-2,12.7814045,-0.97001356,A549,(+)-JQ1,10000.0,nM,24.0,(+)-JQ1_10000nM,predicted
pred_(+)-JQ1_10000_137-2,6.489218,-0.8619073,A549,(+)-JQ1,10000.0,nM,24.0,(+)-JQ1_10000nM,predicted
pred_(+)-JQ1_10000_34-2,3.918854,-0.89985555,A549,(+)-JQ1,10000.0,nM,24.0,(+)-JQ1_10000nM,predicted
pred_(+)-JQ1_10000_79-2,7.7872753,-0.4052564,A549,(+)-JQ1,10000.0,nM,24.0,(+)-JQ1_10000nM,predicted
pred_(+)-JQ1_10000_59-2,2.905379,0.18546477,A549,(+)-JQ1,10000.0,nM,24.0,(+)-JQ1_10000nM,predicted
pred_(+)-JQ1_10000_67-2,10.15438,1.5066696,A549,(+)-JQ1,10000.0,nM,24.0,(+)-JQ1_10000nM,predicted
pred_(+)-JQ1_10000_12-2,8.64365,0.7927256,A549,(+)-JQ1,10000.0,nM,24.0,(+)-JQ1_10000nM,predicted
pred_(+)-JQ1_10000_31-2,7.2644815,0.036726624,A549,(+)-JQ1,10000.0,nM,24.0,(+)-JQ1_10000nM,predicted
pred_(+)-JQ1_10000_10-2,9.812908,-3.2502897,A549,(+)-JQ1,10000.0,nM,24.0,(+)-JQ1_10000nM,predicted
pred_(+)-JQ1_10000_170-2,6.6936116,0.7483476,A549,(+)-JQ1,10000.0,nM,24.0,(+)-JQ1_10000nM,predicted
pred_(+)-JQ1_10000_160-2,7.2478385,3.436495,A549,(+)-JQ1,10000.0,nM,24.0,(+)-JQ1_10000nM,predicted
pred_(+)-JQ1_10000_180-2,6.5526,0.57711035,A549,(+)-JQ1,10000.0,nM,24.0,(+)-JQ1_10000nM,predicted
pred_(+)-JQ1_10000_28-2,9.381327,1.000327,A549,(+)-JQ1,10000.0,nM,24.0,(+)-JQ1_10000nM,predicted
pred_Trametinib (GSK1120212)_10_80-2,7.870742,-2.2849202,A549,Trametinib (GSK1120212),10.0,nM,24.0,Trametinib (GSK1120212)_10nM,predicted
pred_Trametinib (GSK1120212)_10_69-2,5.80811,-4.0667453,A549,Trametinib (GSK1120212),10.0,nM,24.0,Trametinib (GSK1120212)_10nM,predicted
pred_Trametinib (GSK1120212)_10_43-2,3.175,-0.90942425,A549,Trametinib (GSK1120212),10.0,nM,24.0,Trametinib (GSK1120212)_10nM,predicted
pred_Trametinib (GSK1120212)_10_35-2,5.1144233,0.9260926,A549,Trametinib (GSK1120212),10.0,nM,24.0,Trametinib (GSK1120212)_10nM,predicted
pred_Trametinib (GSK1120212)_10_9-2,4.3978395,-1.7082222,A549,Trametinib (GSK1120212),10.0,nM,24.0,Trametinib (GSK1120212)_10nM,predicted
pred_Trametinib (GSK1120212)_10_20-2,8.736716,-2.6355646,A549,Trametinib (GSK1120212),10.0,nM,24.0,Trametinib (GSK1120212)_10nM,predicted
pred_Trametinib (GSK1120212)_10_113-2,4.949981,-1.7690096,A549,Trametinib (GSK1120212),10.0,nM,24.0,Trametinib (GSK1120212)_10nM,predicted
pred_Trametinib (GSK1120212)_10_192-2,7.96542,-4.2641315,A549,Trametinib (GSK1120212),10.0,nM,24.0,Trametinib (GSK1120212)_10nM,predicted
pred_Trametinib (GSK1120212)_10_79-2,12.482913,2.0721447,A549,Trametinib (GSK1120212),10.0,nM,24.0,Trametinib (GSK1120212)_10nM,predicted
pred_Trametinib (GSK1120212)_10_100-2,12.368872,-1.4696801,A549,Trametinib (GSK1120212),10.0,nM,24.0,Trametinib (GSK1120212)_10nM,predicted
pred_Trametinib (GSK1120212)_10_198-2,8.703611,-3.6084266,A549,Trametinib (GSK1120212),10.0,nM,24.0,Trametinib (GSK1120212)_10nM,predicted
pred_Trametinib (GSK1120212)_10_110-2,11.016997,-2.7739103,A549,Trametinib (GSK1120212),10.0,nM,24.0,Trametinib (GSK1120212)_10nM,predicted
pred_Trametinib (GSK1120212)_10_197-2,3.4230974,-1.6293898,A549,Trametinib (GSK1120212),10.0,nM,24.0,Trametinib (GSK1120212)_10nM,predicted
pred_Trametinib (GSK1120212)_10_147-2,5.9304132,-2.6874566,A549,Trametinib (GSK1120212),10.0,nM,24.0,Trametinib (GSK1120212)_10nM,predicted
pred_Trametinib (GSK1120212)_10_8-2,12.955566,-0.14338864,A549,Trametinib (GSK1120212),10.0,nM,24.0,Trametinib (GSK1120212)_10nM,predicted
pred_Trametinib (GSK1120212)_10_130-2,2.2819653,-0.54479903,A549,Trametinib (GSK1120212),10.0,nM,24.0,Trametinib (GSK1120212)_10nM,predicted
pred_Trametinib (GSK1120212)_10_19-2,10.807518,1.6575527,A549,Trametinib (GSK1120212),10.0,nM,24.0,Trametinib (GSK1120212)_10nM,predicted
pred_Trametinib (GSK1120212)_10_96-2,4.5536804,-1.0651389,A549,Trametinib (GSK1120212),10.0,nM,24.0,Trametinib (GSK1120212)_10nM,predicted
pred_Trametinib (GSK1120212)_10_58-2,3.6571662,-1.7260858,A549,Trametinib (GSK1120212),10.0,nM,24.0,Trametinib (GSK1120212)_10nM,predicted
pred_Trametinib (GSK1120212)_10_150-2,3.783613,-0.098793924,A549,Trametinib (GSK1120212),10.0,nM,24.0,Trametinib (GSK1120212)_10nM,predicted
pred_Trametinib (GSK1120212)_10_76-2,5.160229,-1.8137251,A549,Trametinib (GSK1120212),10.0,nM,24.0,Trametinib (GSK1120212)_10nM,predicted
pred_Trametinib (GSK1120212)_10_33-2,4.583903,-0.08955194,A549,Trametinib (GSK1120212),10.0,nM,24.0,Trametinib (GSK1120212)_10nM,predicted
pred_Trametinib (GSK1120212)_10_171-2,6.8995976,-2.6070569,A549,Trametinib (GSK1120212),10.0,nM,24.0,Trametinib (GSK1120212)_10nM,predicted
pred_Trametinib (GSK1120212)_10_65-2,6.0992365,-1.884441,A549,Trametinib (GSK1120212),10.0,nM,24.0,Trametinib (GSK1120212)_10nM,predicted
pred_Trametinib (GSK1120212)_10_28-2,6.3904533,-1.2578346,A549,Trametinib (GSK1120212),10.0,nM,24.0,Trametinib (GSK1120212)_10nM,predicted
pred_Trametinib (GSK1120212)_10_144-2,12.397712,-1.1932312,A549,Trametinib (GSK1120212),10.0,nM,24.0,Trametinib (GSK1120212)_10nM,predicted
pred_Trametinib (GSK1120212)_10_163-2,10.857854,-2.3866277,A549,Trametinib (GSK1120212),10.0,nM,24.0,Trametinib (GSK1120212)_10nM,predicted
pred_Trametinib (GSK1120212)_10_169-2,8.56238,-4.3943696,A549,Trametinib (GSK1120212),10.0,nM,24.0,Trametinib (GSK1120212)_10nM,predicted
pred_Trametinib (GSK1120212)_10_78-2,4.9315515,-2.7477274,A549,Trametinib (GSK1120212),10.0,nM,24.0,Trametinib (GSK1120212)_10nM,predicted
pred_Trametinib (GSK1120212)_10_111-2,5.58614,-2.1722438,A549,Trametinib (GSK1120212),10.0,nM,24.0,Trametinib (GSK1120212)_10nM,predicted
pred_Trametinib (GSK1120212)_10_40-2,5.1076074,0.6055511,A549,Trametinib (GSK1120212),10.0,nM,24.0,Trametinib (GSK1120212)_10nM,predicted
pred_Trametinib (GSK1120212)_10_172-2,9.108903,-3.212239,A549,Trametinib (GSK1120212),10.0,nM,24.0,Trametinib (GSK1120212)_10nM,predicted
pred_Trametinib (GSK1120212)_10_82-2,3.5407944,-1.5945194,A549,Trametinib (GSK1120212),10.0,nM,24.0,Trametinib (GSK1120212)_10nM,predicted
pred_Trametinib (GSK1120212)_10_178-2,5.841252,-4.2289824,A549,Trametinib (GSK1120212),10.0,nM,24.0,Trametinib (GSK1120212)_10nM,predicted
pred_Trametinib (GSK1120212)_10_122-2,9.644171,2.6087544,A549,Trametinib (GSK1120212),10.0,nM,24.0,Trametinib (GSK1120212)_10nM,predicted
pred_Trametinib (GSK1120212)_10_44-2,7.400058,3.2951894,A549,Trametinib (GSK1120212),10.0,nM,24.0,Trametinib (GSK1120212)_10nM,predicted
pred_Trametinib (GSK1120212)_10_41-2,12.294751,-1.2817565,A549,Trametinib (GSK1120212),10.0,nM,24.0,Trametinib (GSK1120212)_10nM,predicted
pred_Trametinib (GSK1120212)_10_18-2,6.814083,-3.1336436,A549,Trametinib (GSK1120212),10.0,nM,24.0,Trametinib (GSK1120212)_10nM,predicted
pred_Trametinib (GSK1120212)_10_51-2,8.440817,-4.1751842,A549,Trametinib (GSK1120212),10.0,nM,24.0,Trametinib (GSK1120212)_10nM,predicted
pred_Trametinib (GSK1120212)_10_6-2,5.9764247,2.3994193,A549,Trametinib (GSK1120212),10.0,nM,24.0,Trametinib (GSK1120212)_10nM,predicted
pred_Trametinib (GSK1120212)_10_119-2,4.2022877,-2.020177,A549,Trametinib (GSK1120212),10.0,nM,24.0,Trametinib (GSK1120212)_10nM,predicted
pred_Trametinib (GSK1120212)_10_89-2,10.378774,2.0836935,A549,Trametinib (GSK1120212),10.0,nM,24.0,Trametinib (GSK1120212)_10nM,predicted
pred_Trametinib (GSK1120212)_10_72-2,6.77257,-3.3221197,A549,Trametinib (GSK1120212),10.0,nM,24.0,Trametinib (GSK1120212)_10nM,predicted
pred_Trametinib (GSK1120212)_10_61-2,3.7924473,-2.1026733,A549,Trametinib (GSK1120212),10.0,nM,24.0,Trametinib (GSK1120212)_10nM,predicted
pred_Trametinib (GSK1120212)_10_120-2,6.4129515,2.0791435,A549,Trametinib (GSK1120212),10.0,nM,24.0,Trametinib (GSK1120212)_10nM,predicted
pred_Trametinib (GSK1120212)_10_179-2,3.0000896,-0.9319772,A549,Trametinib (GSK1120212),10.0,nM,24.0,Trametinib (GSK1120212)_10nM,predicted
pred_Trametinib (GSK1120212)_10_137-2,4.0523596,-2.538916,A549,Trametinib (GSK1120212),10.0,nM,24.0,Trametinib (GSK1120212)_10nM,predicted
pred_Trametinib (GSK1120212)_10_71-2,9.302101,3.5578814,A549,Trametinib (GSK1120212),10.0,nM,24.0,Trametinib (GSK1120212)_10nM,predicted
pred_Trametinib (GSK1120212)_10_16-2,8.311095,-2.599538,A549,Trametinib (GSK1120212),10.0,nM,24.0,Trametinib (GSK1120212)_10nM,predicted
pred_Trametinib (GSK1120212)_10_109-2,11.063728,-2.8466213,A549,Trametinib (GSK1120212),10.0,nM,24.0,Trametinib (GSK1120212)_10nM,predicted
pred_Trametinib (GSK1120212)_10_0-2,7.539065,-4.1803374,A549,Trametinib (GSK1120212),10.0,nM,24.0,Trametinib (GSK1120212)_10nM,predicted
pred_Trametinib (GSK1120212)_10_36-2,4.2135878,-2.6095703,A549,Trametinib (GSK1120212),10.0,nM,24.0,Trametinib (GSK1120212)_10nM,predicted
pred_Trametinib (GSK1120212)_10_133-2,12.298488,0.33863583,A549,Trametinib (GSK1120212),10.0,nM,24.0,Trametinib (GSK1120212)_10nM,predicted
pred_Trametinib (GSK1120212)_10_121-2,5.850434,-4.2349935,A549,Trametinib (GSK1120212),10.0,nM,24.0,Trametinib (GSK1120212)_10nM,predicted
pred_Trametinib (GSK1120212)_10_176-2,4.493396,-2.5408347,A549,Trametinib (GSK1120212),10.0,nM,24.0,Trametinib (GSK1120212)_10nM,predicted
pred_Trametinib (GSK1120212)_10_187-2,4.934669,1.1167204,A549,Trametinib (GSK1120212),10.0,nM,24.0,Trametinib (GSK1120212)_10nM,predicted
pred_Trametinib (GSK1120212)_10_10-2,10.434981,-3.3937612,A549,Trametinib (GSK1120212),10.0,nM,24.0,Trametinib (GSK1120212)_10nM,predicted
pred_Trametinib (GSK1120212)_10_75-2,7.2023215,-2.3115783,A549,Trametinib (GSK1120212),10.0,nM,24.0,Trametinib (GSK1120212)_10nM,predicted
pred_Trametinib (GSK1120212)_10_161-2,9.6876545,2.3000398,A549,Trametinib (GSK1120212),10.0,nM,24.0,Trametinib (GSK1120212)_10nM,predicted
pred_Trametinib (GSK1120212)_10_39-2,9.826501,2.8087971,A549,Trametinib (GSK1120212),10.0,nM,24.0,Trametinib (GSK1120212)_10nM,predicted
pred_Trametinib (GSK1120212)_10_64-2,11.185635,3.2666104,A549,Trametinib (GSK1120212),10.0,nM,24.0,Trametinib (GSK1120212)_10nM,predicted
pred_Trametinib (GSK1120212)_10_190-2,5.0638585,1.0345889,A549,Trametinib (GSK1120212),10.0,nM,24.0,Trametinib (GSK1120212)_10nM,predicted
pred_Trametinib (GSK1120212)_10_73-2,2.7459953,-1.5608124,A549,Trametinib (GSK1120212),10.0,nM,24.0,Trametinib (GSK1120212)_10nM,predicted
pred_Trametinib (GSK1120212)_10_164-2,2.3914137,-0.37023753,A549,Trametinib (GSK1120212),10.0,nM,24.0,Trametinib (GSK1120212)_10nM,predicted
pred_Trametinib (GSK1120212)_10_59-2,3.357187,-2.0692382,A549,Trametinib (GSK1120212),10.0,nM,24.0,Trametinib (GSK1120212)_10nM,predicted
pred_Trametinib (GSK1120212)_10_173-2,7.9420185,-4.293377,A549,Trametinib (GSK1120212),10.0,nM,24.0,Trametinib (GSK1120212)_10nM,predicted
pred_Trametinib (GSK1120212)_10_91-2,2.6126907,-0.1926076,A549,Trametinib (GSK1120212),10.0,nM,24.0,Trametinib (GSK1120212)_10nM,predicted
pred_Trametinib (GSK1120212)_10_131-2,9.882061,3.3699205,A549,Trametinib (GSK1120212),10.0,nM,24.0,Trametinib (GSK1120212)_10nM,predicted
pred_Trametinib (GSK1120212)_10_3-2,8.346222,2.011874,A549,Trametinib (GSK1120212),10.0,nM,24.0,Trametinib (GSK1120212)_10nM,predicted
pred_Trametinib (GSK1120212)_10_47-2,9.082192,-2.426561,A549,Trametinib (GSK1120212),10.0,nM,24.0,Trametinib (GSK1120212)_10nM,predicted
pred_Trametinib (GSK1120212)_10_49-2,6.466718,-4.021269,A549,Trametinib (GSK1120212),10.0,nM,24.0,Trametinib (GSK1120212)_10nM,predicted
pred_Trametinib (GSK1120212)_10_191-2,8.686956,2.7815385,A549,Trametinib (GSK1120212),10.0,nM,24.0,Trametinib (GSK1120212)_10nM,predicted
pred_Trametinib (GSK1120212)_10_98-2,12.374432,-1.3584023,A549,Trametinib (GSK1120212),10.0,nM,24.0,Trametinib (GSK1120212)_10nM,predicted
pred_Trametinib (GSK1120212)_10_42-2,3.464362,-2.1491122,A549,Trametinib (GSK1120212),10.0,nM,24.0,Trametinib (GSK1120212)_10nM,predicted
pred_Trametinib (GSK1120212)_10_146-2,4.451861,-2.0000663,A549,Trametinib (GSK1120212),10.0,nM,24.0,Trametinib (GSK1120212)_10nM,predicted
pred_Trametinib (GSK1120212)_10_138-2,8.194249,-3.8104978,A549,Trametinib (GSK1120212),10.0,nM,24.0,Trametinib (GSK1120212)_10nM,predicted
pred_Trametinib (GSK1120212)_10_94-2,7.9568686,3.920548,A549,Trametinib (GSK1120212),10.0,nM,24.0,Trametinib (GSK1120212)_10nM,predicted
pred_Trametinib (GSK1120212)_10_127-2,3.1977444,-1.7051631,A549,Trametinib (GSK1120212),10.0,nM,24.0,Trametinib (GSK1120212)_10nM,predicted
pred_Trametinib (GSK1120212)_10_29-2,10.739367,-2.274672,A549,Trametinib (GSK1120212),10.0,nM,24.0,Trametinib (GSK1120212)_10nM,predicted
pred_Trametinib (GSK1120212)_10_56-2,2.6379952,-1.3688183,A549,Trametinib (GSK1120212),10.0,nM,24.0,Trametinib (GSK1120212)_10nM,predicted
pred_Trametinib (GSK1120212)_10_95-2,11.297394,-2.1295671,A549,Trametinib (GSK1120212),10.0,nM,24.0,Trametinib (GSK1120212)_10nM,predicted
pred_Trametinib (GSK1120212)_10_25-2,7.665281,2.952259,A549,Trametinib (GSK1120212),10.0,nM,24.0,Trametinib (GSK1120212)_10nM,predicted
pred_Trametinib (GSK1120212)_10_99-2,3.6293883,-0.2616096,A549,Trametinib (GSK1120212),10.0,nM,24.0,Trametinib (GSK1120212)_10nM,predicted
pred_Trametinib (GSK1120212)_10_23-2,5.198534,-0.93875766,A549,Trametinib (GSK1120212),10.0,nM,24.0,Trametinib (GSK1120212)_10nM,predicted
pred_Trametinib (GSK1120212)_10_156-2,6.937738,-1.988486,A549,Trametinib (GSK1120212),10.0,nM,24.0,Trametinib (GSK1120212)_10nM,predicted
pred_Trametinib (GSK1120212)_10_157-2,12.819286,1.4851997,A549,Trametinib (GSK1120212),10.0,nM,24.0,Trametinib (GSK1120212)_10nM,predicted
pred_Trametinib (GSK1120212)_10_55-2,9.986459,-2.453619,A549,Trametinib (GSK1120212),10.0,nM,24.0,Trametinib (GSK1120212)_10nM,predicted
pred_Trametinib (GSK1120212)_10_93-2,12.826491,-0.526576,A549,Trametinib (GSK1120212),10.0,nM,24.0,Trametinib (GSK1120212)_10nM,predicted
pred_Trametinib (GSK1120212)_10_102-2,8.87033,-3.9719315,A549,Trametinib (GSK1120212),10.0,nM,24.0,Trametinib (GSK1120212)_10nM,predicted
pred_Trametinib (GSK1120212)_10_14-2,11.727488,-2.6923888,A549,Trametinib (GSK1120212),10.0,nM,24.0,Trametinib (GSK1120212)_10nM,predicted
pred_Trametinib (GSK1120212)_10_116-2,5.0504265,-3.079609,A549,Trametinib (GSK1120212),10.0,nM,24.0,Trametinib (GSK1120212)_10nM,predicted
pred_Trametinib (GSK1120212)_10_13-2,3.3475568,-1.7115368,A549,Trametinib (GSK1120212),10.0,nM,24.0,Trametinib (GSK1120212)_10nM,predicted
pred_Trametinib (GSK1120212)_10_37-2,8.155412,-3.804352,A549,Trametinib (GSK1120212),10.0,nM,24.0,Trametinib (GSK1120212)_10nM,predicted
pred_Trametinib (GSK1120212)_10_50-2,8.984014,-3.5819519,A549,Trametinib (GSK1120212),10.0,nM,24.0,Trametinib (GSK1120212)_10nM,predicted
pred_Trametinib (GSK1120212)_10_143-2,5.85071,-4.2499976,A549,Trametinib (GSK1120212),10.0,nM,24.0,Trametinib (GSK1120212)_10nM,predicted
pred_Trametinib (GSK1120212)_10_195-2,4.83165,1.1351539,A549,Trametinib (GSK1120212),10.0,nM,24.0,Trametinib (GSK1120212)_10nM,predicted
pred_Trametinib (GSK1120212)_10_1-2,8.270979,-2.711683,A549,Trametinib (GSK1120212),10.0,nM,24.0,Trametinib (GSK1120212)_10nM,predicted
pred_Trametinib (GSK1120212)_10_175-2,7.3689175,-3.230388,A549,Trametinib (GSK1120212),10.0,nM,24.0,Trametinib (GSK1120212)_10nM,predicted
pred_Trametinib (GSK1120212)_10_54-2,9.047417,1.2290341,A549,Trametinib (GSK1120212),10.0,nM,24.0,Trametinib (GSK1120212)_10nM,predicted
pred_Trametinib (GSK1120212)_10_124-2,4.9721665,0.09355022,A549,Trametinib (GSK1120212),10.0,nM,24.0,Trametinib (GSK1120212)_10nM,predicted
pred_Trametinib (GSK1120212)_10_153-2,9.814324,3.052971,A549,Trametinib (GSK1120212),10.0,nM,24.0,Trametinib (GSK1120212)_10nM,predicted
pred_Trametinib (GSK1120212)_10_112-2,7.8484297,-4.1437225,A549,Trametinib (GSK1120212),10.0,nM,24.0,Trametinib (GSK1120212)_10nM,predicted
pred_Trametinib (GSK1120212)_10_70-2,11.173026,0.080385186,A549,Trametinib (GSK1120212),10.0,nM,24.0,Trametinib (GSK1120212)_10nM,predicted
pred_Trametinib (GSK1120212)_10_97-2,4.936802,-3.1720307,A549,Trametinib (GSK1120212),10.0,nM,24.0,Trametinib (GSK1120212)_10nM,predicted
pred_Trametinib (GSK1120212)_10_118-2,11.870257,-2.8502421,A549,Trametinib (GSK1120212),10.0,nM,24.0,Trametinib (GSK1120212)_10nM,predicted
pred_Trametinib (GSK1120212)_10_4-2,2.4925098,-0.3665694,A549,Trametinib (GSK1120212),10.0,nM,24.0,Trametinib (GSK1120212)_10nM,predicted
pred_Trametinib (GSK1120212)_10_46-2,2.7139344,-1.2535526,A549,Trametinib (GSK1120212),10.0,nM,24.0,Trametinib (GSK1120212)_10nM,predicted
pred_Trametinib (GSK1120212)_10_158-2,11.751832,2.7657337,A549,Trametinib (GSK1120212),10.0,nM,24.0,Trametinib (GSK1120212)_10nM,predicted
pred_Trametinib (GSK1120212)_10_117-2,8.137086,-3.862794,A549,Trametinib (GSK1120212),10.0,nM,24.0,Trametinib (GSK1120212)_10nM,predicted
pred_Trametinib (GSK1120212)_10_66-2,10.409089,2.104929,A549,Trametinib (GSK1120212),10.0,nM,24.0,Trametinib (GSK1120212)_10nM,predicted
pred_Trametinib (GSK1120212)_10_160-2,7.983579,3.0410953,A549,Trametinib (GSK1120212),10.0,nM,24.0,Trametinib (GSK1120212)_10nM,predicted
pred_Trametinib (GSK1120212)_10_145-2,5.7834864,-2.258788,A549,Trametinib (GSK1120212),10.0,nM,24.0,Trametinib (GSK1120212)_10nM,predicted
pred_Trametinib (GSK1120212)_10_166-2,4.6674576,-0.7781653,A549,Trametinib (GSK1120212),10.0,nM,24.0,Trametinib (GSK1120212)_10nM,predicted
pred_Trametinib (GSK1120212)_10_159-2,4.078765,-2.304026,A549,Trametinib (GSK1120212),10.0,nM,24.0,Trametinib (GSK1120212)_10nM,predicted
pred_Trametinib (GSK1120212)_10_174-2,3.5805917,-2.2243783,A549,Trametinib (GSK1120212),10.0,nM,24.0,Trametinib (GSK1120212)_10nM,predicted
pred_Trametinib (GSK1120212)_10_77-2,4.6855583,0.8033162,A549,Trametinib (GSK1120212),10.0,nM,24.0,Trametinib (GSK1120212)_10nM,predicted
pred_Trametinib (GSK1120212)_10_154-2,4.20258,-2.351144,A549,Trametinib (GSK1120212),10.0,nM,24.0,Trametinib (GSK1120212)_10nM,predicted
pred_Trametinib (GSK1120212)_10_139-2,3.5096471,0.16958845,A549,Trametinib (GSK1120212),10.0,nM,24.0,Trametinib (GSK1120212)_10nM,predicted
pred_Trametinib (GSK1120212)_10_15-2,8.576338,2.806629,A549,Trametinib (GSK1120212),10.0,nM,24.0,Trametinib (GSK1120212)_10nM,predicted
pred_Trametinib (GSK1120212)_10_108-2,2.9897,-1.0402765,A549,Trametinib (GSK1120212),10.0,nM,24.0,Trametinib (GSK1120212)_10nM,predicted
pred_Trametinib (GSK1120212)_10_63-2,12.37106,-0.49719277,A549,Trametinib (GSK1120212),10.0,nM,24.0,Trametinib (GSK1120212)_10nM,predicted
pred_Trametinib (GSK1120212)_10_53-2,9.6214695,0.69213533,A549,Trametinib (GSK1120212),10.0,nM,24.0,Trametinib (GSK1120212)_10nM,predicted
pred_Trametinib (GSK1120212)_10_57-2,11.1521845,-1.8236749,A549,Trametinib (GSK1120212),10.0,nM,24.0,Trametinib (GSK1120212)_10nM,predicted
pred_Trametinib (GSK1120212)_10_21-2,10.582614,1.7416544,A549,Trametinib (GSK1120212),10.0,nM,24.0,Trametinib (GSK1120212)_10nM,predicted
pred_Trametinib (GSK1120212)_10_196-2,2.6065676,-1.3128132,A549,Trametinib (GSK1120212),10.0,nM,24.0,Trametinib (GSK1120212)_10nM,predicted
pred_Trametinib (GSK1120212)_10_22-2,7.548389,-2.1813307,A549,Trametinib (GSK1120212),10.0,nM,24.0,Trametinib (GSK1120212)_10nM,predicted
pred_Trametinib (GSK1120212)_10_194-2,4.5198183,-2.5911884,A549,Trametinib (GSK1120212),10.0,nM,24.0,Trametinib (GSK1120212)_10nM,predicted
pred_Trametinib (GSK1120212)_10_186-2,8.556321,-4.5297985,A549,Trametinib (GSK1120212),10.0,nM,24.0,Trametinib (GSK1120212)_10nM,predicted
pred_Trametinib (GSK1120212)_10_134-2,9.1591835,-3.0764656,A549,Trametinib (GSK1120212),10.0,nM,24.0,Trametinib (GSK1120212)_10nM,predicted
pred_Trametinib (GSK1120212)_10_165-2,11.278195,-2.4996276,A549,Trametinib (GSK1120212),10.0,nM,24.0,Trametinib (GSK1120212)_10nM,predicted
pred_Trametinib (GSK1120212)_10_123-2,7.228292,-1.995521,A549,Trametinib (GSK1120212),10.0,nM,24.0,Trametinib (GSK1120212)_10nM,predicted
pred_Trametinib (GSK1120212)_10_74-2,8.363498,1.9778241,A549,Trametinib (GSK1120212),10.0,nM,24.0,Trametinib (GSK1120212)_10nM,predicted
pred_Trametinib (GSK1120212)_10_182-2,3.635165,-2.0919023,A549,Trametinib (GSK1120212),10.0,nM,24.0,Trametinib (GSK1120212)_10nM,predicted
pred_Trametinib (GSK1120212)_10_27-2,12.27862,2.0171156,A549,Trametinib (GSK1120212),10.0,nM,24.0,Trametinib (GSK1120212)_10nM,predicted
pred_Trametinib (GSK1120212)_10_31-2,5.1697397,-3.5562344,A549,Trametinib (GSK1120212),10.0,nM,24.0,Trametinib (GSK1120212)_10nM,predicted
pred_Trametinib (GSK1120212)_10_177-2,12.247277,0.4135523,A549,Trametinib (GSK1120212),10.0,nM,24.0,Trametinib (GSK1120212)_10nM,predicted
pred_Trametinib (GSK1120212)_10_107-2,7.289063,-2.259865,A549,Trametinib (GSK1120212),10.0,nM,24.0,Trametinib (GSK1120212)_10nM,predicted
pred_Trametinib (GSK1120212)_10_5-2,11.165538,0.12734531,A549,Trametinib (GSK1120212),10.0,nM,24.0,Trametinib (GSK1120212)_10nM,predicted
pred_Trametinib (GSK1120212)_10_48-2,10.537547,-2.8835466,A549,Trametinib (GSK1120212),10.0,nM,24.0,Trametinib (GSK1120212)_10nM,predicted
pred_Trametinib (GSK1120212)_10_34-2,4.9774356,1.149846,A549,Trametinib (GSK1120212),10.0,nM,24.0,Trametinib (GSK1120212)_10nM,predicted
pred_Trametinib (GSK1120212)_10_11-2,5.987158,2.3239412,A549,Trametinib (GSK1120212),10.0,nM,24.0,Trametinib (GSK1120212)_10nM,predicted
pred_Trametinib (GSK1120212)_10_129-2,9.869495,2.8512774,A549,Trametinib (GSK1120212),10.0,nM,24.0,Trametinib (GSK1120212)_10nM,predicted
pred_Trametinib (GSK1120212)_10_86-2,4.0919228,-2.3493454,A549,Trametinib (GSK1120212),10.0,nM,24.0,Trametinib (GSK1120212)_10nM,predicted
pred_Trametinib (GSK1120212)_10_183-2,4.0231075,-0.97670025,A549,Trametinib (GSK1120212),10.0,nM,24.0,Trametinib (GSK1120212)_10nM,predicted
pred_Trametinib (GSK1120212)_10_189-2,9.271435,3.9479692,A549,Trametinib (GSK1120212),10.0,nM,24.0,Trametinib (GSK1120212)_10nM,predicted
pred_Trametinib (GSK1120212)_10_104-2,6.897643,-3.368057,A549,Trametinib (GSK1120212),10.0,nM,24.0,Trametinib (GSK1120212)_10nM,predicted
pred_Trametinib (GSK1120212)_10_17-2,3.9913528,-1.0037321,A549,Trametinib (GSK1120212),10.0,nM,24.0,Trametinib (GSK1120212)_10nM,predicted
pred_Trametinib (GSK1120212)_10_26-2,3.5084493,-2.211939,A549,Trametinib (GSK1120212),10.0,nM,24.0,Trametinib (GSK1120212)_10nM,predicted
pred_Trametinib (GSK1120212)_10_193-2,10.342022,-3.3040063,A549,Trametinib (GSK1120212),10.0,nM,24.0,Trametinib (GSK1120212)_10nM,predicted
pred_Trametinib (GSK1120212)_10_184-2,4.886155,0.6528899,A549,Trametinib (GSK1120212),10.0,nM,24.0,Trametinib (GSK1120212)_10nM,predicted
pred_Trametinib (GSK1120212)_100_40-2,6.0861983,-3.8053281,A549,Trametinib (GSK1120212),100.0,nM,24.0,Trametinib (GSK1120212)_100nM,predicted
pred_Trametinib (GSK1120212)_100_150-2,6.52438,2.457023,A549,Trametinib (GSK1120212),100.0,nM,24.0,Trametinib (GSK1120212)_100nM,predicted
pred_Trametinib (GSK1120212)_100_52-2,3.9437501,-1.5556777,A549,Trametinib (GSK1120212),100.0,nM,24.0,Trametinib (GSK1120212)_100nM,predicted
pred_Trametinib (GSK1120212)_100_53-2,4.617325,-1.2941238,A549,Trametinib (GSK1120212),100.0,nM,24.0,Trametinib (GSK1120212)_100nM,predicted
pred_Trametinib (GSK1120212)_100_160-2,3.880423,0.28585058,A549,Trametinib (GSK1120212),100.0,nM,24.0,Trametinib (GSK1120212)_100nM,predicted
pred_Trametinib (GSK1120212)_100_143-2,12.0416765,-0.92327493,A549,Trametinib (GSK1120212),100.0,nM,24.0,Trametinib (GSK1120212)_100nM,predicted
pred_Trametinib (GSK1120212)_100_70-2,5.5922246,-3.9415405,A549,Trametinib (GSK1120212),100.0,nM,24.0,Trametinib (GSK1120212)_100nM,predicted
pred_Trametinib (GSK1120212)_100_146-2,12.436487,-0.13018052,A549,Trametinib (GSK1120212),100.0,nM,24.0,Trametinib (GSK1120212)_100nM,predicted
pred_Trametinib (GSK1120212)_100_93-2,8.937749,3.5555792,A549,Trametinib (GSK1120212),100.0,nM,24.0,Trametinib (GSK1120212)_100nM,predicted
pred_Trametinib (GSK1120212)_100_81-2,1.871641,1.2443588,A549,Trametinib (GSK1120212),100.0,nM,24.0,Trametinib (GSK1120212)_100nM,predicted
pred_Trametinib (GSK1120212)_100_35-2,4.4569592,-0.4926404,A549,Trametinib (GSK1120212),100.0,nM,24.0,Trametinib (GSK1120212)_100nM,predicted
pred_Trametinib (GSK1120212)_100_185-2,7.642553,3.7524612,A549,Trametinib (GSK1120212),100.0,nM,24.0,Trametinib (GSK1120212)_100nM,predicted
pred_Trametinib (GSK1120212)_100_25-2,7.3984547,-2.0411031,A549,Trametinib (GSK1120212),100.0,nM,24.0,Trametinib (GSK1120212)_100nM,predicted
pred_Trametinib (GSK1120212)_100_106-2,6.616437,-1.5556346,A549,Trametinib (GSK1120212),100.0,nM,24.0,Trametinib (GSK1120212)_100nM,predicted
pred_Trametinib (GSK1120212)_100_20-2,7.522237,0.71303767,A549,Trametinib (GSK1120212),100.0,nM,24.0,Trametinib (GSK1120212)_100nM,predicted
pred_Trametinib (GSK1120212)_100_187-2,11.666184,-2.484973,A549,Trametinib (GSK1120212),100.0,nM,24.0,Trametinib (GSK1120212)_100nM,predicted
pred_Trametinib (GSK1120212)_100_17-2,9.821073,2.549681,A549,Trametinib (GSK1120212),100.0,nM,24.0,Trametinib (GSK1120212)_100nM,predicted
pred_Trametinib (GSK1120212)_100_64-2,11.587941,-0.18369123,A549,Trametinib (GSK1120212),100.0,nM,24.0,Trametinib (GSK1120212)_100nM,predicted
pred_Trametinib (GSK1120212)_100_30-2,6.358579,-0.7487382,A549,Trametinib (GSK1120212),100.0,nM,24.0,Trametinib (GSK1120212)_100nM,predicted
pred_Trametinib (GSK1120212)_100_96-2,6.763785,-1.6812388,A549,Trametinib (GSK1120212),100.0,nM,24.0,Trametinib (GSK1120212)_100nM,predicted
pred_Trametinib (GSK1120212)_100_23-2,10.496796,-2.354218,A549,Trametinib (GSK1120212),100.0,nM,24.0,Trametinib (GSK1120212)_100nM,predicted
pred_Trametinib (GSK1120212)_100_172-2,6.069664,-1.7349385,A549,Trametinib (GSK1120212),100.0,nM,24.0,Trametinib (GSK1120212)_100nM,predicted
pred_Trametinib (GSK1120212)_100_167-2,9.762517,4.1051383,A549,Trametinib (GSK1120212),100.0,nM,24.0,Trametinib (GSK1120212)_100nM,predicted
pred_Trametinib (GSK1120212)_100_180-2,4.043854,-1.818012,A549,Trametinib (GSK1120212),100.0,nM,24.0,Trametinib (GSK1120212)_100nM,predicted
pred_Trametinib (GSK1120212)_100_100-2,10.838541,0.6144792,A549,Trametinib (GSK1120212),100.0,nM,24.0,Trametinib (GSK1120212)_100nM,predicted
pred_Trametinib (GSK1120212)_100_33-2,9.916545,0.31713083,A549,Trametinib (GSK1120212),100.0,nM,24.0,Trametinib (GSK1120212)_100nM,predicted
pred_Trametinib (GSK1120212)_100_83-2,5.472773,-1.3389273,A549,Trametinib (GSK1120212),100.0,nM,24.0,Trametinib (GSK1120212)_100nM,predicted
pred_Trametinib (GSK1120212)_100_43-2,10.139844,2.743891,A549,Trametinib (GSK1120212),100.0,nM,24.0,Trametinib (GSK1120212)_100nM,predicted
pred_Trametinib (GSK1120212)_100_171-2,4.384187,-2.001818,A549,Trametinib (GSK1120212),100.0,nM,24.0,Trametinib (GSK1120212)_100nM,predicted
pred_Trametinib (GSK1120212)_100_169-2,3.5871563,-2.2256494,A549,Trametinib (GSK1120212),100.0,nM,24.0,Trametinib (GSK1120212)_100nM,predicted
pred_Trametinib (GSK1120212)_100_58-2,9.477848,-2.7714484,A549,Trametinib (GSK1120212),100.0,nM,24.0,Trametinib (GSK1120212)_100nM,predicted
pred_Trametinib (GSK1120212)_100_117-2,11.615792,2.9634404,A549,Trametinib (GSK1120212),100.0,nM,24.0,Trametinib (GSK1120212)_100nM,predicted
pred_Trametinib (GSK1120212)_100_155-2,11.193994,-1.113568,A549,Trametinib (GSK1120212),100.0,nM,24.0,Trametinib (GSK1120212)_100nM,predicted
pred_Trametinib (GSK1120212)_100_89-2,4.908966,-1.7016256,A549,Trametinib (GSK1120212),100.0,nM,24.0,Trametinib (GSK1120212)_100nM,predicted
pred_Trametinib (GSK1120212)_100_192-2,9.486342,-3.5457408,A549,Trametinib (GSK1120212),100.0,nM,24.0,Trametinib (GSK1120212)_100nM,predicted
pred_Trametinib (GSK1120212)_100_109-2,9.700932,3.9428866,A549,Trametinib (GSK1120212),100.0,nM,24.0,Trametinib (GSK1120212)_100nM,predicted
pred_Trametinib (GSK1120212)_100_122-2,10.536775,0.34284127,A549,Trametinib (GSK1120212),100.0,nM,24.0,Trametinib (GSK1120212)_100nM,predicted
pred_Trametinib (GSK1120212)_100_85-2,4.35048,-1.1342036,A549,Trametinib (GSK1120212),100.0,nM,24.0,Trametinib (GSK1120212)_100nM,predicted
pred_Trametinib (GSK1120212)_100_49-2,8.122201,-3.820747,A549,Trametinib (GSK1120212),100.0,nM,24.0,Trametinib (GSK1120212)_100nM,predicted
pred_Trametinib (GSK1120212)_100_114-2,8.364914,-3.6092694,A549,Trametinib (GSK1120212),100.0,nM,24.0,Trametinib (GSK1120212)_100nM,predicted
pred_Trametinib (GSK1120212)_100_105-2,10.413178,2.7146955,A549,Trametinib (GSK1120212),100.0,nM,24.0,Trametinib (GSK1120212)_100nM,predicted
pred_Trametinib (GSK1120212)_100_31-2,11.06357,-2.9242098,A549,Trametinib (GSK1120212),100.0,nM,24.0,Trametinib (GSK1120212)_100nM,predicted
pred_Trametinib (GSK1120212)_100_3-2,7.242542,0.61550534,A549,Trametinib (GSK1120212),100.0,nM,24.0,Trametinib (GSK1120212)_100nM,predicted
pred_Trametinib (GSK1120212)_100_19-2,10.329453,3.0636768,A549,Trametinib (GSK1120212),100.0,nM,24.0,Trametinib (GSK1120212)_100nM,predicted
pred_Trametinib (GSK1120212)_100_182-2,12.493307,0.50818074,A549,Trametinib (GSK1120212),100.0,nM,24.0,Trametinib (GSK1120212)_100nM,predicted
pred_Trametinib (GSK1120212)_100_121-2,11.306319,0.2035384,A549,Trametinib (GSK1120212),100.0,nM,24.0,Trametinib (GSK1120212)_100nM,predicted
pred_Trametinib (GSK1120212)_100_115-2,2.3929806,-0.6819348,A549,Trametinib (GSK1120212),100.0,nM,24.0,Trametinib (GSK1120212)_100nM,predicted
pred_Trametinib (GSK1120212)_100_16-2,12.448707,1.8753531,A549,Trametinib (GSK1120212),100.0,nM,24.0,Trametinib (GSK1120212)_100nM,predicted
pred_Trametinib (GSK1120212)_100_176-2,12.105454,-1.1720735,A549,Trametinib (GSK1120212),100.0,nM,24.0,Trametinib (GSK1120212)_100nM,predicted
pred_Trametinib (GSK1120212)_100_116-2,10.04212,0.4615874,A549,Trametinib (GSK1120212),100.0,nM,24.0,Trametinib (GSK1120212)_100nM,predicted
pred_Trametinib (GSK1120212)_100_118-2,10.859541,-1.7138636,A549,Trametinib (GSK1120212),100.0,nM,24.0,Trametinib (GSK1120212)_100nM,predicted
pred_Trametinib (GSK1120212)_100_161-2,6.8056445,-2.2831216,A549,Trametinib (GSK1120212),100.0,nM,24.0,Trametinib (GSK1120212)_100nM,predicted
pred_Trametinib (GSK1120212)_100_92-2,5.3651624,-2.4622169,A549,Trametinib (GSK1120212),100.0,nM,24.0,Trametinib (GSK1120212)_100nM,predicted
pred_Trametinib (GSK1120212)_100_128-2,11.157827,1.5555687,A549,Trametinib (GSK1120212),100.0,nM,24.0,Trametinib (GSK1120212)_100nM,predicted
pred_Trametinib (GSK1120212)_100_137-2,9.074818,1.3629011,A549,Trametinib (GSK1120212),100.0,nM,24.0,Trametinib (GSK1120212)_100nM,predicted
pred_Trametinib (GSK1120212)_100_45-2,7.0804405,2.372102,A549,Trametinib (GSK1120212),100.0,nM,24.0,Trametinib (GSK1120212)_100nM,predicted
pred_Trametinib (GSK1120212)_100_138-2,4.580101,-1.3414515,A549,Trametinib (GSK1120212),100.0,nM,24.0,Trametinib (GSK1120212)_100nM,predicted
pred_Trametinib (GSK1120212)_100_111-2,8.401431,1.6837531,A549,Trametinib (GSK1120212),100.0,nM,24.0,Trametinib (GSK1120212)_100nM,predicted
pred_Trametinib (GSK1120212)_100_123-2,6.812645,-2.1256597,A549,Trametinib (GSK1120212),100.0,nM,24.0,Trametinib (GSK1120212)_100nM,predicted
pred_Trametinib (GSK1120212)_100_174-2,7.3381224,-1.8445845,A549,Trametinib (GSK1120212),100.0,nM,24.0,Trametinib (GSK1120212)_100nM,predicted
pred_Trametinib (GSK1120212)_100_44-2,6.197741,-1.6305015,A549,Trametinib (GSK1120212),100.0,nM,24.0,Trametinib (GSK1120212)_100nM,predicted
pred_Trametinib (GSK1120212)_100_152-2,8.230661,2.1210546,A549,Trametinib (GSK1120212),100.0,nM,24.0,Trametinib (GSK1120212)_100nM,predicted
pred_Trametinib (GSK1120212)_100_76-2,12.902491,-0.56986743,A549,Trametinib (GSK1120212),100.0,nM,24.0,Trametinib (GSK1120212)_100nM,predicted
pred_Trametinib (GSK1120212)_100_9-2,10.171726,-2.5047758,A549,Trametinib (GSK1120212),100.0,nM,24.0,Trametinib (GSK1120212)_100nM,predicted
pred_Trametinib (GSK1120212)_100_32-2,10.867744,3.2273562,A549,Trametinib (GSK1120212),100.0,nM,24.0,Trametinib (GSK1120212)_100nM,predicted
pred_Trametinib (GSK1120212)_100_151-2,5.329366,-2.5710244,A549,Trametinib (GSK1120212),100.0,nM,24.0,Trametinib (GSK1120212)_100nM,predicted
pred_Trametinib (GSK1120212)_100_27-2,9.171016,-3.5252726,A549,Trametinib (GSK1120212),100.0,nM,24.0,Trametinib (GSK1120212)_100nM,predicted
pred_Trametinib (GSK1120212)_100_134-2,7.032132,-3.1491177,A549,Trametinib (GSK1120212),100.0,nM,24.0,Trametinib (GSK1120212)_100nM,predicted
pred_Trametinib (GSK1120212)_100_80-2,4.3447585,-2.6153827,A549,Trametinib (GSK1120212),100.0,nM,24.0,Trametinib (GSK1120212)_100nM,predicted
pred_Trametinib (GSK1120212)_100_164-2,7.536513,-2.7577388,A549,Trametinib (GSK1120212),100.0,nM,24.0,Trametinib (GSK1120212)_100nM,predicted
pred_Trametinib (GSK1120212)_100_88-2,7.409803,-3.626629,A549,Trametinib (GSK1120212),100.0,nM,24.0,Trametinib (GSK1120212)_100nM,predicted
pred_Trametinib (GSK1120212)_100_135-2,3.6034048,-0.006299888,A549,Trametinib (GSK1120212),100.0,nM,24.0,Trametinib (GSK1120212)_100nM,predicted
pred_Trametinib (GSK1120212)_100_10-2,9.564235,1.7562289,A549,Trametinib (GSK1120212),100.0,nM,24.0,Trametinib (GSK1120212)_100nM,predicted
pred_Trametinib (GSK1120212)_100_162-2,10.741759,0.61058235,A549,Trametinib (GSK1120212),100.0,nM,24.0,Trametinib (GSK1120212)_100nM,predicted
pred_Trametinib (GSK1120212)_100_107-2,8.9846,-3.6499534,A549,Trametinib (GSK1120212),100.0,nM,24.0,Trametinib (GSK1120212)_100nM,predicted
pred_Trametinib (GSK1120212)_100_67-2,6.8517675,-2.2713878,A549,Trametinib (GSK1120212),100.0,nM,24.0,Trametinib (GSK1120212)_100nM,predicted
pred_Trametinib (GSK1120212)_100_145-2,12.474731,1.9889786,A549,Trametinib (GSK1120212),100.0,nM,24.0,Trametinib (GSK1120212)_100nM,predicted
pred_Trametinib (GSK1120212)_100_72-2,8.7313595,0.3781526,A549,Trametinib (GSK1120212),100.0,nM,24.0,Trametinib (GSK1120212)_100nM,predicted
pred_Trametinib (GSK1120212)_100_159-2,6.7026086,-1.5042771,A549,Trametinib (GSK1120212),100.0,nM,24.0,Trametinib (GSK1120212)_100nM,predicted
pred_Trametinib (GSK1120212)_100_47-2,12.048697,-1.1653953,A549,Trametinib (GSK1120212),100.0,nM,24.0,Trametinib (GSK1120212)_100nM,predicted
pred_Trametinib (GSK1120212)_100_127-2,5.4003325,-3.547161,A549,Trametinib (GSK1120212),100.0,nM,24.0,Trametinib (GSK1120212)_100nM,predicted
pred_Trametinib (GSK1120212)_100_15-2,7.3255796,3.4535513,A549,Trametinib (GSK1120212),100.0,nM,24.0,Trametinib (GSK1120212)_100nM,predicted
pred_Trametinib (GSK1120212)_100_104-2,2.8174453,-0.93357605,A549,Trametinib (GSK1120212),100.0,nM,24.0,Trametinib (GSK1120212)_100nM,predicted
pred_Trametinib (GSK1120212)_100_36-2,3.0878713,-1.7358328,A549,Trametinib (GSK1120212),100.0,nM,24.0,Trametinib (GSK1120212)_100nM,predicted
pred_Trametinib (GSK1120212)_100_79-2,1.8488634,1.2043815,A549,Trametinib (GSK1120212),100.0,nM,24.0,Trametinib (GSK1120212)_100nM,predicted
pred_Trametinib (GSK1120212)_100_113-2,5.2400255,-2.9152534,A549,Trametinib (GSK1120212),100.0,nM,24.0,Trametinib (GSK1120212)_100nM,predicted
pred_Trametinib (GSK1120212)_100_87-2,5.2879243,1.3543329,A549,Trametinib (GSK1120212),100.0,nM,24.0,Trametinib (GSK1120212)_100nM,predicted
pred_Trametinib (GSK1120212)_100_11-2,5.595793,-3.8353653,A549,Trametinib (GSK1120212),100.0,nM,24.0,Trametinib (GSK1120212)_100nM,predicted
pred_Trametinib (GSK1120212)_100_168-2,10.16971,2.440218,A549,Trametinib (GSK1120212),100.0,nM,24.0,Trametinib (GSK1120212)_100nM,predicted
pred_Trametinib (GSK1120212)_100_170-2,13.085805,-0.5758826,A549,Trametinib (GSK1120212),100.0,nM,24.0,Trametinib (GSK1120212)_100nM,predicted
pred_Trametinib (GSK1120212)_100_125-2,11.484073,-2.7816484,A549,Trametinib (GSK1120212),100.0,nM,24.0,Trametinib (GSK1120212)_100nM,predicted
pred_Trametinib (GSK1120212)_100_51-2,10.769446,3.321967,A549,Trametinib (GSK1120212),100.0,nM,24.0,Trametinib (GSK1120212)_100nM,predicted
pred_Trametinib (GSK1120212)_100_56-2,7.52343,-4.225775,A549,Trametinib (GSK1120212),100.0,nM,24.0,Trametinib (GSK1120212)_100nM,predicted
pred_Trametinib (GSK1120212)_100_57-2,3.9327745,-1.6961826,A549,Trametinib (GSK1120212),100.0,nM,24.0,Trametinib (GSK1120212)_100nM,predicted
pred_Trametinib (GSK1120212)_100_41-2,7.617627,2.4233708,A549,Trametinib (GSK1120212),100.0,nM,24.0,Trametinib (GSK1120212)_100nM,predicted
pred_Trametinib (GSK1120212)_100_158-2,8.004226,3.0233703,A549,Trametinib (GSK1120212),100.0,nM,24.0,Trametinib (GSK1120212)_100nM,predicted
pred_Trametinib (GSK1120212)_100_22-2,7.5373764,-1.6195661,A549,Trametinib (GSK1120212),100.0,nM,24.0,Trametinib (GSK1120212)_100nM,predicted
pred_Trametinib (GSK1120212)_100_18-2,12.354,-0.78199416,A549,Trametinib (GSK1120212),100.0,nM,24.0,Trametinib (GSK1120212)_100nM,predicted
pred_Trametinib (GSK1120212)_100_50-2,8.262305,3.436426,A549,Trametinib (GSK1120212),100.0,nM,24.0,Trametinib (GSK1120212)_100nM,predicted
pred_Trametinib (GSK1120212)_100_69-2,3.1516001,-0.4896596,A549,Trametinib (GSK1120212),100.0,nM,24.0,Trametinib (GSK1120212)_100nM,predicted
pred_Trametinib (GSK1120212)_100_77-2,6.6484013,-1.5569496,A549,Trametinib (GSK1120212),100.0,nM,24.0,Trametinib (GSK1120212)_100nM,predicted
pred_Trametinib (GSK1120212)_100_147-2,10.4120655,3.4461815,A549,Trametinib (GSK1120212),100.0,nM,24.0,Trametinib (GSK1120212)_100nM,predicted
pred_Trametinib (GSK1120212)_100_94-2,4.016069,-2.2039132,A549,Trametinib (GSK1120212),100.0,nM,24.0,Trametinib (GSK1120212)_100nM,predicted
pred_Trametinib (GSK1120212)_100_189-2,6.209763,-0.8682545,A549,Trametinib (GSK1120212),100.0,nM,24.0,Trametinib (GSK1120212)_100nM,predicted
pred_Trametinib (GSK1120212)_100_1-2,9.447674,2.8322704,A549,Trametinib (GSK1120212),100.0,nM,24.0,Trametinib (GSK1120212)_100nM,predicted
pred_Trametinib (GSK1120212)_100_108-2,10.080352,1.2958724,A549,Trametinib (GSK1120212),100.0,nM,24.0,Trametinib (GSK1120212)_100nM,predicted
pred_Trametinib (GSK1120212)_100_184-2,8.1145315,1.2826371,A549,Trametinib (GSK1120212),100.0,nM,24.0,Trametinib (GSK1120212)_100nM,predicted
pred_Trametinib (GSK1120212)_100_46-2,10.527538,0.31931373,A549,Trametinib (GSK1120212),100.0,nM,24.0,Trametinib (GSK1120212)_100nM,predicted
pred_Trametinib (GSK1120212)_100_140-2,10.954441,-1.2570202,A549,Trametinib (GSK1120212),100.0,nM,24.0,Trametinib (GSK1120212)_100nM,predicted
pred_Trametinib (GSK1120212)_100_84-2,12.37267,2.210426,A549,Trametinib (GSK1120212),100.0,nM,24.0,Trametinib (GSK1120212)_100nM,predicted
pred_Trametinib (GSK1120212)_100_8-2,13.267401,-0.4273743,A549,Trametinib (GSK1120212),100.0,nM,24.0,Trametinib (GSK1120212)_100nM,predicted
pred_Trametinib (GSK1120212)_100_102-2,4.0803137,-1.3715425,A549,Trametinib (GSK1120212),100.0,nM,24.0,Trametinib (GSK1120212)_100nM,predicted
pred_Trametinib (GSK1120212)_100_177-2,5.444168,-2.043678,A549,Trametinib (GSK1120212),100.0,nM,24.0,Trametinib (GSK1120212)_100nM,predicted
pred_Trametinib (GSK1120212)_100_120-2,12.001351,0.36509073,A549,Trametinib (GSK1120212),100.0,nM,24.0,Trametinib (GSK1120212)_100nM,predicted
pred_Trametinib (GSK1120212)_100_148-2,3.8893218,-2.2699428,A549,Trametinib (GSK1120212),100.0,nM,24.0,Trametinib (GSK1120212)_100nM,predicted
pred_Trametinib (GSK1120212)_100_24-2,7.6825056,-2.7322624,A549,Trametinib (GSK1120212),100.0,nM,24.0,Trametinib (GSK1120212)_100nM,predicted
pred_Trametinib (GSK1120212)_100_29-2,6.16007,-2.021994,A549,Trametinib (GSK1120212),100.0,nM,24.0,Trametinib (GSK1120212)_100nM,predicted
pred_Trametinib (GSK1120212)_100_144-2,5.35119,-3.5491657,A549,Trametinib (GSK1120212),100.0,nM,24.0,Trametinib (GSK1120212)_100nM,predicted
pred_Trametinib (GSK1120212)_100_175-2,10.876653,3.3272429,A549,Trametinib (GSK1120212),100.0,nM,24.0,Trametinib (GSK1120212)_100nM,predicted
pred_Trametinib (GSK1120212)_100_181-2,8.512197,-2.2975256,A549,Trametinib (GSK1120212),100.0,nM,24.0,Trametinib (GSK1120212)_100nM,predicted
pred_Trametinib (GSK1120212)_100_34-2,11.143953,1.5679435,A549,Trametinib (GSK1120212),100.0,nM,24.0,Trametinib (GSK1120212)_100nM,predicted
pred_Trametinib (GSK1120212)_100_131-2,6.991983,-3.592108,A549,Trametinib (GSK1120212),100.0,nM,24.0,Trametinib (GSK1120212)_100nM,predicted
pred_Trametinib (GSK1120212)_100_74-2,9.38731,-3.0068505,A549,Trametinib (GSK1120212),100.0,nM,24.0,Trametinib (GSK1120212)_100nM,predicted
pred_Trametinib (GSK1120212)_100_2-2,10.921643,-2.907625,A549,Trametinib (GSK1120212),100.0,nM,24.0,Trametinib (GSK1120212)_100nM,predicted
pred_Trametinib (GSK1120212)_100_28-2,7.4199014,-1.9717348,A549,Trametinib (GSK1120212),100.0,nM,24.0,Trametinib (GSK1120212)_100nM,predicted
pred_Trametinib (GSK1120212)_100_99-2,11.203478,-2.8397455,A549,Trametinib (GSK1120212),100.0,nM,24.0,Trametinib (GSK1120212)_100nM,predicted
pred_Trametinib (GSK1120212)_100_190-2,6.8653145,-2.1420844,A549,Trametinib (GSK1120212),100.0,nM,24.0,Trametinib (GSK1120212)_100nM,predicted
pred_Trametinib (GSK1120212)_100_82-2,2.7044258,-1.1145492,A549,Trametinib (GSK1120212),100.0,nM,24.0,Trametinib (GSK1120212)_100nM,predicted
pred_Trametinib (GSK1120212)_100_183-2,8.2608795,-3.5579574,A549,Trametinib (GSK1120212),100.0,nM,24.0,Trametinib (GSK1120212)_100nM,predicted
pred_Trametinib (GSK1120212)_100_142-2,7.2021923,-2.1231587,A549,Trametinib (GSK1120212),100.0,nM,24.0,Trametinib (GSK1120212)_100nM,predicted
pred_Trametinib (GSK1120212)_100_61-2,8.576015,1.0245253,A549,Trametinib (GSK1120212),100.0,nM,24.0,Trametinib (GSK1120212)_100nM,predicted
pred_Trametinib (GSK1120212)_100_194-2,8.509212,-4.22382,A549,Trametinib (GSK1120212),100.0,nM,24.0,Trametinib (GSK1120212)_100nM,predicted
pred_Trametinib (GSK1120212)_100_157-2,11.46466,0.232005,A549,Trametinib (GSK1120212),100.0,nM,24.0,Trametinib (GSK1120212)_100nM,predicted
pred_Trametinib (GSK1120212)_100_98-2,2.8774664,-0.41283706,A549,Trametinib (GSK1120212),100.0,nM,24.0,Trametinib (GSK1120212)_100nM,predicted
pred_Trametinib (GSK1120212)_100_166-2,4.1853843,-2.254123,A549,Trametinib (GSK1120212),100.0,nM,24.0,Trametinib (GSK1120212)_100nM,predicted
pred_Trametinib (GSK1120212)_100_193-2,2.2210398,-0.5487763,A549,Trametinib (GSK1120212),100.0,nM,24.0,Trametinib (GSK1120212)_100nM,predicted
pred_Trametinib (GSK1120212)_100_129-2,11.601341,-1.1094986,A549,Trametinib (GSK1120212),100.0,nM,24.0,Trametinib (GSK1120212)_100nM,predicted
pred_Trametinib (GSK1120212)_100_136-2,9.515848,-2.2479973,A549,Trametinib (GSK1120212),100.0,nM,24.0,Trametinib (GSK1120212)_100nM,predicted
pred_Trametinib (GSK1120212)_100_26-2,9.22305,1.4340172,A549,Trametinib (GSK1120212),100.0,nM,24.0,Trametinib (GSK1120212)_100nM,predicted
pred_Trametinib (GSK1120212)_100_4-2,7.716745,1.9705997,A549,Trametinib (GSK1120212),100.0,nM,24.0,Trametinib (GSK1120212)_100nM,predicted
pred_Trametinib (GSK1120212)_100_59-2,7.6745863,1.25971,A549,Trametinib (GSK1120212),100.0,nM,24.0,Trametinib (GSK1120212)_100nM,predicted
pred_Trametinib (GSK1120212)_100_179-2,10.404881,3.0654788,A549,Trametinib (GSK1120212),100.0,nM,24.0,Trametinib (GSK1120212)_100nM,predicted
pred_Trametinib (GSK1120212)_100_54-2,8.553239,3.4114032,A549,Trametinib (GSK1120212),100.0,nM,24.0,Trametinib (GSK1120212)_100nM,predicted
pred_Trametinib (GSK1120212)_100_188-2,7.299632,-1.8553958,A549,Trametinib (GSK1120212),100.0,nM,24.0,Trametinib (GSK1120212)_100nM,predicted
pred_Trametinib (GSK1120212)_100_71-2,8.608898,1.212007,A549,Trametinib (GSK1120212),100.0,nM,24.0,Trametinib (GSK1120212)_100nM,predicted
pred_Trametinib (GSK1120212)_100_12-2,5.5372953,-3.9146147,A549,Trametinib (GSK1120212),100.0,nM,24.0,Trametinib (GSK1120212)_100nM,predicted
pred_Trametinib (GSK1120212)_100_165-2,8.962221,-3.7102895,A549,Trametinib (GSK1120212),100.0,nM,24.0,Trametinib (GSK1120212)_100nM,predicted
pred_Trametinib (GSK1120212)_100_112-2,5.099118,-1.9520257,A549,Trametinib (GSK1120212),100.0,nM,24.0,Trametinib (GSK1120212)_100nM,predicted
pred_Trametinib (GSK1120212)_100_37-2,9.017055,3.486005,A549,Trametinib (GSK1120212),100.0,nM,24.0,Trametinib (GSK1120212)_100nM,predicted
pred_Trametinib (GSK1120212)_100_95-2,5.1573424,-2.0049582,A549,Trametinib (GSK1120212),100.0,nM,24.0,Trametinib (GSK1120212)_100nM,predicted
pred_Trametinib (GSK1120212)_1000_94-2,8.12594,0.6528221,A549,Trametinib (GSK1120212),1000.0,nM,24.0,Trametinib (GSK1120212)_1000nM,predicted
pred_Trametinib (GSK1120212)_1000_74-2,6.860601,-1.4351218,A549,Trametinib (GSK1120212),1000.0,nM,24.0,Trametinib (GSK1120212)_1000nM,predicted
pred_Trametinib (GSK1120212)_1000_67-2,9.24285,-3.5252347,A549,Trametinib (GSK1120212),1000.0,nM,24.0,Trametinib (GSK1120212)_1000nM,predicted
pred_Trametinib (GSK1120212)_1000_56-2,4.5821466,-2.4863753,A549,Trametinib (GSK1120212),1000.0,nM,24.0,Trametinib (GSK1120212)_1000nM,predicted
pred_Trametinib (GSK1120212)_1000_14-2,2.7973518,-1.4015869,A549,Trametinib (GSK1120212),1000.0,nM,24.0,Trametinib (GSK1120212)_1000nM,predicted
pred_Trametinib (GSK1120212)_1000_160-2,5.5264025,-3.0901606,A549,Trametinib (GSK1120212),1000.0,nM,24.0,Trametinib (GSK1120212)_1000nM,predicted
pred_Trametinib (GSK1120212)_1000_26-2,3.5827622,-1.5288155,A549,Trametinib (GSK1120212),1000.0,nM,24.0,Trametinib (GSK1120212)_1000nM,predicted
pred_Trametinib (GSK1120212)_1000_151-2,7.6062155,0.5991562,A549,Trametinib (GSK1120212),1000.0,nM,24.0,Trametinib (GSK1120212)_1000nM,predicted
pred_Trametinib (GSK1120212)_1000_91-2,5.3215823,-2.0728068,A549,Trametinib (GSK1120212),1000.0,nM,24.0,Trametinib (GSK1120212)_1000nM,predicted
pred_Trametinib (GSK1120212)_1000_24-2,5.0118337,-2.8663943,A549,Trametinib (GSK1120212),1000.0,nM,24.0,Trametinib (GSK1120212)_1000nM,predicted
pred_Trametinib (GSK1120212)_1000_161-2,3.6738644,-2.1271086,A549,Trametinib (GSK1120212),1000.0,nM,24.0,Trametinib (GSK1120212)_1000nM,predicted
pred_Trametinib (GSK1120212)_1000_129-2,5.954812,-4.243822,A549,Trametinib (GSK1120212),1000.0,nM,24.0,Trametinib (GSK1120212)_1000nM,predicted
pred_Trametinib (GSK1120212)_1000_111-2,2.8411822,-1.3736476,A549,Trametinib (GSK1120212),1000.0,nM,24.0,Trametinib (GSK1120212)_1000nM,predicted
pred_Trametinib (GSK1120212)_1000_54-2,9.58464,-2.855577,A549,Trametinib (GSK1120212),1000.0,nM,24.0,Trametinib (GSK1120212)_1000nM,predicted
pred_Trametinib (GSK1120212)_1000_120-2,5.2806706,-2.3947284,A549,Trametinib (GSK1120212),1000.0,nM,24.0,Trametinib (GSK1120212)_1000nM,predicted
pred_Trametinib (GSK1120212)_1000_58-2,3.2605176,-1.8940231,A549,Trametinib (GSK1120212),1000.0,nM,24.0,Trametinib (GSK1120212)_1000nM,predicted
pred_Trametinib (GSK1120212)_1000_17-2,8.179877,-3.8788812,A549,Trametinib (GSK1120212),1000.0,nM,24.0,Trametinib (GSK1120212)_1000nM,predicted
pred_Trametinib (GSK1120212)_1000_73-2,7.271896,-1.6636506,A549,Trametinib (GSK1120212),1000.0,nM,24.0,Trametinib (GSK1120212)_1000nM,predicted
pred_Trametinib (GSK1120212)_1000_29-2,10.75388,-3.113485,A549,Trametinib (GSK1120212),1000.0,nM,24.0,Trametinib (GSK1120212)_1000nM,predicted
pred_Trametinib (GSK1120212)_1000_171-2,6.969221,-1.9593383,A549,Trametinib (GSK1120212),1000.0,nM,24.0,Trametinib (GSK1120212)_1000nM,predicted
pred_Trametinib (GSK1120212)_1000_146-2,8.540866,-4.4410424,A549,Trametinib (GSK1120212),1000.0,nM,24.0,Trametinib (GSK1120212)_1000nM,predicted
pred_Trametinib (GSK1120212)_1000_36-2,2.5409997,-0.8850077,A549,Trametinib (GSK1120212),1000.0,nM,24.0,Trametinib (GSK1120212)_1000nM,predicted
pred_Trametinib (GSK1120212)_1000_184-2,4.8297114,-1.0978568,A549,Trametinib (GSK1120212),1000.0,nM,24.0,Trametinib (GSK1120212)_1000nM,predicted
pred_Trametinib (GSK1120212)_1000_2-2,2.9999766,-1.6274422,A549,Trametinib (GSK1120212),1000.0,nM,24.0,Trametinib (GSK1120212)_1000nM,predicted
pred_Trametinib (GSK1120212)_1000_154-2,8.695927,1.561948,A549,Trametinib (GSK1120212),1000.0,nM,24.0,Trametinib (GSK1120212)_1000nM,predicted
pred_Trametinib (GSK1120212)_1000_66-2,2.6802144,-1.3647046,A549,Trametinib (GSK1120212),1000.0,nM,24.0,Trametinib (GSK1120212)_1000nM,predicted
pred_Trametinib (GSK1120212)_1000_175-2,8.810208,2.6701055,A549,Trametinib (GSK1120212),1000.0,nM,24.0,Trametinib (GSK1120212)_1000nM,predicted
pred_Trametinib (GSK1120212)_1000_108-2,6.7364297,-2.5447438,A549,Trametinib (GSK1120212),1000.0,nM,24.0,Trametinib (GSK1120212)_1000nM,predicted
pred_Trametinib (GSK1120212)_1000_139-2,2.2229478,-0.47277907,A549,Trametinib (GSK1120212),1000.0,nM,24.0,Trametinib (GSK1120212)_1000nM,predicted
pred_Trametinib (GSK1120212)_1000_147-2,4.8439655,-2.6963327,A549,Trametinib (GSK1120212),1000.0,nM,24.0,Trametinib (GSK1120212)_1000nM,predicted
pred_Trametinib (GSK1120212)_1000_185-2,8.718877,0.91415215,A549,Trametinib (GSK1120212),1000.0,nM,24.0,Trametinib (GSK1120212)_1000nM,predicted
pred_Trametinib (GSK1120212)_1000_25-2,4.4612775,-2.8670938,A549,Trametinib (GSK1120212),1000.0,nM,24.0,Trametinib (GSK1120212)_1000nM,predicted
pred_Trametinib (GSK1120212)_1000_132-2,5.2526116,-3.0980434,A549,Trametinib (GSK1120212),1000.0,nM,24.0,Trametinib (GSK1120212)_1000nM,predicted
pred_Trametinib (GSK1120212)_1000_178-2,5.2658105,-0.023471713,A549,Trametinib (GSK1120212),1000.0,nM,24.0,Trametinib (GSK1120212)_1000nM,predicted
pred_Trametinib (GSK1120212)_1000_6-2,5.465261,-0.22683595,A549,Trametinib (GSK1120212),1000.0,nM,24.0,Trametinib (GSK1120212)_1000nM,predicted
pred_Trametinib (GSK1120212)_1000_12-2,4.930779,-1.1644981,A549,Trametinib (GSK1120212),1000.0,nM,24.0,Trametinib (GSK1120212)_1000nM,predicted
pred_Trametinib (GSK1120212)_1000_177-2,3.7542868,-0.72278655,A549,Trametinib (GSK1120212),1000.0,nM,24.0,Trametinib (GSK1120212)_1000nM,predicted
pred_Trametinib (GSK1120212)_1000_188-2,6.7517734,-2.5633743,A549,Trametinib (GSK1120212),1000.0,nM,24.0,Trametinib (GSK1120212)_1000nM,predicted
pred_Trametinib (GSK1120212)_1000_46-2,3.665254,-2.351222,A549,Trametinib (GSK1120212),1000.0,nM,24.0,Trametinib (GSK1120212)_1000nM,predicted
pred_Trametinib (GSK1120212)_1000_118-2,5.139666,-3.677757,A549,Trametinib (GSK1120212),1000.0,nM,24.0,Trametinib (GSK1120212)_1000nM,predicted
pred_Trametinib (GSK1120212)_1000_8-2,7.561618,-3.1864343,A549,Trametinib (GSK1120212),1000.0,nM,24.0,Trametinib (GSK1120212)_1000nM,predicted
pred_Trametinib (GSK1120212)_1000_170-2,8.14172,-4.3231497,A549,Trametinib (GSK1120212),1000.0,nM,24.0,Trametinib (GSK1120212)_1000nM,predicted
pred_Trametinib (GSK1120212)_1000_117-2,9.343283,-3.1747334,A549,Trametinib (GSK1120212),1000.0,nM,24.0,Trametinib (GSK1120212)_1000nM,predicted
pred_Trametinib (GSK1120212)_1000_77-2,3.5509195,-1.9153515,A549,Trametinib (GSK1120212),1000.0,nM,24.0,Trametinib (GSK1120212)_1000nM,predicted
pred_Trametinib (GSK1120212)_1000_126-2,9.393602,3.6199396,A549,Trametinib (GSK1120212),1000.0,nM,24.0,Trametinib (GSK1120212)_1000nM,predicted
pred_Trametinib (GSK1120212)_1000_130-2,4.0516148,-2.0686047,A549,Trametinib (GSK1120212),1000.0,nM,24.0,Trametinib (GSK1120212)_1000nM,predicted
pred_Trametinib (GSK1120212)_1000_22-2,9.094356,1.3181841,A549,Trametinib (GSK1120212),1000.0,nM,24.0,Trametinib (GSK1120212)_1000nM,predicted
pred_Trametinib (GSK1120212)_1000_186-2,4.691507,0.70581675,A549,Trametinib (GSK1120212),1000.0,nM,24.0,Trametinib (GSK1120212)_1000nM,predicted
pred_Trametinib (GSK1120212)_1000_48-2,3.7235131,-2.1335404,A549,Trametinib (GSK1120212),1000.0,nM,24.0,Trametinib (GSK1120212)_1000nM,predicted
pred_Trametinib (GSK1120212)_1000_92-2,9.241629,0.77699137,A549,Trametinib (GSK1120212),1000.0,nM,24.0,Trametinib (GSK1120212)_1000nM,predicted
pred_Trametinib (GSK1120212)_1000_113-2,7.847711,3.7553477,A549,Trametinib (GSK1120212),1000.0,nM,24.0,Trametinib (GSK1120212)_1000nM,predicted
pred_Trametinib (GSK1120212)_1000_52-2,7.4279943,3.4073749,A549,Trametinib (GSK1120212),1000.0,nM,24.0,Trametinib (GSK1120212)_1000nM,predicted
pred_Trametinib (GSK1120212)_1000_138-2,6.1921163,-3.4907515,A549,Trametinib (GSK1120212),1000.0,nM,24.0,Trametinib (GSK1120212)_1000nM,predicted
pred_Trametinib (GSK1120212)_1000_45-2,5.253685,-3.3398373,A549,Trametinib (GSK1120212),1000.0,nM,24.0,Trametinib (GSK1120212)_1000nM,predicted
pred_Trametinib (GSK1120212)_1000_97-2,8.089945,-4.062954,A549,Trametinib (GSK1120212),1000.0,nM,24.0,Trametinib (GSK1120212)_1000nM,predicted
pred_Trametinib (GSK1120212)_1000_173-2,2.2580676,-0.6750579,A549,Trametinib (GSK1120212),1000.0,nM,24.0,Trametinib (GSK1120212)_1000nM,predicted
pred_Trametinib (GSK1120212)_1000_65-2,5.8000164,-2.8483536,A549,Trametinib (GSK1120212),1000.0,nM,24.0,Trametinib (GSK1120212)_1000nM,predicted
pred_Trametinib (GSK1120212)_1000_104-2,6.7650585,-4.009128,A549,Trametinib (GSK1120212),1000.0,nM,24.0,Trametinib (GSK1120212)_1000nM,predicted
pred_Trametinib (GSK1120212)_1000_105-2,2.4646537,-0.7317855,A549,Trametinib (GSK1120212),1000.0,nM,24.0,Trametinib (GSK1120212)_1000nM,predicted
pred_Trametinib (GSK1120212)_1000_18-2,3.0274162,-1.4757826,A549,Trametinib (GSK1120212),1000.0,nM,24.0,Trametinib (GSK1120212)_1000nM,predicted
pred_Trametinib (GSK1120212)_1000_168-2,5.1924367,-2.576908,A549,Trametinib (GSK1120212),1000.0,nM,24.0,Trametinib (GSK1120212)_1000nM,predicted
pred_Trametinib (GSK1120212)_1000_134-2,4.1186485,-0.6833746,A549,Trametinib (GSK1120212),1000.0,nM,24.0,Trametinib (GSK1120212)_1000nM,predicted
pred_Trametinib (GSK1120212)_1000_51-2,10.018182,1.9428359,A549,Trametinib (GSK1120212),1000.0,nM,24.0,Trametinib (GSK1120212)_1000nM,predicted
pred_Trametinib (GSK1120212)_1000_155-2,6.738923,-4.0685387,A549,Trametinib (GSK1120212),1000.0,nM,24.0,Trametinib (GSK1120212)_1000nM,predicted
pred_Trametinib (GSK1120212)_1000_21-2,10.205367,-3.9684296,A549,Trametinib (GSK1120212),1000.0,nM,24.0,Trametinib (GSK1120212)_1000nM,predicted
pred_Trametinib (GSK1120212)_1000_150-2,6.722021,-3.5197227,A549,Trametinib (GSK1120212),1000.0,nM,24.0,Trametinib (GSK1120212)_1000nM,predicted
pred_Trametinib (GSK1120212)_1000_13-2,6.1066365,-3.7050004,A549,Trametinib (GSK1120212),1000.0,nM,24.0,Trametinib (GSK1120212)_1000nM,predicted
pred_Trametinib (GSK1120212)_1000_142-2,1.9821069,1.0888412,A549,Trametinib (GSK1120212),1000.0,nM,24.0,Trametinib (GSK1120212)_1000nM,predicted
pred_Trametinib (GSK1120212)_1000_50-2,6.218619,-4.2859006,A549,Trametinib (GSK1120212),1000.0,nM,24.0,Trametinib (GSK1120212)_1000nM,predicted
pred_Trametinib (GSK1120212)_1000_119-2,2.8530488,-1.5641137,A549,Trametinib (GSK1120212),1000.0,nM,24.0,Trametinib (GSK1120212)_1000nM,predicted
pred_Trametinib (GSK1120212)_1000_39-2,11.522902,-2.3911376,A549,Trametinib (GSK1120212),1000.0,nM,24.0,Trametinib (GSK1120212)_1000nM,predicted
pred_Trametinib (GSK1120212)_1000_165-2,3.6220038,-1.8649797,A549,Trametinib (GSK1120212),1000.0,nM,24.0,Trametinib (GSK1120212)_1000nM,predicted
pred_Trametinib (GSK1120212)_1000_153-2,4.9011307,0.6250527,A549,Trametinib (GSK1120212),1000.0,nM,24.0,Trametinib (GSK1120212)_1000nM,predicted
pred_Trametinib (GSK1120212)_1000_37-2,11.524804,-2.3984952,A549,Trametinib (GSK1120212),1000.0,nM,24.0,Trametinib (GSK1120212)_1000nM,predicted
pred_Trametinib (GSK1120212)_1000_110-2,7.6397443,-2.1550367,A549,Trametinib (GSK1120212),1000.0,nM,24.0,Trametinib (GSK1120212)_1000nM,predicted
pred_Trametinib (GSK1120212)_1000_93-2,8.686183,-1.6878002,A549,Trametinib (GSK1120212),1000.0,nM,24.0,Trametinib (GSK1120212)_1000nM,predicted
pred_Trametinib (GSK1120212)_1000_11-2,8.051716,2.5282516,A549,Trametinib (GSK1120212),1000.0,nM,24.0,Trametinib (GSK1120212)_1000nM,predicted
pred_Trametinib (GSK1120212)_1000_166-2,6.5946813,-3.796832,A549,Trametinib (GSK1120212),1000.0,nM,24.0,Trametinib (GSK1120212)_1000nM,predicted
pred_Trametinib (GSK1120212)_1000_125-2,12.1219425,-1.2730557,A549,Trametinib (GSK1120212),1000.0,nM,24.0,Trametinib (GSK1120212)_1000nM,predicted
pred_Trametinib (GSK1120212)_1000_157-2,5.0127964,0.7460052,A549,Trametinib (GSK1120212),1000.0,nM,24.0,Trametinib (GSK1120212)_1000nM,predicted
pred_Trametinib (GSK1120212)_1000_10-2,7.595306,2.318109,A549,Trametinib (GSK1120212),1000.0,nM,24.0,Trametinib (GSK1120212)_1000nM,predicted
pred_Trametinib (GSK1120212)_1000_88-2,7.3023534,-1.8755578,A549,Trametinib (GSK1120212),1000.0,nM,24.0,Trametinib (GSK1120212)_1000nM,predicted
pred_Trametinib (GSK1120212)_1000_107-2,10.27266,-2.5975332,A549,Trametinib (GSK1120212),1000.0,nM,24.0,Trametinib (GSK1120212)_1000nM,predicted
pred_Trametinib (GSK1120212)_1000_123-2,7.589999,2.3012195,A549,Trametinib (GSK1120212),1000.0,nM,24.0,Trametinib (GSK1120212)_1000nM,predicted
pred_Trametinib (GSK1120212)_1000_163-2,4.2628307,-2.360718,A549,Trametinib (GSK1120212),1000.0,nM,24.0,Trametinib (GSK1120212)_1000nM,predicted
pred_Trametinib (GSK1120212)_1000_80-2,4.8203344,-1.203995,A549,Trametinib (GSK1120212),1000.0,nM,24.0,Trametinib (GSK1120212)_1000nM,predicted
pred_Trametinib (GSK1120212)_1000_174-2,4.9513845,-1.3491766,A549,Trametinib (GSK1120212),1000.0,nM,24.0,Trametinib (GSK1120212)_1000nM,predicted
pred_Trametinib (GSK1120212)_1000_127-2,9.017882,1.3460118,A549,Trametinib (GSK1120212),1000.0,nM,24.0,Trametinib (GSK1120212)_1000nM,predicted
pred_Trametinib (GSK1120212)_1000_64-2,4.205052,-0.66979736,A549,Trametinib (GSK1120212),1000.0,nM,24.0,Trametinib (GSK1120212)_1000nM,predicted
pred_Trametinib (GSK1120212)_1000_70-2,5.386049,-1.7155304,A549,Trametinib (GSK1120212),1000.0,nM,24.0,Trametinib (GSK1120212)_1000nM,predicted
pred_Trametinib (GSK1120212)_1000_43-2,8.554592,-2.7548318,A549,Trametinib (GSK1120212),1000.0,nM,24.0,Trametinib (GSK1120212)_1000nM,predicted
pred_Trametinib (GSK1120212)_1000_162-2,9.006042,2.9330528,A549,Trametinib (GSK1120212),1000.0,nM,24.0,Trametinib (GSK1120212)_1000nM,predicted
pred_Trametinib (GSK1120212)_1000_172-2,7.4933515,-2.560658,A549,Trametinib (GSK1120212),1000.0,nM,24.0,Trametinib (GSK1120212)_1000nM,predicted
pred_Trametinib (GSK1120212)_1000_183-2,9.864415,2.7008574,A549,Trametinib (GSK1120212),1000.0,nM,24.0,Trametinib (GSK1120212)_1000nM,predicted
pred_Trametinib (GSK1120212)_1000_133-2,9.896517,4.062943,A549,Trametinib (GSK1120212),1000.0,nM,24.0,Trametinib (GSK1120212)_1000nM,predicted
pred_Trametinib (GSK1120212)_1000_15-2,10.993038,0.35209817,A549,Trametinib (GSK1120212),1000.0,nM,24.0,Trametinib (GSK1120212)_1000nM,predicted
pred_Trametinib (GSK1120212)_1000_28-2,8.840673,2.6281388,A549,Trametinib (GSK1120212),1000.0,nM,24.0,Trametinib (GSK1120212)_1000nM,predicted
pred_Trametinib (GSK1120212)_1000_179-2,5.2459197,-2.4391987,A549,Trametinib (GSK1120212),1000.0,nM,24.0,Trametinib (GSK1120212)_1000nM,predicted
pred_Trametinib (GSK1120212)_1000_159-2,3.2454913,-2.0413287,A549,Trametinib (GSK1120212),1000.0,nM,24.0,Trametinib (GSK1120212)_1000nM,predicted
pred_Trametinib (GSK1120212)_1000_122-2,9.372315,-3.4557106,A549,Trametinib (GSK1120212),1000.0,nM,24.0,Trametinib (GSK1120212)_1000nM,predicted
pred_Trametinib (GSK1120212)_1000_75-2,4.616832,-1.8692818,A549,Trametinib (GSK1120212),1000.0,nM,24.0,Trametinib (GSK1120212)_1000nM,predicted
pred_Trametinib (GSK1120212)_1000_69-2,5.7996345,-2.1206758,A549,Trametinib (GSK1120212),1000.0,nM,24.0,Trametinib (GSK1120212)_1000nM,predicted
pred_Trametinib (GSK1120212)_1000_32-2,7.9659905,-2.294248,A549,Trametinib (GSK1120212),1000.0,nM,24.0,Trametinib (GSK1120212)_1000nM,predicted
pred_Trametinib (GSK1120212)_1000_1-2,12.645343,0.43380523,A549,Trametinib (GSK1120212),1000.0,nM,24.0,Trametinib (GSK1120212)_1000nM,predicted
pred_Trametinib (GSK1120212)_1000_5-2,8.982564,2.8966274,A549,Trametinib (GSK1120212),1000.0,nM,24.0,Trametinib (GSK1120212)_1000nM,predicted
pred_Trametinib (GSK1120212)_1000_182-2,8.49966,-2.911055,A549,Trametinib (GSK1120212),1000.0,nM,24.0,Trametinib (GSK1120212)_1000nM,predicted
pred_Trametinib (GSK1120212)_1000_68-2,4.86417,-1.3902004,A549,Trametinib (GSK1120212),1000.0,nM,24.0,Trametinib (GSK1120212)_1000nM,predicted
pred_Trametinib (GSK1120212)_1000_115-2,11.028505,-1.7285552,A549,Trametinib (GSK1120212),1000.0,nM,24.0,Trametinib (GSK1120212)_1000nM,predicted
pred_Trametinib (GSK1120212)_1000_16-2,6.4712973,2.492709,A549,Trametinib (GSK1120212),1000.0,nM,24.0,Trametinib (GSK1120212)_1000nM,predicted
pred_Trametinib (GSK1120212)_1000_112-2,10.023204,-2.736259,A549,Trametinib (GSK1120212),1000.0,nM,24.0,Trametinib (GSK1120212)_1000nM,predicted
pred_Trametinib (GSK1120212)_1000_83-2,3.288443,-1.7280712,A549,Trametinib (GSK1120212),1000.0,nM,24.0,Trametinib (GSK1120212)_1000nM,predicted
pred_Trametinib (GSK1120212)_1000_102-2,8.55771,-4.496696,A549,Trametinib (GSK1120212),1000.0,nM,24.0,Trametinib (GSK1120212)_1000nM,predicted
pred_Trametinib (GSK1120212)_1000_41-2,9.266634,-2.8372862,A549,Trametinib (GSK1120212),1000.0,nM,24.0,Trametinib (GSK1120212)_1000nM,predicted
pred_Trametinib (GSK1120212)_1000_4-2,12.243991,-1.0297599,A549,Trametinib (GSK1120212),1000.0,nM,24.0,Trametinib (GSK1120212)_1000nM,predicted
pred_Trametinib (GSK1120212)_1000_176-2,3.3605974,0.13043635,A549,Trametinib (GSK1120212),1000.0,nM,24.0,Trametinib (GSK1120212)_1000nM,predicted
pred_Trametinib (GSK1120212)_1000_81-2,8.83273,2.739493,A549,Trametinib (GSK1120212),1000.0,nM,24.0,Trametinib (GSK1120212)_1000nM,predicted
pred_Trametinib (GSK1120212)_1000_40-2,8.781533,-3.8031156,A549,Trametinib (GSK1120212),1000.0,nM,24.0,Trametinib (GSK1120212)_1000nM,predicted
pred_Trametinib (GSK1120212)_1000_140-2,9.044912,-2.275676,A549,Trametinib (GSK1120212),1000.0,nM,24.0,Trametinib (GSK1120212)_1000nM,predicted
pred_Trametinib (GSK1120212)_1000_121-2,9.567716,-2.7455487,A549,Trametinib (GSK1120212),1000.0,nM,24.0,Trametinib (GSK1120212)_1000nM,predicted
pred_Trametinib (GSK1120212)_1000_169-2,10.374655,2.4349968,A549,Trametinib (GSK1120212),1000.0,nM,24.0,Trametinib (GSK1120212)_1000nM,predicted
pred_Trametinib (GSK1120212)_1000_34-2,10.2750025,-3.9370856,A549,Trametinib (GSK1120212),1000.0,nM,24.0,Trametinib (GSK1120212)_1000nM,predicted
pred_Trametinib (GSK1120212)_1000_137-2,7.9032826,-3.962431,A549,Trametinib (GSK1120212),1000.0,nM,24.0,Trametinib (GSK1120212)_1000nM,predicted
pred_Trametinib (GSK1120212)_1000_71-2,9.168284,-3.3090587,A549,Trametinib (GSK1120212),1000.0,nM,24.0,Trametinib (GSK1120212)_1000nM,predicted
pred_Trametinib (GSK1120212)_1000_31-2,4.105451,-2.4752195,A549,Trametinib (GSK1120212),1000.0,nM,24.0,Trametinib (GSK1120212)_1000nM,predicted
pred_Trametinib (GSK1120212)_1000_30-2,3.3267314,-2.075618,A549,Trametinib (GSK1120212),1000.0,nM,24.0,Trametinib (GSK1120212)_1000nM,predicted
pred_Trametinib (GSK1120212)_1000_63-2,11.193021,-2.2067852,A549,Trametinib (GSK1120212),1000.0,nM,24.0,Trametinib (GSK1120212)_1000nM,predicted
pred_Trametinib (GSK1120212)_1000_181-2,8.810833,1.9899228,A549,Trametinib (GSK1120212),1000.0,nM,24.0,Trametinib (GSK1120212)_1000nM,predicted
pred_Trametinib (GSK1120212)_1000_85-2,4.01546,-2.0864325,A549,Trametinib (GSK1120212),1000.0,nM,24.0,Trametinib (GSK1120212)_1000nM,predicted
pred_Trametinib (GSK1120212)_1000_99-2,11.6938505,-2.289585,A549,Trametinib (GSK1120212),1000.0,nM,24.0,Trametinib (GSK1120212)_1000nM,predicted
pred_Trametinib (GSK1120212)_1000_164-2,2.3739364,-0.44159126,A549,Trametinib (GSK1120212),1000.0,nM,24.0,Trametinib (GSK1120212)_1000nM,predicted
pred_Trametinib (GSK1120212)_1000_38-2,3.7393692,-0.64745,A549,Trametinib (GSK1120212),1000.0,nM,24.0,Trametinib (GSK1120212)_1000nM,predicted
pred_Trametinib (GSK1120212)_1000_86-2,9.222456,0.7225297,A549,Trametinib (GSK1120212),1000.0,nM,24.0,Trametinib (GSK1120212)_1000nM,predicted
pred_Trametinib (GSK1120212)_1000_72-2,8.185385,-3.7656343,A549,Trametinib (GSK1120212),1000.0,nM,24.0,Trametinib (GSK1120212)_1000nM,predicted
pred_Trametinib (GSK1120212)_1000_106-2,5.6039386,-1.3443778,A549,Trametinib (GSK1120212),1000.0,nM,24.0,Trametinib (GSK1120212)_1000nM,predicted
pred_Trametinib (GSK1120212)_1000_131-2,7.5163603,-2.2750993,A549,Trametinib (GSK1120212),1000.0,nM,24.0,Trametinib (GSK1120212)_1000nM,predicted
pred_Trametinib (GSK1120212)_1000_89-2,10.243021,2.4012985,A549,Trametinib (GSK1120212),1000.0,nM,24.0,Trametinib (GSK1120212)_1000nM,predicted
pred_Trametinib (GSK1120212)_1000_59-2,5.7064795,-1.9982578,A549,Trametinib (GSK1120212),1000.0,nM,24.0,Trametinib (GSK1120212)_1000nM,predicted
pred_Trametinib (GSK1120212)_1000_114-2,9.953402,2.3774104,A549,Trametinib (GSK1120212),1000.0,nM,24.0,Trametinib (GSK1120212)_1000nM,predicted
pred_Trametinib (GSK1120212)_1000_100-2,6.1425095,-1.3834915,A549,Trametinib (GSK1120212),1000.0,nM,24.0,Trametinib (GSK1120212)_1000nM,predicted
pred_Trametinib (GSK1120212)_1000_180-2,2.37805,-0.88103604,A549,Trametinib (GSK1120212),1000.0,nM,24.0,Trametinib (GSK1120212)_1000nM,predicted
pred_Trametinib (GSK1120212)_1000_57-2,9.896931,-2.4569995,A549,Trametinib (GSK1120212),1000.0,nM,24.0,Trametinib (GSK1120212)_1000nM,predicted
pred_Trametinib (GSK1120212)_1000_141-2,6.5614195,-3.3403263,A549,Trametinib (GSK1120212),1000.0,nM,24.0,Trametinib (GSK1120212)_1000nM,predicted
pred_Trametinib (GSK1120212)_1000_148-2,8.948168,-0.7159018,A549,Trametinib (GSK1120212),1000.0,nM,24.0,Trametinib (GSK1120212)_1000nM,predicted
pred_Trametinib (GSK1120212)_1000_3-2,6.46991,2.4206038,A549,Trametinib (GSK1120212),1000.0,nM,24.0,Trametinib (GSK1120212)_1000nM,predicted
pred_Trametinib (GSK1120212)_1000_35-2,8.651264,2.6447704,A549,Trametinib (GSK1120212),1000.0,nM,24.0,Trametinib (GSK1120212)_1000nM,predicted
pred_Trametinib (GSK1120212)_1000_95-2,12.405795,2.0651288,A549,Trametinib (GSK1120212),1000.0,nM,24.0,Trametinib (GSK1120212)_1000nM,predicted
pred_Trametinib (GSK1120212)_1000_96-2,8.535645,3.8531883,A549,Trametinib (GSK1120212),1000.0,nM,24.0,Trametinib (GSK1120212)_1000nM,predicted
pred_Trametinib (GSK1120212)_1000_143-2,10.61382,-3.1278162,A549,Trametinib (GSK1120212),1000.0,nM,24.0,Trametinib (GSK1120212)_1000nM,predicted
pred_Trametinib (GSK1120212)_1000_53-2,9.91226,-2.1862416,A549,Trametinib (GSK1120212),1000.0,nM,24.0,Trametinib (GSK1120212)_1000nM,predicted
pred_Trametinib (GSK1120212)_1000_79-2,11.540959,-2.9694054,A549,Trametinib (GSK1120212),1000.0,nM,24.0,Trametinib (GSK1120212)_1000nM,predicted
pred_Trametinib (GSK1120212)_10000_53-2,5.2824507,-2.8517704,A549,Trametinib (GSK1120212),10000.0,nM,24.0,Trametinib (GSK1120212)_10000nM,predicted
pred_Trametinib (GSK1120212)_10000_41-2,12.447601,0.110554956,A549,Trametinib (GSK1120212),10000.0,nM,24.0,Trametinib (GSK1120212)_10000nM,predicted
pred_Trametinib (GSK1120212)_10000_125-2,10.889287,0.684517,A549,Trametinib (GSK1120212),10000.0,nM,24.0,Trametinib (GSK1120212)_10000nM,predicted
pred_Trametinib (GSK1120212)_10000_52-2,4.4971995,-2.4433033,A549,Trametinib (GSK1120212),10000.0,nM,24.0,Trametinib (GSK1120212)_10000nM,predicted
pred_Trametinib (GSK1120212)_10000_14-2,9.935182,2.5725114,A549,Trametinib (GSK1120212),10000.0,nM,24.0,Trametinib (GSK1120212)_10000nM,predicted
pred_Trametinib (GSK1120212)_10000_152-2,1.9554391,1.1523607,A549,Trametinib (GSK1120212),10000.0,nM,24.0,Trametinib (GSK1120212)_10000nM,predicted
pred_Trametinib (GSK1120212)_10000_201-2,3.5683117,-2.0221872,A549,Trametinib (GSK1120212),10000.0,nM,24.0,Trametinib (GSK1120212)_10000nM,predicted
pred_Trametinib (GSK1120212)_10000_184-2,13.215709,-0.44943354,A549,Trametinib (GSK1120212),10000.0,nM,24.0,Trametinib (GSK1120212)_10000nM,predicted
pred_Trametinib (GSK1120212)_10000_170-2,10.3974495,3.2699857,A549,Trametinib (GSK1120212),10000.0,nM,24.0,Trametinib (GSK1120212)_10000nM,predicted
pred_Trametinib (GSK1120212)_10000_59-2,7.608192,-2.6652224,A549,Trametinib (GSK1120212),10000.0,nM,24.0,Trametinib (GSK1120212)_10000nM,predicted
pred_Trametinib (GSK1120212)_10000_183-2,4.5386024,-2.3363402,A549,Trametinib (GSK1120212),10000.0,nM,24.0,Trametinib (GSK1120212)_10000nM,predicted
pred_Trametinib (GSK1120212)_10000_44-2,8.180555,3.1419263,A549,Trametinib (GSK1120212),10000.0,nM,24.0,Trametinib (GSK1120212)_10000nM,predicted
pred_Trametinib (GSK1120212)_10000_13-2,5.2484126,-0.70665324,A549,Trametinib (GSK1120212),10000.0,nM,24.0,Trametinib (GSK1120212)_10000nM,predicted
pred_Trametinib (GSK1120212)_10000_64-2,7.254093,-3.6201434,A549,Trametinib (GSK1120212),10000.0,nM,24.0,Trametinib (GSK1120212)_10000nM,predicted
pred_Trametinib (GSK1120212)_10000_165-2,7.2345963,-3.4861789,A549,Trametinib (GSK1120212),10000.0,nM,24.0,Trametinib (GSK1120212)_10000nM,predicted
pred_Trametinib (GSK1120212)_10000_70-2,7.329777,-1.5087192,A549,Trametinib (GSK1120212),10000.0,nM,24.0,Trametinib (GSK1120212)_10000nM,predicted
pred_Trametinib (GSK1120212)_10000_35-2,3.4803526,-2.015557,A549,Trametinib (GSK1120212),10000.0,nM,24.0,Trametinib (GSK1120212)_10000nM,predicted
pred_Trametinib (GSK1120212)_10000_104-2,5.6365895,-2.907865,A549,Trametinib (GSK1120212),10000.0,nM,24.0,Trametinib (GSK1120212)_10000nM,predicted
pred_Trametinib (GSK1120212)_10000_145-2,7.7852206,-3.4309554,A549,Trametinib (GSK1120212),10000.0,nM,24.0,Trametinib (GSK1120212)_10000nM,predicted
pred_Trametinib (GSK1120212)_10000_129-2,7.735541,2.176762,A549,Trametinib (GSK1120212),10000.0,nM,24.0,Trametinib (GSK1120212)_10000nM,predicted
pred_Trametinib (GSK1120212)_10000_197-2,7.391413,2.1907754,A549,Trametinib (GSK1120212),10000.0,nM,24.0,Trametinib (GSK1120212)_10000nM,predicted
pred_Trametinib (GSK1120212)_10000_103-2,5.74709,-2.4372218,A549,Trametinib (GSK1120212),10000.0,nM,24.0,Trametinib (GSK1120212)_10000nM,predicted
pred_Trametinib (GSK1120212)_10000_58-2,6.19114,-3.9426112,A549,Trametinib (GSK1120212),10000.0,nM,24.0,Trametinib (GSK1120212)_10000nM,predicted
pred_Trametinib (GSK1120212)_10000_22-2,5.745231,-2.7371807,A549,Trametinib (GSK1120212),10000.0,nM,24.0,Trametinib (GSK1120212)_10000nM,predicted
pred_Trametinib (GSK1120212)_10000_144-2,10.57236,1.573148,A549,Trametinib (GSK1120212),10000.0,nM,24.0,Trametinib (GSK1120212)_10000nM,predicted
pred_Trametinib (GSK1120212)_10000_123-2,8.619907,0.88326645,A549,Trametinib (GSK1120212),10000.0,nM,24.0,Trametinib (GSK1120212)_10000nM,predicted
pred_Trametinib (GSK1120212)_10000_196-2,6.127008,-1.7127211,A549,Trametinib (GSK1120212),10000.0,nM,24.0,Trametinib (GSK1120212)_10000nM,predicted
pred_Trametinib (GSK1120212)_10000_112-2,11.031534,-2.580741,A549,Trametinib (GSK1120212),10000.0,nM,24.0,Trametinib (GSK1120212)_10000nM,predicted
pred_Trametinib (GSK1120212)_10000_202-2,7.4445224,2.665299,A549,Trametinib (GSK1120212),10000.0,nM,24.0,Trametinib (GSK1120212)_10000nM,predicted
pred_Trametinib (GSK1120212)_10000_39-2,10.958906,0.42491278,A549,Trametinib (GSK1120212),10000.0,nM,24.0,Trametinib (GSK1120212)_10000nM,predicted
pred_Trametinib (GSK1120212)_10000_116-2,6.571612,-1.6657302,A549,Trametinib (GSK1120212),10000.0,nM,24.0,Trametinib (GSK1120212)_10000nM,predicted
pred_Trametinib (GSK1120212)_10000_193-2,6.7626243,-1.3473886,A549,Trametinib (GSK1120212),10000.0,nM,24.0,Trametinib (GSK1120212)_10000nM,predicted
pred_Trametinib (GSK1120212)_10000_168-2,2.6586573,-1.6185156,A549,Trametinib (GSK1120212),10000.0,nM,24.0,Trametinib (GSK1120212)_10000nM,predicted
pred_Trametinib (GSK1120212)_10000_90-2,5.15914,-2.0954928,A549,Trametinib (GSK1120212),10000.0,nM,24.0,Trametinib (GSK1120212)_10000nM,predicted
pred_Trametinib (GSK1120212)_10000_162-2,5.223737,-2.0631602,A549,Trametinib (GSK1120212),10000.0,nM,24.0,Trametinib (GSK1120212)_10000nM,predicted
pred_Trametinib (GSK1120212)_10000_5-2,5.531977,-4.023406,A549,Trametinib (GSK1120212),10000.0,nM,24.0,Trametinib (GSK1120212)_10000nM,predicted
pred_Trametinib (GSK1120212)_10000_68-2,9.225507,3.791868,A549,Trametinib (GSK1120212),10000.0,nM,24.0,Trametinib (GSK1120212)_10000nM,predicted
pred_Trametinib (GSK1120212)_10000_158-2,10.5916605,-3.6525025,A549,Trametinib (GSK1120212),10000.0,nM,24.0,Trametinib (GSK1120212)_10000nM,predicted
pred_Trametinib (GSK1120212)_10000_111-2,4.3099055,0.4218819,A549,Trametinib (GSK1120212),10000.0,nM,24.0,Trametinib (GSK1120212)_10000nM,predicted
pred_Trametinib (GSK1120212)_10000_62-2,11.09964,0.42137605,A549,Trametinib (GSK1120212),10000.0,nM,24.0,Trametinib (GSK1120212)_10000nM,predicted
pred_Trametinib (GSK1120212)_10000_128-2,8.473869,2.895947,A549,Trametinib (GSK1120212),10000.0,nM,24.0,Trametinib (GSK1120212)_10000nM,predicted
pred_Trametinib (GSK1120212)_10000_159-2,11.975505,-1.4180948,A549,Trametinib (GSK1120212),10000.0,nM,24.0,Trametinib (GSK1120212)_10000nM,predicted
pred_Trametinib (GSK1120212)_10000_34-2,2.4222107,-0.79001224,A549,Trametinib (GSK1120212),10000.0,nM,24.0,Trametinib (GSK1120212)_10000nM,predicted
pred_Trametinib (GSK1120212)_10000_30-2,4.3926234,-2.428437,A549,Trametinib (GSK1120212),10000.0,nM,24.0,Trametinib (GSK1120212)_10000nM,predicted
pred_Trametinib (GSK1120212)_10000_1-2,10.79081,0.55916333,A549,Trametinib (GSK1120212),10000.0,nM,24.0,Trametinib (GSK1120212)_10000nM,predicted
pred_Trametinib (GSK1120212)_10000_76-2,6.653522,2.6569433,A549,Trametinib (GSK1120212),10000.0,nM,24.0,Trametinib (GSK1120212)_10000nM,predicted
pred_Trametinib (GSK1120212)_10000_97-2,4.5815372,-1.7992966,A549,Trametinib (GSK1120212),10000.0,nM,24.0,Trametinib (GSK1120212)_10000nM,predicted
pred_Trametinib (GSK1120212)_10000_69-2,12.155452,-2.5093439,A549,Trametinib (GSK1120212),10000.0,nM,24.0,Trametinib (GSK1120212)_10000nM,predicted
pred_Trametinib (GSK1120212)_10000_74-2,13.286648,-0.39723948,A549,Trametinib (GSK1120212),10000.0,nM,24.0,Trametinib (GSK1120212)_10000nM,predicted
pred_Trametinib (GSK1120212)_10000_77-2,11.382721,-2.208855,A549,Trametinib (GSK1120212),10000.0,nM,24.0,Trametinib (GSK1120212)_10000nM,predicted
pred_Trametinib (GSK1120212)_10000_81-2,7.915584,-3.482161,A549,Trametinib (GSK1120212),10000.0,nM,24.0,Trametinib (GSK1120212)_10000nM,predicted
pred_Trametinib (GSK1120212)_10000_33-2,10.736307,1.9099072,A549,Trametinib (GSK1120212),10000.0,nM,24.0,Trametinib (GSK1120212)_10000nM,predicted
pred_Trametinib (GSK1120212)_10000_75-2,12.050923,-1.9057522,A549,Trametinib (GSK1120212),10000.0,nM,24.0,Trametinib (GSK1120212)_10000nM,predicted
pred_Trametinib (GSK1120212)_10000_163-2,10.711214,0.54269713,A549,Trametinib (GSK1120212),10000.0,nM,24.0,Trametinib (GSK1120212)_10000nM,predicted
pred_Trametinib (GSK1120212)_10000_182-2,10.481678,1.7101336,A549,Trametinib (GSK1120212),10000.0,nM,24.0,Trametinib (GSK1120212)_10000nM,predicted
pred_Trametinib (GSK1120212)_10000_73-2,13.21461,-0.48445597,A549,Trametinib (GSK1120212),10000.0,nM,24.0,Trametinib (GSK1120212)_10000nM,predicted
pred_Trametinib (GSK1120212)_10000_146-2,12.61599,-1.0545493,A549,Trametinib (GSK1120212),10000.0,nM,24.0,Trametinib (GSK1120212)_10000nM,predicted
pred_Trametinib (GSK1120212)_10000_6-2,9.351616,-3.343241,A549,Trametinib (GSK1120212),10000.0,nM,24.0,Trametinib (GSK1120212)_10000nM,predicted
pred_Trametinib (GSK1120212)_10000_46-2,9.721134,-2.9661474,A549,Trametinib (GSK1120212),10000.0,nM,24.0,Trametinib (GSK1120212)_10000nM,predicted
pred_Trametinib (GSK1120212)_10000_131-2,4.847139,-3.2410033,A549,Trametinib (GSK1120212),10000.0,nM,24.0,Trametinib (GSK1120212)_10000nM,predicted
pred_Trametinib (GSK1120212)_10000_17-2,4.917985,-2.4833777,A549,Trametinib (GSK1120212),10000.0,nM,24.0,Trametinib (GSK1120212)_10000nM,predicted
pred_Trametinib (GSK1120212)_10000_157-2,12.172196,0.20429423,A549,Trametinib (GSK1120212),10000.0,nM,24.0,Trametinib (GSK1120212)_10000nM,predicted
pred_Trametinib (GSK1120212)_10000_174-2,7.1284523,2.277613,A549,Trametinib (GSK1120212),10000.0,nM,24.0,Trametinib (GSK1120212)_10000nM,predicted
pred_Trametinib (GSK1120212)_10000_177-2,1.8773819,1.1695192,A549,Trametinib (GSK1120212),10000.0,nM,24.0,Trametinib (GSK1120212)_10000nM,predicted
pred_Trametinib (GSK1120212)_10000_38-2,6.689327,2.0383914,A549,Trametinib (GSK1120212),10000.0,nM,24.0,Trametinib (GSK1120212)_10000nM,predicted
pred_Trametinib (GSK1120212)_10000_10-2,4.9471645,-0.42986405,A549,Trametinib (GSK1120212),10000.0,nM,24.0,Trametinib (GSK1120212)_10000nM,predicted
pred_Trametinib (GSK1120212)_10000_0-2,5.2878094,1.1687441,A549,Trametinib (GSK1120212),10000.0,nM,24.0,Trametinib (GSK1120212)_10000nM,predicted
pred_Trametinib (GSK1120212)_10000_178-2,5.149802,-3.5306797,A549,Trametinib (GSK1120212),10000.0,nM,24.0,Trametinib (GSK1120212)_10000nM,predicted
pred_Trametinib (GSK1120212)_10000_175-2,6.2081347,-3.112513,A549,Trametinib (GSK1120212),10000.0,nM,24.0,Trametinib (GSK1120212)_10000nM,predicted
pred_Trametinib (GSK1120212)_10000_25-2,3.6883633,0.32473704,A549,Trametinib (GSK1120212),10000.0,nM,24.0,Trametinib (GSK1120212)_10000nM,predicted
pred_Trametinib (GSK1120212)_10000_2-2,3.5200827,-2.115689,A549,Trametinib (GSK1120212),10000.0,nM,24.0,Trametinib (GSK1120212)_10000nM,predicted
pred_Trametinib (GSK1120212)_10000_99-2,5.0735397,0.3062714,A549,Trametinib (GSK1120212),10000.0,nM,24.0,Trametinib (GSK1120212)_10000nM,predicted
pred_Trametinib (GSK1120212)_10000_137-2,8.803704,1.3051201,A549,Trametinib (GSK1120212),10000.0,nM,24.0,Trametinib (GSK1120212)_10000nM,predicted
pred_Trametinib (GSK1120212)_10000_42-2,4.721562,-2.0171132,A549,Trametinib (GSK1120212),10000.0,nM,24.0,Trametinib (GSK1120212)_10000nM,predicted
pred_Trametinib (GSK1120212)_10000_130-2,12.293554,-2.3944204,A549,Trametinib (GSK1120212),10000.0,nM,24.0,Trametinib (GSK1120212)_10000nM,predicted
pred_Trametinib (GSK1120212)_10000_187-2,7.0414705,-2.8455086,A549,Trametinib (GSK1120212),10000.0,nM,24.0,Trametinib (GSK1120212)_10000nM,predicted
pred_Trametinib (GSK1120212)_10000_205-2,5.369564,-3.0026398,A549,Trametinib (GSK1120212),10000.0,nM,24.0,Trametinib (GSK1120212)_10000nM,predicted
pred_Trametinib (GSK1120212)_10000_3-2,6.5821457,-1.6049265,A549,Trametinib (GSK1120212),10000.0,nM,24.0,Trametinib (GSK1120212)_10000nM,predicted
pred_Trametinib (GSK1120212)_10000_132-2,8.451274,1.6798903,A549,Trametinib (GSK1120212),10000.0,nM,24.0,Trametinib (GSK1120212)_10000nM,predicted
pred_Trametinib (GSK1120212)_10000_173-2,3.313457,-1.9380679,A549,Trametinib (GSK1120212),10000.0,nM,24.0,Trametinib (GSK1120212)_10000nM,predicted
pred_Trametinib (GSK1120212)_10000_11-2,7.2497745,-3.4303463,A549,Trametinib (GSK1120212),10000.0,nM,24.0,Trametinib (GSK1120212)_10000nM,predicted
pred_Trametinib (GSK1120212)_10000_194-2,7.880626,3.2054584,A549,Trametinib (GSK1120212),10000.0,nM,24.0,Trametinib (GSK1120212)_10000nM,predicted
pred_Trametinib (GSK1120212)_10000_92-2,7.6188245,2.9853644,A549,Trametinib (GSK1120212),10000.0,nM,24.0,Trametinib (GSK1120212)_10000nM,predicted
pred_Trametinib (GSK1120212)_10000_155-2,2.8389747,-0.33315906,A549,Trametinib (GSK1120212),10000.0,nM,24.0,Trametinib (GSK1120212)_10000nM,predicted
pred_Trametinib (GSK1120212)_10000_122-2,9.279606,-1.456172,A549,Trametinib (GSK1120212),10000.0,nM,24.0,Trametinib (GSK1120212)_10000nM,predicted
pred_Trametinib (GSK1120212)_10000_140-2,12.165449,-0.5923621,A549,Trametinib (GSK1120212),10000.0,nM,24.0,Trametinib (GSK1120212)_10000nM,predicted
pred_Trametinib (GSK1120212)_10000_8-2,4.355427,-2.3283844,A549,Trametinib (GSK1120212),10000.0,nM,24.0,Trametinib (GSK1120212)_10000nM,predicted
pred_Trametinib (GSK1120212)_10000_149-2,11.334267,-2.554861,A549,Trametinib (GSK1120212),10000.0,nM,24.0,Trametinib (GSK1120212)_10000nM,predicted
pred_Trametinib (GSK1120212)_10000_57-2,9.800555,2.5518076,A549,Trametinib (GSK1120212),10000.0,nM,24.0,Trametinib (GSK1120212)_10000nM,predicted
pred_Trametinib (GSK1120212)_10000_138-2,7.9748373,0.9626528,A549,Trametinib (GSK1120212),10000.0,nM,24.0,Trametinib (GSK1120212)_10000nM,predicted
pred_Trametinib (GSK1120212)_10000_148-2,3.7695777,-0.04420429,A549,Trametinib (GSK1120212),10000.0,nM,24.0,Trametinib (GSK1120212)_10000nM,predicted
pred_Trametinib (GSK1120212)_10000_121-2,8.05047,2.862254,A549,Trametinib (GSK1120212),10000.0,nM,24.0,Trametinib (GSK1120212)_10000nM,predicted
pred_Trametinib (GSK1120212)_10000_19-2,9.7453785,-3.0096514,A549,Trametinib (GSK1120212),10000.0,nM,24.0,Trametinib (GSK1120212)_10000nM,predicted
pred_Trametinib (GSK1120212)_10000_86-2,7.065061,-4.1625624,A549,Trametinib (GSK1120212),10000.0,nM,24.0,Trametinib (GSK1120212)_10000nM,predicted
pred_Trametinib (GSK1120212)_10000_95-2,7.9615965,1.1396781,A549,Trametinib (GSK1120212),10000.0,nM,24.0,Trametinib (GSK1120212)_10000nM,predicted
pred_Trametinib (GSK1120212)_10000_49-2,8.036983,-4.372179,A549,Trametinib (GSK1120212),10000.0,nM,24.0,Trametinib (GSK1120212)_10000nM,predicted
pred_Trametinib (GSK1120212)_10000_154-2,1.9110705,1.180065,A549,Trametinib (GSK1120212),10000.0,nM,24.0,Trametinib (GSK1120212)_10000nM,predicted
pred_Trametinib (GSK1120212)_10000_55-2,5.8180094,0.5028279,A549,Trametinib (GSK1120212),10000.0,nM,24.0,Trametinib (GSK1120212)_10000nM,predicted
pred_Trametinib (GSK1120212)_10000_20-2,13.110785,-0.7300073,A549,Trametinib (GSK1120212),10000.0,nM,24.0,Trametinib (GSK1120212)_10000nM,predicted
pred_Trametinib (GSK1120212)_10000_195-2,10.347847,-3.112451,A549,Trametinib (GSK1120212),10000.0,nM,24.0,Trametinib (GSK1120212)_10000nM,predicted
pred_Trametinib (GSK1120212)_10000_102-2,11.521807,-1.5239,A549,Trametinib (GSK1120212),10000.0,nM,24.0,Trametinib (GSK1120212)_10000nM,predicted
pred_Trametinib (GSK1120212)_10000_110-2,9.099275,-4.185091,A549,Trametinib (GSK1120212),10000.0,nM,24.0,Trametinib (GSK1120212)_10000nM,predicted
pred_Trametinib (GSK1120212)_10000_142-2,8.1423435,3.2013087,A549,Trametinib (GSK1120212),10000.0,nM,24.0,Trametinib (GSK1120212)_10000nM,predicted
pred_Trametinib (GSK1120212)_10000_160-2,7.776028,-3.4180822,A549,Trametinib (GSK1120212),10000.0,nM,24.0,Trametinib (GSK1120212)_10000nM,predicted
pred_Trametinib (GSK1120212)_10000_206-2,10.417372,-3.192506,A549,Trametinib (GSK1120212),10000.0,nM,24.0,Trametinib (GSK1120212)_10000nM,predicted
pred_Trametinib (GSK1120212)_10000_156-2,10.949654,1.6989871,A549,Trametinib (GSK1120212),10000.0,nM,24.0,Trametinib (GSK1120212)_10000nM,predicted
pred_Trametinib (GSK1120212)_10000_83-2,2.9555545,-1.242263,A549,Trametinib (GSK1120212),10000.0,nM,24.0,Trametinib (GSK1120212)_10000nM,predicted
pred_Trametinib (GSK1120212)_10000_60-2,10.854231,2.337379,A549,Trametinib (GSK1120212),10000.0,nM,24.0,Trametinib (GSK1120212)_10000nM,predicted
pred_Trametinib (GSK1120212)_10000_93-2,5.822592,0.5598985,A549,Trametinib (GSK1120212),10000.0,nM,24.0,Trametinib (GSK1120212)_10000nM,predicted
pred_Trametinib (GSK1120212)_10000_100-2,3.7544565,-1.7181394,A549,Trametinib (GSK1120212),10000.0,nM,24.0,Trametinib (GSK1120212)_10000nM,predicted
pred_Trametinib (GSK1120212)_10000_50-2,4.4457,-0.050114922,A549,Trametinib (GSK1120212),10000.0,nM,24.0,Trametinib (GSK1120212)_10000nM,predicted
pred_Trametinib (GSK1120212)_10000_147-2,10.72257,-3.2014275,A549,Trametinib (GSK1120212),10000.0,nM,24.0,Trametinib (GSK1120212)_10000nM,predicted
pred_Trametinib (GSK1120212)_10000_31-2,7.323436,3.504138,A549,Trametinib (GSK1120212),10000.0,nM,24.0,Trametinib (GSK1120212)_10000nM,predicted
pred_Trametinib (GSK1120212)_10000_198-2,11.142723,-0.4629774,A549,Trametinib (GSK1120212),10000.0,nM,24.0,Trametinib (GSK1120212)_10000nM,predicted
pred_Trametinib (GSK1120212)_10000_72-2,3.0603235,-1.0852746,A549,Trametinib (GSK1120212),10000.0,nM,24.0,Trametinib (GSK1120212)_10000nM,predicted
pred_Trametinib (GSK1120212)_10000_27-2,7.822782,-3.4640815,A549,Trametinib (GSK1120212),10000.0,nM,24.0,Trametinib (GSK1120212)_10000nM,predicted
pred_Trametinib (GSK1120212)_10000_191-2,9.615379,3.7850149,A549,Trametinib (GSK1120212),10000.0,nM,24.0,Trametinib (GSK1120212)_10000nM,predicted
pred_Trametinib (GSK1120212)_10000_16-2,8.082979,2.7545207,A549,Trametinib (GSK1120212),10000.0,nM,24.0,Trametinib (GSK1120212)_10000nM,predicted
pred_Trametinib (GSK1120212)_10000_143-2,12.65104,1.7314215,A549,Trametinib (GSK1120212),10000.0,nM,24.0,Trametinib (GSK1120212)_10000nM,predicted
pred_Trametinib (GSK1120212)_10000_66-2,10.943346,1.6496637,A549,Trametinib (GSK1120212),10000.0,nM,24.0,Trametinib (GSK1120212)_10000nM,predicted
pred_Trametinib (GSK1120212)_10000_85-2,6.5719514,2.6028306,A549,Trametinib (GSK1120212),10000.0,nM,24.0,Trametinib (GSK1120212)_10000nM,predicted
pred_Trametinib (GSK1120212)_10000_151-2,3.6203697,-2.0542154,A549,Trametinib (GSK1120212),10000.0,nM,24.0,Trametinib (GSK1120212)_10000nM,predicted
pred_Trametinib (GSK1120212)_10000_56-2,10.54786,0.2787331,A549,Trametinib (GSK1120212),10000.0,nM,24.0,Trametinib (GSK1120212)_10000nM,predicted
pred_Trametinib (GSK1120212)_10000_23-2,4.5428715,-2.476135,A549,Trametinib (GSK1120212),10000.0,nM,24.0,Trametinib (GSK1120212)_10000nM,predicted
pred_Trametinib (GSK1120212)_10000_101-2,8.875565,3.8435552,A549,Trametinib (GSK1120212),10000.0,nM,24.0,Trametinib (GSK1120212)_10000nM,predicted
pred_Trametinib (GSK1120212)_10000_179-2,7.677002,-2.4547994,A549,Trametinib (GSK1120212),10000.0,nM,24.0,Trametinib (GSK1120212)_10000nM,predicted
pred_Trametinib (GSK1120212)_10000_96-2,4.648194,-2.406957,A549,Trametinib (GSK1120212),10000.0,nM,24.0,Trametinib (GSK1120212)_10000nM,predicted
pred_Trametinib (GSK1120212)_10000_135-2,5.058533,-1.5733523,A549,Trametinib (GSK1120212),10000.0,nM,24.0,Trametinib (GSK1120212)_10000nM,predicted
pred_Trametinib (GSK1120212)_10000_88-2,11.333508,1.3148795,A549,Trametinib (GSK1120212),10000.0,nM,24.0,Trametinib (GSK1120212)_10000nM,predicted
pred_Trametinib (GSK1120212)_10000_120-2,10.774355,0.7170702,A549,Trametinib (GSK1120212),10000.0,nM,24.0,Trametinib (GSK1120212)_10000nM,predicted
pred_Trametinib (GSK1120212)_10000_204-2,8.387944,-4.1782136,A549,Trametinib (GSK1120212),10000.0,nM,24.0,Trametinib (GSK1120212)_10000nM,predicted
pred_Trametinib (GSK1120212)_10000_141-2,10.554752,0.6649422,A549,Trametinib (GSK1120212),10000.0,nM,24.0,Trametinib (GSK1120212)_10000nM,predicted
pred_Trametinib (GSK1120212)_10000_15-2,5.778508,-3.65304,A549,Trametinib (GSK1120212),10000.0,nM,24.0,Trametinib (GSK1120212)_10000nM,predicted
pred_Trametinib (GSK1120212)_10000_164-2,7.786261,2.5926108,A549,Trametinib (GSK1120212),10000.0,nM,24.0,Trametinib (GSK1120212)_10000nM,predicted
pred_Trametinib (GSK1120212)_10000_32-2,5.548198,-1.3728741,A549,Trametinib (GSK1120212),10000.0,nM,24.0,Trametinib (GSK1120212)_10000nM,predicted
pred_Trametinib (GSK1120212)_10000_98-2,7.7568502,-2.4164634,A549,Trametinib (GSK1120212),10000.0,nM,24.0,Trametinib (GSK1120212)_10000nM,predicted
pred_Trametinib (GSK1120212)_10000_7-2,3.665945,-1.8013791,A549,Trametinib (GSK1120212),10000.0,nM,24.0,Trametinib (GSK1120212)_10000nM,predicted
pred_Trametinib (GSK1120212)_10000_190-2,9.1361,-4.3221784,A549,Trametinib (GSK1120212),10000.0,nM,24.0,Trametinib (GSK1120212)_10000nM,predicted
pred_Trametinib (GSK1120212)_10000_105-2,7.7540565,-2.0368247,A549,Trametinib (GSK1120212),10000.0,nM,24.0,Trametinib (GSK1120212)_10000nM,predicted
pred_Trametinib (GSK1120212)_10000_134-2,7.7039695,3.680671,A549,Trametinib (GSK1120212),10000.0,nM,24.0,Trametinib (GSK1120212)_10000nM,predicted
pred_Trametinib (GSK1120212)_10000_61-2,7.7070804,-2.6576817,A549,Trametinib (GSK1120212),10000.0,nM,24.0,Trametinib (GSK1120212)_10000nM,predicted
pred_Trametinib (GSK1120212)_10000_79-2,6.9756117,-3.482233,A549,Trametinib (GSK1120212),10000.0,nM,24.0,Trametinib (GSK1120212)_10000nM,predicted
pred_Trametinib (GSK1120212)_10000_208-2,1.9039385,1.1829967,A549,Trametinib (GSK1120212),10000.0,nM,24.0,Trametinib (GSK1120212)_10000nM,predicted
pred_Trametinib (GSK1120212)_10000_24-2,7.5061803,-1.9536594,A549,Trametinib (GSK1120212),10000.0,nM,24.0,Trametinib (GSK1120212)_10000nM,predicted
pred_Trametinib (GSK1120212)_10000_133-2,3.679712,0.36741117,A549,Trametinib (GSK1120212),10000.0,nM,24.0,Trametinib (GSK1120212)_10000nM,predicted
pred_Trametinib (GSK1120212)_10000_36-2,10.071625,2.8036177,A549,Trametinib (GSK1120212),10000.0,nM,24.0,Trametinib (GSK1120212)_10000nM,predicted
pred_Trametinib (GSK1120212)_10000_119-2,5.1678267,0.9871639,A549,Trametinib (GSK1120212),10000.0,nM,24.0,Trametinib (GSK1120212)_10000nM,predicted
pred_Trametinib (GSK1120212)_10000_43-2,2.9382143,-0.24527836,A549,Trametinib (GSK1120212),10000.0,nM,24.0,Trametinib (GSK1120212)_10000nM,predicted
pred_Trametinib (GSK1120212)_10000_87-2,3.689205,-1.8632734,A549,Trametinib (GSK1120212),10000.0,nM,24.0,Trametinib (GSK1120212)_10000nM,predicted
pred_Trametinib (GSK1120212)_10000_37-2,4.1790733,-0.14244977,A549,Trametinib (GSK1120212),10000.0,nM,24.0,Trametinib (GSK1120212)_10000nM,predicted
