cell_id,UMAP1,UMAP2,cell_line,perturbation,dose_value,dose_unit,time,condition,source
G09_E09_RT_BC_300_Lig_BC_139-0-0,4.9313483,2.7017257,A549,control,0.0,nM,24.0,control_0,control
G01_E09_RT_BC_293_Lig_BC_364-0-0,11.639039,4.9101696,A549,control,0.0,nM,24.0,control_0,control
A06_E09_RT_BC_17_Lig_BC_307-0-0,4.023672,4.4287233,A549,control,0.0,nM,24.0,control_0,control
G09_F10_RT_BC_275_Lig_BC_28-0-0,7.021915,2.2311213,A549,control,0.0,nM,24.0,control_0,control
E01_E09_RT_BC_90_Lig_BC_254-0-0,11.245712,7.071258,A549,control,0.0,nM,24.0,control_0,control
A05_F10_RT_BC_253_Lig_BC_215-0-0,9.2155905,9.744655,A549,control,0.0,nM,24.0,control_0,control
A07_F10_RT_BC_81_Lig_BC_221-0-0,10.72747,3.4800825,A549,control,0.0,nM,24.0,control_0,control
D07_E09_RT_BC_104_Lig_BC_224-0-0,12.182301,8.597771,A549,control,0.0,nM,24.0,control_0,control
E04_E09_RT_BC_201_Lig_BC_203-0-0,8.918754,9.788942,A549,control,0.0,nM,24.0,control_0,control
H05_F10_RT_BC_171_Lig_BC_214-0-0,11.355921,7.128591,A549,control,0.0,nM,24.0,control_0,control
H05_E09_RT_BC_161_Lig_BC_192-0-0,12.64015,5.0830708,A549,control,0.0,nM,24.0,control_0,control
C02_E09_RT_BC_304_Lig_BC_136-0-0,10.254616,4.7049136,A549,control,0.0,nM,24.0,control_0,control
F06_E09_RT_BC_222_Lig_BC_158-0-0,12.468298,7.7037454,A549,control,0.0,nM,24.0,control_0,control
F07_E09_RT_BC_34_Lig_BC_69-0-0,3.00761,5.8969455,A549,control,0.0,nM,24.0,control_0,control
C06_F10_RT_BC_2_Lig_BC_268-0-0,5.9472194,9.743215,A549,control,0.0,nM,24.0,control_0,control
C03_F10_RT_BC_267_Lig_BC_203-0-0,10.828635,4.345706,A549,control,0.0,nM,24.0,control_0,control
D04_E09_RT_BC_328_Lig_BC_203-0-0,11.274518,7.155754,A549,control,0.0,nM,24.0,control_0,control
A11_F10_RT_BC_8_Lig_BC_104-0-0,8.509493,5.937723,A549,control,0.0,nM,24.0,control_0,control
G04_F10_RT_BC_291_Lig_BC_58-0-0,7.6013865,6.252271,A549,control,0.0,nM,24.0,control_0,control
B06_F10_RT_BC_134_Lig_BC_115-0-0,12.008371,5.3436446,A549,control,0.0,nM,24.0,control_0,control
A11_F10_RT_BC_151_Lig_BC_266-0-0,9.402437,1.8123426,A549,control,0.0,nM,24.0,control_0,control
C09_F10_RT_BC_352_Lig_BC_230-0-0,9.318537,9.803629,A549,control,0.0,nM,24.0,control_0,control
B12_F10_RT_BC_202_Lig_BC_269-0-0,6.4361,3.8682313,A549,control,0.0,nM,24.0,control_0,control
F01_E09_RT_BC_327_Lig_BC_332-0-0,11.033081,3.4207642,A549,control,0.0,nM,24.0,control_0,control
H03_E09_RT_BC_184_Lig_BC_49-0-0,10.844507,6.201399,A549,control,0.0,nM,24.0,control_0,control
H05_E09_RT_BC_379_Lig_BC_374-0-0,11.356849,4.306642,A549,control,0.0,nM,24.0,control_0,control
B05_F10_RT_BC_209_Lig_BC_300-0-0,6.4792876,5.472894,A549,control,0.0,nM,24.0,control_0,control
D07_F10_RT_BC_144_Lig_BC_357-0-0,12.113238,8.2704935,A549,control,0.0,nM,24.0,control_0,control
B01_F10_RT_BC_124_Lig_BC_303-0-0,11.405574,8.518427,A549,control,0.0,nM,24.0,control_0,control
A09_F10_RT_BC_191_Lig_BC_17-0-0,7.7951403,3.3316414,A549,control,0.0,nM,24.0,control_0,control
C09_E09_RT_BC_358_Lig_BC_268-0-0,2.9708052,4.768431,A549,control,0.0,nM,24.0,control_0,control
H04_F10_RT_BC_97_Lig_BC_228-0-0,8.76093,2.2486327,A549,control,0.0,nM,24.0,control_0,control
H07_E09_RT_BC_353_Lig_BC_109-0-0,10.158548,4.9956226,A549,control,0.0,nM,24.0,control_0,control
F06_F10_RT_BC_33_Lig_BC_250-0-0,10.676341,5.7079997,A549,control,0.0,nM,24.0,control_0,control
C10_F10_RT_BC_95_Lig_BC_144-0-0,4.6016245,8.135821,A549,control,0.0,nM,24.0,control_0,control
E01_F10_RT_BC_14_Lig_BC_216-0-0,6.2371826,8.54259,A549,control,0.0,nM,24.0,control_0,control
A12_F10_RT_BC_303_Lig_BC_12-0-0,11.361148,3.7795572,A549,control,0.0,nM,24.0,control_0,control
D05_E09_RT_BC_51_Lig_BC_308-0-0,6.053356,9.526146,A549,control,0.0,nM,24.0,control_0,control
D05_E09_RT_BC_363_Lig_BC_71-0-0,9.082157,4.242006,A549,control,0.0,nM,24.0,control_0,control
D02_E09_RT_BC_362_Lig_BC_51-0-0,6.159083,9.462291,A549,control,0.0,nM,24.0,control_0,control
H06_E09_RT_BC_134_Lig_BC_109-0-0,9.255787,1.8228496,A549,control,0.0,nM,24.0,control_0,control
E02_F10_RT_BC_276_Lig_BC_1-0-0,6.6529245,2.267325,A549,control,0.0,nM,24.0,control_0,control
F02_F10_RT_BC_168_Lig_BC_369-0-0,9.861871,5.3258657,A549,control,0.0,nM,24.0,control_0,control
G08_F10_RT_BC_293_Lig_BC_80-0-0,11.093448,8.741064,A549,control,0.0,nM,24.0,control_0,control
F11_F10_RT_BC_320_Lig_BC_319-0-0,9.173853,9.327344,A549,control,0.0,nM,24.0,control_0,control
G07_F10_RT_BC_381_Lig_BC_242-0-0,5.3587694,4.166661,A549,control,0.0,nM,24.0,control_0,control
C04_E09_RT_BC_320_Lig_BC_107-0-0,3.3336327,10.061115,A549,control,0.0,nM,24.0,control_0,control
D06_F10_RT_BC_345_Lig_BC_165-0-0,6.4947667,3.4836345,A549,control,0.0,nM,24.0,control_0,control
D03_F10_RT_BC_357_Lig_BC_133-0-0,10.602214,5.2736406,A549,control,0.0,nM,24.0,control_0,control
E12_E09_RT_BC_77_Lig_BC_358-0-0,12.373914,7.2686095,A549,control,0.0,nM,24.0,control_0,control
C02_E09_RT_BC_3_Lig_BC_256-0-0,9.704632,4.763461,A549,control,0.0,nM,24.0,control_0,control
G09_E09_RT_BC_242_Lig_BC_275-0-0,11.569447,8.930672,A549,control,0.0,nM,24.0,control_0,control
A03_E09_RT_BC_45_Lig_BC_231-0-0,7.488442,7.640105,A549,control,0.0,nM,24.0,control_0,control
G12_E09_RT_BC_317_Lig_BC_188-0-0,8.607639,1.9290994,A549,control,0.0,nM,24.0,control_0,control
D11_F10_RT_BC_85_Lig_BC_275-0-0,5.5343704,7.0960135,A549,control,0.0,nM,24.0,control_0,control
B07_E09_RT_BC_356_Lig_BC_7-0-0,6.0527782,9.143288,A549,control,0.0,nM,24.0,control_0,control
C11_F10_RT_BC_177_Lig_BC_297-0-0,11.8498,8.164782,A549,control,0.0,nM,24.0,control_0,control
F03_E09_RT_BC_294_Lig_BC_113-0-0,7.9276543,2.2220566,A549,control,0.0,nM,24.0,control_0,control
G08_E09_RT_BC_139_Lig_BC_109-0-0,7.2501545,4.0082073,A549,control,0.0,nM,24.0,control_0,control
A03_F10_RT_BC_283_Lig_BC_367-0-0,8.001476,5.4973125,A549,control,0.0,nM,24.0,control_0,control
G11_F10_RT_BC_180_Lig_BC_356-0-0,12.390076,5.0572114,A549,control,0.0,nM,24.0,control_0,control
A07_F10_RT_BC_130_Lig_BC_172-0-0,11.58044,8.029012,A549,control,0.0,nM,24.0,control_0,control
G01_F10_RT_BC_290_Lig_BC_197-0-0,8.003564,10.712296,A549,control,0.0,nM,24.0,control_0,control
D06_F10_RT_BC_104_Lig_BC_265-0-0,3.119536,7.3296976,A549,control,0.0,nM,24.0,control_0,control
D05_F10_RT_BC_218_Lig_BC_71-0-0,12.235151,7.6760583,A549,control,0.0,nM,24.0,control_0,control
E07_F10_RT_BC_294_Lig_BC_91-0-0,12.198071,7.8648524,A549,control,0.0,nM,24.0,control_0,control
D10_F10_RT_BC_234_Lig_BC_29-0-0,8.988089,1.7452948,A549,control,0.0,nM,24.0,control_0,control
D04_E09_RT_BC_313_Lig_BC_286-0-0,6.7917624,4.1301203,A549,control,0.0,nM,24.0,control_0,control
B05_F10_RT_BC_148_Lig_BC_351-0-0,6.242391,8.377736,A549,control,0.0,nM,24.0,control_0,control
H05_E09_RT_BC_238_Lig_BC_10-0-0,7.7111993,1.9819149,A549,control,0.0,nM,24.0,control_0,control
F07_F10_RT_BC_175_Lig_BC_18-0-0,12.076259,7.6175566,A549,control,0.0,nM,24.0,control_0,control
F04_F10_RT_BC_217_Lig_BC_109-0-0,7.2649617,3.3181129,A549,control,0.0,nM,24.0,control_0,control
H09_E09_RT_BC_153_Lig_BC_246-0-0,9.405552,7.10239,A549,control,0.0,nM,24.0,control_0,control
C10_F10_RT_BC_361_Lig_BC_175-0-0,9.8117285,8.704365,A549,control,0.0,nM,24.0,control_0,control
D11_F10_RT_BC_380_Lig_BC_272-0-0,4.1436267,8.338644,A549,control,0.0,nM,24.0,control_0,control
A09_F10_RT_BC_160_Lig_BC_359-0-0,5.5219088,5.825899,A549,control,0.0,nM,24.0,control_0,control
G06_E09_RT_BC_253_Lig_BC_354-0-0,4.7852015,5.0643315,A549,control,0.0,nM,24.0,control_0,control
B05_E09_RT_BC_225_Lig_BC_238-0-0,8.701715,9.828883,A549,control,0.0,nM,24.0,control_0,control
F12_E09_RT_BC_335_Lig_BC_270-0-0,9.282397,7.911199,A549,control,0.0,nM,24.0,control_0,control
D02_F10_RT_BC_196_Lig_BC_255-0-0,10.82535,5.4783416,A549,control,0.0,nM,24.0,control_0,control
dsdr_(+)-JQ1_10_222-1,5.7363014,4.6036696,A549,(+)-JQ1,10.0,nM,24.0,(+)-JQ1_10nM,dose_specific_direction
dsdr_(+)-JQ1_10_211-1,10.192045,8.50621,A549,(+)-JQ1,10.0,nM,24.0,(+)-JQ1_10nM,dose_specific_direction
dsdr_(+)-JQ1_10_176-1,7.9494004,3.614718,A549,(+)-JQ1,10.0,nM,24.0,(+)-JQ1_10nM,dose_specific_direction
dsdr_(+)-JQ1_10_351-1,12.191543,5.0416255,A549,(+)-JQ1,10.0,nM,24.0,(+)-JQ1_10nM,dose_specific_direction
dsdr_(+)-JQ1_10_408-1,-1.425093,6.500595,A549,(+)-JQ1,10.0,nM,24.0,(+)-JQ1_10nM,dose_specific_direction
dsdr_(+)-JQ1_10_486-1,6.4057817,6.3486524,A549,(+)-JQ1,10.0,nM,24.0,(+)-JQ1_10nM,dose_specific_direction
dsdr_(+)-JQ1_10_458-1,2.1011846,6.417237,A549,(+)-JQ1,10.0,nM,24.0,(+)-JQ1_10nM,dose_specific_direction
dsdr_(+)-JQ1_10_480-1,9.3576,6.722485,A549,(+)-JQ1,10.0,nM,24.0,(+)-JQ1_10nM,dose_specific_direction
dsdr_(+)-JQ1_10_427-1,8.714749,9.453373,A549,(+)-JQ1,10.0,nM,24.0,(+)-JQ1_10nM,dose_specific_direction
dsdr_(+)-JQ1_10_194-1,7.864959,6.7817287,A549,(+)-JQ1,10.0,nM,24.0,(+)-JQ1_10nM,dose_specific_direction
dsdr_(+)-JQ1_10_177-1,4.768561,9.277773,A549,(+)-JQ1,10.0,nM,24.0,(+)-JQ1_10nM,dose_specific_direction
dsdr_(+)-JQ1_10_249-1,10.476307,9.425351,A549,(+)-JQ1,10.0,nM,24.0,(+)-JQ1_10nM,dose_specific_direction
dsdr_(+)-JQ1_10_461-1,11.098463,3.533681,A549,(+)-JQ1,10.0,nM,24.0,(+)-JQ1_10nM,dose_specific_direction
dsdr_(+)-JQ1_10_304-1,6.81038,3.2487931,A549,(+)-JQ1,10.0,nM,24.0,(+)-JQ1_10nM,dose_specific_direction
dsdr_(+)-JQ1_10_64-1,4.1684637,4.3211994,A549,(+)-JQ1,10.0,nM,24.0,(+)-JQ1_10nM,dose_specific_direction
dsdr_(+)-JQ1_10_112-1,9.066552,4.8594093,A549,(+)-JQ1,10.0,nM,24.0,(+)-JQ1_10nM,dose_specific_direction
dsdr_(+)-JQ1_10_197-1,12.08757,7.799123,A549,(+)-JQ1,10.0,nM,24.0,(+)-JQ1_10nM,dose_specific_direction
dsdr_(+)-JQ1_10_85-1,4.081639,7.030818,A549,(+)-JQ1,10.0,nM,24.0,(+)-JQ1_10nM,dose_specific_direction
dsdr_(+)-JQ1_10_37-1,9.3478365,7.115784,A549,(+)-JQ1,10.0,nM,24.0,(+)-JQ1_10nM,dose_specific_direction
dsdr_(+)-JQ1_10_463-1,6.9816275,2.8732,A549,(+)-JQ1,10.0,nM,24.0,(+)-JQ1_10nM,dose_specific_direction
dsdr_(+)-JQ1_10_3-1,8.925946,4.3691196,A549,(+)-JQ1,10.0,nM,24.0,(+)-JQ1_10nM,dose_specific_direction
dsdr_(+)-JQ1_10_346-1,10.6538,9.25018,A549,(+)-JQ1,10.0,nM,24.0,(+)-JQ1_10nM,dose_specific_direction
dsdr_(+)-JQ1_10_496-1,3.9684892,5.131203,A549,(+)-JQ1,10.0,nM,24.0,(+)-JQ1_10nM,dose_specific_direction
dsdr_(+)-JQ1_10_337-1,4.3912773,5.4364567,A549,(+)-JQ1,10.0,nM,24.0,(+)-JQ1_10nM,dose_specific_direction
dsdr_(+)-JQ1_10_295-1,11.180643,3.5489638,A549,(+)-JQ1,10.0,nM,24.0,(+)-JQ1_10nM,dose_specific_direction
dsdr_(+)-JQ1_10_342-1,8.692137,9.799209,A549,(+)-JQ1,10.0,nM,24.0,(+)-JQ1_10nM,dose_specific_direction
dsdr_(+)-JQ1_10_174-1,4.3452187,8.7385435,A549,(+)-JQ1,10.0,nM,24.0,(+)-JQ1_10nM,dose_specific_direction
dsdr_(+)-JQ1_10_133-1,11.662604,9.131096,A549,(+)-JQ1,10.0,nM,24.0,(+)-JQ1_10nM,dose_specific_direction
dsdr_(+)-JQ1_10_132-1,5.616072,6.562081,A549,(+)-JQ1,10.0,nM,24.0,(+)-JQ1_10nM,dose_specific_direction
dsdr_(+)-JQ1_10_7-1,12.08647,8.839261,A549,(+)-JQ1,10.0,nM,24.0,(+)-JQ1_10nM,dose_specific_direction
dsdr_(+)-JQ1_10_121-1,6.304437,10.178637,A549,(+)-JQ1,10.0,nM,24.0,(+)-JQ1_10nM,dose_specific_direction
dsdr_(+)-JQ1_10_115-1,7.9369864,6.0977373,A549,(+)-JQ1,10.0,nM,24.0,(+)-JQ1_10nM,dose_specific_direction
dsdr_(+)-JQ1_10_391-1,3.8431182,4.7450657,A549,(+)-JQ1,10.0,nM,24.0,(+)-JQ1_10nM,dose_specific_direction
dsdr_(+)-JQ1_10_207-1,1.4747586,6.9234476,A549,(+)-JQ1,10.0,nM,24.0,(+)-JQ1_10nM,dose_specific_direction
dsdr_(+)-JQ1_10_116-1,4.678461,10.299304,A549,(+)-JQ1,10.0,nM,24.0,(+)-JQ1_10nM,dose_specific_direction
dsdr_(+)-JQ1_10_70-1,6.4025464,9.441531,A549,(+)-JQ1,10.0,nM,24.0,(+)-JQ1_10nM,dose_specific_direction
dsdr_(+)-JQ1_10_298-1,10.477197,7.268909,A549,(+)-JQ1,10.0,nM,24.0,(+)-JQ1_10nM,dose_specific_direction
dsdr_(+)-JQ1_10_412-1,12.080169,5.3161063,A549,(+)-JQ1,10.0,nM,24.0,(+)-JQ1_10nM,dose_specific_direction
dsdr_(+)-JQ1_10_139-1,9.0301695,7.3682528,A549,(+)-JQ1,10.0,nM,24.0,(+)-JQ1_10nM,dose_specific_direction
dsdr_(+)-JQ1_10_148-1,1.2225279,6.506245,A549,(+)-JQ1,10.0,nM,24.0,(+)-JQ1_10nM,dose_specific_direction
dsdr_(+)-JQ1_10_57-1,3.5931795,9.979286,A549,(+)-JQ1,10.0,nM,24.0,(+)-JQ1_10nM,dose_specific_direction
dsdr_(+)-JQ1_10_47-1,6.4608226,8.14277,A549,(+)-JQ1,10.0,nM,24.0,(+)-JQ1_10nM,dose_specific_direction
dsdr_(+)-JQ1_10_157-1,1.1016006,5.7351685,A549,(+)-JQ1,10.0,nM,24.0,(+)-JQ1_10nM,dose_specific_direction
dsdr_(+)-JQ1_10_448-1,7.5006824,9.438845,A549,(+)-JQ1,10.0,nM,24.0,(+)-JQ1_10nM,dose_specific_direction
dsdr_(+)-JQ1_10_310-1,11.528999,9.392655,A549,(+)-JQ1,10.0,nM,24.0,(+)-JQ1_10nM,dose_specific_direction
dsdr_(+)-JQ1_10_356-1,11.276564,7.1960273,A549,(+)-JQ1,10.0,nM,24.0,(+)-JQ1_10nM,dose_specific_direction
dsdr_(+)-JQ1_10_97-1,6.543566,10.053164,A549,(+)-JQ1,10.0,nM,24.0,(+)-JQ1_10nM,dose_specific_direction
dsdr_(+)-JQ1_10_360-1,9.030829,1.8760806,A549,(+)-JQ1,10.0,nM,24.0,(+)-JQ1_10nM,dose_specific_direction
dsdr_(+)-JQ1_10_493-1,10.096298,8.762418,A549,(+)-JQ1,10.0,nM,24.0,(+)-JQ1_10nM,dose_specific_direction
dsdr_(+)-JQ1_10_146-1,4.801059,7.2178807,A549,(+)-JQ1,10.0,nM,24.0,(+)-JQ1_10nM,dose_specific_direction
dsdr_(+)-JQ1_10_63-1,7.9834714,4.196761,A549,(+)-JQ1,10.0,nM,24.0,(+)-JQ1_10nM,dose_specific_direction
dsdr_(+)-JQ1_10_421-1,12.197947,8.771955,A549,(+)-JQ1,10.0,nM,24.0,(+)-JQ1_10nM,dose_specific_direction
dsdr_(+)-JQ1_10_1-1,6.5705714,7.439871,A549,(+)-JQ1,10.0,nM,24.0,(+)-JQ1_10nM,dose_specific_direction
dsdr_(+)-JQ1_10_454-1,12.279432,4.872441,A549,(+)-JQ1,10.0,nM,24.0,(+)-JQ1_10nM,dose_specific_direction
dsdr_(+)-JQ1_10_456-1,9.897905,4.215281,A549,(+)-JQ1,10.0,nM,24.0,(+)-JQ1_10nM,dose_specific_direction
dsdr_(+)-JQ1_10_101-1,4.216786,8.355124,A549,(+)-JQ1,10.0,nM,24.0,(+)-JQ1_10nM,dose_specific_direction
dsdr_(+)-JQ1_10_286-1,6.100265,7.1264963,A549,(+)-JQ1,10.0,nM,24.0,(+)-JQ1_10nM,dose_specific_direction
dsdr_(+)-JQ1_10_284-1,5.4447246,5.092159,A549,(+)-JQ1,10.0,nM,24.0,(+)-JQ1_10nM,dose_specific_direction
dsdr_(+)-JQ1_10_243-1,8.656884,5.8789034,A549,(+)-JQ1,10.0,nM,24.0,(+)-JQ1_10nM,dose_specific_direction
dsdr_(+)-JQ1_10_489-1,9.059667,5.916027,A549,(+)-JQ1,10.0,nM,24.0,(+)-JQ1_10nM,dose_specific_direction
dsdr_(+)-JQ1_10_271-1,5.732555,9.838667,A549,(+)-JQ1,10.0,nM,24.0,(+)-JQ1_10nM,dose_specific_direction
dsdr_(+)-JQ1_10_108-1,6.1066875,9.889051,A549,(+)-JQ1,10.0,nM,24.0,(+)-JQ1_10nM,dose_specific_direction
dsdr_(+)-JQ1_10_22-1,5.2047453,6.9279017,A549,(+)-JQ1,10.0,nM,24.0,(+)-JQ1_10nM,dose_specific_direction
dsdr_(+)-JQ1_10_230-1,11.9595585,7.5824566,A549,(+)-JQ1,10.0,nM,24.0,(+)-JQ1_10nM,dose_specific_direction
dsdr_(+)-JQ1_10_330-1,7.12416,6.947279,A549,(+)-JQ1,10.0,nM,24.0,(+)-JQ1_10nM,dose_specific_direction
dsdr_(+)-JQ1_10_381-1,1.7787756,6.0567284,A549,(+)-JQ1,10.0,nM,24.0,(+)-JQ1_10nM,dose_specific_direction
dsdr_(+)-JQ1_10_104-1,12.42662,7.5740223,A549,(+)-JQ1,10.0,nM,24.0,(+)-JQ1_10nM,dose_specific_direction
dsdr_(+)-JQ1_10_2-1,5.019384,10.246106,A549,(+)-JQ1,10.0,nM,24.0,(+)-JQ1_10nM,dose_specific_direction
dsdr_(+)-JQ1_10_78-1,9.315678,6.8848844,A549,(+)-JQ1,10.0,nM,24.0,(+)-JQ1_10nM,dose_specific_direction
dsdr_(+)-JQ1_10_262-1,7.1661525,5.8974214,A549,(+)-JQ1,10.0,nM,24.0,(+)-JQ1_10nM,dose_specific_direction
dsdr_(+)-JQ1_10_266-1,3.6827662,6.7265987,A549,(+)-JQ1,10.0,nM,24.0,(+)-JQ1_10nM,dose_specific_direction
dsdr_(+)-JQ1_10_196-1,1.5282843,5.6581893,A549,(+)-JQ1,10.0,nM,24.0,(+)-JQ1_10nM,dose_specific_direction
dsdr_(+)-JQ1_10_156-1,8.228371,7.0771074,A549,(+)-JQ1,10.0,nM,24.0,(+)-JQ1_10nM,dose_specific_direction
dsdr_(+)-JQ1_10_235-1,6.300116,9.012868,A549,(+)-JQ1,10.0,nM,24.0,(+)-JQ1_10nM,dose_specific_direction
dsdr_(+)-JQ1_10_336-1,4.7411675,3.441213,A549,(+)-JQ1,10.0,nM,24.0,(+)-JQ1_10nM,dose_specific_direction
dsdr_(+)-JQ1_10_241-1,6.1458945,8.758629,A549,(+)-JQ1,10.0,nM,24.0,(+)-JQ1_10nM,dose_specific_direction
dsdr_(+)-JQ1_10_376-1,5.0008254,8.105017,A549,(+)-JQ1,10.0,nM,24.0,(+)-JQ1_10nM,dose_specific_direction
dsdr_(+)-JQ1_10_245-1,2.5574737,6.779197,A549,(+)-JQ1,10.0,nM,24.0,(+)-JQ1_10nM,dose_specific_direction
dsdr_(+)-JQ1_10_234-1,4.510998,7.0097756,A549,(+)-JQ1,10.0,nM,24.0,(+)-JQ1_10nM,dose_specific_direction
dsdr_(+)-JQ1_10_217-1,4.9195013,7.045505,A549,(+)-JQ1,10.0,nM,24.0,(+)-JQ1_10nM,dose_specific_direction
dsdr_(+)-JQ1_100_184-1,8.778727,2.3555276,A549,(+)-JQ1,100.0,nM,24.0,(+)-JQ1_100nM,dose_specific_direction
dsdr_(+)-JQ1_100_6-1,1.632745,4.6680446,A549,(+)-JQ1,100.0,nM,24.0,(+)-JQ1_100nM,dose_specific_direction
dsdr_(+)-JQ1_100_427-1,8.736501,9.1191225,A549,(+)-JQ1,100.0,nM,24.0,(+)-JQ1_100nM,dose_specific_direction
dsdr_(+)-JQ1_100_188-1,8.876003,5.1919527,A549,(+)-JQ1,100.0,nM,24.0,(+)-JQ1_100nM,dose_specific_direction
dsdr_(+)-JQ1_100_191-1,9.045047,1.902114,A549,(+)-JQ1,100.0,nM,24.0,(+)-JQ1_100nM,dose_specific_direction
dsdr_(+)-JQ1_100_86-1,2.8689222,6.3505754,A549,(+)-JQ1,100.0,nM,24.0,(+)-JQ1_100nM,dose_specific_direction
dsdr_(+)-JQ1_100_320-1,2.4279401,5.528232,A549,(+)-JQ1,100.0,nM,24.0,(+)-JQ1_100nM,dose_specific_direction
dsdr_(+)-JQ1_100_299-1,7.2004867,2.914693,A549,(+)-JQ1,100.0,nM,24.0,(+)-JQ1_100nM,dose_specific_direction
dsdr_(+)-JQ1_100_260-1,5.8624396,5.0431046,A549,(+)-JQ1,100.0,nM,24.0,(+)-JQ1_100nM,dose_specific_direction
dsdr_(+)-JQ1_100_9-1,4.5162086,7.0176344,A549,(+)-JQ1,100.0,nM,24.0,(+)-JQ1_100nM,dose_specific_direction
dsdr_(+)-JQ1_100_165-1,3.9454198,3.6586099,A549,(+)-JQ1,100.0,nM,24.0,(+)-JQ1_100nM,dose_specific_direction
dsdr_(+)-JQ1_100_186-1,8.171646,7.104534,A549,(+)-JQ1,100.0,nM,24.0,(+)-JQ1_100nM,dose_specific_direction
dsdr_(+)-JQ1_100_401-1,9.01894,8.049544,A549,(+)-JQ1,100.0,nM,24.0,(+)-JQ1_100nM,dose_specific_direction
dsdr_(+)-JQ1_100_298-1,9.329212,6.549504,A549,(+)-JQ1,100.0,nM,24.0,(+)-JQ1_100nM,dose_specific_direction
dsdr_(+)-JQ1_100_106-1,10.120028,3.0983987,A549,(+)-JQ1,100.0,nM,24.0,(+)-JQ1_100nM,dose_specific_direction
dsdr_(+)-JQ1_100_362-1,2.8973618,5.480496,A549,(+)-JQ1,100.0,nM,24.0,(+)-JQ1_100nM,dose_specific_direction
dsdr_(+)-JQ1_100_307-1,6.5132775,6.6834736,A549,(+)-JQ1,100.0,nM,24.0,(+)-JQ1_100nM,dose_specific_direction
dsdr_(+)-JQ1_100_79-1,5.000119,5.492623,A549,(+)-JQ1,100.0,nM,24.0,(+)-JQ1_100nM,dose_specific_direction
dsdr_(+)-JQ1_100_204-1,5.8715696,5.152228,A549,(+)-JQ1,100.0,nM,24.0,(+)-JQ1_100nM,dose_specific_direction
dsdr_(+)-JQ1_100_155-1,9.3199625,6.3975444,A549,(+)-JQ1,100.0,nM,24.0,(+)-JQ1_100nM,dose_specific_direction
dsdr_(+)-JQ1_100_171-1,3.6237128,3.5375671,A549,(+)-JQ1,100.0,nM,24.0,(+)-JQ1_100nM,dose_specific_direction
dsdr_(+)-JQ1_100_367-1,11.0401745,4.143723,A549,(+)-JQ1,100.0,nM,24.0,(+)-JQ1_100nM,dose_specific_direction
dsdr_(+)-JQ1_100_109-1,3.7218778,3.2729778,A549,(+)-JQ1,100.0,nM,24.0,(+)-JQ1_100nM,dose_specific_direction
dsdr_(+)-JQ1_100_334-1,4.1172686,6.085378,A549,(+)-JQ1,100.0,nM,24.0,(+)-JQ1_100nM,dose_specific_direction
dsdr_(+)-JQ1_100_465-1,11.218863,7.8646345,A549,(+)-JQ1,100.0,nM,24.0,(+)-JQ1_100nM,dose_specific_direction
dsdr_(+)-JQ1_100_28-1,8.429457,7.3262267,A549,(+)-JQ1,100.0,nM,24.0,(+)-JQ1_100nM,dose_specific_direction
dsdr_(+)-JQ1_100_495-1,4.563114,4.164204,A549,(+)-JQ1,100.0,nM,24.0,(+)-JQ1_100nM,dose_specific_direction
dsdr_(+)-JQ1_100_343-1,8.449968,3.8081,A549,(+)-JQ1,100.0,nM,24.0,(+)-JQ1_100nM,dose_specific_direction
dsdr_(+)-JQ1_100_317-1,10.3337555,5.4642115,A549,(+)-JQ1,100.0,nM,24.0,(+)-JQ1_100nM,dose_specific_direction
dsdr_(+)-JQ1_100_410-1,9.180771,4.2173953,A549,(+)-JQ1,100.0,nM,24.0,(+)-JQ1_100nM,dose_specific_direction
dsdr_(+)-JQ1_100_61-1,5.8890586,9.572176,A549,(+)-JQ1,100.0,nM,24.0,(+)-JQ1_100nM,dose_specific_direction
dsdr_(+)-JQ1_100_284-1,4.932532,5.283295,A549,(+)-JQ1,100.0,nM,24.0,(+)-JQ1_100nM,dose_specific_direction
dsdr_(+)-JQ1_100_122-1,4.0799704,4.9136043,A549,(+)-JQ1,100.0,nM,24.0,(+)-JQ1_100nM,dose_specific_direction
dsdr_(+)-JQ1_100_475-1,11.97042,8.684666,A549,(+)-JQ1,100.0,nM,24.0,(+)-JQ1_100nM,dose_specific_direction
dsdr_(+)-JQ1_100_493-1,9.5939245,8.42779,A549,(+)-JQ1,100.0,nM,24.0,(+)-JQ1_100nM,dose_specific_direction
dsdr_(+)-JQ1_100_453-1,12.317536,4.804497,A549,(+)-JQ1,100.0,nM,24.0,(+)-JQ1_100nM,dose_specific_direction
dsdr_(+)-JQ1_100_71-1,6.8491173,7.720044,A549,(+)-JQ1,100.0,nM,24.0,(+)-JQ1_100nM,dose_specific_direction
dsdr_(+)-JQ1_100_177-1,2.9778354,8.163539,A549,(+)-JQ1,100.0,nM,24.0,(+)-JQ1_100nM,dose_specific_direction
dsdr_(+)-JQ1_100_234-1,3.7710009,7.115287,A549,(+)-JQ1,100.0,nM,24.0,(+)-JQ1_100nM,dose_specific_direction
dsdr_(+)-JQ1_100_424-1,8.310154,3.4914014,A549,(+)-JQ1,100.0,nM,24.0,(+)-JQ1_100nM,dose_specific_direction
dsdr_(+)-JQ1_100_151-1,5.2858562,10.049216,A549,(+)-JQ1,100.0,nM,24.0,(+)-JQ1_100nM,dose_specific_direction
dsdr_(+)-JQ1_100_215-1,7.9526777,2.5106728,A549,(+)-JQ1,100.0,nM,24.0,(+)-JQ1_100nM,dose_specific_direction
dsdr_(+)-JQ1_100_170-1,3.8436882,7.5873256,A549,(+)-JQ1,100.0,nM,24.0,(+)-JQ1_100nM,dose_specific_direction
dsdr_(+)-JQ1_100_360-1,8.680089,2.0582619,A549,(+)-JQ1,100.0,nM,24.0,(+)-JQ1_100nM,dose_specific_direction
dsdr_(+)-JQ1_100_21-1,11.357716,3.9106815,A549,(+)-JQ1,100.0,nM,24.0,(+)-JQ1_100nM,dose_specific_direction
dsdr_(+)-JQ1_100_303-1,10.5374365,6.077272,A549,(+)-JQ1,100.0,nM,24.0,(+)-JQ1_100nM,dose_specific_direction
dsdr_(+)-JQ1_100_24-1,6.9811525,5.78618,A549,(+)-JQ1,100.0,nM,24.0,(+)-JQ1_100nM,dose_specific_direction
dsdr_(+)-JQ1_100_304-1,6.025406,3.4511428,A549,(+)-JQ1,100.0,nM,24.0,(+)-JQ1_100nM,dose_specific_direction
dsdr_(+)-JQ1_100_390-1,2.6555586,4.8041196,A549,(+)-JQ1,100.0,nM,24.0,(+)-JQ1_100nM,dose_specific_direction
dsdr_(+)-JQ1_100_102-1,2.9484737,4.9361944,A549,(+)-JQ1,100.0,nM,24.0,(+)-JQ1_100nM,dose_specific_direction
dsdr_(+)-JQ1_100_194-1,7.437405,6.756323,A549,(+)-JQ1,100.0,nM,24.0,(+)-JQ1_100nM,dose_specific_direction
dsdr_(+)-JQ1_100_200-1,3.559326,7.876249,A549,(+)-JQ1,100.0,nM,24.0,(+)-JQ1_100nM,dose_specific_direction
dsdr_(+)-JQ1_100_201-1,9.264776,6.384921,A549,(+)-JQ1,100.0,nM,24.0,(+)-JQ1_100nM,dose_specific_direction
dsdr_(+)-JQ1_100_182-1,7.89507,9.769803,A549,(+)-JQ1,100.0,nM,24.0,(+)-JQ1_100nM,dose_specific_direction
dsdr_(+)-JQ1_100_80-1,12.51358,4.927578,A549,(+)-JQ1,100.0,nM,24.0,(+)-JQ1_100nM,dose_specific_direction
dsdr_(+)-JQ1_100_141-1,2.9541588,3.7194443,A549,(+)-JQ1,100.0,nM,24.0,(+)-JQ1_100nM,dose_specific_direction
dsdr_(+)-JQ1_100_302-1,6.37128,10.14184,A549,(+)-JQ1,100.0,nM,24.0,(+)-JQ1_100nM,dose_specific_direction
dsdr_(+)-JQ1_100_371-1,10.527863,3.8017297,A549,(+)-JQ1,100.0,nM,24.0,(+)-JQ1_100nM,dose_specific_direction
dsdr_(+)-JQ1_100_149-1,1.5627273,4.7196493,A549,(+)-JQ1,100.0,nM,24.0,(+)-JQ1_100nM,dose_specific_direction
dsdr_(+)-JQ1_100_474-1,-0.17218669,7.2489486,A549,(+)-JQ1,100.0,nM,24.0,(+)-JQ1_100nM,dose_specific_direction
dsdr_(+)-JQ1_100_77-1,1.145614,6.0387287,A549,(+)-JQ1,100.0,nM,24.0,(+)-JQ1_100nM,dose_specific_direction
dsdr_(+)-JQ1_100_31-1,9.324924,7.2617154,A549,(+)-JQ1,100.0,nM,24.0,(+)-JQ1_100nM,dose_specific_direction
dsdr_(+)-JQ1_100_40-1,6.4372916,7.3991127,A549,(+)-JQ1,100.0,nM,24.0,(+)-JQ1_100nM,dose_specific_direction
dsdr_(+)-JQ1_100_323-1,7.901497,3.2409997,A549,(+)-JQ1,100.0,nM,24.0,(+)-JQ1_100nM,dose_specific_direction
dsdr_(+)-JQ1_100_38-1,10.130689,7.9142637,A549,(+)-JQ1,100.0,nM,24.0,(+)-JQ1_100nM,dose_specific_direction
dsdr_(+)-JQ1_100_419-1,7.205395,6.6387606,A549,(+)-JQ1,100.0,nM,24.0,(+)-JQ1_100nM,dose_specific_direction
dsdr_(+)-JQ1_100_133-1,10.726501,8.937586,A549,(+)-JQ1,100.0,nM,24.0,(+)-JQ1_100nM,dose_specific_direction
dsdr_(+)-JQ1_100_425-1,6.7507153,7.424778,A549,(+)-JQ1,100.0,nM,24.0,(+)-JQ1_100nM,dose_specific_direction
dsdr_(+)-JQ1_100_107-1,9.056624,7.3207154,A549,(+)-JQ1,100.0,nM,24.0,(+)-JQ1_100nM,dose_specific_direction
dsdr_(+)-JQ1_100_319-1,5.4097953,8.399421,A549,(+)-JQ1,100.0,nM,24.0,(+)-JQ1_100nM,dose_specific_direction
dsdr_(+)-JQ1_100_98-1,2.5961182,8.633119,A549,(+)-JQ1,100.0,nM,24.0,(+)-JQ1_100nM,dose_specific_direction
dsdr_(+)-JQ1_100_388-1,12.052061,8.739522,A549,(+)-JQ1,100.0,nM,24.0,(+)-JQ1_100nM,dose_specific_direction
dsdr_(+)-JQ1_100_432-1,6.5980077,4.6369343,A549,(+)-JQ1,100.0,nM,24.0,(+)-JQ1_100nM,dose_specific_direction
dsdr_(+)-JQ1_100_130-1,3.0064025,4.4146276,A549,(+)-JQ1,100.0,nM,24.0,(+)-JQ1_100nM,dose_specific_direction
dsdr_(+)-JQ1_100_164-1,5.774213,9.05219,A549,(+)-JQ1,100.0,nM,24.0,(+)-JQ1_100nM,dose_specific_direction
dsdr_(+)-JQ1_100_356-1,11.116538,7.226188,A549,(+)-JQ1,100.0,nM,24.0,(+)-JQ1_100nM,dose_specific_direction
dsdr_(+)-JQ1_100_229-1,8.1155405,2.7527447,A549,(+)-JQ1,100.0,nM,24.0,(+)-JQ1_100nM,dose_specific_direction
dsdr_(+)-JQ1_100_228-1,9.304137,7.582956,A549,(+)-JQ1,100.0,nM,24.0,(+)-JQ1_100nM,dose_specific_direction
dsdr_(+)-JQ1_100_192-1,5.597723,4.185284,A549,(+)-JQ1,100.0,nM,24.0,(+)-JQ1_100nM,dose_specific_direction
dsdr_(+)-JQ1_100_54-1,9.649363,6.2601104,A549,(+)-JQ1,100.0,nM,24.0,(+)-JQ1_100nM,dose_specific_direction
dsdr_(+)-JQ1_1000_432-1,6.1743307,5.080893,A549,(+)-JQ1,1000.0,nM,24.0,(+)-JQ1_1000nM,dose_specific_direction
dsdr_(+)-JQ1_1000_69-1,2.0306442,6.214791,A549,(+)-JQ1,1000.0,nM,24.0,(+)-JQ1_1000nM,dose_specific_direction
dsdr_(+)-JQ1_1000_451-1,1.4706599,5.314089,A549,(+)-JQ1,1000.0,nM,24.0,(+)-JQ1_1000nM,dose_specific_direction
dsdr_(+)-JQ1_1000_274-1,2.4968991,8.313688,A549,(+)-JQ1,1000.0,nM,24.0,(+)-JQ1_1000nM,dose_specific_direction
dsdr_(+)-JQ1_1000_342-1,7.2510667,9.988321,A549,(+)-JQ1,1000.0,nM,24.0,(+)-JQ1_1000nM,dose_specific_direction
dsdr_(+)-JQ1_1000_171-1,2.451115,4.1328998,A549,(+)-JQ1,1000.0,nM,24.0,(+)-JQ1_1000nM,dose_specific_direction
dsdr_(+)-JQ1_1000_358-1,10.259956,4.703062,A549,(+)-JQ1,1000.0,nM,24.0,(+)-JQ1_1000nM,dose_specific_direction
dsdr_(+)-JQ1_1000_184-1,8.359126,2.5109818,A549,(+)-JQ1,1000.0,nM,24.0,(+)-JQ1_1000nM,dose_specific_direction
dsdr_(+)-JQ1_1000_433-1,5.3301735,9.266202,A549,(+)-JQ1,1000.0,nM,24.0,(+)-JQ1_1000nM,dose_specific_direction
dsdr_(+)-JQ1_1000_264-1,2.848564,7.612981,A549,(+)-JQ1,1000.0,nM,24.0,(+)-JQ1_1000nM,dose_specific_direction
dsdr_(+)-JQ1_1000_242-1,7.5759397,3.8821073,A549,(+)-JQ1,1000.0,nM,24.0,(+)-JQ1_1000nM,dose_specific_direction
dsdr_(+)-JQ1_1000_124-1,2.8126428,4.457788,A549,(+)-JQ1,1000.0,nM,24.0,(+)-JQ1_1000nM,dose_specific_direction
dsdr_(+)-JQ1_1000_330-1,4.7850943,6.7667713,A549,(+)-JQ1,1000.0,nM,24.0,(+)-JQ1_1000nM,dose_specific_direction
dsdr_(+)-JQ1_1000_469-1,-0.004610096,6.4806237,A549,(+)-JQ1,1000.0,nM,24.0,(+)-JQ1_1000nM,dose_specific_direction
dsdr_(+)-JQ1_1000_459-1,4.80752,4.2160573,A549,(+)-JQ1,1000.0,nM,24.0,(+)-JQ1_1000nM,dose_specific_direction
dsdr_(+)-JQ1_1000_47-1,4.5592723,7.7251806,A549,(+)-JQ1,1000.0,nM,24.0,(+)-JQ1_1000nM,dose_specific_direction
dsdr_(+)-JQ1_1000_98-1,2.205035,8.054523,A549,(+)-JQ1,1000.0,nM,24.0,(+)-JQ1_1000nM,dose_specific_direction
dsdr_(+)-JQ1_1000_117-1,3.9156802,8.8962,A549,(+)-JQ1,1000.0,nM,24.0,(+)-JQ1_1000nM,dose_specific_direction
dsdr_(+)-JQ1_1000_81-1,2.6454844,5.048199,A549,(+)-JQ1,1000.0,nM,24.0,(+)-JQ1_1000nM,dose_specific_direction
dsdr_(+)-JQ1_1000_42-1,2.0174198,7.489405,A549,(+)-JQ1,1000.0,nM,24.0,(+)-JQ1_1000nM,dose_specific_direction
dsdr_(+)-JQ1_1000_410-1,8.638703,4.1734385,A549,(+)-JQ1,1000.0,nM,24.0,(+)-JQ1_1000nM,dose_specific_direction
dsdr_(+)-JQ1_1000_201-1,8.693526,6.7204576,A549,(+)-JQ1,1000.0,nM,24.0,(+)-JQ1_1000nM,dose_specific_direction
dsdr_(+)-JQ1_1000_353-1,3.821349,6.3104253,A549,(+)-JQ1,1000.0,nM,24.0,(+)-JQ1_1000nM,dose_specific_direction
dsdr_(+)-JQ1_1000_497-1,5.698004,3.003794,A549,(+)-JQ1,1000.0,nM,24.0,(+)-JQ1_1000nM,dose_specific_direction
dsdr_(+)-JQ1_1000_40-1,5.442169,7.8071146,A549,(+)-JQ1,1000.0,nM,24.0,(+)-JQ1_1000nM,dose_specific_direction
dsdr_(+)-JQ1_1000_396-1,-0.23239343,6.9485188,A549,(+)-JQ1,1000.0,nM,24.0,(+)-JQ1_1000nM,dose_specific_direction
dsdr_(+)-JQ1_1000_424-1,7.805297,3.7802198,A549,(+)-JQ1,1000.0,nM,24.0,(+)-JQ1_1000nM,dose_specific_direction
dsdr_(+)-JQ1_1000_374-1,4.1839976,5.6287932,A549,(+)-JQ1,1000.0,nM,24.0,(+)-JQ1_1000nM,dose_specific_direction
dsdr_(+)-JQ1_1000_187-1,2.7940753,6.1559606,A549,(+)-JQ1,1000.0,nM,24.0,(+)-JQ1_1000nM,dose_specific_direction
dsdr_(+)-JQ1_1000_290-1,10.058102,3.3236046,A549,(+)-JQ1,1000.0,nM,24.0,(+)-JQ1_1000nM,dose_specific_direction
dsdr_(+)-JQ1_1000_192-1,4.446908,4.8240724,A549,(+)-JQ1,1000.0,nM,24.0,(+)-JQ1_1000nM,dose_specific_direction
dsdr_(+)-JQ1_1000_104-1,11.733453,7.4338317,A549,(+)-JQ1,1000.0,nM,24.0,(+)-JQ1_1000nM,dose_specific_direction
dsdr_(+)-JQ1_1000_377-1,8.271216,4.290842,A549,(+)-JQ1,1000.0,nM,24.0,(+)-JQ1_1000nM,dose_specific_direction
dsdr_(+)-JQ1_1000_198-1,2.532282,7.7022,A549,(+)-JQ1,1000.0,nM,24.0,(+)-JQ1_1000nM,dose_specific_direction
dsdr_(+)-JQ1_1000_299-1,4.989466,3.0941796,A549,(+)-JQ1,1000.0,nM,24.0,(+)-JQ1_1000nM,dose_specific_direction
dsdr_(+)-JQ1_1000_167-1,3.881406,9.273456,A549,(+)-JQ1,1000.0,nM,24.0,(+)-JQ1_1000nM,dose_specific_direction
dsdr_(+)-JQ1_1000_73-1,2.3643878,7.408257,A549,(+)-JQ1,1000.0,nM,24.0,(+)-JQ1_1000nM,dose_specific_direction
dsdr_(+)-JQ1_1000_18-1,3.2721589,8.008613,A549,(+)-JQ1,1000.0,nM,24.0,(+)-JQ1_1000nM,dose_specific_direction
dsdr_(+)-JQ1_1000_57-1,1.7131063,8.55172,A549,(+)-JQ1,1000.0,nM,24.0,(+)-JQ1_1000nM,dose_specific_direction
dsdr_(+)-JQ1_1000_477-1,6.340182,7.037708,A549,(+)-JQ1,1000.0,nM,24.0,(+)-JQ1_1000nM,dose_specific_direction
dsdr_(+)-JQ1_1000_480-1,6.686494,7.512892,A549,(+)-JQ1,1000.0,nM,24.0,(+)-JQ1_1000nM,dose_specific_direction
dsdr_(+)-JQ1_1000_327-1,9.319918,4.7245526,A549,(+)-JQ1,1000.0,nM,24.0,(+)-JQ1_1000nM,dose_specific_direction
dsdr_(+)-JQ1_1000_337-1,1.7719629,4.9835563,A549,(+)-JQ1,1000.0,nM,24.0,(+)-JQ1_1000nM,dose_specific_direction
dsdr_(+)-JQ1_1000_395-1,5.163666,6.8813214,A549,(+)-JQ1,1000.0,nM,24.0,(+)-JQ1_1000nM,dose_specific_direction
dsdr_(+)-JQ1_1000_296-1,6.001785,7.4453645,A549,(+)-JQ1,1000.0,nM,24.0,(+)-JQ1_1000nM,dose_specific_direction
dsdr_(+)-JQ1_1000_413-1,9.09196,3.4900866,A549,(+)-JQ1,1000.0,nM,24.0,(+)-JQ1_1000nM,dose_specific_direction
dsdr_(+)-JQ1_1000_393-1,2.6886892,4.3004694,A549,(+)-JQ1,1000.0,nM,24.0,(+)-JQ1_1000nM,dose_specific_direction
dsdr_(+)-JQ1_1000_253-1,6.6529584,7.037597,A549,(+)-JQ1,1000.0,nM,24.0,(+)-JQ1_1000nM,dose_specific_direction
dsdr_(+)-JQ1_1000_438-1,9.251918,5.826792,A549,(+)-JQ1,1000.0,nM,24.0,(+)-JQ1_1000nM,dose_specific_direction
dsdr_(+)-JQ1_1000_172-1,4.823218,7.1790013,A549,(+)-JQ1,1000.0,nM,24.0,(+)-JQ1_1000nM,dose_specific_direction
dsdr_(+)-JQ1_1000_149-1,1.4041109,4.8788753,A549,(+)-JQ1,1000.0,nM,24.0,(+)-JQ1_1000nM,dose_specific_direction
dsdr_(+)-JQ1_1000_99-1,5.2244244,9.348371,A549,(+)-JQ1,1000.0,nM,24.0,(+)-JQ1_1000nM,dose_specific_direction
dsdr_(+)-JQ1_1000_461-1,10.063701,3.5118833,A549,(+)-JQ1,1000.0,nM,24.0,(+)-JQ1_1000nM,dose_specific_direction
dsdr_(+)-JQ1_1000_339-1,8.765073,2.919798,A549,(+)-JQ1,1000.0,nM,24.0,(+)-JQ1_1000nM,dose_specific_direction
dsdr_(+)-JQ1_1000_164-1,4.958301,8.526393,A549,(+)-JQ1,1000.0,nM,24.0,(+)-JQ1_1000nM,dose_specific_direction
dsdr_(+)-JQ1_1000_165-1,2.6391077,4.272263,A549,(+)-JQ1,1000.0,nM,24.0,(+)-JQ1_1000nM,dose_specific_direction
dsdr_(+)-JQ1_1000_273-1,3.2068124,6.246308,A549,(+)-JQ1,1000.0,nM,24.0,(+)-JQ1_1000nM,dose_specific_direction
dsdr_(+)-JQ1_1000_112-1,7.8754334,4.8399096,A549,(+)-JQ1,1000.0,nM,24.0,(+)-JQ1_1000nM,dose_specific_direction
dsdr_(+)-JQ1_1000_270-1,5.5401273,3.2541058,A549,(+)-JQ1,1000.0,nM,24.0,(+)-JQ1_1000nM,dose_specific_direction
dsdr_(+)-JQ1_1000_64-1,2.8821194,4.464008,A549,(+)-JQ1,1000.0,nM,24.0,(+)-JQ1_1000nM,dose_specific_direction
dsdr_(+)-JQ1_1000_467-1,6.2689137,7.2002735,A549,(+)-JQ1,1000.0,nM,24.0,(+)-JQ1_1000nM,dose_specific_direction
dsdr_(+)-JQ1_1000_4-1,2.775775,8.352676,A549,(+)-JQ1,1000.0,nM,24.0,(+)-JQ1_1000nM,dose_specific_direction
dsdr_(+)-JQ1_1000_114-1,3.0622509,8.069091,A549,(+)-JQ1,1000.0,nM,24.0,(+)-JQ1_1000nM,dose_specific_direction
dsdr_(+)-JQ1_1000_407-1,4.83086,5.1358852,A549,(+)-JQ1,1000.0,nM,24.0,(+)-JQ1_1000nM,dose_specific_direction
dsdr_(+)-JQ1_1000_315-1,8.886162,6.43592,A549,(+)-JQ1,1000.0,nM,24.0,(+)-JQ1_1000nM,dose_specific_direction
dsdr_(+)-JQ1_1000_428-1,5.1491346,2.711807,A549,(+)-JQ1,1000.0,nM,24.0,(+)-JQ1_1000nM,dose_specific_direction
dsdr_(+)-JQ1_1000_488-1,10.931509,8.733244,A549,(+)-JQ1,1000.0,nM,24.0,(+)-JQ1_1000nM,dose_specific_direction
dsdr_(+)-JQ1_1000_63-1,5.36313,3.9269013,A549,(+)-JQ1,1000.0,nM,24.0,(+)-JQ1_1000nM,dose_specific_direction
dsdr_(+)-JQ1_1000_429-1,2.2421954,3.8465278,A549,(+)-JQ1,1000.0,nM,24.0,(+)-JQ1_1000nM,dose_specific_direction
dsdr_(+)-JQ1_1000_498-1,3.9142272,7.1388545,A549,(+)-JQ1,1000.0,nM,24.0,(+)-JQ1_1000nM,dose_specific_direction
dsdr_(+)-JQ1_1000_406-1,5.569827,2.663756,A549,(+)-JQ1,1000.0,nM,24.0,(+)-JQ1_1000nM,dose_specific_direction
dsdr_(+)-JQ1_1000_495-1,2.8264809,4.5299964,A549,(+)-JQ1,1000.0,nM,24.0,(+)-JQ1_1000nM,dose_specific_direction
dsdr_(+)-JQ1_1000_139-1,6.8346386,6.511848,A549,(+)-JQ1,1000.0,nM,24.0,(+)-JQ1_1000nM,dose_specific_direction
dsdr_(+)-JQ1_1000_412-1,11.726356,5.2362986,A549,(+)-JQ1,1000.0,nM,24.0,(+)-JQ1_1000nM,dose_specific_direction
dsdr_(+)-JQ1_1000_317-1,9.971466,5.720478,A549,(+)-JQ1,1000.0,nM,24.0,(+)-JQ1_1000nM,dose_specific_direction
dsdr_(+)-JQ1_1000_485-1,5.0695443,6.9329095,A549,(+)-JQ1,1000.0,nM,24.0,(+)-JQ1_1000nM,dose_specific_direction
dsdr_(+)-JQ1_1000_200-1,2.4298444,7.1635127,A549,(+)-JQ1,1000.0,nM,24.0,(+)-JQ1_1000nM,dose_specific_direction
dsdr_(+)-JQ1_1000_328-1,11.466286,7.3092437,A549,(+)-JQ1,1000.0,nM,24.0,(+)-JQ1_1000nM,dose_specific_direction
dsdr_(+)-JQ1_1000_125-1,1.5628594,5.967389,A549,(+)-JQ1,1000.0,nM,24.0,(+)-JQ1_1000nM,dose_specific_direction
dsdr_(+)-JQ1_1000_271-1,3.0287852,8.637983,A549,(+)-JQ1,1000.0,nM,24.0,(+)-JQ1_1000nM,dose_specific_direction
dsdr_(+)-JQ1_10000_78-1,6.745878,7.1734543,A549,(+)-JQ1,10000.0,nM,24.0,(+)-JQ1_10000nM,dose_specific_direction
dsdr_(+)-JQ1_10000_184-1,8.347131,2.5109282,A549,(+)-JQ1,10000.0,nM,24.0,(+)-JQ1_10000nM,dose_specific_direction
dsdr_(+)-JQ1_10000_473-1,9.597433,6.5791354,A549,(+)-JQ1,10000.0,nM,24.0,(+)-JQ1_10000nM,dose_specific_direction
dsdr_(+)-JQ1_10000_217-1,3.043938,6.6683373,A549,(+)-JQ1,10000.0,nM,24.0,(+)-JQ1_10000nM,dose_specific_direction
dsdr_(+)-JQ1_10000_80-1,12.2136135,4.789958,A549,(+)-JQ1,10000.0,nM,24.0,(+)-JQ1_10000nM,dose_specific_direction
dsdr_(+)-JQ1_10000_153-1,8.630129,6.6032734,A549,(+)-JQ1,10000.0,nM,24.0,(+)-JQ1_10000nM,dose_specific_direction
dsdr_(+)-JQ1_10000_400-1,10.575057,8.432804,A549,(+)-JQ1,10000.0,nM,24.0,(+)-JQ1_10000nM,dose_specific_direction
dsdr_(+)-JQ1_10000_316-1,6.1648736,6.703337,A549,(+)-JQ1,10000.0,nM,24.0,(+)-JQ1_10000nM,dose_specific_direction
dsdr_(+)-JQ1_10000_64-1,2.9018867,4.3408737,A549,(+)-JQ1,10000.0,nM,24.0,(+)-JQ1_10000nM,dose_specific_direction
dsdr_(+)-JQ1_10000_398-1,4.4631705,4.2269053,A549,(+)-JQ1,10000.0,nM,24.0,(+)-JQ1_10000nM,dose_specific_direction
dsdr_(+)-JQ1_10000_198-1,2.3115013,7.5761924,A549,(+)-JQ1,10000.0,nM,24.0,(+)-JQ1_10000nM,dose_specific_direction
dsdr_(+)-JQ1_10000_434-1,10.401656,8.585631,A549,(+)-JQ1,10000.0,nM,24.0,(+)-JQ1_10000nM,dose_specific_direction
dsdr_(+)-JQ1_10000_485-1,5.000707,6.8497863,A549,(+)-JQ1,10000.0,nM,24.0,(+)-JQ1_10000nM,dose_specific_direction
dsdr_(+)-JQ1_10000_462-1,6.921136,7.2690477,A549,(+)-JQ1,10000.0,nM,24.0,(+)-JQ1_10000nM,dose_specific_direction
dsdr_(+)-JQ1_10000_325-1,6.456032,6.6177125,A549,(+)-JQ1,10000.0,nM,24.0,(+)-JQ1_10000nM,dose_specific_direction
dsdr_(+)-JQ1_10000_169-1,8.018295,3.5691922,A549,(+)-JQ1,10000.0,nM,24.0,(+)-JQ1_10000nM,dose_specific_direction
dsdr_(+)-JQ1_10000_285-1,11.085097,7.212775,A549,(+)-JQ1,10000.0,nM,24.0,(+)-JQ1_10000nM,dose_specific_direction
dsdr_(+)-JQ1_10000_344-1,7.6508255,2.7475216,A549,(+)-JQ1,10000.0,nM,24.0,(+)-JQ1_10000nM,dose_specific_direction
dsdr_(+)-JQ1_10000_293-1,11.742843,7.736584,A549,(+)-JQ1,10000.0,nM,24.0,(+)-JQ1_10000nM,dose_specific_direction
dsdr_(+)-JQ1_10000_253-1,6.7632966,7.000991,A549,(+)-JQ1,10000.0,nM,24.0,(+)-JQ1_10000nM,dose_specific_direction
dsdr_(+)-JQ1_10000_386-1,7.977304,4.2635098,A549,(+)-JQ1,10000.0,nM,24.0,(+)-JQ1_10000nM,dose_specific_direction
dsdr_(+)-JQ1_10000_307-1,5.3220015,6.812623,A549,(+)-JQ1,10000.0,nM,24.0,(+)-JQ1_10000nM,dose_specific_direction
dsdr_(+)-JQ1_10000_466-1,4.1191735,4.348238,A549,(+)-JQ1,10000.0,nM,24.0,(+)-JQ1_10000nM,dose_specific_direction
dsdr_(+)-JQ1_10000_234-1,2.2950613,6.7027345,A549,(+)-JQ1,10000.0,nM,24.0,(+)-JQ1_10000nM,dose_specific_direction
dsdr_(+)-JQ1_10000_428-1,5.119747,2.664123,A549,(+)-JQ1,10000.0,nM,24.0,(+)-JQ1_10000nM,dose_specific_direction
dsdr_(+)-JQ1_10000_495-1,2.475208,4.402181,A549,(+)-JQ1,10000.0,nM,24.0,(+)-JQ1_10000nM,dose_specific_direction
dsdr_(+)-JQ1_10000_357-1,6.5792294,5.9415336,A549,(+)-JQ1,10000.0,nM,24.0,(+)-JQ1_10000nM,dose_specific_direction
dsdr_(+)-JQ1_10000_397-1,6.503343,8.041514,A549,(+)-JQ1,10000.0,nM,24.0,(+)-JQ1_10000nM,dose_specific_direction
dsdr_(+)-JQ1_10000_477-1,6.274862,7.140009,A549,(+)-JQ1,10000.0,nM,24.0,(+)-JQ1_10000nM,dose_specific_direction
dsdr_(+)-JQ1_10000_360-1,8.254581,2.2453287,A549,(+)-JQ1,10000.0,nM,24.0,(+)-JQ1_10000nM,dose_specific_direction
dsdr_(+)-JQ1_10000_498-1,3.6365364,7.1824174,A549,(+)-JQ1,10000.0,nM,24.0,(+)-JQ1_10000nM,dose_specific_direction
dsdr_(+)-JQ1_10000_335-1,3.579634,7.9301753,A549,(+)-JQ1,10000.0,nM,24.0,(+)-JQ1_10000nM,dose_specific_direction
dsdr_(+)-JQ1_10000_447-1,1.6907868,4.9951363,A549,(+)-JQ1,10000.0,nM,24.0,(+)-JQ1_10000nM,dose_specific_direction
dsdr_(+)-JQ1_10000_348-1,5.7865624,5.838088,A549,(+)-JQ1,10000.0,nM,24.0,(+)-JQ1_10000nM,dose_specific_direction
dsdr_(+)-JQ1_10000_233-1,1.7180611,6.2241926,A549,(+)-JQ1,10000.0,nM,24.0,(+)-JQ1_10000nM,dose_specific_direction
dsdr_(+)-JQ1_10000_481-1,6.7097507,7.2511625,A549,(+)-JQ1,10000.0,nM,24.0,(+)-JQ1_10000nM,dose_specific_direction
dsdr_(+)-JQ1_10000_250-1,8.731633,6.508241,A549,(+)-JQ1,10000.0,nM,24.0,(+)-JQ1_10000nM,dose_specific_direction
dsdr_(+)-JQ1_10000_306-1,10.473251,9.145084,A549,(+)-JQ1,10000.0,nM,24.0,(+)-JQ1_10000nM,dose_specific_direction
dsdr_(+)-JQ1_10000_156-1,7.076979,6.662131,A549,(+)-JQ1,10000.0,nM,24.0,(+)-JQ1_10000nM,dose_specific_direction
dsdr_(+)-JQ1_10000_319-1,3.2179995,7.8145485,A549,(+)-JQ1,10000.0,nM,24.0,(+)-JQ1_10000nM,dose_specific_direction
dsdr_(+)-JQ1_10000_48-1,4.448099,3.4813786,A549,(+)-JQ1,10000.0,nM,24.0,(+)-JQ1_10000nM,dose_specific_direction
dsdr_(+)-JQ1_10000_249-1,9.214207,9.282287,A549,(+)-JQ1,10000.0,nM,24.0,(+)-JQ1_10000nM,dose_specific_direction
dsdr_(+)-JQ1_10000_436-1,3.3762186,6.1494937,A549,(+)-JQ1,10000.0,nM,24.0,(+)-JQ1_10000nM,dose_specific_direction
dsdr_(+)-JQ1_10000_91-1,5.4322777,2.7699459,A549,(+)-JQ1,10000.0,nM,24.0,(+)-JQ1_10000nM,dose_specific_direction
dsdr_(+)-JQ1_10000_265-1,11.85122,5.3551583,A549,(+)-JQ1,10000.0,nM,24.0,(+)-JQ1_10000nM,dose_specific_direction
dsdr_(+)-JQ1_10000_355-1,5.8192725,3.1338196,A549,(+)-JQ1,10000.0,nM,24.0,(+)-JQ1_10000nM,dose_specific_direction
dsdr_(+)-JQ1_10000_29-1,0.61908686,6.042336,A549,(+)-JQ1,10000.0,nM,24.0,(+)-JQ1_10000nM,dose_specific_direction
dsdr_(+)-JQ1_10000_63-1,5.309267,3.85924,A549,(+)-JQ1,10000.0,nM,24.0,(+)-JQ1_10000nM,dose_specific_direction
dsdr_(+)-JQ1_10000_213-1,10.720165,8.185378,A549,(+)-JQ1,10000.0,nM,24.0,(+)-JQ1_10000nM,dose_specific_direction
dsdr_(+)-JQ1_10000_354-1,8.860274,6.3934813,A549,(+)-JQ1,10000.0,nM,24.0,(+)-JQ1_10000nM,dose_specific_direction
dsdr_(+)-JQ1_10000_127-1,10.487058,8.308425,A549,(+)-JQ1,10000.0,nM,24.0,(+)-JQ1_10000nM,dose_specific_direction
dsdr_(+)-JQ1_10000_482-1,2.490857,6.4028497,A549,(+)-JQ1,10000.0,nM,24.0,(+)-JQ1_10000nM,dose_specific_direction
dsdr_(+)-JQ1_10000_11-1,8.130711,5.515344,A549,(+)-JQ1,10000.0,nM,24.0,(+)-JQ1_10000nM,dose_specific_direction
dsdr_(+)-JQ1_10000_92-1,9.079263,2.9163373,A549,(+)-JQ1,10000.0,nM,24.0,(+)-JQ1_10000nM,dose_specific_direction
dsdr_(+)-JQ1_10000_161-1,2.6784987,7.5432596,A549,(+)-JQ1,10000.0,nM,24.0,(+)-JQ1_10000nM,dose_specific_direction
dsdr_(+)-JQ1_10000_134-1,3.3457267,7.7996464,A549,(+)-JQ1,10000.0,nM,24.0,(+)-JQ1_10000nM,dose_specific_direction
dsdr_(+)-JQ1_10000_437-1,0.5379372,7.086506,A549,(+)-JQ1,10000.0,nM,24.0,(+)-JQ1_10000nM,dose_specific_direction
dsdr_(+)-JQ1_10000_181-1,10.492029,7.680737,A549,(+)-JQ1,10000.0,nM,24.0,(+)-JQ1_10000nM,dose_specific_direction
dsdr_(+)-JQ1_10000_257-1,2.2277684,6.936998,A549,(+)-JQ1,10000.0,nM,24.0,(+)-JQ1_10000nM,dose_specific_direction
dsdr_(+)-JQ1_10000_256-1,5.309373,9.247721,A549,(+)-JQ1,10000.0,nM,24.0,(+)-JQ1_10000nM,dose_specific_direction
dsdr_(+)-JQ1_10000_135-1,1.6717691,6.021159,A549,(+)-JQ1,10000.0,nM,24.0,(+)-JQ1_10000nM,dose_specific_direction
dsdr_(+)-JQ1_10000_220-1,3.936122,6.4844804,A549,(+)-JQ1,10000.0,nM,24.0,(+)-JQ1_10000nM,dose_specific_direction
dsdr_(+)-JQ1_10000_2-1,3.3453898,9.446206,A549,(+)-JQ1,10000.0,nM,24.0,(+)-JQ1_10000nM,dose_specific_direction
dsdr_(+)-JQ1_10000_478-1,4.2194967,6.5043907,A549,(+)-JQ1,10000.0,nM,24.0,(+)-JQ1_10000nM,dose_specific_direction
dsdr_(+)-JQ1_10000_387-1,4.5072017,6.458068,A549,(+)-JQ1,10000.0,nM,24.0,(+)-JQ1_10000nM,dose_specific_direction
dsdr_(+)-JQ1_10000_412-1,11.752349,5.139305,A549,(+)-JQ1,10000.0,nM,24.0,(+)-JQ1_10000nM,dose_specific_direction
dsdr_(+)-JQ1_10000_470-1,6.328592,5.1210585,A549,(+)-JQ1,10000.0,nM,24.0,(+)-JQ1_10000nM,dose_specific_direction
dsdr_(+)-JQ1_10000_274-1,2.329755,8.175929,A549,(+)-JQ1,10000.0,nM,24.0,(+)-JQ1_10000nM,dose_specific_direction
dsdr_(+)-JQ1_10000_245-1,1.6036633,6.6487637,A549,(+)-JQ1,10000.0,nM,24.0,(+)-JQ1_10000nM,dose_specific_direction
dsdr_(+)-JQ1_10000_366-1,9.569731,7.228711,A549,(+)-JQ1,10000.0,nM,24.0,(+)-JQ1_10000nM,dose_specific_direction
dsdr_(+)-JQ1_10000_272-1,8.357313,6.7812133,A549,(+)-JQ1,10000.0,nM,24.0,(+)-JQ1_10000nM,dose_specific_direction
dsdr_(+)-JQ1_10000_12-1,6.5710154,7.2367535,A549,(+)-JQ1,10000.0,nM,24.0,(+)-JQ1_10000nM,dose_specific_direction
dsdr_(+)-JQ1_10000_216-1,4.9176283,4.358978,A549,(+)-JQ1,10000.0,nM,24.0,(+)-JQ1_10000nM,dose_specific_direction
dsdr_(+)-JQ1_10000_369-1,7.898634,3.3134792,A549,(+)-JQ1,10000.0,nM,24.0,(+)-JQ1_10000nM,dose_specific_direction
dsdr_(+)-JQ1_10000_349-1,3.4540575,6.0523353,A549,(+)-JQ1,10000.0,nM,24.0,(+)-JQ1_10000nM,dose_specific_direction
dsdr_(+)-JQ1_10000_350-1,11.621461,8.710495,A549,(+)-JQ1,10000.0,nM,24.0,(+)-JQ1_10000nM,dose_specific_direction
dsdr_(+)-JQ1_10000_107-1,7.7392387,6.910959,A549,(+)-JQ1,10000.0,nM,24.0,(+)-JQ1_10000nM,dose_specific_direction
dsdr_(+)-JQ1_10000_322-1,8.449934,6.9175315,A549,(+)-JQ1,10000.0,nM,24.0,(+)-JQ1_10000nM,dose_specific_direction
dsdr_(+)-JQ1_10000_86-1,1.9106958,5.894561,A549,(+)-JQ1,10000.0,nM,24.0,(+)-JQ1_10000nM,dose_specific_direction
dsdr_(+)-JQ1_10000_433-1,4.9414406,9.143882,A549,(+)-JQ1,10000.0,nM,24.0,(+)-JQ1_10000nM,dose_specific_direction
dsdr_Trametinib (GSK1120212)_10_370-1,4.76457,8.672603,A549,Trametinib (GSK1120212),10.0,nM,24.0,Trametinib (GSK1120212)_10nM,dose_specific_direction
dsdr_Trametinib (GSK1120212)_10_23-1,0.60749567,5.586685,A549,Trametinib (GSK1120212),10.0,nM,24.0,Trametinib (GSK1120212)_10nM,dose_specific_direction
dsdr_Trametinib (GSK1120212)_10_390-1,1.5020409,6.773315,A549,Trametinib (GSK1120212),10.0,nM,24.0,Trametinib (GSK1120212)_10nM,dose_specific_direction
dsdr_Trametinib (GSK1120212)_10_275-1,6.283022,3.2151046,A549,Trametinib (GSK1120212),10.0,nM,24.0,Trametinib (GSK1120212)_10nM,dose_specific_direction
dsdr_Trametinib (GSK1120212)_10_407-1,4.634656,5.062511,A549,Trametinib (GSK1120212),10.0,nM,24.0,Trametinib (GSK1120212)_10nM,dose_specific_direction
dsdr_Trametinib (GSK1120212)_10_155-1,8.2283325,7.356764,A549,Trametinib (GSK1120212),10.0,nM,24.0,Trametinib (GSK1120212)_10nM,dose_specific_direction
dsdr_Trametinib (GSK1120212)_10_154-1,4.2854543,7.4527907,A549,Trametinib (GSK1120212),10.0,nM,24.0,Trametinib (GSK1120212)_10nM,dose_specific_direction
dsdr_Trametinib (GSK1120212)_10_217-1,1.2361064,7.1803226,A549,Trametinib (GSK1120212),10.0,nM,24.0,Trametinib (GSK1120212)_10nM,dose_specific_direction
dsdr_Trametinib (GSK1120212)_10_181-1,9.695958,8.271489,A549,Trametinib (GSK1120212),10.0,nM,24.0,Trametinib (GSK1120212)_10nM,dose_specific_direction
dsdr_Trametinib (GSK1120212)_10_41-1,10.990224,8.783188,A549,Trametinib (GSK1120212),10.0,nM,24.0,Trametinib (GSK1120212)_10nM,dose_specific_direction
dsdr_Trametinib (GSK1120212)_10_57-1,0.66034395,8.392644,A549,Trametinib (GSK1120212),10.0,nM,24.0,Trametinib (GSK1120212)_10nM,dose_specific_direction
dsdr_Trametinib (GSK1120212)_10_493-1,9.016074,9.037661,A549,Trametinib (GSK1120212),10.0,nM,24.0,Trametinib (GSK1120212)_10nM,dose_specific_direction
dsdr_Trametinib (GSK1120212)_10_441-1,6.1410065,7.0014586,A549,Trametinib (GSK1120212),10.0,nM,24.0,Trametinib (GSK1120212)_10nM,dose_specific_direction
dsdr_Trametinib (GSK1120212)_10_328-1,11.463784,7.427321,A549,Trametinib (GSK1120212),10.0,nM,24.0,Trametinib (GSK1120212)_10nM,dose_specific_direction
dsdr_Trametinib (GSK1120212)_10_267-1,6.416381,10.466315,A549,Trametinib (GSK1120212),10.0,nM,24.0,Trametinib (GSK1120212)_10nM,dose_specific_direction
dsdr_Trametinib (GSK1120212)_10_139-1,7.7264986,7.032797,A549,Trametinib (GSK1120212),10.0,nM,24.0,Trametinib (GSK1120212)_10nM,dose_specific_direction
dsdr_Trametinib (GSK1120212)_10_75-1,7.4999514,9.93746,A549,Trametinib (GSK1120212),10.0,nM,24.0,Trametinib (GSK1120212)_10nM,dose_specific_direction
dsdr_Trametinib (GSK1120212)_10_60-1,9.335857,3.5332847,A549,Trametinib (GSK1120212),10.0,nM,24.0,Trametinib (GSK1120212)_10nM,dose_specific_direction
dsdr_Trametinib (GSK1120212)_10_389-1,2.8550835,5.6382833,A549,Trametinib (GSK1120212),10.0,nM,24.0,Trametinib (GSK1120212)_10nM,dose_specific_direction
dsdr_Trametinib (GSK1120212)_10_67-1,5.2492905,5.125149,A549,Trametinib (GSK1120212),10.0,nM,24.0,Trametinib (GSK1120212)_10nM,dose_specific_direction
dsdr_Trametinib (GSK1120212)_10_379-1,5.076306,6.5341735,A549,Trametinib (GSK1120212),10.0,nM,24.0,Trametinib (GSK1120212)_10nM,dose_specific_direction
dsdr_Trametinib (GSK1120212)_10_150-1,4.121718,5.6235995,A549,Trametinib (GSK1120212),10.0,nM,24.0,Trametinib (GSK1120212)_10nM,dose_specific_direction
dsdr_Trametinib (GSK1120212)_10_42-1,0.9308454,8.540181,A549,Trametinib (GSK1120212),10.0,nM,24.0,Trametinib (GSK1120212)_10nM,dose_specific_direction
dsdr_Trametinib (GSK1120212)_10_495-1,3.47385,4.7554893,A549,Trametinib (GSK1120212),10.0,nM,24.0,Trametinib (GSK1120212)_10nM,dose_specific_direction
dsdr_Trametinib (GSK1120212)_10_468-1,9.524053,4.562413,A549,Trametinib (GSK1120212),10.0,nM,24.0,Trametinib (GSK1120212)_10nM,dose_specific_direction
dsdr_Trametinib (GSK1120212)_10_433-1,4.8064594,10.00768,A549,Trametinib (GSK1120212),10.0,nM,24.0,Trametinib (GSK1120212)_10nM,dose_specific_direction
dsdr_Trametinib (GSK1120212)_10_18-1,2.604273,8.708391,A549,Trametinib (GSK1120212),10.0,nM,24.0,Trametinib (GSK1120212)_10nM,dose_specific_direction
dsdr_Trametinib (GSK1120212)_10_53-1,9.166797,1.7573136,A549,Trametinib (GSK1120212),10.0,nM,24.0,Trametinib (GSK1120212)_10nM,dose_specific_direction
dsdr_Trametinib (GSK1120212)_10_411-1,7.39451,7.1651406,A549,Trametinib (GSK1120212),10.0,nM,24.0,Trametinib (GSK1120212)_10nM,dose_specific_direction
dsdr_Trametinib (GSK1120212)_10_410-1,9.874046,4.2180114,A549,Trametinib (GSK1120212),10.0,nM,24.0,Trametinib (GSK1120212)_10nM,dose_specific_direction
dsdr_Trametinib (GSK1120212)_10_273-1,2.7737103,6.5546436,A549,Trametinib (GSK1120212),10.0,nM,24.0,Trametinib (GSK1120212)_10nM,dose_specific_direction
dsdr_Trametinib (GSK1120212)_10_164-1,4.6853566,9.865274,A549,Trametinib (GSK1120212),10.0,nM,24.0,Trametinib (GSK1120212)_10nM,dose_specific_direction
dsdr_Trametinib (GSK1120212)_10_170-1,3.399412,7.913431,A549,Trametinib (GSK1120212),10.0,nM,24.0,Trametinib (GSK1120212)_10nM,dose_specific_direction
dsdr_Trametinib (GSK1120212)_10_381-1,-0.0059729717,6.871242,A549,Trametinib (GSK1120212),10.0,nM,24.0,Trametinib (GSK1120212)_10nM,dose_specific_direction
dsdr_Trametinib (GSK1120212)_10_227-1,0.44732386,7.579788,A549,Trametinib (GSK1120212),10.0,nM,24.0,Trametinib (GSK1120212)_10nM,dose_specific_direction
dsdr_Trametinib (GSK1120212)_10_326-1,6.6645803,6.566925,A549,Trametinib (GSK1120212),10.0,nM,24.0,Trametinib (GSK1120212)_10nM,dose_specific_direction
dsdr_Trametinib (GSK1120212)_10_455-1,6.4518666,2.4729912,A549,Trametinib (GSK1120212),10.0,nM,24.0,Trametinib (GSK1120212)_10nM,dose_specific_direction
dsdr_Trametinib (GSK1120212)_10_216-1,6.710724,5.931725,A549,Trametinib (GSK1120212),10.0,nM,24.0,Trametinib (GSK1120212)_10nM,dose_specific_direction
dsdr_Trametinib (GSK1120212)_10_492-1,5.792692,5.8145385,A549,Trametinib (GSK1120212),10.0,nM,24.0,Trametinib (GSK1120212)_10nM,dose_specific_direction
dsdr_Trametinib (GSK1120212)_10_180-1,6.1665845,2.923015,A549,Trametinib (GSK1120212),10.0,nM,24.0,Trametinib (GSK1120212)_10nM,dose_specific_direction
dsdr_Trametinib (GSK1120212)_10_442-1,6.172712,4.8922215,A549,Trametinib (GSK1120212),10.0,nM,24.0,Trametinib (GSK1120212)_10nM,dose_specific_direction
dsdr_Trametinib (GSK1120212)_10_471-1,5.153184,4.5814795,A549,Trametinib (GSK1120212),10.0,nM,24.0,Trametinib (GSK1120212)_10nM,dose_specific_direction
dsdr_Trametinib (GSK1120212)_10_40-1,5.838947,7.767599,A549,Trametinib (GSK1120212),10.0,nM,24.0,Trametinib (GSK1120212)_10nM,dose_specific_direction
dsdr_Trametinib (GSK1120212)_10_94-1,4.761352,5.131433,A549,Trametinib (GSK1120212),10.0,nM,24.0,Trametinib (GSK1120212)_10nM,dose_specific_direction
dsdr_Trametinib (GSK1120212)_10_191-1,9.09073,1.942314,A549,Trametinib (GSK1120212),10.0,nM,24.0,Trametinib (GSK1120212)_10nM,dose_specific_direction
dsdr_Trametinib (GSK1120212)_10_327-1,9.926474,4.7369213,A549,Trametinib (GSK1120212),10.0,nM,24.0,Trametinib (GSK1120212)_10nM,dose_specific_direction
dsdr_Trametinib (GSK1120212)_10_193-1,10.547479,7.1462965,A549,Trametinib (GSK1120212),10.0,nM,24.0,Trametinib (GSK1120212)_10nM,dose_specific_direction
dsdr_Trametinib (GSK1120212)_10_380-1,0.9770283,7.2438307,A549,Trametinib (GSK1120212),10.0,nM,24.0,Trametinib (GSK1120212)_10nM,dose_specific_direction
dsdr_Trametinib (GSK1120212)_10_226-1,5.662284,2.9475825,A549,Trametinib (GSK1120212),10.0,nM,24.0,Trametinib (GSK1120212)_10nM,dose_specific_direction
dsdr_Trametinib (GSK1120212)_10_402-1,11.28375,6.498079,A549,Trametinib (GSK1120212),10.0,nM,24.0,Trametinib (GSK1120212)_10nM,dose_specific_direction
dsdr_Trametinib (GSK1120212)_10_311-1,2.9579217,9.763582,A549,Trametinib (GSK1120212),10.0,nM,24.0,Trametinib (GSK1120212)_10nM,dose_specific_direction
dsdr_Trametinib (GSK1120212)_10_485-1,5.35648,7.896507,A549,Trametinib (GSK1120212),10.0,nM,24.0,Trametinib (GSK1120212)_10nM,dose_specific_direction
dsdr_Trametinib (GSK1120212)_10_377-1,9.376207,3.803556,A549,Trametinib (GSK1120212),10.0,nM,24.0,Trametinib (GSK1120212)_10nM,dose_specific_direction
dsdr_Trametinib (GSK1120212)_10_78-1,7.5386376,7.71042,A549,Trametinib (GSK1120212),10.0,nM,24.0,Trametinib (GSK1120212)_10nM,dose_specific_direction
dsdr_Trametinib (GSK1120212)_10_276-1,10.811754,7.683037,A549,Trametinib (GSK1120212),10.0,nM,24.0,Trametinib (GSK1120212)_10nM,dose_specific_direction
dsdr_Trametinib (GSK1120212)_10_260-1,5.069795,5.3349805,A549,Trametinib (GSK1120212),10.0,nM,24.0,Trametinib (GSK1120212)_10nM,dose_specific_direction
dsdr_Trametinib (GSK1120212)_10_167-1,3.0326467,9.905334,A549,Trametinib (GSK1120212),10.0,nM,24.0,Trametinib (GSK1120212)_10nM,dose_specific_direction
dsdr_Trametinib (GSK1120212)_10_453-1,12.357273,5.1928945,A549,Trametinib (GSK1120212),10.0,nM,24.0,Trametinib (GSK1120212)_10nM,dose_specific_direction
dsdr_Trametinib (GSK1120212)_10_24-1,6.3572364,5.6983542,A549,Trametinib (GSK1120212),10.0,nM,24.0,Trametinib (GSK1120212)_10nM,dose_specific_direction
dsdr_Trametinib (GSK1120212)_10_51-1,8.389436,3.1645253,A549,Trametinib (GSK1120212),10.0,nM,24.0,Trametinib (GSK1120212)_10nM,dose_specific_direction
dsdr_Trametinib (GSK1120212)_10_171-1,2.947805,4.019497,A549,Trametinib (GSK1120212),10.0,nM,24.0,Trametinib (GSK1120212)_10nM,dose_specific_direction
dsdr_Trametinib (GSK1120212)_10_432-1,6.2703824,4.7463183,A549,Trametinib (GSK1120212),10.0,nM,24.0,Trametinib (GSK1120212)_10nM,dose_specific_direction
dsdr_Trametinib (GSK1120212)_10_427-1,7.321248,9.768097,A549,Trametinib (GSK1120212),10.0,nM,24.0,Trametinib (GSK1120212)_10nM,dose_specific_direction
dsdr_Trametinib (GSK1120212)_10_188-1,7.6356974,6.722682,A549,Trametinib (GSK1120212),10.0,nM,24.0,Trametinib (GSK1120212)_10nM,dose_specific_direction
dsdr_Trametinib (GSK1120212)_10_378-1,1.3641135,7.4633765,A549,Trametinib (GSK1120212),10.0,nM,24.0,Trametinib (GSK1120212)_10nM,dose_specific_direction
dsdr_Trametinib (GSK1120212)_10_387-1,4.752834,7.12618,A549,Trametinib (GSK1120212),10.0,nM,24.0,Trametinib (GSK1120212)_10nM,dose_specific_direction
dsdr_Trametinib (GSK1120212)_10_252-1,10.748632,9.026997,A549,Trametinib (GSK1120212),10.0,nM,24.0,Trametinib (GSK1120212)_10nM,dose_specific_direction
dsdr_Trametinib (GSK1120212)_10_356-1,10.325556,7.018739,A549,Trametinib (GSK1120212),10.0,nM,24.0,Trametinib (GSK1120212)_10nM,dose_specific_direction
dsdr_Trametinib (GSK1120212)_10_70-1,4.4297943,9.675746,A549,Trametinib (GSK1120212),10.0,nM,24.0,Trametinib (GSK1120212)_10nM,dose_specific_direction
dsdr_Trametinib (GSK1120212)_10_332-1,7.411481,9.132847,A549,Trametinib (GSK1120212),10.0,nM,24.0,Trametinib (GSK1120212)_10nM,dose_specific_direction
dsdr_Trametinib (GSK1120212)_10_235-1,5.326621,9.076963,A549,Trametinib (GSK1120212),10.0,nM,24.0,Trametinib (GSK1120212)_10nM,dose_specific_direction
dsdr_Trametinib (GSK1120212)_10_288-1,1.8526827,6.9783664,A549,Trametinib (GSK1120212),10.0,nM,24.0,Trametinib (GSK1120212)_10nM,dose_specific_direction
dsdr_Trametinib (GSK1120212)_10_192-1,4.1669292,4.9779277,A549,Trametinib (GSK1120212),10.0,nM,24.0,Trametinib (GSK1120212)_10nM,dose_specific_direction
dsdr_Trametinib (GSK1120212)_10_484-1,5.8702607,2.9461308,A549,Trametinib (GSK1120212),10.0,nM,24.0,Trametinib (GSK1120212)_10nM,dose_specific_direction
dsdr_Trametinib (GSK1120212)_10_151-1,2.4105837,9.671649,A549,Trametinib (GSK1120212),10.0,nM,24.0,Trametinib (GSK1120212)_10nM,dose_specific_direction
dsdr_Trametinib (GSK1120212)_10_29-1,-0.06753379,6.5066843,A549,Trametinib (GSK1120212),10.0,nM,24.0,Trametinib (GSK1120212)_10nM,dose_specific_direction
dsdr_Trametinib (GSK1120212)_10_351-1,12.1835165,5.111066,A549,Trametinib (GSK1120212),10.0,nM,24.0,Trametinib (GSK1120212)_10nM,dose_specific_direction
dsdr_Trametinib (GSK1120212)_10_431-1,6.944468,5.0885315,A549,Trametinib (GSK1120212),10.0,nM,24.0,Trametinib (GSK1120212)_10nM,dose_specific_direction
dsdr_Trametinib (GSK1120212)_10_476-1,0.9106686,8.014104,A549,Trametinib (GSK1120212),10.0,nM,24.0,Trametinib (GSK1120212)_10nM,dose_specific_direction
dsdr_Trametinib (GSK1120212)_10_428-1,5.6111383,2.6238065,A549,Trametinib (GSK1120212),10.0,nM,24.0,Trametinib (GSK1120212)_10nM,dose_specific_direction
dsdr_Trametinib (GSK1120212)_100_243-1,7.757492,5.7327304,A549,Trametinib (GSK1120212),100.0,nM,24.0,Trametinib (GSK1120212)_100nM,dose_specific_direction
dsdr_Trametinib (GSK1120212)_100_331-1,4.3404026,5.365338,A549,Trametinib (GSK1120212),100.0,nM,24.0,Trametinib (GSK1120212)_100nM,dose_specific_direction
dsdr_Trametinib (GSK1120212)_100_391-1,3.5731955,5.0907364,A549,Trametinib (GSK1120212),100.0,nM,24.0,Trametinib (GSK1120212)_100nM,dose_specific_direction
dsdr_Trametinib (GSK1120212)_100_80-1,12.522982,5.100504,A549,Trametinib (GSK1120212),100.0,nM,24.0,Trametinib (GSK1120212)_100nM,dose_specific_direction
dsdr_Trametinib (GSK1120212)_100_124-1,5.0216403,4.229184,A549,Trametinib (GSK1120212),100.0,nM,24.0,Trametinib (GSK1120212)_100nM,dose_specific_direction
dsdr_Trametinib (GSK1120212)_100_119-1,2.568894,6.268537,A549,Trametinib (GSK1120212),100.0,nM,24.0,Trametinib (GSK1120212)_100nM,dose_specific_direction
dsdr_Trametinib (GSK1120212)_100_321-1,7.1336536,2.345639,A549,Trametinib (GSK1120212),100.0,nM,24.0,Trametinib (GSK1120212)_100nM,dose_specific_direction
dsdr_Trametinib (GSK1120212)_100_209-1,3.646176,5.1254134,A549,Trametinib (GSK1120212),100.0,nM,24.0,Trametinib (GSK1120212)_100nM,dose_specific_direction
dsdr_Trametinib (GSK1120212)_100_372-1,1.193743,8.873497,A549,Trametinib (GSK1120212),100.0,nM,24.0,Trametinib (GSK1120212)_100nM,dose_specific_direction
dsdr_Trametinib (GSK1120212)_100_138-1,0.9693752,8.575992,A549,Trametinib (GSK1120212),100.0,nM,24.0,Trametinib (GSK1120212)_100nM,dose_specific_direction
dsdr_Trametinib (GSK1120212)_100_105-1,7.5467296,5.8956017,A549,Trametinib (GSK1120212),100.0,nM,24.0,Trametinib (GSK1120212)_100nM,dose_specific_direction
dsdr_Trametinib (GSK1120212)_100_9-1,4.213543,7.480784,A549,Trametinib (GSK1120212),100.0,nM,24.0,Trametinib (GSK1120212)_100nM,dose_specific_direction
dsdr_Trametinib (GSK1120212)_100_380-1,1.3163767,7.4251447,A549,Trametinib (GSK1120212),100.0,nM,24.0,Trametinib (GSK1120212)_100nM,dose_specific_direction
dsdr_Trametinib (GSK1120212)_100_403-1,3.602726,3.6289976,A549,Trametinib (GSK1120212),100.0,nM,24.0,Trametinib (GSK1120212)_100nM,dose_specific_direction
dsdr_Trametinib (GSK1120212)_100_0-1,4.206566,8.117399,A549,Trametinib (GSK1120212),100.0,nM,24.0,Trametinib (GSK1120212)_100nM,dose_specific_direction
dsdr_Trametinib (GSK1120212)_100_93-1,7.5206738,6.4791737,A549,Trametinib (GSK1120212),100.0,nM,24.0,Trametinib (GSK1120212)_100nM,dose_specific_direction
dsdr_Trametinib (GSK1120212)_100_153-1,10.195121,7.465745,A549,Trametinib (GSK1120212),100.0,nM,24.0,Trametinib (GSK1120212)_100nM,dose_specific_direction
dsdr_Trametinib (GSK1120212)_100_60-1,9.734251,3.6570222,A549,Trametinib (GSK1120212),100.0,nM,24.0,Trametinib (GSK1120212)_100nM,dose_specific_direction
dsdr_Trametinib (GSK1120212)_100_183-1,5.7082705,7.387915,A549,Trametinib (GSK1120212),100.0,nM,24.0,Trametinib (GSK1120212)_100nM,dose_specific_direction
dsdr_Trametinib (GSK1120212)_100_423-1,8.378171,2.0445192,A549,Trametinib (GSK1120212),100.0,nM,24.0,Trametinib (GSK1120212)_100nM,dose_specific_direction
dsdr_Trametinib (GSK1120212)_100_197-1,11.437824,7.9356527,A549,Trametinib (GSK1120212),100.0,nM,24.0,Trametinib (GSK1120212)_100nM,dose_specific_direction
dsdr_Trametinib (GSK1120212)_100_193-1,10.743819,7.0239763,A549,Trametinib (GSK1120212),100.0,nM,24.0,Trametinib (GSK1120212)_100nM,dose_specific_direction
dsdr_Trametinib (GSK1120212)_100_19-1,7.6344824,3.075091,A549,Trametinib (GSK1120212),100.0,nM,24.0,Trametinib (GSK1120212)_100nM,dose_specific_direction
dsdr_Trametinib (GSK1120212)_100_379-1,5.497154,6.628202,A549,Trametinib (GSK1120212),100.0,nM,24.0,Trametinib (GSK1120212)_100nM,dose_specific_direction
dsdr_Trametinib (GSK1120212)_100_191-1,9.228799,1.9001114,A549,Trametinib (GSK1120212),100.0,nM,24.0,Trametinib (GSK1120212)_100nM,dose_specific_direction
dsdr_Trametinib (GSK1120212)_100_428-1,5.9845715,2.5331144,A549,Trametinib (GSK1120212),100.0,nM,24.0,Trametinib (GSK1120212)_100nM,dose_specific_direction
dsdr_Trametinib (GSK1120212)_100_493-1,9.258275,9.108013,A549,Trametinib (GSK1120212),100.0,nM,24.0,Trametinib (GSK1120212)_100nM,dose_specific_direction
dsdr_Trametinib (GSK1120212)_100_217-1,1.883153,7.325525,A549,Trametinib (GSK1120212),100.0,nM,24.0,Trametinib (GSK1120212)_100nM,dose_specific_direction
dsdr_Trametinib (GSK1120212)_100_430-1,10.535642,4.8440566,A549,Trametinib (GSK1120212),100.0,nM,24.0,Trametinib (GSK1120212)_100nM,dose_specific_direction
dsdr_Trametinib (GSK1120212)_100_73-1,2.4158306,9.013402,A549,Trametinib (GSK1120212),100.0,nM,24.0,Trametinib (GSK1120212)_100nM,dose_specific_direction
dsdr_Trametinib (GSK1120212)_100_147-1,10.392058,3.2719283,A549,Trametinib (GSK1120212),100.0,nM,24.0,Trametinib (GSK1120212)_100nM,dose_specific_direction
dsdr_Trametinib (GSK1120212)_100_272-1,9.693987,7.9260173,A549,Trametinib (GSK1120212),100.0,nM,24.0,Trametinib (GSK1120212)_100nM,dose_specific_direction
dsdr_Trametinib (GSK1120212)_100_221-1,6.6938105,10.114409,A549,Trametinib (GSK1120212),100.0,nM,24.0,Trametinib (GSK1120212)_100nM,dose_specific_direction
dsdr_Trametinib (GSK1120212)_100_408-1,-1.4010735,6.5555573,A549,Trametinib (GSK1120212),100.0,nM,24.0,Trametinib (GSK1120212)_100nM,dose_specific_direction
dsdr_Trametinib (GSK1120212)_100_162-1,9.229696,2.8997824,A549,Trametinib (GSK1120212),100.0,nM,24.0,Trametinib (GSK1120212)_100nM,dose_specific_direction
dsdr_Trametinib (GSK1120212)_100_205-1,5.620105,7.377343,A549,Trametinib (GSK1120212),100.0,nM,24.0,Trametinib (GSK1120212)_100nM,dose_specific_direction
dsdr_Trametinib (GSK1120212)_100_120-1,9.042714,5.1970005,A549,Trametinib (GSK1120212),100.0,nM,24.0,Trametinib (GSK1120212)_100nM,dose_specific_direction
dsdr_Trametinib (GSK1120212)_100_215-1,7.2828054,2.9868925,A549,Trametinib (GSK1120212),100.0,nM,24.0,Trametinib (GSK1120212)_100nM,dose_specific_direction
dsdr_Trametinib (GSK1120212)_100_378-1,1.6803601,7.6265507,A549,Trametinib (GSK1120212),100.0,nM,24.0,Trametinib (GSK1120212)_100nM,dose_specific_direction
dsdr_Trametinib (GSK1120212)_100_163-1,4.369836,9.32898,A549,Trametinib (GSK1120212),100.0,nM,24.0,Trametinib (GSK1120212)_100nM,dose_specific_direction
dsdr_Trametinib (GSK1120212)_100_326-1,7.40888,7.038607,A549,Trametinib (GSK1120212),100.0,nM,24.0,Trametinib (GSK1120212)_100nM,dose_specific_direction
dsdr_Trametinib (GSK1120212)_100_393-1,4.1515803,4.6263533,A549,Trametinib (GSK1120212),100.0,nM,24.0,Trametinib (GSK1120212)_100nM,dose_specific_direction
dsdr_Trametinib (GSK1120212)_100_396-1,-0.23445019,7.265709,A549,Trametinib (GSK1120212),100.0,nM,24.0,Trametinib (GSK1120212)_100nM,dose_specific_direction
dsdr_Trametinib (GSK1120212)_100_28-1,7.8061466,7.3299665,A549,Trametinib (GSK1120212),100.0,nM,24.0,Trametinib (GSK1120212)_100nM,dose_specific_direction
dsdr_Trametinib (GSK1120212)_100_320-1,0.8012593,7.803404,A549,Trametinib (GSK1120212),100.0,nM,24.0,Trametinib (GSK1120212)_100nM,dose_specific_direction
dsdr_Trametinib (GSK1120212)_100_210-1,6.6399493,5.4065456,A549,Trametinib (GSK1120212),100.0,nM,24.0,Trametinib (GSK1120212)_100nM,dose_specific_direction
dsdr_Trametinib (GSK1120212)_100_7-1,11.355264,9.154463,A549,Trametinib (GSK1120212),100.0,nM,24.0,Trametinib (GSK1120212)_100nM,dose_specific_direction
dsdr_Trametinib (GSK1120212)_100_161-1,3.632419,10.018642,A549,Trametinib (GSK1120212),100.0,nM,24.0,Trametinib (GSK1120212)_100nM,dose_specific_direction
dsdr_Trametinib (GSK1120212)_100_259-1,1.1064378,8.0694475,A549,Trametinib (GSK1120212),100.0,nM,24.0,Trametinib (GSK1120212)_100nM,dose_specific_direction
dsdr_Trametinib (GSK1120212)_100_436-1,4.1236877,6.333406,A549,Trametinib (GSK1120212),100.0,nM,24.0,Trametinib (GSK1120212)_100nM,dose_specific_direction
dsdr_Trametinib (GSK1120212)_100_415-1,3.548725,7.614878,A549,Trametinib (GSK1120212),100.0,nM,24.0,Trametinib (GSK1120212)_100nM,dose_specific_direction
dsdr_Trametinib (GSK1120212)_100_232-1,6.5775313,3.6208649,A549,Trametinib (GSK1120212),100.0,nM,24.0,Trametinib (GSK1120212)_100nM,dose_specific_direction
dsdr_Trametinib (GSK1120212)_100_384-1,1.7451214,5.3749495,A549,Trametinib (GSK1120212),100.0,nM,24.0,Trametinib (GSK1120212)_100nM,dose_specific_direction
dsdr_Trametinib (GSK1120212)_100_406-1,6.3265414,2.8045437,A549,Trametinib (GSK1120212),100.0,nM,24.0,Trametinib (GSK1120212)_100nM,dose_specific_direction
dsdr_Trametinib (GSK1120212)_100_352-1,5.406479,8.106442,A549,Trametinib (GSK1120212),100.0,nM,24.0,Trametinib (GSK1120212)_100nM,dose_specific_direction
dsdr_Trametinib (GSK1120212)_100_306-1,10.10175,9.452626,A549,Trametinib (GSK1120212),100.0,nM,24.0,Trametinib (GSK1120212)_100nM,dose_specific_direction
dsdr_Trametinib (GSK1120212)_100_165-1,4.6058593,4.1022677,A549,Trametinib (GSK1120212),100.0,nM,24.0,Trametinib (GSK1120212)_100nM,dose_specific_direction
dsdr_Trametinib (GSK1120212)_100_283-1,9.636237,4.030738,A549,Trametinib (GSK1120212),100.0,nM,24.0,Trametinib (GSK1120212)_100nM,dose_specific_direction
dsdr_Trametinib (GSK1120212)_100_53-1,9.285358,1.8903786,A549,Trametinib (GSK1120212),100.0,nM,24.0,Trametinib (GSK1120212)_100nM,dose_specific_direction
dsdr_Trametinib (GSK1120212)_100_86-1,3.4612703,7.2586126,A549,Trametinib (GSK1120212),100.0,nM,24.0,Trametinib (GSK1120212)_100nM,dose_specific_direction
dsdr_Trametinib (GSK1120212)_100_418-1,3.637319,8.47429,A549,Trametinib (GSK1120212),100.0,nM,24.0,Trametinib (GSK1120212)_100nM,dose_specific_direction
dsdr_Trametinib (GSK1120212)_100_350-1,12.263161,8.835184,A549,Trametinib (GSK1120212),100.0,nM,24.0,Trametinib (GSK1120212)_100nM,dose_specific_direction
dsdr_Trametinib (GSK1120212)_100_404-1,9.659025,8.22796,A549,Trametinib (GSK1120212),100.0,nM,24.0,Trametinib (GSK1120212)_100nM,dose_specific_direction
dsdr_Trametinib (GSK1120212)_100_4-1,3.521757,8.966135,A549,Trametinib (GSK1120212),100.0,nM,24.0,Trametinib (GSK1120212)_100nM,dose_specific_direction
dsdr_Trametinib (GSK1120212)_100_94-1,5.0400605,5.205922,A549,Trametinib (GSK1120212),100.0,nM,24.0,Trametinib (GSK1120212)_100nM,dose_specific_direction
dsdr_Trametinib (GSK1120212)_100_304-1,6.1899066,4.040887,A549,Trametinib (GSK1120212),100.0,nM,24.0,Trametinib (GSK1120212)_100nM,dose_specific_direction
dsdr_Trametinib (GSK1120212)_100_157-1,-0.1410029,6.732236,A549,Trametinib (GSK1120212),100.0,nM,24.0,Trametinib (GSK1120212)_100nM,dose_specific_direction
dsdr_Trametinib (GSK1120212)_100_432-1,6.696429,4.835026,A549,Trametinib (GSK1120212),100.0,nM,24.0,Trametinib (GSK1120212)_100nM,dose_specific_direction
dsdr_Trametinib (GSK1120212)_100_358-1,11.058246,5.001926,A549,Trametinib (GSK1120212),100.0,nM,24.0,Trametinib (GSK1120212)_100nM,dose_specific_direction
dsdr_Trametinib (GSK1120212)_100_56-1,6.5981297,6.757145,A549,Trametinib (GSK1120212),100.0,nM,24.0,Trametinib (GSK1120212)_100nM,dose_specific_direction
dsdr_Trametinib (GSK1120212)_100_133-1,10.446279,9.291591,A549,Trametinib (GSK1120212),100.0,nM,24.0,Trametinib (GSK1120212)_100nM,dose_specific_direction
dsdr_Trametinib (GSK1120212)_100_50-1,7.2829833,7.237174,A549,Trametinib (GSK1120212),100.0,nM,24.0,Trametinib (GSK1120212)_100nM,dose_specific_direction
dsdr_Trametinib (GSK1120212)_100_485-1,5.6552267,7.758584,A549,Trametinib (GSK1120212),100.0,nM,24.0,Trametinib (GSK1120212)_100nM,dose_specific_direction
dsdr_Trametinib (GSK1120212)_100_246-1,5.6444674,3.939454,A549,Trametinib (GSK1120212),100.0,nM,24.0,Trametinib (GSK1120212)_100nM,dose_specific_direction
dsdr_Trametinib (GSK1120212)_100_296-1,6.401518,8.33245,A549,Trametinib (GSK1120212),100.0,nM,24.0,Trametinib (GSK1120212)_100nM,dose_specific_direction
dsdr_Trametinib (GSK1120212)_100_39-1,6.8927836,4.4036145,A549,Trametinib (GSK1120212),100.0,nM,24.0,Trametinib (GSK1120212)_100nM,dose_specific_direction
dsdr_Trametinib (GSK1120212)_100_368-1,-0.011545837,6.2294383,A549,Trametinib (GSK1120212),100.0,nM,24.0,Trametinib (GSK1120212)_100nM,dose_specific_direction
dsdr_Trametinib (GSK1120212)_100_438-1,10.72626,6.4098296,A549,Trametinib (GSK1120212),100.0,nM,24.0,Trametinib (GSK1120212)_100nM,dose_specific_direction
dsdr_Trametinib (GSK1120212)_100_229-1,7.8392673,2.909938,A549,Trametinib (GSK1120212),100.0,nM,24.0,Trametinib (GSK1120212)_100nM,dose_specific_direction
dsdr_Trametinib (GSK1120212)_100_464-1,1.984817,6.8417935,A549,Trametinib (GSK1120212),100.0,nM,24.0,Trametinib (GSK1120212)_100nM,dose_specific_direction
dsdr_Trametinib (GSK1120212)_1000_344-1,7.7734723,3.3059185,A549,Trametinib (GSK1120212),1000.0,nM,24.0,Trametinib (GSK1120212)_1000nM,dose_specific_direction
dsdr_Trametinib (GSK1120212)_1000_211-1,9.046062,8.337685,A549,Trametinib (GSK1120212),1000.0,nM,24.0,Trametinib (GSK1120212)_1000nM,dose_specific_direction
dsdr_Trametinib (GSK1120212)_1000_456-1,8.69099,6.754532,A549,Trametinib (GSK1120212),1000.0,nM,24.0,Trametinib (GSK1120212)_1000nM,dose_specific_direction
dsdr_Trametinib (GSK1120212)_1000_403-1,3.1812406,3.8010428,A549,Trametinib (GSK1120212),1000.0,nM,24.0,Trametinib (GSK1120212)_1000nM,dose_specific_direction
dsdr_Trametinib (GSK1120212)_1000_83-1,0.08926248,6.069544,A549,Trametinib (GSK1120212),1000.0,nM,24.0,Trametinib (GSK1120212)_1000nM,dose_specific_direction
dsdr_Trametinib (GSK1120212)_1000_207-1,-0.5184037,7.167532,A549,Trametinib (GSK1120212),1000.0,nM,24.0,Trametinib (GSK1120212)_1000nM,dose_specific_direction
dsdr_Trametinib (GSK1120212)_1000_109-1,3.4288008,3.8390284,A549,Trametinib (GSK1120212),1000.0,nM,24.0,Trametinib (GSK1120212)_1000nM,dose_specific_direction
dsdr_Trametinib (GSK1120212)_1000_364-1,12.19418,5.5061913,A549,Trametinib (GSK1120212),1000.0,nM,24.0,Trametinib (GSK1120212)_1000nM,dose_specific_direction
dsdr_Trametinib (GSK1120212)_1000_249-1,8.891992,9.611507,A549,Trametinib (GSK1120212),1000.0,nM,24.0,Trametinib (GSK1120212)_1000nM,dose_specific_direction
dsdr_Trametinib (GSK1120212)_1000_411-1,7.545733,7.3165827,A549,Trametinib (GSK1120212),1000.0,nM,24.0,Trametinib (GSK1120212)_1000nM,dose_specific_direction
dsdr_Trametinib (GSK1120212)_1000_244-1,2.0275874,8.194519,A549,Trametinib (GSK1120212),1000.0,nM,24.0,Trametinib (GSK1120212)_1000nM,dose_specific_direction
dsdr_Trametinib (GSK1120212)_1000_383-1,3.2218874,5.564695,A549,Trametinib (GSK1120212),1000.0,nM,24.0,Trametinib (GSK1120212)_1000nM,dose_specific_direction
dsdr_Trametinib (GSK1120212)_1000_106-1,10.258988,3.004591,A549,Trametinib (GSK1120212),1000.0,nM,24.0,Trametinib (GSK1120212)_1000nM,dose_specific_direction
dsdr_Trametinib (GSK1120212)_1000_324-1,10.4153185,9.495146,A549,Trametinib (GSK1120212),1000.0,nM,24.0,Trametinib (GSK1120212)_1000nM,dose_specific_direction
dsdr_Trametinib (GSK1120212)_1000_358-1,10.854824,5.1353235,A549,Trametinib (GSK1120212),1000.0,nM,24.0,Trametinib (GSK1120212)_1000nM,dose_specific_direction
dsdr_Trametinib (GSK1120212)_1000_147-1,10.175364,3.2646549,A549,Trametinib (GSK1120212),1000.0,nM,24.0,Trametinib (GSK1120212)_1000nM,dose_specific_direction
dsdr_Trametinib (GSK1120212)_1000_208-1,3.7424088,4.2411733,A549,Trametinib (GSK1120212),1000.0,nM,24.0,Trametinib (GSK1120212)_1000nM,dose_specific_direction
dsdr_Trametinib (GSK1120212)_1000_137-1,3.026169,9.101884,A549,Trametinib (GSK1120212),1000.0,nM,24.0,Trametinib (GSK1120212)_1000nM,dose_specific_direction
dsdr_Trametinib (GSK1120212)_1000_27-1,5.834168,10.416435,A549,Trametinib (GSK1120212),1000.0,nM,24.0,Trametinib (GSK1120212)_1000nM,dose_specific_direction
dsdr_Trametinib (GSK1120212)_1000_36-1,8.870615,8.182528,A549,Trametinib (GSK1120212),1000.0,nM,24.0,Trametinib (GSK1120212)_1000nM,dose_specific_direction
dsdr_Trametinib (GSK1120212)_1000_314-1,2.5588953,6.143655,A549,Trametinib (GSK1120212),1000.0,nM,24.0,Trametinib (GSK1120212)_1000nM,dose_specific_direction
dsdr_Trametinib (GSK1120212)_1000_230-1,11.043845,7.6085954,A549,Trametinib (GSK1120212),1000.0,nM,24.0,Trametinib (GSK1120212)_1000nM,dose_specific_direction
dsdr_Trametinib (GSK1120212)_1000_294-1,3.9723141,5.8464255,A549,Trametinib (GSK1120212),1000.0,nM,24.0,Trametinib (GSK1120212)_1000nM,dose_specific_direction
dsdr_Trametinib (GSK1120212)_1000_371-1,10.74085,4.1630483,A549,Trametinib (GSK1120212),1000.0,nM,24.0,Trametinib (GSK1120212)_1000nM,dose_specific_direction
dsdr_Trametinib (GSK1120212)_1000_451-1,1.0728168,6.688091,A549,Trametinib (GSK1120212),1000.0,nM,24.0,Trametinib (GSK1120212)_1000nM,dose_specific_direction
dsdr_Trametinib (GSK1120212)_1000_367-1,11.15407,4.223837,A549,Trametinib (GSK1120212),1000.0,nM,24.0,Trametinib (GSK1120212)_1000nM,dose_specific_direction
dsdr_Trametinib (GSK1120212)_1000_107-1,7.807203,7.208099,A549,Trametinib (GSK1120212),1000.0,nM,24.0,Trametinib (GSK1120212)_1000nM,dose_specific_direction
dsdr_Trametinib (GSK1120212)_1000_25-1,0.059936743,6.1280136,A549,Trametinib (GSK1120212),1000.0,nM,24.0,Trametinib (GSK1120212)_1000nM,dose_specific_direction
dsdr_Trametinib (GSK1120212)_1000_35-1,2.8963602,9.860741,A549,Trametinib (GSK1120212),1000.0,nM,24.0,Trametinib (GSK1120212)_1000nM,dose_specific_direction
dsdr_Trametinib (GSK1120212)_1000_464-1,1.452668,6.951147,A549,Trametinib (GSK1120212),1000.0,nM,24.0,Trametinib (GSK1120212)_1000nM,dose_specific_direction
dsdr_Trametinib (GSK1120212)_1000_311-1,2.903564,9.805837,A549,Trametinib (GSK1120212),1000.0,nM,24.0,Trametinib (GSK1120212)_1000nM,dose_specific_direction
dsdr_Trametinib (GSK1120212)_1000_206-1,4.476074,6.258429,A549,Trametinib (GSK1120212),1000.0,nM,24.0,Trametinib (GSK1120212)_1000nM,dose_specific_direction
dsdr_Trametinib (GSK1120212)_1000_490-1,0.418526,7.910887,A549,Trametinib (GSK1120212),1000.0,nM,24.0,Trametinib (GSK1120212)_1000nM,dose_specific_direction
dsdr_Trametinib (GSK1120212)_1000_343-1,8.532331,4.3390436,A549,Trametinib (GSK1120212),1000.0,nM,24.0,Trametinib (GSK1120212)_1000nM,dose_specific_direction
dsdr_Trametinib (GSK1120212)_1000_154-1,4.2126307,7.7427444,A549,Trametinib (GSK1120212),1000.0,nM,24.0,Trametinib (GSK1120212)_1000nM,dose_specific_direction
dsdr_Trametinib (GSK1120212)_1000_441-1,6.0655103,7.1044135,A549,Trametinib (GSK1120212),1000.0,nM,24.0,Trametinib (GSK1120212)_1000nM,dose_specific_direction
dsdr_Trametinib (GSK1120212)_1000_133-1,10.102665,9.369196,A549,Trametinib (GSK1120212),1000.0,nM,24.0,Trametinib (GSK1120212)_1000nM,dose_specific_direction
dsdr_Trametinib (GSK1120212)_1000_220-1,4.583785,7.3850193,A549,Trametinib (GSK1120212),1000.0,nM,24.0,Trametinib (GSK1120212)_1000nM,dose_specific_direction
dsdr_Trametinib (GSK1120212)_1000_283-1,9.3448515,4.181995,A549,Trametinib (GSK1120212),1000.0,nM,24.0,Trametinib (GSK1120212)_1000nM,dose_specific_direction
dsdr_Trametinib (GSK1120212)_1000_310-1,9.262455,9.556497,A549,Trametinib (GSK1120212),1000.0,nM,24.0,Trametinib (GSK1120212)_1000nM,dose_specific_direction
dsdr_Trametinib (GSK1120212)_1000_89-1,1.1362488,8.3789625,A549,Trametinib (GSK1120212),1000.0,nM,24.0,Trametinib (GSK1120212)_1000nM,dose_specific_direction
dsdr_Trametinib (GSK1120212)_1000_342-1,7.0884132,10.108447,A549,Trametinib (GSK1120212),1000.0,nM,24.0,Trametinib (GSK1120212)_1000nM,dose_specific_direction
dsdr_Trametinib (GSK1120212)_1000_129-1,0.24903487,7.9060755,A549,Trametinib (GSK1120212),1000.0,nM,24.0,Trametinib (GSK1120212)_1000nM,dose_specific_direction
dsdr_Trametinib (GSK1120212)_1000_167-1,3.1779387,9.922088,A549,Trametinib (GSK1120212),1000.0,nM,24.0,Trametinib (GSK1120212)_1000nM,dose_specific_direction
dsdr_Trametinib (GSK1120212)_1000_268-1,10.44712,5.7980857,A549,Trametinib (GSK1120212),1000.0,nM,24.0,Trametinib (GSK1120212)_1000nM,dose_specific_direction
dsdr_Trametinib (GSK1120212)_1000_452-1,6.393354,2.877405,A549,Trametinib (GSK1120212),1000.0,nM,24.0,Trametinib (GSK1120212)_1000nM,dose_specific_direction
dsdr_Trametinib (GSK1120212)_1000_476-1,1.0544629,8.2182455,A549,Trametinib (GSK1120212),1000.0,nM,24.0,Trametinib (GSK1120212)_1000nM,dose_specific_direction
dsdr_Trametinib (GSK1120212)_1000_188-1,7.9083104,7.1769285,A549,Trametinib (GSK1120212),1000.0,nM,24.0,Trametinib (GSK1120212)_1000nM,dose_specific_direction
dsdr_Trametinib (GSK1120212)_1000_299-1,5.9392877,3.6209822,A549,Trametinib (GSK1120212),1000.0,nM,24.0,Trametinib (GSK1120212)_1000nM,dose_specific_direction
dsdr_Trametinib (GSK1120212)_1000_307-1,5.773672,7.3744173,A549,Trametinib (GSK1120212),1000.0,nM,24.0,Trametinib (GSK1120212)_1000nM,dose_specific_direction
dsdr_Trametinib (GSK1120212)_1000_121-1,3.9224265,9.926339,A549,Trametinib (GSK1120212),1000.0,nM,24.0,Trametinib (GSK1120212)_1000nM,dose_specific_direction
dsdr_Trametinib (GSK1120212)_1000_292-1,8.7665615,3.7022114,A549,Trametinib (GSK1120212),1000.0,nM,24.0,Trametinib (GSK1120212)_1000nM,dose_specific_direction
dsdr_Trametinib (GSK1120212)_1000_103-1,5.215529,4.922664,A549,Trametinib (GSK1120212),1000.0,nM,24.0,Trametinib (GSK1120212)_1000nM,dose_specific_direction
dsdr_Trametinib (GSK1120212)_1000_482-1,2.7024732,5.7389717,A549,Trametinib (GSK1120212),1000.0,nM,24.0,Trametinib (GSK1120212)_1000nM,dose_specific_direction
dsdr_Trametinib (GSK1120212)_1000_427-1,7.467284,9.940747,A549,Trametinib (GSK1120212),1000.0,nM,24.0,Trametinib (GSK1120212)_1000nM,dose_specific_direction
dsdr_Trametinib (GSK1120212)_1000_85-1,1.542899,7.427873,A549,Trametinib (GSK1120212),1000.0,nM,24.0,Trametinib (GSK1120212)_1000nM,dose_specific_direction
dsdr_Trametinib (GSK1120212)_1000_408-1,-1.4391075,6.5673213,A549,Trametinib (GSK1120212),1000.0,nM,24.0,Trametinib (GSK1120212)_1000nM,dose_specific_direction
dsdr_Trametinib (GSK1120212)_1000_181-1,9.736513,8.432176,A549,Trametinib (GSK1120212),1000.0,nM,24.0,Trametinib (GSK1120212)_1000nM,dose_specific_direction
dsdr_Trametinib (GSK1120212)_1000_381-1,0.10270228,6.9347653,A549,Trametinib (GSK1120212),1000.0,nM,24.0,Trametinib (GSK1120212)_1000nM,dose_specific_direction
dsdr_Trametinib (GSK1120212)_1000_96-1,4.1726446,10.22261,A549,Trametinib (GSK1120212),1000.0,nM,24.0,Trametinib (GSK1120212)_1000nM,dose_specific_direction
dsdr_Trametinib (GSK1120212)_1000_165-1,4.0188146,4.492225,A549,Trametinib (GSK1120212),1000.0,nM,24.0,Trametinib (GSK1120212)_1000nM,dose_specific_direction
dsdr_Trametinib (GSK1120212)_1000_6-1,0.5882954,5.8792186,A549,Trametinib (GSK1120212),1000.0,nM,24.0,Trametinib (GSK1120212)_1000nM,dose_specific_direction
dsdr_Trametinib (GSK1120212)_1000_73-1,2.0364828,8.788912,A549,Trametinib (GSK1120212),1000.0,nM,24.0,Trametinib (GSK1120212)_1000nM,dose_specific_direction
dsdr_Trametinib (GSK1120212)_1000_350-1,12.108671,8.992186,A549,Trametinib (GSK1120212),1000.0,nM,24.0,Trametinib (GSK1120212)_1000nM,dose_specific_direction
dsdr_Trametinib (GSK1120212)_1000_77-1,-0.37103552,7.130174,A549,Trametinib (GSK1120212),1000.0,nM,24.0,Trametinib (GSK1120212)_1000nM,dose_specific_direction
dsdr_Trametinib (GSK1120212)_1000_157-1,-0.3327636,6.819867,A549,Trametinib (GSK1120212),1000.0,nM,24.0,Trametinib (GSK1120212)_1000nM,dose_specific_direction
dsdr_Trametinib (GSK1120212)_1000_496-1,1.4538941,7.281543,A549,Trametinib (GSK1120212),1000.0,nM,24.0,Trametinib (GSK1120212)_1000nM,dose_specific_direction
dsdr_Trametinib (GSK1120212)_1000_227-1,0.60644764,7.808232,A549,Trametinib (GSK1120212),1000.0,nM,24.0,Trametinib (GSK1120212)_1000nM,dose_specific_direction
dsdr_Trametinib (GSK1120212)_1000_192-1,4.282014,5.244315,A549,Trametinib (GSK1120212),1000.0,nM,24.0,Trametinib (GSK1120212)_1000nM,dose_specific_direction
dsdr_Trametinib (GSK1120212)_1000_15-1,5.2453375,10.255195,A549,Trametinib (GSK1120212),1000.0,nM,24.0,Trametinib (GSK1120212)_1000nM,dose_specific_direction
dsdr_Trametinib (GSK1120212)_1000_54-1,9.824006,6.999696,A549,Trametinib (GSK1120212),1000.0,nM,24.0,Trametinib (GSK1120212)_1000nM,dose_specific_direction
dsdr_Trametinib (GSK1120212)_1000_439-1,10.43388,6.231609,A549,Trametinib (GSK1120212),1000.0,nM,24.0,Trametinib (GSK1120212)_1000nM,dose_specific_direction
dsdr_Trametinib (GSK1120212)_1000_205-1,5.2269173,7.3773265,A549,Trametinib (GSK1120212),1000.0,nM,24.0,Trametinib (GSK1120212)_1000nM,dose_specific_direction
dsdr_Trametinib (GSK1120212)_1000_492-1,5.9038157,5.834126,A549,Trametinib (GSK1120212),1000.0,nM,24.0,Trametinib (GSK1120212)_1000nM,dose_specific_direction
dsdr_Trametinib (GSK1120212)_1000_123-1,4.658033,7.2028303,A549,Trametinib (GSK1120212),1000.0,nM,24.0,Trametinib (GSK1120212)_1000nM,dose_specific_direction
dsdr_Trametinib (GSK1120212)_1000_417-1,10.008525,6.317769,A549,Trametinib (GSK1120212),1000.0,nM,24.0,Trametinib (GSK1120212)_1000nM,dose_specific_direction
dsdr_Trametinib (GSK1120212)_1000_40-1,5.9316335,8.075415,A549,Trametinib (GSK1120212),1000.0,nM,24.0,Trametinib (GSK1120212)_1000nM,dose_specific_direction
dsdr_Trametinib (GSK1120212)_1000_497-1,7.5915275,2.2835054,A549,Trametinib (GSK1120212),1000.0,nM,24.0,Trametinib (GSK1120212)_1000nM,dose_specific_direction
dsdr_Trametinib (GSK1120212)_1000_264-1,2.4797943,8.574446,A549,Trametinib (GSK1120212),1000.0,nM,24.0,Trametinib (GSK1120212)_1000nM,dose_specific_direction
dsdr_Trametinib (GSK1120212)_1000_373-1,5.4966702,4.7665844,A549,Trametinib (GSK1120212),1000.0,nM,24.0,Trametinib (GSK1120212)_1000nM,dose_specific_direction
dsdr_Trametinib (GSK1120212)_10000_391-1,3.2852535,5.2210984,A549,Trametinib (GSK1120212),10000.0,nM,24.0,Trametinib (GSK1120212)_10000nM,dose_specific_direction
dsdr_Trametinib (GSK1120212)_10000_489-1,7.4364743,7.1443434,A549,Trametinib (GSK1120212),10000.0,nM,24.0,Trametinib (GSK1120212)_10000nM,dose_specific_direction
dsdr_Trametinib (GSK1120212)_10000_58-1,4.522078,8.235542,A549,Trametinib (GSK1120212),10000.0,nM,24.0,Trametinib (GSK1120212)_10000nM,dose_specific_direction
dsdr_Trametinib (GSK1120212)_10000_29-1,0.10000934,6.344311,A549,Trametinib (GSK1120212),10000.0,nM,24.0,Trametinib (GSK1120212)_10000nM,dose_specific_direction
dsdr_Trametinib (GSK1120212)_10000_403-1,3.389008,3.8000546,A549,Trametinib (GSK1120212),10000.0,nM,24.0,Trametinib (GSK1120212)_10000nM,dose_specific_direction
dsdr_Trametinib (GSK1120212)_10000_4-1,3.3880281,8.86075,A549,Trametinib (GSK1120212),10000.0,nM,24.0,Trametinib (GSK1120212)_10000nM,dose_specific_direction
dsdr_Trametinib (GSK1120212)_10000_308-1,8.786917,3.7704132,A549,Trametinib (GSK1120212),10000.0,nM,24.0,Trametinib (GSK1120212)_10000nM,dose_specific_direction
dsdr_Trametinib (GSK1120212)_10000_14-1,-1.351813,6.510243,A549,Trametinib (GSK1120212),10000.0,nM,24.0,Trametinib (GSK1120212)_10000nM,dose_specific_direction
dsdr_Trametinib (GSK1120212)_10000_346-1,9.429948,9.08958,A549,Trametinib (GSK1120212),10000.0,nM,24.0,Trametinib (GSK1120212)_10000nM,dose_specific_direction
dsdr_Trametinib (GSK1120212)_10000_344-1,7.7630196,3.2371469,A549,Trametinib (GSK1120212),10000.0,nM,24.0,Trametinib (GSK1120212)_10000nM,dose_specific_direction
dsdr_Trametinib (GSK1120212)_10000_170-1,3.7103689,7.9406943,A549,Trametinib (GSK1120212),10000.0,nM,24.0,Trametinib (GSK1120212)_10000nM,dose_specific_direction
dsdr_Trametinib (GSK1120212)_10000_271-1,3.4155483,9.882727,A549,Trametinib (GSK1120212),10000.0,nM,24.0,Trametinib (GSK1120212)_10000nM,dose_specific_direction
dsdr_Trametinib (GSK1120212)_10000_35-1,3.1275444,9.817662,A549,Trametinib (GSK1120212),10000.0,nM,24.0,Trametinib (GSK1120212)_10000nM,dose_specific_direction
dsdr_Trametinib (GSK1120212)_10000_37-1,8.007892,6.511388,A549,Trametinib (GSK1120212),10000.0,nM,24.0,Trametinib (GSK1120212)_10000nM,dose_specific_direction
dsdr_Trametinib (GSK1120212)_10000_274-1,2.0481353,9.501678,A549,Trametinib (GSK1120212),10000.0,nM,24.0,Trametinib (GSK1120212)_10000nM,dose_specific_direction
dsdr_Trametinib (GSK1120212)_10000_453-1,12.551532,5.246973,A549,Trametinib (GSK1120212),10000.0,nM,24.0,Trametinib (GSK1120212)_10000nM,dose_specific_direction
dsdr_Trametinib (GSK1120212)_10000_390-1,1.8653417,6.563954,A549,Trametinib (GSK1120212),10000.0,nM,24.0,Trametinib (GSK1120212)_10000nM,dose_specific_direction
dsdr_Trametinib (GSK1120212)_10000_498-1,4.8645153,7.5411158,A549,Trametinib (GSK1120212),10000.0,nM,24.0,Trametinib (GSK1120212)_10000nM,dose_specific_direction
dsdr_Trametinib (GSK1120212)_10000_337-1,2.6587634,5.716058,A549,Trametinib (GSK1120212),10000.0,nM,24.0,Trametinib (GSK1120212)_10000nM,dose_specific_direction
dsdr_Trametinib (GSK1120212)_10000_15-1,5.490672,10.40106,A549,Trametinib (GSK1120212),10000.0,nM,24.0,Trametinib (GSK1120212)_10000nM,dose_specific_direction
dsdr_Trametinib (GSK1120212)_10000_422-1,5.5170336,4.61767,A549,Trametinib (GSK1120212),10000.0,nM,24.0,Trametinib (GSK1120212)_10000nM,dose_specific_direction
dsdr_Trametinib (GSK1120212)_10000_49-1,2.5005343,9.027457,A549,Trametinib (GSK1120212),10000.0,nM,24.0,Trametinib (GSK1120212)_10000nM,dose_specific_direction
dsdr_Trametinib (GSK1120212)_10000_478-1,5.2530518,7.2329,A549,Trametinib (GSK1120212),10000.0,nM,24.0,Trametinib (GSK1120212)_10000nM,dose_specific_direction
dsdr_Trametinib (GSK1120212)_10000_275-1,6.416385,3.3905644,A549,Trametinib (GSK1120212),10000.0,nM,24.0,Trametinib (GSK1120212)_10000nM,dose_specific_direction
dsdr_Trametinib (GSK1120212)_10000_388-1,11.603485,9.284772,A549,Trametinib (GSK1120212),10000.0,nM,24.0,Trametinib (GSK1120212)_10000nM,dose_specific_direction
dsdr_Trametinib (GSK1120212)_10000_153-1,10.069338,7.537173,A549,Trametinib (GSK1120212),10000.0,nM,24.0,Trametinib (GSK1120212)_10000nM,dose_specific_direction
dsdr_Trametinib (GSK1120212)_10000_402-1,11.351399,6.9246774,A549,Trametinib (GSK1120212),10000.0,nM,24.0,Trametinib (GSK1120212)_10000nM,dose_specific_direction
dsdr_Trametinib (GSK1120212)_10000_423-1,8.289073,2.1231558,A549,Trametinib (GSK1120212),10000.0,nM,24.0,Trametinib (GSK1120212)_10000nM,dose_specific_direction
dsdr_Trametinib (GSK1120212)_10000_294-1,4.265849,5.829387,A549,Trametinib (GSK1120212),10000.0,nM,24.0,Trametinib (GSK1120212)_10000nM,dose_specific_direction
dsdr_Trametinib (GSK1120212)_10000_316-1,7.018671,6.8116574,A549,Trametinib (GSK1120212),10000.0,nM,24.0,Trametinib (GSK1120212)_10000nM,dose_specific_direction
dsdr_Trametinib (GSK1120212)_10000_283-1,9.512637,3.818536,A549,Trametinib (GSK1120212),10000.0,nM,24.0,Trametinib (GSK1120212)_10000nM,dose_specific_direction
dsdr_Trametinib (GSK1120212)_10000_208-1,4.0224237,3.931998,A549,Trametinib (GSK1120212),10000.0,nM,24.0,Trametinib (GSK1120212)_10000nM,dose_specific_direction
dsdr_Trametinib (GSK1120212)_10000_101-1,2.3791814,8.76416,A549,Trametinib (GSK1120212),10000.0,nM,24.0,Trametinib (GSK1120212)_10000nM,dose_specific_direction
dsdr_Trametinib (GSK1120212)_10000_230-1,11.143622,7.5998497,A549,Trametinib (GSK1120212),10000.0,nM,24.0,Trametinib (GSK1120212)_10000nM,dose_specific_direction
dsdr_Trametinib (GSK1120212)_10000_25-1,0.16107082,6.062895,A549,Trametinib (GSK1120212),10000.0,nM,24.0,Trametinib (GSK1120212)_10000nM,dose_specific_direction
dsdr_Trametinib (GSK1120212)_10000_440-1,7.9474216,5.926839,A549,Trametinib (GSK1120212),10000.0,nM,24.0,Trametinib (GSK1120212)_10000nM,dose_specific_direction
dsdr_Trametinib (GSK1120212)_10000_80-1,12.570229,5.112987,A549,Trametinib (GSK1120212),10000.0,nM,24.0,Trametinib (GSK1120212)_10000nM,dose_specific_direction
dsdr_Trametinib (GSK1120212)_10000_84-1,5.015534,10.039205,A549,Trametinib (GSK1120212),10000.0,nM,24.0,Trametinib (GSK1120212)_10000nM,dose_specific_direction
dsdr_Trametinib (GSK1120212)_10000_177-1,2.5127435,9.054608,A549,Trametinib (GSK1120212),10000.0,nM,24.0,Trametinib (GSK1120212)_10000nM,dose_specific_direction
dsdr_Trametinib (GSK1120212)_10000_333-1,1.6722236,5.0573783,A549,Trametinib (GSK1120212),10000.0,nM,24.0,Trametinib (GSK1120212)_10000nM,dose_specific_direction
dsdr_Trametinib (GSK1120212)_10000_47-1,5.0479794,7.758871,A549,Trametinib (GSK1120212),10000.0,nM,24.0,Trametinib (GSK1120212)_10000nM,dose_specific_direction
dsdr_Trametinib (GSK1120212)_10000_468-1,9.646018,4.555344,A549,Trametinib (GSK1120212),10000.0,nM,24.0,Trametinib (GSK1120212)_10000nM,dose_specific_direction
dsdr_Trametinib (GSK1120212)_10000_442-1,6.3096075,5.1490483,A549,Trametinib (GSK1120212),10000.0,nM,24.0,Trametinib (GSK1120212)_10000nM,dose_specific_direction
dsdr_Trametinib (GSK1120212)_10000_288-1,2.1128888,6.905163,A549,Trametinib (GSK1120212),10000.0,nM,24.0,Trametinib (GSK1120212)_10000nM,dose_specific_direction
dsdr_Trametinib (GSK1120212)_10000_211-1,9.195682,8.245319,A549,Trametinib (GSK1120212),10000.0,nM,24.0,Trametinib (GSK1120212)_10000nM,dose_specific_direction
dsdr_Trametinib (GSK1120212)_10000_55-1,2.2118285,8.301338,A549,Trametinib (GSK1120212),10000.0,nM,24.0,Trametinib (GSK1120212)_10000nM,dose_specific_direction
dsdr_Trametinib (GSK1120212)_10000_200-1,2.5447805,8.738996,A549,Trametinib (GSK1120212),10000.0,nM,24.0,Trametinib (GSK1120212)_10000nM,dose_specific_direction
dsdr_Trametinib (GSK1120212)_10000_42-1,1.2946879,8.783429,A549,Trametinib (GSK1120212),10000.0,nM,24.0,Trametinib (GSK1120212)_10000nM,dose_specific_direction
dsdr_Trametinib (GSK1120212)_10000_306-1,9.963389,9.319978,A549,Trametinib (GSK1120212),10000.0,nM,24.0,Trametinib (GSK1120212)_10000nM,dose_specific_direction
dsdr_Trametinib (GSK1120212)_10000_228-1,8.526453,7.4760094,A549,Trametinib (GSK1120212),10000.0,nM,24.0,Trametinib (GSK1120212)_10000nM,dose_specific_direction
dsdr_Trametinib (GSK1120212)_10000_186-1,7.3891625,7.0443597,A549,Trametinib (GSK1120212),10000.0,nM,24.0,Trametinib (GSK1120212)_10000nM,dose_specific_direction
dsdr_Trametinib (GSK1120212)_10000_263-1,4.429056,9.151847,A549,Trametinib (GSK1120212),10000.0,nM,24.0,Trametinib (GSK1120212)_10000nM,dose_specific_direction
dsdr_Trametinib (GSK1120212)_10000_187-1,3.5210598,7.2927322,A549,Trametinib (GSK1120212),10000.0,nM,24.0,Trametinib (GSK1120212)_10000nM,dose_specific_direction
dsdr_Trametinib (GSK1120212)_10000_151-1,2.9262922,9.907274,A549,Trametinib (GSK1120212),10000.0,nM,24.0,Trametinib (GSK1120212)_10000nM,dose_specific_direction
dsdr_Trametinib (GSK1120212)_10000_447-1,1.6298212,6.9156117,A549,Trametinib (GSK1120212),10000.0,nM,24.0,Trametinib (GSK1120212)_10000nM,dose_specific_direction
dsdr_Trametinib (GSK1120212)_10000_1-1,5.185991,8.11841,A549,Trametinib (GSK1120212),10000.0,nM,24.0,Trametinib (GSK1120212)_10000nM,dose_specific_direction
dsdr_Trametinib (GSK1120212)_10000_111-1,8.933122,6.852977,A549,Trametinib (GSK1120212),10000.0,nM,24.0,Trametinib (GSK1120212)_10000nM,dose_specific_direction
dsdr_Trametinib (GSK1120212)_10000_456-1,8.828453,6.573238,A549,Trametinib (GSK1120212),10000.0,nM,24.0,Trametinib (GSK1120212)_10000nM,dose_specific_direction
dsdr_Trametinib (GSK1120212)_10000_157-1,-0.2105584,6.7891855,A549,Trametinib (GSK1120212),10000.0,nM,24.0,Trametinib (GSK1120212)_10000nM,dose_specific_direction
dsdr_Trametinib (GSK1120212)_10000_34-1,1.5399324,7.37647,A549,Trametinib (GSK1120212),10000.0,nM,24.0,Trametinib (GSK1120212)_10000nM,dose_specific_direction
dsdr_Trametinib (GSK1120212)_10000_150-1,4.374382,5.6790466,A549,Trametinib (GSK1120212),10000.0,nM,24.0,Trametinib (GSK1120212)_10000nM,dose_specific_direction
dsdr_Trametinib (GSK1120212)_10000_167-1,3.6509101,10.036628,A549,Trametinib (GSK1120212),10000.0,nM,24.0,Trametinib (GSK1120212)_10000nM,dose_specific_direction
dsdr_Trametinib (GSK1120212)_10000_224-1,0.7346638,8.037321,A549,Trametinib (GSK1120212),10000.0,nM,24.0,Trametinib (GSK1120212)_10000nM,dose_specific_direction
dsdr_Trametinib (GSK1120212)_10000_267-1,6.7254853,10.28621,A549,Trametinib (GSK1120212),10000.0,nM,24.0,Trametinib (GSK1120212)_10000nM,dose_specific_direction
dsdr_Trametinib (GSK1120212)_10000_22-1,3.9118783,7.597127,A549,Trametinib (GSK1120212),10000.0,nM,24.0,Trametinib (GSK1120212)_10000nM,dose_specific_direction
dsdr_Trametinib (GSK1120212)_10000_326-1,7.0666156,7.0872054,A549,Trametinib (GSK1120212),10000.0,nM,24.0,Trametinib (GSK1120212)_10000nM,dose_specific_direction
dsdr_Trametinib (GSK1120212)_10000_362-1,2.8291676,8.562749,A549,Trametinib (GSK1120212),10000.0,nM,24.0,Trametinib (GSK1120212)_10000nM,dose_specific_direction
dsdr_Trametinib (GSK1120212)_10000_163-1,4.117914,8.920355,A549,Trametinib (GSK1120212),10000.0,nM,24.0,Trametinib (GSK1120212)_10000nM,dose_specific_direction
dsdr_Trametinib (GSK1120212)_10000_408-1,-1.5662575,6.6424036,A549,Trametinib (GSK1120212),10000.0,nM,24.0,Trametinib (GSK1120212)_10000nM,dose_specific_direction
dsdr_Trametinib (GSK1120212)_10000_330-1,5.457217,7.5584173,A549,Trametinib (GSK1120212),10000.0,nM,24.0,Trametinib (GSK1120212)_10000nM,dose_specific_direction
dsdr_Trametinib (GSK1120212)_10000_397-1,7.527871,9.654427,A549,Trametinib (GSK1120212),10000.0,nM,24.0,Trametinib (GSK1120212)_10000nM,dose_specific_direction
dsdr_Trametinib (GSK1120212)_10000_86-1,3.3205178,6.9850426,A549,Trametinib (GSK1120212),10000.0,nM,24.0,Trametinib (GSK1120212)_10000nM,dose_specific_direction
dsdr_Trametinib (GSK1120212)_10000_264-1,2.596742,8.58044,A549,Trametinib (GSK1120212),10000.0,nM,24.0,Trametinib (GSK1120212)_10000nM,dose_specific_direction
dsdr_Trametinib (GSK1120212)_10000_434-1,10.300867,8.979929,A549,Trametinib (GSK1120212),10000.0,nM,24.0,Trametinib (GSK1120212)_10000nM,dose_specific_direction
dsdr_Trametinib (GSK1120212)_10000_367-1,11.163054,4.0948915,A549,Trametinib (GSK1120212),10000.0,nM,24.0,Trametinib (GSK1120212)_10000nM,dose_specific_direction
dsdr_Trametinib (GSK1120212)_10000_459-1,5.930371,4.73227,A549,Trametinib (GSK1120212),10000.0,nM,24.0,Trametinib (GSK1120212)_10000nM,dose_specific_direction
dsdr_Trametinib (GSK1120212)_10000_420-1,9.701067,8.79778,A549,Trametinib (GSK1120212),10000.0,nM,24.0,Trametinib (GSK1120212)_10000nM,dose_specific_direction
dsdr_Trametinib (GSK1120212)_10000_185-1,0.70802563,7.8155794,A549,Trametinib (GSK1120212),10000.0,nM,24.0,Trametinib (GSK1120212)_10000nM,dose_specific_direction
dsdr_Trametinib (GSK1120212)_10000_225-1,6.0799766,4.169121,A549,Trametinib (GSK1120212),10000.0,nM,24.0,Trametinib (GSK1120212)_10000nM,dose_specific_direction
dsdr_Trametinib (GSK1120212)_10000_164-1,4.9092484,9.751189,A549,Trametinib (GSK1120212),10000.0,nM,24.0,Trametinib (GSK1120212)_10000nM,dose_specific_direction
improved_hill_(+)-JQ1_10_193-2-0,11.244263,7.1095448,A549,(+)-JQ1,10.0,nM,24.0,(+)-JQ1_10nM,improved_hill
improved_hill_(+)-JQ1_10_126-2-0,10.37385,4.5684032,A549,(+)-JQ1,10.0,nM,24.0,(+)-JQ1_10nM,improved_hill
improved_hill_(+)-JQ1_10_123-2-0,5.522641,6.6488967,A549,(+)-JQ1,10.0,nM,24.0,(+)-JQ1_10nM,improved_hill
improved_hill_(+)-JQ1_10_169-2-0,9.833506,2.8905113,A549,(+)-JQ1,10.0,nM,24.0,(+)-JQ1_10nM,improved_hill
improved_hill_(+)-JQ1_10_299-2-0,7.572749,3.0527961,A549,(+)-JQ1,10.0,nM,24.0,(+)-JQ1_10nM,improved_hill
improved_hill_(+)-JQ1_10_431-2-0,8.53062,5.3598185,A549,(+)-JQ1,10.0,nM,24.0,(+)-JQ1_10nM,improved_hill
improved_hill_(+)-JQ1_10_101-2-0,4.4326653,8.381362,A549,(+)-JQ1,10.0,nM,24.0,(+)-JQ1_10nM,improved_hill
improved_hill_(+)-JQ1_10_300-2-0,7.631238,2.4860687,A549,(+)-JQ1,10.0,nM,24.0,(+)-JQ1_10nM,improved_hill
improved_hill_(+)-JQ1_10_429-2-0,3.682735,3.1681628,A549,(+)-JQ1,10.0,nM,24.0,(+)-JQ1_10nM,improved_hill
improved_hill_(+)-JQ1_10_482-2-0,3.1409307,5.3842096,A549,(+)-JQ1,10.0,nM,24.0,(+)-JQ1_10nM,improved_hill
improved_hill_(+)-JQ1_10_279-2-0,10.12592,5.5166597,A549,(+)-JQ1,10.0,nM,24.0,(+)-JQ1_10nM,improved_hill
improved_hill_(+)-JQ1_10_195-2-0,4.4310555,4.294331,A549,(+)-JQ1,10.0,nM,24.0,(+)-JQ1_10nM,improved_hill
improved_hill_(+)-JQ1_10_410-2-0,10.449876,4.491326,A549,(+)-JQ1,10.0,nM,24.0,(+)-JQ1_10nM,improved_hill
improved_hill_(+)-JQ1_10_259-2-0,3.027968,5.8428183,A549,(+)-JQ1,10.0,nM,24.0,(+)-JQ1_10nM,improved_hill
improved_hill_(+)-JQ1_10_472-2-0,4.8676624,7.7852716,A549,(+)-JQ1,10.0,nM,24.0,(+)-JQ1_10nM,improved_hill
improved_hill_(+)-JQ1_10_57-2-0,3.791149,9.991431,A549,(+)-JQ1,10.0,nM,24.0,(+)-JQ1_10nM,improved_hill
improved_hill_(+)-JQ1_10_104-2-0,12.496163,7.5414696,A549,(+)-JQ1,10.0,nM,24.0,(+)-JQ1_10nM,improved_hill
improved_hill_(+)-JQ1_10_0-2-0,5.5041976,7.159908,A549,(+)-JQ1,10.0,nM,24.0,(+)-JQ1_10nM,improved_hill
improved_hill_(+)-JQ1_10_392-2-0,2.589719,6.9349976,A549,(+)-JQ1,10.0,nM,24.0,(+)-JQ1_10nM,improved_hill
improved_hill_(+)-JQ1_10_294-2-0,5.5817056,4.4993296,A549,(+)-JQ1,10.0,nM,24.0,(+)-JQ1_10nM,improved_hill
improved_hill_(+)-JQ1_10_60-2-0,10.30955,3.4949002,A549,(+)-JQ1,10.0,nM,24.0,(+)-JQ1_10nM,improved_hill
improved_hill_(+)-JQ1_10_295-2-0,11.232912,3.5783057,A549,(+)-JQ1,10.0,nM,24.0,(+)-JQ1_10nM,improved_hill
improved_hill_(+)-JQ1_10_309-2-0,6.5254774,4.2410307,A549,(+)-JQ1,10.0,nM,24.0,(+)-JQ1_10nM,improved_hill
improved_hill_(+)-JQ1_10_130-2-0,3.8120856,4.5125284,A549,(+)-JQ1,10.0,nM,24.0,(+)-JQ1_10nM,improved_hill
improved_hill_(+)-JQ1_10_408-2-0,-1.4004834,6.5119452,A549,(+)-JQ1,10.0,nM,24.0,(+)-JQ1_10nM,improved_hill
improved_hill_(+)-JQ1_10_432-2-0,7.4908943,4.0044346,A549,(+)-JQ1,10.0,nM,24.0,(+)-JQ1_10nM,improved_hill
improved_hill_(+)-JQ1_10_483-2-0,5.5345507,6.51701,A549,(+)-JQ1,10.0,nM,24.0,(+)-JQ1_10nM,improved_hill
improved_hill_(+)-JQ1_10_275-2-0,7.6115704,2.8877835,A549,(+)-JQ1,10.0,nM,24.0,(+)-JQ1_10nM,improved_hill
improved_hill_(+)-JQ1_10_150-2-0,5.5549726,4.912938,A549,(+)-JQ1,10.0,nM,24.0,(+)-JQ1_10nM,improved_hill
improved_hill_(+)-JQ1_10_243-2-0,8.749046,5.834925,A549,(+)-JQ1,10.0,nM,24.0,(+)-JQ1_10nM,improved_hill
improved_hill_(+)-JQ1_10_225-2-0,7.0272775,2.918169,A549,(+)-JQ1,10.0,nM,24.0,(+)-JQ1_10nM,improved_hill
improved_hill_(+)-JQ1_10_25-2-0,0.5611229,5.885791,A549,(+)-JQ1,10.0,nM,24.0,(+)-JQ1_10nM,improved_hill
improved_hill_(+)-JQ1_10_186-2-0,9.036507,7.7687945,A549,(+)-JQ1,10.0,nM,24.0,(+)-JQ1_10nM,improved_hill
improved_hill_(+)-JQ1_10_368-2-0,0.5306248,6.166365,A549,(+)-JQ1,10.0,nM,24.0,(+)-JQ1_10nM,improved_hill
improved_hill_(+)-JQ1_10_144-2-0,9.302131,9.63389,A549,(+)-JQ1,10.0,nM,24.0,(+)-JQ1_10nM,improved_hill
improved_hill_(+)-JQ1_10_487-2-0,8.481769,6.3803782,A549,(+)-JQ1,10.0,nM,24.0,(+)-JQ1_10nM,improved_hill
improved_hill_(+)-JQ1_10_179-2-0,10.100286,5.520212,A549,(+)-JQ1,10.0,nM,24.0,(+)-JQ1_10nM,improved_hill
improved_hill_(+)-JQ1_10_21-2-0,11.951594,4.540728,A549,(+)-JQ1,10.0,nM,24.0,(+)-JQ1_10nM,improved_hill
improved_hill_(+)-JQ1_10_82-2-0,8.567599,4.290692,A549,(+)-JQ1,10.0,nM,24.0,(+)-JQ1_10nM,improved_hill
improved_hill_(+)-JQ1_10_147-2-0,10.5354,3.430831,A549,(+)-JQ1,10.0,nM,24.0,(+)-JQ1_10nM,improved_hill
improved_hill_(+)-JQ1_10_384-2-0,2.9157362,4.385947,A549,(+)-JQ1,10.0,nM,24.0,(+)-JQ1_10nM,improved_hill
improved_hill_(+)-JQ1_10_467-2-0,8.685185,6.9677405,A549,(+)-JQ1,10.0,nM,24.0,(+)-JQ1_10nM,improved_hill
improved_hill_(+)-JQ1_10_135-2-0,4.3279147,7.42302,A549,(+)-JQ1,10.0,nM,24.0,(+)-JQ1_10nM,improved_hill
improved_hill_(+)-JQ1_10_367-2-0,11.354055,4.4096303,A549,(+)-JQ1,10.0,nM,24.0,(+)-JQ1_10nM,improved_hill
improved_hill_(+)-JQ1_10_366-2-0,11.040115,7.8440433,A549,(+)-JQ1,10.0,nM,24.0,(+)-JQ1_10nM,improved_hill
improved_hill_(+)-JQ1_10_127-2-0,12.091087,8.68527,A549,(+)-JQ1,10.0,nM,24.0,(+)-JQ1_10nM,improved_hill
improved_hill_(+)-JQ1_10_320-2-0,3.2900722,5.5483365,A549,(+)-JQ1,10.0,nM,24.0,(+)-JQ1_10nM,improved_hill
improved_hill_(+)-JQ1_10_465-2-0,11.902795,8.008394,A549,(+)-JQ1,10.0,nM,24.0,(+)-JQ1_10nM,improved_hill
improved_hill_(+)-JQ1_10_26-2-0,8.947974,8.228008,A549,(+)-JQ1,10.0,nM,24.0,(+)-JQ1_10nM,improved_hill
improved_hill_(+)-JQ1_10_75-2-0,9.122821,9.203003,A549,(+)-JQ1,10.0,nM,24.0,(+)-JQ1_10nM,improved_hill
improved_hill_(+)-JQ1_10_63-2-0,8.075419,4.2540317,A549,(+)-JQ1,10.0,nM,24.0,(+)-JQ1_10nM,improved_hill
improved_hill_(+)-JQ1_10_411-2-0,8.934513,6.325515,A549,(+)-JQ1,10.0,nM,24.0,(+)-JQ1_10nM,improved_hill
improved_hill_(+)-JQ1_10_148-2-0,1.3994983,6.6688433,A549,(+)-JQ1,10.0,nM,24.0,(+)-JQ1_10nM,improved_hill
improved_hill_(+)-JQ1_10_207-2-0,1.7021681,6.9156413,A549,(+)-JQ1,10.0,nM,24.0,(+)-JQ1_10nM,improved_hill
improved_hill_(+)-JQ1_10_235-2-0,6.281158,9.105631,A549,(+)-JQ1,10.0,nM,24.0,(+)-JQ1_10nM,improved_hill
improved_hill_(+)-JQ1_10_41-2-0,11.676092,8.756123,A549,(+)-JQ1,10.0,nM,24.0,(+)-JQ1_10nM,improved_hill
improved_hill_(+)-JQ1_10_290-2-0,10.804499,3.3745134,A549,(+)-JQ1,10.0,nM,24.0,(+)-JQ1_10nM,improved_hill
improved_hill_(+)-JQ1_10_22-2-0,5.2495503,7.029806,A549,(+)-JQ1,10.0,nM,24.0,(+)-JQ1_10nM,improved_hill
improved_hill_(+)-JQ1_10_488-2-0,12.1959915,8.941553,A549,(+)-JQ1,10.0,nM,24.0,(+)-JQ1_10nM,improved_hill
improved_hill_(+)-JQ1_10_28-2-0,9.325623,7.889149,A549,(+)-JQ1,10.0,nM,24.0,(+)-JQ1_10nM,improved_hill
improved_hill_(+)-JQ1_10_93-2-0,8.569231,6.1288753,A549,(+)-JQ1,10.0,nM,24.0,(+)-JQ1_10nM,improved_hill
improved_hill_(+)-JQ1_10_161-2-0,5.8905153,9.662003,A549,(+)-JQ1,10.0,nM,24.0,(+)-JQ1_10nM,improved_hill
improved_hill_(+)-JQ1_10_281-2-0,10.274839,9.106321,A549,(+)-JQ1,10.0,nM,24.0,(+)-JQ1_10nM,improved_hill
improved_hill_(+)-JQ1_10_426-2-0,6.5430965,3.4142644,A549,(+)-JQ1,10.0,nM,24.0,(+)-JQ1_10nM,improved_hill
improved_hill_(+)-JQ1_10_13-2-0,8.739182,3.0791335,A549,(+)-JQ1,10.0,nM,24.0,(+)-JQ1_10nM,improved_hill
improved_hill_(+)-JQ1_10_365-2-0,9.657128,4.424196,A549,(+)-JQ1,10.0,nM,24.0,(+)-JQ1_10nM,improved_hill
improved_hill_(+)-JQ1_10_369-2-0,9.442751,3.0372226,A549,(+)-JQ1,10.0,nM,24.0,(+)-JQ1_10nM,improved_hill
improved_hill_(+)-JQ1_10_139-2-0,9.032207,7.3095336,A549,(+)-JQ1,10.0,nM,24.0,(+)-JQ1_10nM,improved_hill
improved_hill_(+)-JQ1_10_468-2-0,9.968368,4.7962275,A549,(+)-JQ1,10.0,nM,24.0,(+)-JQ1_10nM,improved_hill
improved_hill_(+)-JQ1_10_461-2-0,11.182591,3.594043,A549,(+)-JQ1,10.0,nM,24.0,(+)-JQ1_10nM,improved_hill
improved_hill_(+)-JQ1_10_47-2-0,6.721816,8.1061535,A549,(+)-JQ1,10.0,nM,24.0,(+)-JQ1_10nM,improved_hill
improved_hill_(+)-JQ1_10_160-2-0,11.133002,9.018728,A549,(+)-JQ1,10.0,nM,24.0,(+)-JQ1_10nM,improved_hill
improved_hill_(+)-JQ1_10_48-2-0,7.416565,3.2446811,A549,(+)-JQ1,10.0,nM,24.0,(+)-JQ1_10nM,improved_hill
improved_hill_(+)-JQ1_10_395-2-0,6.6497836,6.8736525,A549,(+)-JQ1,10.0,nM,24.0,(+)-JQ1_10nM,improved_hill
improved_hill_(+)-JQ1_10_330-2-0,7.344323,6.956165,A549,(+)-JQ1,10.0,nM,24.0,(+)-JQ1_10nM,improved_hill
improved_hill_(+)-JQ1_10_7-2-0,12.105464,8.807452,A549,(+)-JQ1,10.0,nM,24.0,(+)-JQ1_10nM,improved_hill
improved_hill_(+)-JQ1_10_121-2-0,6.470214,10.224367,A549,(+)-JQ1,10.0,nM,24.0,(+)-JQ1_10nM,improved_hill
improved_hill_(+)-JQ1_10_151-2-0,5.836345,10.368515,A549,(+)-JQ1,10.0,nM,24.0,(+)-JQ1_10nM,improved_hill
improved_hill_(+)-JQ1_10_317-2-0,10.719877,5.4621086,A549,(+)-JQ1,10.0,nM,24.0,(+)-JQ1_10nM,improved_hill
improved_hill_(+)-JQ1_10_120-2-0,9.100357,4.5857205,A549,(+)-JQ1,10.0,nM,24.0,(+)-JQ1_10nM,improved_hill
improved_hill_(+)-JQ1_100_144-2-0,9.00227,9.757467,A549,(+)-JQ1,100.0,nM,24.0,(+)-JQ1_100nM,improved_hill
improved_hill_(+)-JQ1_100_139-2-0,8.550677,7.1286864,A549,(+)-JQ1,100.0,nM,24.0,(+)-JQ1_100nM,improved_hill
improved_hill_(+)-JQ1_100_72-2-0,1.3453968,6.4087334,A549,(+)-JQ1,100.0,nM,24.0,(+)-JQ1_100nM,improved_hill
improved_hill_(+)-JQ1_100_26-2-0,7.4215045,7.446988,A549,(+)-JQ1,100.0,nM,24.0,(+)-JQ1_100nM,improved_hill
improved_hill_(+)-JQ1_100_389-2-0,3.772084,4.416447,A549,(+)-JQ1,100.0,nM,24.0,(+)-JQ1_100nM,improved_hill
improved_hill_(+)-JQ1_100_124-2-0,4.6799064,3.9149852,A549,(+)-JQ1,100.0,nM,24.0,(+)-JQ1_100nM,improved_hill
improved_hill_(+)-JQ1_100_141-2-0,2.9397178,3.739203,A549,(+)-JQ1,100.0,nM,24.0,(+)-JQ1_100nM,improved_hill
improved_hill_(+)-JQ1_100_421-2-0,11.77151,8.892158,A549,(+)-JQ1,100.0,nM,24.0,(+)-JQ1_100nM,improved_hill
improved_hill_(+)-JQ1_100_151-2-0,5.188294,10.109757,A549,(+)-JQ1,100.0,nM,24.0,(+)-JQ1_100nM,improved_hill
improved_hill_(+)-JQ1_100_178-2-0,8.574659,9.63257,A549,(+)-JQ1,100.0,nM,24.0,(+)-JQ1_100nM,improved_hill
improved_hill_(+)-JQ1_100_51-2-0,9.137498,2.816289,A549,(+)-JQ1,100.0,nM,24.0,(+)-JQ1_100nM,improved_hill
improved_hill_(+)-JQ1_100_441-2-0,7.2981696,6.494099,A549,(+)-JQ1,100.0,nM,24.0,(+)-JQ1_100nM,improved_hill
improved_hill_(+)-JQ1_100_236-2-0,12.521922,8.076249,A549,(+)-JQ1,100.0,nM,24.0,(+)-JQ1_100nM,improved_hill
improved_hill_(+)-JQ1_100_21-2-0,11.426549,3.9283702,A549,(+)-JQ1,100.0,nM,24.0,(+)-JQ1_100nM,improved_hill
improved_hill_(+)-JQ1_100_155-2-0,9.415566,6.41039,A549,(+)-JQ1,100.0,nM,24.0,(+)-JQ1_100nM,improved_hill
improved_hill_(+)-JQ1_100_246-2-0,4.5309796,3.364746,A549,(+)-JQ1,100.0,nM,24.0,(+)-JQ1_100nM,improved_hill
improved_hill_(+)-JQ1_100_45-2-0,6.3911457,7.4006763,A549,(+)-JQ1,100.0,nM,24.0,(+)-JQ1_100nM,improved_hill
improved_hill_(+)-JQ1_100_382-2-0,4.623557,5.383559,A549,(+)-JQ1,100.0,nM,24.0,(+)-JQ1_100nM,improved_hill
improved_hill_(+)-JQ1_100_4-2-0,3.6844983,8.686985,A549,(+)-JQ1,100.0,nM,24.0,(+)-JQ1_100nM,improved_hill
improved_hill_(+)-JQ1_100_315-2-0,9.307928,5.995916,A549,(+)-JQ1,100.0,nM,24.0,(+)-JQ1_100nM,improved_hill
improved_hill_(+)-JQ1_100_485-2-0,5.912813,7.1056757,A549,(+)-JQ1,100.0,nM,24.0,(+)-JQ1_100nM,improved_hill
improved_hill_(+)-JQ1_100_324-2-0,11.646249,9.152379,A549,(+)-JQ1,100.0,nM,24.0,(+)-JQ1_100nM,improved_hill
improved_hill_(+)-JQ1_100_400-2-0,11.124068,8.70914,A549,(+)-JQ1,100.0,nM,24.0,(+)-JQ1_100nM,improved_hill
improved_hill_(+)-JQ1_100_73-2-0,3.1112301,8.012422,A549,(+)-JQ1,100.0,nM,24.0,(+)-JQ1_100nM,improved_hill
improved_hill_(+)-JQ1_100_344-2-0,8.157652,2.8474872,A549,(+)-JQ1,100.0,nM,24.0,(+)-JQ1_100nM,improved_hill
improved_hill_(+)-JQ1_100_77-2-0,1.273618,6.0501075,A549,(+)-JQ1,100.0,nM,24.0,(+)-JQ1_100nM,improved_hill
improved_hill_(+)-JQ1_100_286-2-0,5.309834,6.7963367,A549,(+)-JQ1,100.0,nM,24.0,(+)-JQ1_100nM,improved_hill
improved_hill_(+)-JQ1_100_58-2-0,5.098686,8.18498,A549,(+)-JQ1,100.0,nM,24.0,(+)-JQ1_100nM,improved_hill
improved_hill_(+)-JQ1_100_457-2-0,8.396787,5.776608,A549,(+)-JQ1,100.0,nM,24.0,(+)-JQ1_100nM,improved_hill
improved_hill_(+)-JQ1_100_348-2-0,6.419521,5.7432876,A549,(+)-JQ1,100.0,nM,24.0,(+)-JQ1_100nM,improved_hill
improved_hill_(+)-JQ1_100_454-2-0,12.145829,4.7287006,A549,(+)-JQ1,100.0,nM,24.0,(+)-JQ1_100nM,improved_hill
improved_hill_(+)-JQ1_100_259-2-0,2.437345,6.145985,A549,(+)-JQ1,100.0,nM,24.0,(+)-JQ1_100nM,improved_hill
improved_hill_(+)-JQ1_100_380-2-0,2.4328341,6.110622,A549,(+)-JQ1,100.0,nM,24.0,(+)-JQ1_100nM,improved_hill
improved_hill_(+)-JQ1_100_405-2-0,6.083633,5.573199,A549,(+)-JQ1,100.0,nM,24.0,(+)-JQ1_100nM,improved_hill
improved_hill_(+)-JQ1_100_456-2-0,9.433106,4.688809,A549,(+)-JQ1,100.0,nM,24.0,(+)-JQ1_100nM,improved_hill
improved_hill_(+)-JQ1_100_284-2-0,4.945255,5.320235,A549,(+)-JQ1,100.0,nM,24.0,(+)-JQ1_100nM,improved_hill
improved_hill_(+)-JQ1_100_458-2-0,1.5390433,6.4272456,A549,(+)-JQ1,100.0,nM,24.0,(+)-JQ1_100nM,improved_hill
improved_hill_(+)-JQ1_100_140-2-0,2.8957608,8.381663,A549,(+)-JQ1,100.0,nM,24.0,(+)-JQ1_100nM,improved_hill
improved_hill_(+)-JQ1_100_343-2-0,8.647412,3.8134766,A549,(+)-JQ1,100.0,nM,24.0,(+)-JQ1_100nM,improved_hill
improved_hill_(+)-JQ1_100_203-2-0,9.742721,5.1514106,A549,(+)-JQ1,100.0,nM,24.0,(+)-JQ1_100nM,improved_hill
improved_hill_(+)-JQ1_100_9-2-0,4.6845374,6.9901266,A549,(+)-JQ1,100.0,nM,24.0,(+)-JQ1_100nM,improved_hill
improved_hill_(+)-JQ1_100_54-2-0,9.763919,6.419256,A549,(+)-JQ1,100.0,nM,24.0,(+)-JQ1_100nM,improved_hill
improved_hill_(+)-JQ1_100_201-2-0,9.124269,6.356974,A549,(+)-JQ1,100.0,nM,24.0,(+)-JQ1_100nM,improved_hill
improved_hill_(+)-JQ1_100_379-2-0,5.880082,6.1846166,A549,(+)-JQ1,100.0,nM,24.0,(+)-JQ1_100nM,improved_hill
improved_hill_(+)-JQ1_100_154-2-0,4.7787466,7.450234,A549,(+)-JQ1,100.0,nM,24.0,(+)-JQ1_100nM,improved_hill
improved_hill_(+)-JQ1_100_108-2-0,5.738154,9.67057,A549,(+)-JQ1,100.0,nM,24.0,(+)-JQ1_100nM,improved_hill
improved_hill_(+)-JQ1_100_10-2-0,3.6787686,8.427349,A549,(+)-JQ1,100.0,nM,24.0,(+)-JQ1_100nM,improved_hill
improved_hill_(+)-JQ1_100_59-2-0,4.396108,2.8049583,A549,(+)-JQ1,100.0,nM,24.0,(+)-JQ1_100nM,improved_hill
improved_hill_(+)-JQ1_100_336-2-0,3.834242,3.564554,A549,(+)-JQ1,100.0,nM,24.0,(+)-JQ1_100nM,improved_hill
improved_hill_(+)-JQ1_100_306-2-0,10.958655,9.299348,A549,(+)-JQ1,100.0,nM,24.0,(+)-JQ1_100nM,improved_hill
improved_hill_(+)-JQ1_100_127-2-0,11.75889,8.443518,A549,(+)-JQ1,100.0,nM,24.0,(+)-JQ1_100nM,improved_hill
improved_hill_(+)-JQ1_100_97-2-0,6.1167693,10.1108,A549,(+)-JQ1,100.0,nM,24.0,(+)-JQ1_100nM,improved_hill
improved_hill_(+)-JQ1_100_57-2-0,2.376905,9.324938,A549,(+)-JQ1,100.0,nM,24.0,(+)-JQ1_100nM,improved_hill
improved_hill_(+)-JQ1_100_304-2-0,5.9694104,3.5139835,A549,(+)-JQ1,100.0,nM,24.0,(+)-JQ1_100nM,improved_hill
improved_hill_(+)-JQ1_100_292-2-0,7.9560137,3.9402273,A549,(+)-JQ1,100.0,nM,24.0,(+)-JQ1_100nM,improved_hill
improved_hill_(+)-JQ1_100_102-2-0,2.944268,4.9863563,A549,(+)-JQ1,100.0,nM,24.0,(+)-JQ1_100nM,improved_hill
improved_hill_(+)-JQ1_100_276-2-0,11.140411,7.4828863,A549,(+)-JQ1,100.0,nM,24.0,(+)-JQ1_100nM,improved_hill
improved_hill_(+)-JQ1_100_161-2-0,4.9859324,9.2193985,A549,(+)-JQ1,100.0,nM,24.0,(+)-JQ1_100nM,improved_hill
improved_hill_(+)-JQ1_100_412-2-0,11.921703,5.1311727,A549,(+)-JQ1,100.0,nM,24.0,(+)-JQ1_100nM,improved_hill
improved_hill_(+)-JQ1_100_110-2-0,7.3086085,2.0760334,A549,(+)-JQ1,100.0,nM,24.0,(+)-JQ1_100nM,improved_hill
improved_hill_(+)-JQ1_100_245-2-0,2.1865604,6.8302116,A549,(+)-JQ1,100.0,nM,24.0,(+)-JQ1_100nM,improved_hill
improved_hill_(+)-JQ1_100_229-2-0,8.195906,2.6260962,A549,(+)-JQ1,100.0,nM,24.0,(+)-JQ1_100nM,improved_hill
improved_hill_(+)-JQ1_100_268-2-0,10.396363,5.5680995,A549,(+)-JQ1,100.0,nM,24.0,(+)-JQ1_100nM,improved_hill
improved_hill_(+)-JQ1_100_411-2-0,8.187648,5.8850393,A549,(+)-JQ1,100.0,nM,24.0,(+)-JQ1_100nM,improved_hill
improved_hill_(+)-JQ1_100_426-2-0,5.544566,3.5089724,A549,(+)-JQ1,100.0,nM,24.0,(+)-JQ1_100nM,improved_hill
improved_hill_(+)-JQ1_100_255-2-0,9.820987,7.990269,A549,(+)-JQ1,100.0,nM,24.0,(+)-JQ1_100nM,improved_hill
improved_hill_(+)-JQ1_100_6-2-0,1.5981784,4.755826,A549,(+)-JQ1,100.0,nM,24.0,(+)-JQ1_100nM,improved_hill
improved_hill_(+)-JQ1_100_216-2-0,7.86447,5.122301,A549,(+)-JQ1,100.0,nM,24.0,(+)-JQ1_100nM,improved_hill
improved_hill_(+)-JQ1_100_131-2-0,2.4025705,8.023649,A549,(+)-JQ1,100.0,nM,24.0,(+)-JQ1_100nM,improved_hill
improved_hill_(+)-JQ1_100_168-2-0,2.590766,5.7311206,A549,(+)-JQ1,100.0,nM,24.0,(+)-JQ1_100nM,improved_hill
improved_hill_(+)-JQ1_100_271-2-0,3.913966,9.224058,A549,(+)-JQ1,100.0,nM,24.0,(+)-JQ1_100nM,improved_hill
improved_hill_(+)-JQ1_100_133-2-0,10.853492,9.078828,A549,(+)-JQ1,100.0,nM,24.0,(+)-JQ1_100nM,improved_hill
improved_hill_(+)-JQ1_100_375-2-0,7.7424664,9.626325,A549,(+)-JQ1,100.0,nM,24.0,(+)-JQ1_100nM,improved_hill
improved_hill_(+)-JQ1_100_190-2-0,5.694415,8.645588,A549,(+)-JQ1,100.0,nM,24.0,(+)-JQ1_100nM,improved_hill
improved_hill_(+)-JQ1_100_222-2-0,4.360169,4.7985315,A549,(+)-JQ1,100.0,nM,24.0,(+)-JQ1_100nM,improved_hill
improved_hill_(+)-JQ1_100_267-2-0,7.6906157,9.857634,A549,(+)-JQ1,100.0,nM,24.0,(+)-JQ1_100nM,improved_hill
improved_hill_(+)-JQ1_100_103-2-0,5.5719194,3.8818042,A549,(+)-JQ1,100.0,nM,24.0,(+)-JQ1_100nM,improved_hill
improved_hill_(+)-JQ1_100_40-2-0,6.5796156,7.311658,A549,(+)-JQ1,100.0,nM,24.0,(+)-JQ1_100nM,improved_hill
improved_hill_(+)-JQ1_100_317-2-0,10.366926,5.502818,A549,(+)-JQ1,100.0,nM,24.0,(+)-JQ1_100nM,improved_hill
improved_hill_(+)-JQ1_100_249-2-0,10.221925,9.431278,A549,(+)-JQ1,100.0,nM,24.0,(+)-JQ1_100nM,improved_hill
improved_hill_(+)-JQ1_1000_415-2-0,2.4355655,6.3752065,A549,(+)-JQ1,1000.0,nM,24.0,(+)-JQ1_1000nM,improved_hill
improved_hill_(+)-JQ1_1000_163-2-0,3.757676,8.272547,A549,(+)-JQ1,1000.0,nM,24.0,(+)-JQ1_1000nM,improved_hill
improved_hill_(+)-JQ1_1000_425-2-0,6.094626,7.320654,A549,(+)-JQ1,1000.0,nM,24.0,(+)-JQ1_1000nM,improved_hill
improved_hill_(+)-JQ1_1000_157-2-0,-0.08902846,6.598151,A549,(+)-JQ1,1000.0,nM,24.0,(+)-JQ1_1000nM,improved_hill
improved_hill_(+)-JQ1_1000_275-2-0,4.95003,3.240912,A549,(+)-JQ1,1000.0,nM,24.0,(+)-JQ1_1000nM,improved_hill
improved_hill_(+)-JQ1_1000_316-2-0,6.4114094,6.635004,A549,(+)-JQ1,1000.0,nM,24.0,(+)-JQ1_1000nM,improved_hill
improved_hill_(+)-JQ1_1000_81-2-0,2.7482543,4.82243,A549,(+)-JQ1,1000.0,nM,24.0,(+)-JQ1_1000nM,improved_hill
improved_hill_(+)-JQ1_1000_320-2-0,1.5768846,5.7747583,A549,(+)-JQ1,1000.0,nM,24.0,(+)-JQ1_1000nM,improved_hill
improved_hill_(+)-JQ1_1000_478-2-0,4.4444547,6.6225114,A549,(+)-JQ1,1000.0,nM,24.0,(+)-JQ1_1000nM,improved_hill
improved_hill_(+)-JQ1_1000_160-2-0,10.316596,8.428728,A549,(+)-JQ1,1000.0,nM,24.0,(+)-JQ1_1000nM,improved_hill
improved_hill_(+)-JQ1_1000_429-2-0,2.4391103,3.7605855,A549,(+)-JQ1,1000.0,nM,24.0,(+)-JQ1_1000nM,improved_hill
improved_hill_(+)-JQ1_1000_93-2-0,6.862709,5.8990164,A549,(+)-JQ1,1000.0,nM,24.0,(+)-JQ1_1000nM,improved_hill
improved_hill_(+)-JQ1_1000_414-2-0,8.356157,3.8595498,A549,(+)-JQ1,1000.0,nM,24.0,(+)-JQ1_1000nM,improved_hill
improved_hill_(+)-JQ1_1000_119-2-0,1.3586959,5.961445,A549,(+)-JQ1,1000.0,nM,24.0,(+)-JQ1_1000nM,improved_hill
improved_hill_(+)-JQ1_1000_180-2-0,4.7640667,3.0782657,A549,(+)-JQ1,1000.0,nM,24.0,(+)-JQ1_1000nM,improved_hill
improved_hill_(+)-JQ1_1000_253-2-0,6.8921967,7.203195,A549,(+)-JQ1,1000.0,nM,24.0,(+)-JQ1_1000nM,improved_hill
improved_hill_(+)-JQ1_1000_262-2-0,5.767954,6.134382,A549,(+)-JQ1,1000.0,nM,24.0,(+)-JQ1_1000nM,improved_hill
improved_hill_(+)-JQ1_1000_338-2-0,9.976798,8.456857,A549,(+)-JQ1,1000.0,nM,24.0,(+)-JQ1_1000nM,improved_hill
improved_hill_(+)-JQ1_1000_140-2-0,2.0473132,7.6208797,A549,(+)-JQ1,1000.0,nM,24.0,(+)-JQ1_1000nM,improved_hill
improved_hill_(+)-JQ1_1000_173-2-0,6.524881,5.7027965,A549,(+)-JQ1,1000.0,nM,24.0,(+)-JQ1_1000nM,improved_hill
improved_hill_(+)-JQ1_1000_371-2-0,9.371243,2.6564903,A549,(+)-JQ1,1000.0,nM,24.0,(+)-JQ1_1000nM,improved_hill
improved_hill_(+)-JQ1_1000_170-2-0,2.5963445,6.6930575,A549,(+)-JQ1,1000.0,nM,24.0,(+)-JQ1_1000nM,improved_hill
improved_hill_(+)-JQ1_1000_143-2-0,7.6632175,9.797884,A549,(+)-JQ1,1000.0,nM,24.0,(+)-JQ1_1000nM,improved_hill
improved_hill_(+)-JQ1_1000_251-2-0,7.1789994,5.536511,A549,(+)-JQ1,1000.0,nM,24.0,(+)-JQ1_1000nM,improved_hill
improved_hill_(+)-JQ1_1000_442-2-0,5.263578,3.9239354,A549,(+)-JQ1,1000.0,nM,24.0,(+)-JQ1_1000nM,improved_hill
improved_hill_(+)-JQ1_1000_282-2-0,0.96000016,6.6627865,A549,(+)-JQ1,1000.0,nM,24.0,(+)-JQ1_1000nM,improved_hill
improved_hill_(+)-JQ1_1000_123-2-0,4.112359,6.5741568,A549,(+)-JQ1,1000.0,nM,24.0,(+)-JQ1_1000nM,improved_hill
improved_hill_(+)-JQ1_1000_246-2-0,4.0161843,3.5572076,A549,(+)-JQ1,1000.0,nM,24.0,(+)-JQ1_1000nM,improved_hill
improved_hill_(+)-JQ1_1000_267-2-0,7.202798,9.740404,A549,(+)-JQ1,1000.0,nM,24.0,(+)-JQ1_1000nM,improved_hill
improved_hill_(+)-JQ1_1000_79-2-0,4.6331887,5.4139023,A549,(+)-JQ1,1000.0,nM,24.0,(+)-JQ1_1000nM,improved_hill
improved_hill_(+)-JQ1_1000_30-2-0,1.169955,5.8078585,A549,(+)-JQ1,1000.0,nM,24.0,(+)-JQ1_1000nM,improved_hill
improved_hill_(+)-JQ1_1000_330-2-0,4.896568,6.6483665,A549,(+)-JQ1,1000.0,nM,24.0,(+)-JQ1_1000nM,improved_hill
improved_hill_(+)-JQ1_1000_236-2-0,12.369877,8.201878,A549,(+)-JQ1,1000.0,nM,24.0,(+)-JQ1_1000nM,improved_hill
improved_hill_(+)-JQ1_1000_168-2-0,1.8720211,5.5821867,A549,(+)-JQ1,1000.0,nM,24.0,(+)-JQ1_1000nM,improved_hill
improved_hill_(+)-JQ1_1000_439-2-0,9.904006,5.539315,A549,(+)-JQ1,1000.0,nM,24.0,(+)-JQ1_1000nM,improved_hill
improved_hill_(+)-JQ1_1000_250-2-0,8.776824,6.455559,A549,(+)-JQ1,1000.0,nM,24.0,(+)-JQ1_1000nM,improved_hill
improved_hill_(+)-JQ1_1000_159-2-0,8.756089,6.6497765,A549,(+)-JQ1,1000.0,nM,24.0,(+)-JQ1_1000nM,improved_hill
improved_hill_(+)-JQ1_1000_324-2-0,10.990823,9.197087,A549,(+)-JQ1,1000.0,nM,24.0,(+)-JQ1_1000nM,improved_hill
improved_hill_(+)-JQ1_1000_364-2-0,11.789307,5.1374235,A549,(+)-JQ1,1000.0,nM,24.0,(+)-JQ1_1000nM,improved_hill
improved_hill_(+)-JQ1_1000_66-2-0,5.992193,5.4598603,A549,(+)-JQ1,1000.0,nM,24.0,(+)-JQ1_1000nM,improved_hill
improved_hill_(+)-JQ1_1000_235-2-0,4.278274,7.9092903,A549,(+)-JQ1,1000.0,nM,24.0,(+)-JQ1_1000nM,improved_hill
improved_hill_(+)-JQ1_1000_185-2-0,1.0566083,6.244592,A549,(+)-JQ1,1000.0,nM,24.0,(+)-JQ1_1000nM,improved_hill
improved_hill_(+)-JQ1_1000_221-2-0,5.998639,9.034057,A549,(+)-JQ1,1000.0,nM,24.0,(+)-JQ1_1000nM,improved_hill
improved_hill_(+)-JQ1_1000_206-2-0,3.7416408,5.917631,A549,(+)-JQ1,1000.0,nM,24.0,(+)-JQ1_1000nM,improved_hill
improved_hill_(+)-JQ1_1000_232-2-0,5.5824,3.3876324,A549,(+)-JQ1,1000.0,nM,24.0,(+)-JQ1_1000nM,improved_hill
improved_hill_(+)-JQ1_1000_370-2-0,4.17278,7.6901298,A549,(+)-JQ1,1000.0,nM,24.0,(+)-JQ1_1000nM,improved_hill
improved_hill_(+)-JQ1_1000_421-2-0,11.100449,8.954082,A549,(+)-JQ1,1000.0,nM,24.0,(+)-JQ1_1000nM,improved_hill
improved_hill_(+)-JQ1_1000_11-2-0,8.31191,5.371503,A549,(+)-JQ1,1000.0,nM,24.0,(+)-JQ1_1000nM,improved_hill
improved_hill_(+)-JQ1_1000_42-2-0,2.069762,7.500146,A549,(+)-JQ1,1000.0,nM,24.0,(+)-JQ1_1000nM,improved_hill
improved_hill_(+)-JQ1_1000_1-2-0,4.503719,7.2234626,A549,(+)-JQ1,1000.0,nM,24.0,(+)-JQ1_1000nM,improved_hill
improved_hill_(+)-JQ1_1000_305-2-0,4.809207,4.616416,A549,(+)-JQ1,1000.0,nM,24.0,(+)-JQ1_1000nM,improved_hill
improved_hill_(+)-JQ1_1000_403-2-0,2.790823,3.48185,A549,(+)-JQ1,1000.0,nM,24.0,(+)-JQ1_1000nM,improved_hill
improved_hill_(+)-JQ1_1000_97-2-0,5.635609,9.784706,A549,(+)-JQ1,1000.0,nM,24.0,(+)-JQ1_1000nM,improved_hill
improved_hill_(+)-JQ1_1000_259-2-0,1.0960798,6.5153575,A549,(+)-JQ1,1000.0,nM,24.0,(+)-JQ1_1000nM,improved_hill
improved_hill_(+)-JQ1_1000_171-2-0,2.5542228,3.9257927,A549,(+)-JQ1,1000.0,nM,24.0,(+)-JQ1_1000nM,improved_hill
improved_hill_(+)-JQ1_1000_356-2-0,10.923229,7.0492268,A549,(+)-JQ1,1000.0,nM,24.0,(+)-JQ1_1000nM,improved_hill
improved_hill_(+)-JQ1_1000_224-2-0,0.93865377,6.7843523,A549,(+)-JQ1,1000.0,nM,24.0,(+)-JQ1_1000nM,improved_hill
improved_hill_(+)-JQ1_1000_493-2-0,9.159202,7.943531,A549,(+)-JQ1,1000.0,nM,24.0,(+)-JQ1_1000nM,improved_hill
improved_hill_(+)-JQ1_1000_499-2-0,4.612348,9.295261,A549,(+)-JQ1,1000.0,nM,24.0,(+)-JQ1_1000nM,improved_hill
improved_hill_(+)-JQ1_1000_151-2-0,3.9854727,9.532717,A549,(+)-JQ1,1000.0,nM,24.0,(+)-JQ1_1000nM,improved_hill
improved_hill_(+)-JQ1_1000_300-2-0,5.8564916,2.8623757,A549,(+)-JQ1,1000.0,nM,24.0,(+)-JQ1_1000nM,improved_hill
improved_hill_(+)-JQ1_1000_218-2-0,2.4574177,5.5472736,A549,(+)-JQ1,1000.0,nM,24.0,(+)-JQ1_1000nM,improved_hill
improved_hill_(+)-JQ1_1000_416-2-0,11.637163,7.4389095,A549,(+)-JQ1,1000.0,nM,24.0,(+)-JQ1_1000nM,improved_hill
improved_hill_(+)-JQ1_1000_105-2-0,6.7513185,5.993895,A549,(+)-JQ1,1000.0,nM,24.0,(+)-JQ1_1000nM,improved_hill
improved_hill_(+)-JQ1_1000_405-2-0,5.512045,5.7023005,A549,(+)-JQ1,1000.0,nM,24.0,(+)-JQ1_1000nM,improved_hill
improved_hill_(+)-JQ1_1000_328-2-0,11.439528,7.261877,A549,(+)-JQ1,1000.0,nM,24.0,(+)-JQ1_1000nM,improved_hill
improved_hill_(+)-JQ1_1000_463-2-0,4.200054,3.1910384,A549,(+)-JQ1,1000.0,nM,24.0,(+)-JQ1_1000nM,improved_hill
improved_hill_(+)-JQ1_1000_69-2-0,2.0086365,6.174167,A549,(+)-JQ1,1000.0,nM,24.0,(+)-JQ1_1000nM,improved_hill
improved_hill_(+)-JQ1_1000_86-2-0,2.0986266,6.1012406,A549,(+)-JQ1,1000.0,nM,24.0,(+)-JQ1_1000nM,improved_hill
improved_hill_(+)-JQ1_1000_406-2-0,5.539408,2.7283232,A549,(+)-JQ1,1000.0,nM,24.0,(+)-JQ1_1000nM,improved_hill
improved_hill_(+)-JQ1_1000_308-2-0,7.6725645,3.871387,A549,(+)-JQ1,1000.0,nM,24.0,(+)-JQ1_1000nM,improved_hill
improved_hill_(+)-JQ1_1000_410-2-0,8.72436,4.1823425,A549,(+)-JQ1,1000.0,nM,24.0,(+)-JQ1_1000nM,improved_hill
improved_hill_(+)-JQ1_1000_459-2-0,4.719605,4.1137834,A549,(+)-JQ1,1000.0,nM,24.0,(+)-JQ1_1000nM,improved_hill
improved_hill_(+)-JQ1_1000_22-2-0,2.8895829,6.4007425,A549,(+)-JQ1,1000.0,nM,24.0,(+)-JQ1_1000nM,improved_hill
improved_hill_(+)-JQ1_1000_39-2-0,7.4657626,3.7667537,A549,(+)-JQ1,1000.0,nM,24.0,(+)-JQ1_1000nM,improved_hill
improved_hill_(+)-JQ1_1000_117-2-0,3.8734694,8.863927,A549,(+)-JQ1,1000.0,nM,24.0,(+)-JQ1_1000nM,improved_hill
improved_hill_(+)-JQ1_1000_14-2-0,-1.1760179,6.4405575,A549,(+)-JQ1,1000.0,nM,24.0,(+)-JQ1_1000nM,improved_hill
improved_hill_(+)-JQ1_1000_203-2-0,9.288531,4.892606,A549,(+)-JQ1,1000.0,nM,24.0,(+)-JQ1_1000nM,improved_hill
improved_hill_(+)-JQ1_1000_484-2-0,5.0573583,3.0598168,A549,(+)-JQ1,1000.0,nM,24.0,(+)-JQ1_1000nM,improved_hill
improved_hill_(+)-JQ1_1000_231-2-0,5.2751274,5.8179727,A549,(+)-JQ1,1000.0,nM,24.0,(+)-JQ1_1000nM,improved_hill
improved_hill_(+)-JQ1_10000_336-2-0,2.93718,3.8690643,A549,(+)-JQ1,10000.0,nM,24.0,(+)-JQ1_10000nM,improved_hill
improved_hill_(+)-JQ1_10000_26-2-0,6.2502213,6.9299855,A549,(+)-JQ1,10000.0,nM,24.0,(+)-JQ1_10000nM,improved_hill
improved_hill_(+)-JQ1_10000_97-2-0,5.3956056,9.664817,A549,(+)-JQ1,10000.0,nM,24.0,(+)-JQ1_10000nM,improved_hill
improved_hill_(+)-JQ1_10000_300-2-0,5.7123137,2.9868307,A549,(+)-JQ1,10000.0,nM,24.0,(+)-JQ1_10000nM,improved_hill
improved_hill_(+)-JQ1_10000_14-2-0,-1.2121984,6.5301247,A549,(+)-JQ1,10000.0,nM,24.0,(+)-JQ1_10000nM,improved_hill
improved_hill_(+)-JQ1_10000_56-2-0,5.616713,6.3676744,A549,(+)-JQ1,10000.0,nM,24.0,(+)-JQ1_10000nM,improved_hill
improved_hill_(+)-JQ1_10000_373-2-0,4.5305653,4.2521553,A549,(+)-JQ1,10000.0,nM,24.0,(+)-JQ1_10000nM,improved_hill
improved_hill_(+)-JQ1_10000_348-2-0,5.8058386,6.021926,A549,(+)-JQ1,10000.0,nM,24.0,(+)-JQ1_10000nM,improved_hill
improved_hill_(+)-JQ1_10000_105-2-0,6.546439,5.8935785,A549,(+)-JQ1,10000.0,nM,24.0,(+)-JQ1_10000nM,improved_hill
improved_hill_(+)-JQ1_10000_456-2-0,8.17348,4.9058385,A549,(+)-JQ1,10000.0,nM,24.0,(+)-JQ1_10000nM,improved_hill
improved_hill_(+)-JQ1_10000_92-2-0,9.044914,2.912848,A549,(+)-JQ1,10000.0,nM,24.0,(+)-JQ1_10000nM,improved_hill
improved_hill_(+)-JQ1_10000_1-2-0,4.406999,7.04387,A549,(+)-JQ1,10000.0,nM,24.0,(+)-JQ1_10000nM,improved_hill
improved_hill_(+)-JQ1_10000_44-2-0,6.3207335,7.6381707,A549,(+)-JQ1,10000.0,nM,24.0,(+)-JQ1_10000nM,improved_hill
improved_hill_(+)-JQ1_10000_149-2-0,1.4184911,4.789514,A549,(+)-JQ1,10000.0,nM,24.0,(+)-JQ1_10000nM,improved_hill
improved_hill_(+)-JQ1_10000_63-2-0,5.1906905,3.8478773,A549,(+)-JQ1,10000.0,nM,24.0,(+)-JQ1_10000nM,improved_hill
improved_hill_(+)-JQ1_10000_103-2-0,4.386964,4.484573,A549,(+)-JQ1,10000.0,nM,24.0,(+)-JQ1_10000nM,improved_hill
improved_hill_(+)-JQ1_10000_142-2-0,6.7533374,2.8245914,A549,(+)-JQ1,10000.0,nM,24.0,(+)-JQ1_10000nM,improved_hill
improved_hill_(+)-JQ1_10000_488-2-0,10.786883,8.730802,A549,(+)-JQ1,10000.0,nM,24.0,(+)-JQ1_10000nM,improved_hill
improved_hill_(+)-JQ1_10000_337-2-0,1.7109097,4.8919687,A549,(+)-JQ1,10000.0,nM,24.0,(+)-JQ1_10000nM,improved_hill
improved_hill_(+)-JQ1_10000_174-2-0,1.7312963,6.6446595,A549,(+)-JQ1,10000.0,nM,24.0,(+)-JQ1_10000nM,improved_hill
improved_hill_(+)-JQ1_10000_370-2-0,3.8509815,7.7286615,A549,(+)-JQ1,10000.0,nM,24.0,(+)-JQ1_10000nM,improved_hill
improved_hill_(+)-JQ1_10000_120-2-0,7.278965,4.5453944,A549,(+)-JQ1,10000.0,nM,24.0,(+)-JQ1_10000nM,improved_hill
improved_hill_(+)-JQ1_10000_62-2-0,1.8453836,4.336355,A549,(+)-JQ1,10000.0,nM,24.0,(+)-JQ1_10000nM,improved_hill
improved_hill_(+)-JQ1_10000_146-2-0,3.2565665,6.8988914,A549,(+)-JQ1,10000.0,nM,24.0,(+)-JQ1_10000nM,improved_hill
improved_hill_(+)-JQ1_10000_443-2-0,8.005691,6.01452,A549,(+)-JQ1,10000.0,nM,24.0,(+)-JQ1_10000nM,improved_hill
improved_hill_(+)-JQ1_10000_212-2-0,3.2905142,8.25003,A549,(+)-JQ1,10000.0,nM,24.0,(+)-JQ1_10000nM,improved_hill
improved_hill_(+)-JQ1_10000_402-2-0,10.874578,6.8007236,A549,(+)-JQ1,10000.0,nM,24.0,(+)-JQ1_10000nM,improved_hill
improved_hill_(+)-JQ1_10000_274-2-0,2.3099554,8.114336,A549,(+)-JQ1,10000.0,nM,24.0,(+)-JQ1_10000nM,improved_hill
improved_hill_(+)-JQ1_10000_151-2-0,3.6934855,9.378324,A549,(+)-JQ1,10000.0,nM,24.0,(+)-JQ1_10000nM,improved_hill
improved_hill_(+)-JQ1_10000_200-2-0,2.374016,7.011389,A549,(+)-JQ1,10000.0,nM,24.0,(+)-JQ1_10000nM,improved_hill
improved_hill_(+)-JQ1_10000_453-2-0,11.676236,4.1733327,A549,(+)-JQ1,10000.0,nM,24.0,(+)-JQ1_10000nM,improved_hill
improved_hill_(+)-JQ1_10000_468-2-0,9.150608,4.4439893,A549,(+)-JQ1,10000.0,nM,24.0,(+)-JQ1_10000nM,improved_hill
improved_hill_(+)-JQ1_10000_437-2-0,0.50724405,7.114536,A549,(+)-JQ1,10000.0,nM,24.0,(+)-JQ1_10000nM,improved_hill
improved_hill_(+)-JQ1_10000_424-2-0,7.7009616,3.6899345,A549,(+)-JQ1,10000.0,nM,24.0,(+)-JQ1_10000nM,improved_hill
improved_hill_(+)-JQ1_10000_49-2-0,2.142369,8.183489,A549,(+)-JQ1,10000.0,nM,24.0,(+)-JQ1_10000nM,improved_hill
improved_hill_(+)-JQ1_10000_116-2-0,2.208338,8.155371,A549,(+)-JQ1,10000.0,nM,24.0,(+)-JQ1_10000nM,improved_hill
improved_hill_(+)-JQ1_10000_190-2-0,3.7816508,7.6779437,A549,(+)-JQ1,10000.0,nM,24.0,(+)-JQ1_10000nM,improved_hill
improved_hill_(+)-JQ1_10000_270-2-0,5.436689,3.1219707,A549,(+)-JQ1,10000.0,nM,24.0,(+)-JQ1_10000nM,improved_hill
improved_hill_(+)-JQ1_10000_484-2-0,4.9206114,3.0838268,A549,(+)-JQ1,10000.0,nM,24.0,(+)-JQ1_10000nM,improved_hill
improved_hill_(+)-JQ1_10000_86-2-0,1.9702568,5.9037523,A549,(+)-JQ1,10000.0,nM,24.0,(+)-JQ1_10000nM,improved_hill
improved_hill_(+)-JQ1_10000_298-2-0,8.611592,5.939377,A549,(+)-JQ1,10000.0,nM,24.0,(+)-JQ1_10000nM,improved_hill
improved_hill_(+)-JQ1_10000_158-2-0,3.3680615,6.4824724,A549,(+)-JQ1,10000.0,nM,24.0,(+)-JQ1_10000nM,improved_hill
improved_hill_(+)-JQ1_10000_217-2-0,2.9811075,6.7204027,A549,(+)-JQ1,10000.0,nM,24.0,(+)-JQ1_10000nM,improved_hill
improved_hill_(+)-JQ1_10000_242-2-0,7.4084463,3.7066646,A549,(+)-JQ1,10000.0,nM,24.0,(+)-JQ1_10000nM,improved_hill
improved_hill_(+)-JQ1_10000_476-2-0,1.4590306,6.470782,A549,(+)-JQ1,10000.0,nM,24.0,(+)-JQ1_10000nM,improved_hill
improved_hill_(+)-JQ1_10000_247-2-0,10.870389,4.5381174,A549,(+)-JQ1,10000.0,nM,24.0,(+)-JQ1_10000nM,improved_hill
improved_hill_(+)-JQ1_10000_446-2-0,5.95106,5.8848124,A549,(+)-JQ1,10000.0,nM,24.0,(+)-JQ1_10000nM,improved_hill
improved_hill_(+)-JQ1_10000_3-2-0,7.146541,4.2999887,A549,(+)-JQ1,10000.0,nM,24.0,(+)-JQ1_10000nM,improved_hill
improved_hill_(+)-JQ1_10000_385-2-0,6.6142163,5.772548,A549,(+)-JQ1,10000.0,nM,24.0,(+)-JQ1_10000nM,improved_hill
improved_hill_(+)-JQ1_10000_413-2-0,8.76562,3.486888,A549,(+)-JQ1,10000.0,nM,24.0,(+)-JQ1_10000nM,improved_hill
improved_hill_(+)-JQ1_10000_283-2-0,7.9519935,3.9425974,A549,(+)-JQ1,10000.0,nM,24.0,(+)-JQ1_10000nM,improved_hill
improved_hill_(+)-JQ1_10000_418-2-0,3.1693676,6.7010546,A549,(+)-JQ1,10000.0,nM,24.0,(+)-JQ1_10000nM,improved_hill
improved_hill_(+)-JQ1_10000_287-2-0,9.2658205,8.741869,A549,(+)-JQ1,10000.0,nM,24.0,(+)-JQ1_10000nM,improved_hill
improved_hill_(+)-JQ1_10000_238-2-0,7.814749,2.4895105,A549,(+)-JQ1,10000.0,nM,24.0,(+)-JQ1_10000nM,improved_hill
improved_hill_(+)-JQ1_10000_82-2-0,4.1218467,4.2484336,A549,(+)-JQ1,10000.0,nM,24.0,(+)-JQ1_10000nM,improved_hill
improved_hill_(+)-JQ1_10000_472-2-0,2.6488938,6.5897574,A549,(+)-JQ1,10000.0,nM,24.0,(+)-JQ1_10000nM,improved_hill
improved_hill_(+)-JQ1_10000_498-2-0,3.6548867,7.1842284,A549,(+)-JQ1,10000.0,nM,24.0,(+)-JQ1_10000nM,improved_hill
improved_hill_(+)-JQ1_10000_113-2-0,9.387995,8.424219,A549,(+)-JQ1,10000.0,nM,24.0,(+)-JQ1_10000nM,improved_hill
improved_hill_(+)-JQ1_10000_451-2-0,1.444949,5.3735976,A549,(+)-JQ1,10000.0,nM,24.0,(+)-JQ1_10000nM,improved_hill
improved_hill_(+)-JQ1_10000_415-2-0,2.208368,6.295776,A549,(+)-JQ1,10000.0,nM,24.0,(+)-JQ1_10000nM,improved_hill
improved_hill_(+)-JQ1_10000_109-2-0,2.8077118,3.5728147,A549,(+)-JQ1,10000.0,nM,24.0,(+)-JQ1_10000nM,improved_hill
improved_hill_(+)-JQ1_10000_244-2-0,2.2168615,5.5993605,A549,(+)-JQ1,10000.0,nM,24.0,(+)-JQ1_10000nM,improved_hill
improved_hill_(+)-JQ1_10000_15-2-0,5.332754,9.166169,A549,(+)-JQ1,10000.0,nM,24.0,(+)-JQ1_10000nM,improved_hill
improved_hill_(+)-JQ1_10000_390-2-0,1.7998923,5.077489,A549,(+)-JQ1,10000.0,nM,24.0,(+)-JQ1_10000nM,improved_hill
improved_hill_(+)-JQ1_10000_282-2-0,0.8441155,6.6964383,A549,(+)-JQ1,10000.0,nM,24.0,(+)-JQ1_10000nM,improved_hill
improved_hill_(+)-JQ1_10000_386-2-0,8.0061245,4.194904,A549,(+)-JQ1,10000.0,nM,24.0,(+)-JQ1_10000nM,improved_hill
improved_hill_(+)-JQ1_10000_308-2-0,7.559996,3.817384,A549,(+)-JQ1,10000.0,nM,24.0,(+)-JQ1_10000nM,improved_hill
improved_hill_(+)-JQ1_10000_278-2-0,1.9910784,7.793407,A549,(+)-JQ1,10000.0,nM,24.0,(+)-JQ1_10000nM,improved_hill
improved_hill_(+)-JQ1_10000_24-2-0,5.613176,6.145486,A549,(+)-JQ1,10000.0,nM,24.0,(+)-JQ1_10000nM,improved_hill
improved_hill_(+)-JQ1_10000_410-2-0,8.527113,4.168779,A549,(+)-JQ1,10000.0,nM,24.0,(+)-JQ1_10000nM,improved_hill
improved_hill_(+)-JQ1_10000_236-2-0,12.344639,8.281102,A549,(+)-JQ1,10000.0,nM,24.0,(+)-JQ1_10000nM,improved_hill
improved_hill_(+)-JQ1_10000_362-2-0,1.9496272,6.2510138,A549,(+)-JQ1,10000.0,nM,24.0,(+)-JQ1_10000nM,improved_hill
improved_hill_(+)-JQ1_10000_441-2-0,5.857608,6.5112762,A549,(+)-JQ1,10000.0,nM,24.0,(+)-JQ1_10000nM,improved_hill
improved_hill_(+)-JQ1_10000_95-2-0,1.6348906,4.5521913,A549,(+)-JQ1,10000.0,nM,24.0,(+)-JQ1_10000nM,improved_hill
improved_hill_(+)-JQ1_10000_137-2-0,2.6670434,7.558525,A549,(+)-JQ1,10000.0,nM,24.0,(+)-JQ1_10000nM,improved_hill
improved_hill_(+)-JQ1_10000_430-2-0,9.241113,4.7055755,A549,(+)-JQ1,10000.0,nM,24.0,(+)-JQ1_10000nM,improved_hill
improved_hill_(+)-JQ1_10000_111-2-0,8.257905,5.4602532,A549,(+)-JQ1,10000.0,nM,24.0,(+)-JQ1_10000nM,improved_hill
improved_hill_(+)-JQ1_10000_305-2-0,4.41001,5.2277913,A549,(+)-JQ1,10000.0,nM,24.0,(+)-JQ1_10000nM,improved_hill
improved_hill_(+)-JQ1_10000_272-2-0,8.440086,6.7207813,A549,(+)-JQ1,10000.0,nM,24.0,(+)-JQ1_10000nM,improved_hill
improved_hill_(+)-JQ1_10000_250-2-0,8.606982,6.5286427,A549,(+)-JQ1,10000.0,nM,24.0,(+)-JQ1_10000nM,improved_hill
improved_hill_Trametinib (GSK1120212)_10_450-2-0,7.1123095,5.0132413,A549,Trametinib (GSK1120212),10.0,nM,24.0,Trametinib (GSK1120212)_10nM,improved_hill
improved_hill_Trametinib (GSK1120212)_10_257-2-0,3.427968,8.866306,A549,Trametinib (GSK1120212),10.0,nM,24.0,Trametinib (GSK1120212)_10nM,improved_hill
improved_hill_Trametinib (GSK1120212)_10_488-2-0,11.758272,9.272048,A549,Trametinib (GSK1120212),10.0,nM,24.0,Trametinib (GSK1120212)_10nM,improved_hill
improved_hill_Trametinib (GSK1120212)_10_482-2-0,2.8831239,5.6630373,A549,Trametinib (GSK1120212),10.0,nM,24.0,Trametinib (GSK1120212)_10nM,improved_hill
improved_hill_Trametinib (GSK1120212)_10_36-2-0,9.197755,8.074319,A549,Trametinib (GSK1120212),10.0,nM,24.0,Trametinib (GSK1120212)_10nM,improved_hill
improved_hill_Trametinib (GSK1120212)_10_166-2-0,9.151022,6.037607,A549,Trametinib (GSK1120212),10.0,nM,24.0,Trametinib (GSK1120212)_10nM,improved_hill
improved_hill_Trametinib (GSK1120212)_10_198-2-0,2.9921396,9.155361,A549,Trametinib (GSK1120212),10.0,nM,24.0,Trametinib (GSK1120212)_10nM,improved_hill
improved_hill_Trametinib (GSK1120212)_10_283-2-0,9.6707325,3.84142,A549,Trametinib (GSK1120212),10.0,nM,24.0,Trametinib (GSK1120212)_10nM,improved_hill
improved_hill_Trametinib (GSK1120212)_10_338-2-0,9.784715,9.048675,A549,Trametinib (GSK1120212),10.0,nM,24.0,Trametinib (GSK1120212)_10nM,improved_hill
improved_hill_Trametinib (GSK1120212)_10_445-2-0,3.835711,3.8275237,A549,Trametinib (GSK1120212),10.0,nM,24.0,Trametinib (GSK1120212)_10nM,improved_hill
improved_hill_Trametinib (GSK1120212)_10_460-2-0,7.381289,2.9265397,A549,Trametinib (GSK1120212),10.0,nM,24.0,Trametinib (GSK1120212)_10nM,improved_hill
improved_hill_Trametinib (GSK1120212)_10_365-2-0,8.849145,6.607757,A549,Trametinib (GSK1120212),10.0,nM,24.0,Trametinib (GSK1120212)_10nM,improved_hill
improved_hill_Trametinib (GSK1120212)_10_16-2-0,0.8041227,6.3352036,A549,Trametinib (GSK1120212),10.0,nM,24.0,Trametinib (GSK1120212)_10nM,improved_hill
improved_hill_Trametinib (GSK1120212)_10_363-2-0,7.1478477,7.4912124,A549,Trametinib (GSK1120212),10.0,nM,24.0,Trametinib (GSK1120212)_10nM,improved_hill
improved_hill_Trametinib (GSK1120212)_10_1-2-0,5.4577746,8.004684,A549,Trametinib (GSK1120212),10.0,nM,24.0,Trametinib (GSK1120212)_10nM,improved_hill
improved_hill_Trametinib (GSK1120212)_10_344-2-0,7.8832846,3.2407544,A549,Trametinib (GSK1120212),10.0,nM,24.0,Trametinib (GSK1120212)_10nM,improved_hill
improved_hill_Trametinib (GSK1120212)_10_184-2-0,9.064644,1.9976157,A549,Trametinib (GSK1120212),10.0,nM,24.0,Trametinib (GSK1120212)_10nM,improved_hill
improved_hill_Trametinib (GSK1120212)_10_307-2-0,6.731758,6.997354,A549,Trametinib (GSK1120212),10.0,nM,24.0,Trametinib (GSK1120212)_10nM,improved_hill
improved_hill_Trametinib (GSK1120212)_10_339-2-0,9.22304,2.9088323,A549,Trametinib (GSK1120212),10.0,nM,24.0,Trametinib (GSK1120212)_10nM,improved_hill
improved_hill_Trametinib (GSK1120212)_10_234-2-0,2.826026,7.318435,A549,Trametinib (GSK1120212),10.0,nM,24.0,Trametinib (GSK1120212)_10nM,improved_hill
improved_hill_Trametinib (GSK1120212)_10_433-2-0,6.3452806,10.36984,A549,Trametinib (GSK1120212),10.0,nM,24.0,Trametinib (GSK1120212)_10nM,improved_hill
improved_hill_Trametinib (GSK1120212)_10_245-2-0,1.9882689,6.7719474,A549,Trametinib (GSK1120212),10.0,nM,24.0,Trametinib (GSK1120212)_10nM,improved_hill
improved_hill_Trametinib (GSK1120212)_10_441-2-0,6.9549675,6.894826,A549,Trametinib (GSK1120212),10.0,nM,24.0,Trametinib (GSK1120212)_10nM,improved_hill
improved_hill_Trametinib (GSK1120212)_10_329-2-0,4.0246906,3.9142118,A549,Trametinib (GSK1120212),10.0,nM,24.0,Trametinib (GSK1120212)_10nM,improved_hill
improved_hill_Trametinib (GSK1120212)_10_46-2-0,4.350203,6.1327033,A549,Trametinib (GSK1120212),10.0,nM,24.0,Trametinib (GSK1120212)_10nM,improved_hill
improved_hill_Trametinib (GSK1120212)_10_97-2-0,5.0410013,10.20432,A549,Trametinib (GSK1120212),10.0,nM,24.0,Trametinib (GSK1120212)_10nM,improved_hill
improved_hill_Trametinib (GSK1120212)_10_172-2-0,6.11703,7.84047,A549,Trametinib (GSK1120212),10.0,nM,24.0,Trametinib (GSK1120212)_10nM,improved_hill
improved_hill_Trametinib (GSK1120212)_10_15-2-0,6.0324507,10.304019,A549,Trametinib (GSK1120212),10.0,nM,24.0,Trametinib (GSK1120212)_10nM,improved_hill
improved_hill_Trametinib (GSK1120212)_10_361-2-0,4.508111,6.108749,A549,Trametinib (GSK1120212),10.0,nM,24.0,Trametinib (GSK1120212)_10nM,improved_hill
improved_hill_Trametinib (GSK1120212)_10_424-2-0,8.980944,3.3941658,A549,Trametinib (GSK1120212),10.0,nM,24.0,Trametinib (GSK1120212)_10nM,improved_hill
improved_hill_Trametinib (GSK1120212)_10_189-2-0,6.518829,9.907869,A549,Trametinib (GSK1120212),10.0,nM,24.0,Trametinib (GSK1120212)_10nM,improved_hill
improved_hill_Trametinib (GSK1120212)_10_233-2-0,1.7787126,8.276291,A549,Trametinib (GSK1120212),10.0,nM,24.0,Trametinib (GSK1120212)_10nM,improved_hill
improved_hill_Trametinib (GSK1120212)_10_416-2-0,12.043269,8.50861,A549,Trametinib (GSK1120212),10.0,nM,24.0,Trametinib (GSK1120212)_10nM,improved_hill
improved_hill_Trametinib (GSK1120212)_10_207-2-0,-0.32600915,7.192011,A549,Trametinib (GSK1120212),10.0,nM,24.0,Trametinib (GSK1120212)_10nM,improved_hill
improved_hill_Trametinib (GSK1120212)_10_78-2-0,8.314278,7.6360674,A549,Trametinib (GSK1120212),10.0,nM,24.0,Trametinib (GSK1120212)_10nM,improved_hill
improved_hill_Trametinib (GSK1120212)_10_32-2-0,9.844128,8.758902,A549,Trametinib (GSK1120212),10.0,nM,24.0,Trametinib (GSK1120212)_10nM,improved_hill
improved_hill_Trametinib (GSK1120212)_10_342-2-0,7.730947,9.98372,A549,Trametinib (GSK1120212),10.0,nM,24.0,Trametinib (GSK1120212)_10nM,improved_hill
improved_hill_Trametinib (GSK1120212)_10_8-2-0,2.0899272,8.8066225,A549,Trametinib (GSK1120212),10.0,nM,24.0,Trametinib (GSK1120212)_10nM,improved_hill
improved_hill_Trametinib (GSK1120212)_10_278-2-0,1.7367797,9.246121,A549,Trametinib (GSK1120212),10.0,nM,24.0,Trametinib (GSK1120212)_10nM,improved_hill
improved_hill_Trametinib (GSK1120212)_10_471-2-0,5.613286,4.657211,A549,Trametinib (GSK1120212),10.0,nM,24.0,Trametinib (GSK1120212)_10nM,improved_hill
improved_hill_Trametinib (GSK1120212)_10_168-2-0,1.5985184,7.219129,A549,Trametinib (GSK1120212),10.0,nM,24.0,Trametinib (GSK1120212)_10nM,improved_hill
improved_hill_Trametinib (GSK1120212)_10_120-2-0,9.02474,5.2601514,A549,Trametinib (GSK1120212),10.0,nM,24.0,Trametinib (GSK1120212)_10nM,improved_hill
improved_hill_Trametinib (GSK1120212)_10_334-2-0,4.48548,6.3415833,A549,Trametinib (GSK1120212),10.0,nM,24.0,Trametinib (GSK1120212)_10nM,improved_hill
improved_hill_Trametinib (GSK1120212)_10_150-2-0,4.484644,5.675333,A549,Trametinib (GSK1120212),10.0,nM,24.0,Trametinib (GSK1120212)_10nM,improved_hill
improved_hill_Trametinib (GSK1120212)_10_428-2-0,6.0560355,2.4913926,A549,Trametinib (GSK1120212),10.0,nM,24.0,Trametinib (GSK1120212)_10nM,improved_hill
improved_hill_Trametinib (GSK1120212)_10_371-2-0,10.909935,4.200139,A549,Trametinib (GSK1120212),10.0,nM,24.0,Trametinib (GSK1120212)_10nM,improved_hill
improved_hill_Trametinib (GSK1120212)_10_260-2-0,5.6592507,5.1484394,A549,Trametinib (GSK1120212),10.0,nM,24.0,Trametinib (GSK1120212)_10nM,improved_hill
improved_hill_Trametinib (GSK1120212)_10_259-2-0,1.3811979,8.112906,A549,Trametinib (GSK1120212),10.0,nM,24.0,Trametinib (GSK1120212)_10nM,improved_hill
improved_hill_Trametinib (GSK1120212)_10_128-2-0,7.286608,5.555493,A549,Trametinib (GSK1120212),10.0,nM,24.0,Trametinib (GSK1120212)_10nM,improved_hill
improved_hill_Trametinib (GSK1120212)_10_318-2-0,4.0387225,7.33459,A549,Trametinib (GSK1120212),10.0,nM,24.0,Trametinib (GSK1120212)_10nM,improved_hill
improved_hill_Trametinib (GSK1120212)_10_455-2-0,6.876524,2.4541767,A549,Trametinib (GSK1120212),10.0,nM,24.0,Trametinib (GSK1120212)_10nM,improved_hill
improved_hill_Trametinib (GSK1120212)_10_247-2-0,11.78463,4.7241697,A549,Trametinib (GSK1120212),10.0,nM,24.0,Trametinib (GSK1120212)_10nM,improved_hill
improved_hill_Trametinib (GSK1120212)_10_377-2-0,9.638221,3.7398546,A549,Trametinib (GSK1120212),10.0,nM,24.0,Trametinib (GSK1120212)_10nM,improved_hill
improved_hill_Trametinib (GSK1120212)_10_155-2-0,8.987061,7.1680427,A549,Trametinib (GSK1120212),10.0,nM,24.0,Trametinib (GSK1120212)_10nM,improved_hill
improved_hill_Trametinib (GSK1120212)_10_401-2-0,9.104453,8.20125,A549,Trametinib (GSK1120212),10.0,nM,24.0,Trametinib (GSK1120212)_10nM,improved_hill
improved_hill_Trametinib (GSK1120212)_10_44-2-0,6.8903394,8.334433,A549,Trametinib (GSK1120212),10.0,nM,24.0,Trametinib (GSK1120212)_10nM,improved_hill
improved_hill_Trametinib (GSK1120212)_10_231-2-0,5.8535786,5.841488,A549,Trametinib (GSK1120212),10.0,nM,24.0,Trametinib (GSK1120212)_10nM,improved_hill
improved_hill_Trametinib (GSK1120212)_10_145-2-0,9.84239,8.796359,A549,Trametinib (GSK1120212),10.0,nM,24.0,Trametinib (GSK1120212)_10nM,improved_hill
improved_hill_Trametinib (GSK1120212)_10_270-2-0,6.757144,3.4534194,A549,Trametinib (GSK1120212),10.0,nM,24.0,Trametinib (GSK1120212)_10nM,improved_hill
improved_hill_Trametinib (GSK1120212)_10_130-2-0,3.2859492,4.9191484,A549,Trametinib (GSK1120212),10.0,nM,24.0,Trametinib (GSK1120212)_10nM,improved_hill
improved_hill_Trametinib (GSK1120212)_10_246-2-0,5.620761,3.9969108,A549,Trametinib (GSK1120212),10.0,nM,24.0,Trametinib (GSK1120212)_10nM,improved_hill
improved_hill_Trametinib (GSK1120212)_10_191-2-0,9.098194,1.8831143,A549,Trametinib (GSK1120212),10.0,nM,24.0,Trametinib (GSK1120212)_10nM,improved_hill
improved_hill_Trametinib (GSK1120212)_10_472-2-0,3.8190281,8.068068,A549,Trametinib (GSK1120212),10.0,nM,24.0,Trametinib (GSK1120212)_10nM,improved_hill
improved_hill_Trametinib (GSK1120212)_10_42-2-0,1.6287194,9.029043,A549,Trametinib (GSK1120212),10.0,nM,24.0,Trametinib (GSK1120212)_10nM,improved_hill
improved_hill_Trametinib (GSK1120212)_10_291-2-0,4.7699733,8.735533,A549,Trametinib (GSK1120212),10.0,nM,24.0,Trametinib (GSK1120212)_10nM,improved_hill
improved_hill_Trametinib (GSK1120212)_10_410-2-0,10.142336,4.291712,A549,Trametinib (GSK1120212),10.0,nM,24.0,Trametinib (GSK1120212)_10nM,improved_hill
improved_hill_Trametinib (GSK1120212)_10_312-2-0,11.364112,7.801456,A549,Trametinib (GSK1120212),10.0,nM,24.0,Trametinib (GSK1120212)_10nM,improved_hill
improved_hill_Trametinib (GSK1120212)_10_244-2-0,3.5164423,6.954168,A549,Trametinib (GSK1120212),10.0,nM,24.0,Trametinib (GSK1120212)_10nM,improved_hill
improved_hill_Trametinib (GSK1120212)_10_129-2-0,0.62238586,8.206699,A549,Trametinib (GSK1120212),10.0,nM,24.0,Trametinib (GSK1120212)_10nM,improved_hill
improved_hill_Trametinib (GSK1120212)_10_116-2-0,2.7792983,9.853371,A549,Trametinib (GSK1120212),10.0,nM,24.0,Trametinib (GSK1120212)_10nM,improved_hill
improved_hill_Trametinib (GSK1120212)_10_479-2-0,4.1397495,8.532431,A549,Trametinib (GSK1120212),10.0,nM,24.0,Trametinib (GSK1120212)_10nM,improved_hill
improved_hill_Trametinib (GSK1120212)_10_206-2-0,4.8718166,6.2413163,A549,Trametinib (GSK1120212),10.0,nM,24.0,Trametinib (GSK1120212)_10nM,improved_hill
improved_hill_Trametinib (GSK1120212)_10_322-2-0,10.141159,7.597104,A549,Trametinib (GSK1120212),10.0,nM,24.0,Trametinib (GSK1120212)_10nM,improved_hill
improved_hill_Trametinib (GSK1120212)_10_119-2-0,2.8437617,6.0770493,A549,Trametinib (GSK1120212),10.0,nM,24.0,Trametinib (GSK1120212)_10nM,improved_hill
improved_hill_Trametinib (GSK1120212)_10_147-2-0,10.380938,3.124615,A549,Trametinib (GSK1120212),10.0,nM,24.0,Trametinib (GSK1120212)_10nM,improved_hill
improved_hill_Trametinib (GSK1120212)_10_491-2-0,11.372407,8.512467,A549,Trametinib (GSK1120212),10.0,nM,24.0,Trametinib (GSK1120212)_10nM,improved_hill
improved_hill_Trametinib (GSK1120212)_10_325-2-0,7.829449,7.1275764,A549,Trametinib (GSK1120212),10.0,nM,24.0,Trametinib (GSK1120212)_10nM,improved_hill
improved_hill_Trametinib (GSK1120212)_10_303-2-0,10.526945,6.6359053,A549,Trametinib (GSK1120212),10.0,nM,24.0,Trametinib (GSK1120212)_10nM,improved_hill
improved_hill_Trametinib (GSK1120212)_10_159-2-0,9.509194,6.7267365,A549,Trametinib (GSK1120212),10.0,nM,24.0,Trametinib (GSK1120212)_10nM,improved_hill
improved_hill_Trametinib (GSK1120212)_10_173-2-0,7.3191247,5.57634,A549,Trametinib (GSK1120212),10.0,nM,24.0,Trametinib (GSK1120212)_10nM,improved_hill
improved_hill_Trametinib (GSK1120212)_100_106-2-0,10.356037,2.981549,A549,Trametinib (GSK1120212),100.0,nM,24.0,Trametinib (GSK1120212)_100nM,improved_hill
improved_hill_Trametinib (GSK1120212)_100_468-2-0,9.753436,4.6648135,A549,Trametinib (GSK1120212),100.0,nM,24.0,Trametinib (GSK1120212)_100nM,improved_hill
improved_hill_Trametinib (GSK1120212)_100_132-2-0,4.681598,7.0986342,A549,Trametinib (GSK1120212),100.0,nM,24.0,Trametinib (GSK1120212)_100nM,improved_hill
improved_hill_Trametinib (GSK1120212)_100_455-2-0,6.8097825,2.561339,A549,Trametinib (GSK1120212),100.0,nM,24.0,Trametinib (GSK1120212)_100nM,improved_hill
improved_hill_Trametinib (GSK1120212)_100_1-2-0,5.271958,8.056247,A549,Trametinib (GSK1120212),100.0,nM,24.0,Trametinib (GSK1120212)_100nM,improved_hill
improved_hill_Trametinib (GSK1120212)_100_422-2-0,5.6840105,4.5611696,A549,Trametinib (GSK1120212),100.0,nM,24.0,Trametinib (GSK1120212)_100nM,improved_hill
improved_hill_Trametinib (GSK1120212)_100_203-2-0,9.869745,5.560449,A549,Trametinib (GSK1120212),100.0,nM,24.0,Trametinib (GSK1120212)_100nM,improved_hill
improved_hill_Trametinib (GSK1120212)_100_440-2-0,8.070207,5.8654337,A549,Trametinib (GSK1120212),100.0,nM,24.0,Trametinib (GSK1120212)_100nM,improved_hill
improved_hill_Trametinib (GSK1120212)_100_483-2-0,4.136099,7.254543,A549,Trametinib (GSK1120212),100.0,nM,24.0,Trametinib (GSK1120212)_100nM,improved_hill
improved_hill_Trametinib (GSK1120212)_100_420-2-0,9.922132,8.862118,A549,Trametinib (GSK1120212),100.0,nM,24.0,Trametinib (GSK1120212)_100nM,improved_hill
improved_hill_Trametinib (GSK1120212)_100_325-2-0,7.7014008,7.159166,A549,Trametinib (GSK1120212),100.0,nM,24.0,Trametinib (GSK1120212)_100nM,improved_hill
improved_hill_Trametinib (GSK1120212)_100_189-2-0,6.30381,9.933561,A549,Trametinib (GSK1120212),100.0,nM,24.0,Trametinib (GSK1120212)_100nM,improved_hill
improved_hill_Trametinib (GSK1120212)_100_187-2-0,3.756682,7.143279,A549,Trametinib (GSK1120212),100.0,nM,24.0,Trametinib (GSK1120212)_100nM,improved_hill
improved_hill_Trametinib (GSK1120212)_100_30-2-0,1.319421,6.961774,A549,Trametinib (GSK1120212),100.0,nM,24.0,Trametinib (GSK1120212)_100nM,improved_hill
improved_hill_Trametinib (GSK1120212)_100_477-2-0,7.1885533,7.0698633,A549,Trametinib (GSK1120212),100.0,nM,24.0,Trametinib (GSK1120212)_100nM,improved_hill
improved_hill_Trametinib (GSK1120212)_100_386-2-0,9.769887,3.8340473,A549,Trametinib (GSK1120212),100.0,nM,24.0,Trametinib (GSK1120212)_100nM,improved_hill
improved_hill_Trametinib (GSK1120212)_100_25-2-0,0.21241896,5.9219975,A549,Trametinib (GSK1120212),100.0,nM,24.0,Trametinib (GSK1120212)_100nM,improved_hill
improved_hill_Trametinib (GSK1120212)_100_377-2-0,9.615374,3.7849138,A549,Trametinib (GSK1120212),100.0,nM,24.0,Trametinib (GSK1120212)_100nM,improved_hill
improved_hill_Trametinib (GSK1120212)_100_298-2-0,9.984878,6.981049,A549,Trametinib (GSK1120212),100.0,nM,24.0,Trametinib (GSK1120212)_100nM,improved_hill
improved_hill_Trametinib (GSK1120212)_100_19-2-0,7.5557976,2.9522738,A549,Trametinib (GSK1120212),100.0,nM,24.0,Trametinib (GSK1120212)_100nM,improved_hill
improved_hill_Trametinib (GSK1120212)_100_143-2-0,8.118615,9.711472,A549,Trametinib (GSK1120212),100.0,nM,24.0,Trametinib (GSK1120212)_100nM,improved_hill
improved_hill_Trametinib (GSK1120212)_100_100-2-0,3.460009,7.4382215,A549,Trametinib (GSK1120212),100.0,nM,24.0,Trametinib (GSK1120212)_100nM,improved_hill
improved_hill_Trametinib (GSK1120212)_100_109-2-0,3.8652678,3.694762,A549,Trametinib (GSK1120212),100.0,nM,24.0,Trametinib (GSK1120212)_100nM,improved_hill
improved_hill_Trametinib (GSK1120212)_100_12-2-0,8.420711,7.1829,A549,Trametinib (GSK1120212),100.0,nM,24.0,Trametinib (GSK1120212)_100nM,improved_hill
improved_hill_Trametinib (GSK1120212)_100_402-2-0,11.582442,6.7141724,A549,Trametinib (GSK1120212),100.0,nM,24.0,Trametinib (GSK1120212)_100nM,improved_hill
improved_hill_Trametinib (GSK1120212)_100_185-2-0,0.8801289,7.7163525,A549,Trametinib (GSK1120212),100.0,nM,24.0,Trametinib (GSK1120212)_100nM,improved_hill
improved_hill_Trametinib (GSK1120212)_100_167-2-0,3.9535537,10.022981,A549,Trametinib (GSK1120212),100.0,nM,24.0,Trametinib (GSK1120212)_100nM,improved_hill
improved_hill_Trametinib (GSK1120212)_100_466-2-0,6.641999,6.0840235,A549,Trametinib (GSK1120212),100.0,nM,24.0,Trametinib (GSK1120212)_100nM,improved_hill
improved_hill_Trametinib (GSK1120212)_100_384-2-0,1.7974538,5.3017116,A549,Trametinib (GSK1120212),100.0,nM,24.0,Trametinib (GSK1120212)_100nM,improved_hill
improved_hill_Trametinib (GSK1120212)_100_162-2-0,9.247685,2.8942008,A549,Trametinib (GSK1120212),100.0,nM,24.0,Trametinib (GSK1120212)_100nM,improved_hill
improved_hill_Trametinib (GSK1120212)_100_495-2-0,4.3720565,4.8298707,A549,Trametinib (GSK1120212),100.0,nM,24.0,Trametinib (GSK1120212)_100nM,improved_hill
improved_hill_Trametinib (GSK1120212)_100_58-2-0,4.776471,8.284914,A549,Trametinib (GSK1120212),100.0,nM,24.0,Trametinib (GSK1120212)_100nM,improved_hill
improved_hill_Trametinib (GSK1120212)_100_117-2-0,2.941737,9.31089,A549,Trametinib (GSK1120212),100.0,nM,24.0,Trametinib (GSK1120212)_100nM,improved_hill
improved_hill_Trametinib (GSK1120212)_100_190-2-0,5.153983,9.199137,A549,Trametinib (GSK1120212),100.0,nM,24.0,Trametinib (GSK1120212)_100nM,improved_hill
improved_hill_Trametinib (GSK1120212)_100_3-2-0,8.782701,4.9249787,A549,Trametinib (GSK1120212),100.0,nM,24.0,Trametinib (GSK1120212)_100nM,improved_hill
improved_hill_Trametinib (GSK1120212)_100_410-2-0,10.070644,4.1879544,A549,Trametinib (GSK1120212),100.0,nM,24.0,Trametinib (GSK1120212)_100nM,improved_hill
improved_hill_Trametinib (GSK1120212)_100_442-2-0,6.3889093,5.1938663,A549,Trametinib (GSK1120212),100.0,nM,24.0,Trametinib (GSK1120212)_100nM,improved_hill
improved_hill_Trametinib (GSK1120212)_100_319-2-0,4.933691,8.767681,A549,Trametinib (GSK1120212),100.0,nM,24.0,Trametinib (GSK1120212)_100nM,improved_hill
improved_hill_Trametinib (GSK1120212)_100_316-2-0,7.291418,6.8189635,A549,Trametinib (GSK1120212),100.0,nM,24.0,Trametinib (GSK1120212)_100nM,improved_hill
improved_hill_Trametinib (GSK1120212)_100_84-2-0,5.4405985,10.188267,A549,Trametinib (GSK1120212),100.0,nM,24.0,Trametinib (GSK1120212)_100nM,improved_hill
improved_hill_Trametinib (GSK1120212)_100_125-2-0,1.6704105,7.2368946,A549,Trametinib (GSK1120212),100.0,nM,24.0,Trametinib (GSK1120212)_100nM,improved_hill
improved_hill_Trametinib (GSK1120212)_100_49-2-0,3.0051365,9.144515,A549,Trametinib (GSK1120212),100.0,nM,24.0,Trametinib (GSK1120212)_100nM,improved_hill
improved_hill_Trametinib (GSK1120212)_100_123-2-0,5.1074796,6.888083,A549,Trametinib (GSK1120212),100.0,nM,24.0,Trametinib (GSK1120212)_100nM,improved_hill
improved_hill_Trametinib (GSK1120212)_100_488-2-0,11.700055,9.309302,A549,Trametinib (GSK1120212),100.0,nM,24.0,Trametinib (GSK1120212)_100nM,improved_hill
improved_hill_Trametinib (GSK1120212)_100_101-2-0,2.4231634,8.666576,A549,Trametinib (GSK1120212),100.0,nM,24.0,Trametinib (GSK1120212)_100nM,improved_hill
improved_hill_Trametinib (GSK1120212)_100_154-2-0,4.8394194,7.4862256,A549,Trametinib (GSK1120212),100.0,nM,24.0,Trametinib (GSK1120212)_100nM,improved_hill
improved_hill_Trametinib (GSK1120212)_100_306-2-0,10.184655,9.385501,A549,Trametinib (GSK1120212),100.0,nM,24.0,Trametinib (GSK1120212)_100nM,improved_hill
improved_hill_Trametinib (GSK1120212)_100_111-2-0,9.199532,6.6693254,A549,Trametinib (GSK1120212),100.0,nM,24.0,Trametinib (GSK1120212)_100nM,improved_hill
improved_hill_Trametinib (GSK1120212)_100_198-2-0,2.7536678,9.1802435,A549,Trametinib (GSK1120212),100.0,nM,24.0,Trametinib (GSK1120212)_100nM,improved_hill
improved_hill_Trametinib (GSK1120212)_100_321-2-0,6.883115,2.5377188,A549,Trametinib (GSK1120212),100.0,nM,24.0,Trametinib (GSK1120212)_100nM,improved_hill
improved_hill_Trametinib (GSK1120212)_100_23-2-0,0.9582743,5.3317714,A549,Trametinib (GSK1120212),100.0,nM,24.0,Trametinib (GSK1120212)_100nM,improved_hill
improved_hill_Trametinib (GSK1120212)_100_476-2-0,1.7029755,8.3194895,A549,Trametinib (GSK1120212),100.0,nM,24.0,Trametinib (GSK1120212)_100nM,improved_hill
improved_hill_Trametinib (GSK1120212)_100_188-2-0,8.303718,6.888109,A549,Trametinib (GSK1120212),100.0,nM,24.0,Trametinib (GSK1120212)_100nM,improved_hill
improved_hill_Trametinib (GSK1120212)_100_140-2-0,1.7169893,9.166509,A549,Trametinib (GSK1120212),100.0,nM,24.0,Trametinib (GSK1120212)_100nM,improved_hill
improved_hill_Trametinib (GSK1120212)_100_147-2-0,10.310269,3.1103888,A549,Trametinib (GSK1120212),100.0,nM,24.0,Trametinib (GSK1120212)_100nM,improved_hill
improved_hill_Trametinib (GSK1120212)_100_91-2-0,7.148038,2.3589702,A549,Trametinib (GSK1120212),100.0,nM,24.0,Trametinib (GSK1120212)_100nM,improved_hill
improved_hill_Trametinib (GSK1120212)_100_210-2-0,6.6401753,5.3257284,A549,Trametinib (GSK1120212),100.0,nM,24.0,Trametinib (GSK1120212)_100nM,improved_hill
improved_hill_Trametinib (GSK1120212)_100_381-2-0,0.35042283,6.972885,A549,Trametinib (GSK1120212),100.0,nM,24.0,Trametinib (GSK1120212)_100nM,improved_hill
improved_hill_Trametinib (GSK1120212)_100_98-2-0,1.0324988,8.63656,A549,Trametinib (GSK1120212),100.0,nM,24.0,Trametinib (GSK1120212)_100nM,improved_hill
improved_hill_Trametinib (GSK1120212)_100_389-2-0,3.0498798,5.5493617,A549,Trametinib (GSK1120212),100.0,nM,24.0,Trametinib (GSK1120212)_100nM,improved_hill
improved_hill_Trametinib (GSK1120212)_100_406-2-0,6.4446387,2.8569376,A549,Trametinib (GSK1120212),100.0,nM,24.0,Trametinib (GSK1120212)_100nM,improved_hill
improved_hill_Trametinib (GSK1120212)_100_66-2-0,6.810729,5.3696523,A549,Trametinib (GSK1120212),100.0,nM,24.0,Trametinib (GSK1120212)_100nM,improved_hill
improved_hill_Trametinib (GSK1120212)_100_213-2-0,11.127325,8.685626,A549,Trametinib (GSK1120212),100.0,nM,24.0,Trametinib (GSK1120212)_100nM,improved_hill
improved_hill_Trametinib (GSK1120212)_100_363-2-0,7.0762877,7.4322863,A549,Trametinib (GSK1120212),100.0,nM,24.0,Trametinib (GSK1120212)_100nM,improved_hill
improved_hill_Trametinib (GSK1120212)_100_447-2-0,1.8358176,6.897355,A549,Trametinib (GSK1120212),100.0,nM,24.0,Trametinib (GSK1120212)_100nM,improved_hill
improved_hill_Trametinib (GSK1120212)_100_302-2-0,5.6369853,10.362665,A549,Trametinib (GSK1120212),100.0,nM,24.0,Trametinib (GSK1120212)_100nM,improved_hill
improved_hill_Trametinib (GSK1120212)_100_54-2-0,10.038723,7.0295057,A549,Trametinib (GSK1120212),100.0,nM,24.0,Trametinib (GSK1120212)_100nM,improved_hill
improved_hill_Trametinib (GSK1120212)_100_481-2-0,8.575848,7.0674663,A549,Trametinib (GSK1120212),100.0,nM,24.0,Trametinib (GSK1120212)_100nM,improved_hill
improved_hill_Trametinib (GSK1120212)_100_136-2-0,2.0744665,7.560126,A549,Trametinib (GSK1120212),100.0,nM,24.0,Trametinib (GSK1120212)_100nM,improved_hill
improved_hill_Trametinib (GSK1120212)_100_400-2-0,10.840016,9.010255,A549,Trametinib (GSK1120212),100.0,nM,24.0,Trametinib (GSK1120212)_100nM,improved_hill
improved_hill_Trametinib (GSK1120212)_100_41-2-0,11.18466,8.678729,A549,Trametinib (GSK1120212),100.0,nM,24.0,Trametinib (GSK1120212)_100nM,improved_hill
improved_hill_Trametinib (GSK1120212)_100_490-2-0,0.5888867,7.9801207,A549,Trametinib (GSK1120212),100.0,nM,24.0,Trametinib (GSK1120212)_100nM,improved_hill
improved_hill_Trametinib (GSK1120212)_100_436-2-0,4.043203,6.2069597,A549,Trametinib (GSK1120212),100.0,nM,24.0,Trametinib (GSK1120212)_100nM,improved_hill
improved_hill_Trametinib (GSK1120212)_100_107-2-0,8.188491,7.342478,A549,Trametinib (GSK1120212),100.0,nM,24.0,Trametinib (GSK1120212)_100nM,improved_hill
improved_hill_Trametinib (GSK1120212)_100_194-2-0,7.573068,6.7168565,A549,Trametinib (GSK1120212),100.0,nM,24.0,Trametinib (GSK1120212)_100nM,improved_hill
improved_hill_Trametinib (GSK1120212)_100_344-2-0,7.8780518,3.2628875,A549,Trametinib (GSK1120212),100.0,nM,24.0,Trametinib (GSK1120212)_100nM,improved_hill
improved_hill_Trametinib (GSK1120212)_100_312-2-0,11.218225,7.8126826,A549,Trametinib (GSK1120212),100.0,nM,24.0,Trametinib (GSK1120212)_100nM,improved_hill
improved_hill_Trametinib (GSK1120212)_100_339-2-0,9.262854,2.9985433,A549,Trametinib (GSK1120212),100.0,nM,24.0,Trametinib (GSK1120212)_100nM,improved_hill
improved_hill_Trametinib (GSK1120212)_100_458-2-0,0.13120495,7.34905,A549,Trametinib (GSK1120212),100.0,nM,24.0,Trametinib (GSK1120212)_100nM,improved_hill
improved_hill_Trametinib (GSK1120212)_100_223-2-0,1.643582,8.478036,A549,Trametinib (GSK1120212),100.0,nM,24.0,Trametinib (GSK1120212)_100nM,improved_hill
improved_hill_Trametinib (GSK1120212)_1000_443-2-0,8.240606,5.9614987,A549,Trametinib (GSK1120212),1000.0,nM,24.0,Trametinib (GSK1120212)_1000nM,improved_hill
improved_hill_Trametinib (GSK1120212)_1000_263-2-0,4.448461,9.1761265,A549,Trametinib (GSK1120212),1000.0,nM,24.0,Trametinib (GSK1120212)_1000nM,improved_hill
improved_hill_Trametinib (GSK1120212)_1000_299-2-0,6.120151,3.320314,A549,Trametinib (GSK1120212),1000.0,nM,24.0,Trametinib (GSK1120212)_1000nM,improved_hill
improved_hill_Trametinib (GSK1120212)_1000_496-2-0,1.948079,7.1375055,A549,Trametinib (GSK1120212),1000.0,nM,24.0,Trametinib (GSK1120212)_1000nM,improved_hill
improved_hill_Trametinib (GSK1120212)_1000_2-2-0,2.797028,9.793282,A549,Trametinib (GSK1120212),1000.0,nM,24.0,Trametinib (GSK1120212)_1000nM,improved_hill
improved_hill_Trametinib (GSK1120212)_1000_349-2-0,4.2657485,6.133779,A549,Trametinib (GSK1120212),1000.0,nM,24.0,Trametinib (GSK1120212)_1000nM,improved_hill
improved_hill_Trametinib (GSK1120212)_1000_89-2-0,1.7674817,8.664466,A549,Trametinib (GSK1120212),1000.0,nM,24.0,Trametinib (GSK1120212)_1000nM,improved_hill
improved_hill_Trametinib (GSK1120212)_1000_129-2-0,0.5080751,8.13954,A549,Trametinib (GSK1120212),1000.0,nM,24.0,Trametinib (GSK1120212)_1000nM,improved_hill
improved_hill_Trametinib (GSK1120212)_1000_214-2-0,9.818292,8.490188,A549,Trametinib (GSK1120212),1000.0,nM,24.0,Trametinib (GSK1120212)_1000nM,improved_hill
improved_hill_Trametinib (GSK1120212)_1000_445-2-0,3.7987387,3.8683634,A549,Trametinib (GSK1120212),1000.0,nM,24.0,Trametinib (GSK1120212)_1000nM,improved_hill
improved_hill_Trametinib (GSK1120212)_1000_391-2-0,3.4657063,5.2116966,A549,Trametinib (GSK1120212),1000.0,nM,24.0,Trametinib (GSK1120212)_1000nM,improved_hill
improved_hill_Trametinib (GSK1120212)_1000_209-2-0,3.7315354,5.1281843,A549,Trametinib (GSK1120212),1000.0,nM,24.0,Trametinib (GSK1120212)_1000nM,improved_hill
improved_hill_Trametinib (GSK1120212)_1000_106-2-0,10.341334,2.9973,A549,Trametinib (GSK1120212),1000.0,nM,24.0,Trametinib (GSK1120212)_1000nM,improved_hill
improved_hill_Trametinib (GSK1120212)_1000_30-2-0,1.3089708,7.176657,A549,Trametinib (GSK1120212),1000.0,nM,24.0,Trametinib (GSK1120212)_1000nM,improved_hill
improved_hill_Trametinib (GSK1120212)_1000_23-2-0,0.8421396,5.389762,A549,Trametinib (GSK1120212),1000.0,nM,24.0,Trametinib (GSK1120212)_1000nM,improved_hill
improved_hill_Trametinib (GSK1120212)_1000_136-2-0,2.0239189,7.5273438,A549,Trametinib (GSK1120212),1000.0,nM,24.0,Trametinib (GSK1120212)_1000nM,improved_hill
improved_hill_Trametinib (GSK1120212)_1000_167-2-0,3.8387437,10.069608,A549,Trametinib (GSK1120212),1000.0,nM,24.0,Trametinib (GSK1120212)_1000nM,improved_hill
improved_hill_Trametinib (GSK1120212)_1000_482-2-0,2.8101573,5.6412334,A549,Trametinib (GSK1120212),1000.0,nM,24.0,Trametinib (GSK1120212)_1000nM,improved_hill
improved_hill_Trametinib (GSK1120212)_1000_80-2-0,12.546102,5.0837197,A549,Trametinib (GSK1120212),1000.0,nM,24.0,Trametinib (GSK1120212)_1000nM,improved_hill
improved_hill_Trametinib (GSK1120212)_1000_370-2-0,5.1843534,8.550749,A549,Trametinib (GSK1120212),1000.0,nM,24.0,Trametinib (GSK1120212)_1000nM,improved_hill
improved_hill_Trametinib (GSK1120212)_1000_308-2-0,8.884423,3.6388102,A549,Trametinib (GSK1120212),1000.0,nM,24.0,Trametinib (GSK1120212)_1000nM,improved_hill
improved_hill_Trametinib (GSK1120212)_1000_287-2-0,9.551796,9.171067,A549,Trametinib (GSK1120212),1000.0,nM,24.0,Trametinib (GSK1120212)_1000nM,improved_hill
improved_hill_Trametinib (GSK1120212)_1000_405-2-0,6.1555386,5.637266,A549,Trametinib (GSK1120212),1000.0,nM,24.0,Trametinib (GSK1120212)_1000nM,improved_hill
improved_hill_Trametinib (GSK1120212)_1000_288-2-0,2.0224025,6.9373646,A549,Trametinib (GSK1120212),1000.0,nM,24.0,Trametinib (GSK1120212)_1000nM,improved_hill
improved_hill_Trametinib (GSK1120212)_1000_357-2-0,7.661474,5.7941403,A549,Trametinib (GSK1120212),1000.0,nM,24.0,Trametinib (GSK1120212)_1000nM,improved_hill
improved_hill_Trametinib (GSK1120212)_1000_414-2-0,9.285748,3.6739469,A549,Trametinib (GSK1120212),1000.0,nM,24.0,Trametinib (GSK1120212)_1000nM,improved_hill
improved_hill_Trametinib (GSK1120212)_1000_429-2-0,2.6548953,3.9048457,A549,Trametinib (GSK1120212),1000.0,nM,24.0,Trametinib (GSK1120212)_1000nM,improved_hill
improved_hill_Trametinib (GSK1120212)_1000_235-2-0,5.5867815,9.22807,A549,Trametinib (GSK1120212),1000.0,nM,24.0,Trametinib (GSK1120212)_1000nM,improved_hill
improved_hill_Trametinib (GSK1120212)_1000_146-2-0,3.62443,7.6200266,A549,Trametinib (GSK1120212),1000.0,nM,24.0,Trametinib (GSK1120212)_1000nM,improved_hill
improved_hill_Trametinib (GSK1120212)_1000_177-2-0,2.7776666,9.043323,A549,Trametinib (GSK1120212),1000.0,nM,24.0,Trametinib (GSK1120212)_1000nM,improved_hill
improved_hill_Trametinib (GSK1120212)_1000_143-2-0,8.029363,9.674866,A549,Trametinib (GSK1120212),1000.0,nM,24.0,Trametinib (GSK1120212)_1000nM,improved_hill
improved_hill_Trametinib (GSK1120212)_1000_420-2-0,9.876874,8.835633,A549,Trametinib (GSK1120212),1000.0,nM,24.0,Trametinib (GSK1120212)_1000nM,improved_hill
improved_hill_Trametinib (GSK1120212)_1000_319-2-0,4.9115133,8.867442,A549,Trametinib (GSK1120212),1000.0,nM,24.0,Trametinib (GSK1120212)_1000nM,improved_hill
improved_hill_Trametinib (GSK1120212)_1000_268-2-0,10.353921,5.787222,A549,Trametinib (GSK1120212),1000.0,nM,24.0,Trametinib (GSK1120212)_1000nM,improved_hill
improved_hill_Trametinib (GSK1120212)_1000_216-2-0,7.191461,6.6046476,A549,Trametinib (GSK1120212),1000.0,nM,24.0,Trametinib (GSK1120212)_1000nM,improved_hill
improved_hill_Trametinib (GSK1120212)_1000_22-2-0,3.890803,7.611671,A549,Trametinib (GSK1120212),1000.0,nM,24.0,Trametinib (GSK1120212)_1000nM,improved_hill
improved_hill_Trametinib (GSK1120212)_1000_486-2-0,5.4537835,6.32023,A549,Trametinib (GSK1120212),1000.0,nM,24.0,Trametinib (GSK1120212)_1000nM,improved_hill
improved_hill_Trametinib (GSK1120212)_1000_201-2-0,9.384534,6.9340315,A549,Trametinib (GSK1120212),1000.0,nM,24.0,Trametinib (GSK1120212)_1000nM,improved_hill
improved_hill_Trametinib (GSK1120212)_1000_180-2-0,6.328189,2.844019,A549,Trametinib (GSK1120212),1000.0,nM,24.0,Trametinib (GSK1120212)_1000nM,improved_hill
improved_hill_Trametinib (GSK1120212)_1000_435-2-0,4.643304,5.1762843,A549,Trametinib (GSK1120212),1000.0,nM,24.0,Trametinib (GSK1120212)_1000nM,improved_hill
improved_hill_Trametinib (GSK1120212)_1000_468-2-0,9.705924,4.7066226,A549,Trametinib (GSK1120212),1000.0,nM,24.0,Trametinib (GSK1120212)_1000nM,improved_hill
improved_hill_Trametinib (GSK1120212)_1000_137-2-0,3.4267888,9.16649,A549,Trametinib (GSK1120212),1000.0,nM,24.0,Trametinib (GSK1120212)_1000nM,improved_hill
improved_hill_Trametinib (GSK1120212)_1000_385-2-0,7.247729,5.536315,A549,Trametinib (GSK1120212),1000.0,nM,24.0,Trametinib (GSK1120212)_1000nM,improved_hill
improved_hill_Trametinib (GSK1120212)_1000_307-2-0,6.525465,7.007367,A549,Trametinib (GSK1120212),1000.0,nM,24.0,Trametinib (GSK1120212)_1000nM,improved_hill
improved_hill_Trametinib (GSK1120212)_1000_21-2-0,11.402841,3.7895386,A549,Trametinib (GSK1120212),1000.0,nM,24.0,Trametinib (GSK1120212)_1000nM,improved_hill
improved_hill_Trametinib (GSK1120212)_1000_328-2-0,11.434886,7.2907534,A549,Trametinib (GSK1120212),1000.0,nM,24.0,Trametinib (GSK1120212)_1000nM,improved_hill
improved_hill_Trametinib (GSK1120212)_1000_421-2-0,11.428745,8.945097,A549,Trametinib (GSK1120212),1000.0,nM,24.0,Trametinib (GSK1120212)_1000nM,improved_hill
improved_hill_Trametinib (GSK1120212)_1000_38-2-0,10.361644,8.6714525,A549,Trametinib (GSK1120212),1000.0,nM,24.0,Trametinib (GSK1120212)_1000nM,improved_hill
improved_hill_Trametinib (GSK1120212)_1000_321-2-0,6.9778714,2.5440955,A549,Trametinib (GSK1120212),1000.0,nM,24.0,Trametinib (GSK1120212)_1000nM,improved_hill
improved_hill_Trametinib (GSK1120212)_1000_264-2-0,2.738963,8.529527,A549,Trametinib (GSK1120212),1000.0,nM,24.0,Trametinib (GSK1120212)_1000nM,improved_hill
improved_hill_Trametinib (GSK1120212)_1000_437-2-0,0.84985334,8.070527,A549,Trametinib (GSK1120212),1000.0,nM,24.0,Trametinib (GSK1120212)_1000nM,improved_hill
improved_hill_Trametinib (GSK1120212)_1000_474-2-0,-0.3196453,7.4163456,A549,Trametinib (GSK1120212),1000.0,nM,24.0,Trametinib (GSK1120212)_1000nM,improved_hill
improved_hill_Trametinib (GSK1120212)_1000_233-2-0,1.6088403,8.164422,A549,Trametinib (GSK1120212),1000.0,nM,24.0,Trametinib (GSK1120212)_1000nM,improved_hill
improved_hill_Trametinib (GSK1120212)_1000_218-2-0,2.9888177,6.970742,A549,Trametinib (GSK1120212),1000.0,nM,24.0,Trametinib (GSK1120212)_1000nM,improved_hill
improved_hill_Trametinib (GSK1120212)_1000_240-2-0,4.9494276,6.7296853,A549,Trametinib (GSK1120212),1000.0,nM,24.0,Trametinib (GSK1120212)_1000nM,improved_hill
improved_hill_Trametinib (GSK1120212)_1000_292-2-0,8.65333,3.5059206,A549,Trametinib (GSK1120212),1000.0,nM,24.0,Trametinib (GSK1120212)_1000nM,improved_hill
improved_hill_Trametinib (GSK1120212)_1000_90-2-0,9.867596,6.5986557,A549,Trametinib (GSK1120212),1000.0,nM,24.0,Trametinib (GSK1120212)_1000nM,improved_hill
improved_hill_Trametinib (GSK1120212)_1000_148-2-0,-0.34887323,7.092664,A549,Trametinib (GSK1120212),1000.0,nM,24.0,Trametinib (GSK1120212)_1000nM,improved_hill
improved_hill_Trametinib (GSK1120212)_1000_176-2-0,7.15943,3.914085,A549,Trametinib (GSK1120212),1000.0,nM,24.0,Trametinib (GSK1120212)_1000nM,improved_hill
improved_hill_Trametinib (GSK1120212)_1000_96-2-0,4.6680527,10.217614,A549,Trametinib (GSK1120212),1000.0,nM,24.0,Trametinib (GSK1120212)_1000nM,improved_hill
improved_hill_Trametinib (GSK1120212)_1000_114-2-0,4.400109,9.801755,A549,Trametinib (GSK1120212),1000.0,nM,24.0,Trametinib (GSK1120212)_1000nM,improved_hill
improved_hill_Trametinib (GSK1120212)_1000_353-2-0,4.3485003,6.360754,A549,Trametinib (GSK1120212),1000.0,nM,24.0,Trametinib (GSK1120212)_1000nM,improved_hill
improved_hill_Trametinib (GSK1120212)_1000_108-2-0,5.2063575,10.348323,A549,Trametinib (GSK1120212),1000.0,nM,24.0,Trametinib (GSK1120212)_1000nM,improved_hill
improved_hill_Trametinib (GSK1120212)_1000_239-2-0,6.5133157,6.7733445,A549,Trametinib (GSK1120212),1000.0,nM,24.0,Trametinib (GSK1120212)_1000nM,improved_hill
improved_hill_Trametinib (GSK1120212)_1000_8-2-0,1.9020082,8.796683,A549,Trametinib (GSK1120212),1000.0,nM,24.0,Trametinib (GSK1120212)_1000nM,improved_hill
improved_hill_Trametinib (GSK1120212)_1000_274-2-0,2.1502948,9.445088,A549,Trametinib (GSK1120212),1000.0,nM,24.0,Trametinib (GSK1120212)_1000nM,improved_hill
improved_hill_Trametinib (GSK1120212)_1000_27-2-0,6.033824,10.417851,A549,Trametinib (GSK1120212),1000.0,nM,24.0,Trametinib (GSK1120212)_1000nM,improved_hill
improved_hill_Trametinib (GSK1120212)_1000_150-2-0,4.4448195,5.6211023,A549,Trametinib (GSK1120212),1000.0,nM,24.0,Trametinib (GSK1120212)_1000nM,improved_hill
improved_hill_Trametinib (GSK1120212)_1000_104-2-0,12.302414,7.7971463,A549,Trametinib (GSK1120212),1000.0,nM,24.0,Trametinib (GSK1120212)_1000nM,improved_hill
improved_hill_Trametinib (GSK1120212)_1000_187-2-0,3.680403,7.097061,A549,Trametinib (GSK1120212),1000.0,nM,24.0,Trametinib (GSK1120212)_1000nM,improved_hill
improved_hill_Trametinib (GSK1120212)_1000_59-2-0,3.946078,3.1974576,A549,Trametinib (GSK1120212),1000.0,nM,24.0,Trametinib (GSK1120212)_1000nM,improved_hill
improved_hill_Trametinib (GSK1120212)_1000_29-2-0,0.2648505,6.280976,A549,Trametinib (GSK1120212),1000.0,nM,24.0,Trametinib (GSK1120212)_1000nM,improved_hill
improved_hill_Trametinib (GSK1120212)_1000_309-2-0,5.4974833,5.044424,A549,Trametinib (GSK1120212),1000.0,nM,24.0,Trametinib (GSK1120212)_1000nM,improved_hill
improved_hill_Trametinib (GSK1120212)_1000_413-2-0,9.797767,3.3833616,A549,Trametinib (GSK1120212),1000.0,nM,24.0,Trametinib (GSK1120212)_1000nM,improved_hill
improved_hill_Trametinib (GSK1120212)_1000_348-2-0,5.9319286,5.860453,A549,Trametinib (GSK1120212),1000.0,nM,24.0,Trametinib (GSK1120212)_1000nM,improved_hill
improved_hill_Trametinib (GSK1120212)_1000_276-2-0,11.099894,7.653573,A549,Trametinib (GSK1120212),1000.0,nM,24.0,Trametinib (GSK1120212)_1000nM,improved_hill
improved_hill_Trametinib (GSK1120212)_1000_171-2-0,3.3697073,4.285842,A549,Trametinib (GSK1120212),1000.0,nM,24.0,Trametinib (GSK1120212)_1000nM,improved_hill
improved_hill_Trametinib (GSK1120212)_1000_278-2-0,1.4563761,9.085118,A549,Trametinib (GSK1120212),1000.0,nM,24.0,Trametinib (GSK1120212)_1000nM,improved_hill
improved_hill_Trametinib (GSK1120212)_1000_266-2-0,1.779447,7.28335,A549,Trametinib (GSK1120212),1000.0,nM,24.0,Trametinib (GSK1120212)_1000nM,improved_hill
improved_hill_Trametinib (GSK1120212)_1000_323-2-0,7.640958,2.9767575,A549,Trametinib (GSK1120212),1000.0,nM,24.0,Trametinib (GSK1120212)_1000nM,improved_hill
improved_hill_Trametinib (GSK1120212)_10000_4-2-0,3.57714,8.786223,A549,Trametinib (GSK1120212),10000.0,nM,24.0,Trametinib (GSK1120212)_10000nM,improved_hill
improved_hill_Trametinib (GSK1120212)_10000_50-2-0,7.0374513,7.3794026,A549,Trametinib (GSK1120212),10000.0,nM,24.0,Trametinib (GSK1120212)_10000nM,improved_hill
improved_hill_Trametinib (GSK1120212)_10000_442-2-0,6.256483,5.227019,A549,Trametinib (GSK1120212),10000.0,nM,24.0,Trametinib (GSK1120212)_10000nM,improved_hill
improved_hill_Trametinib (GSK1120212)_10000_482-2-0,2.8578134,5.7059193,A549,Trametinib (GSK1120212),10000.0,nM,24.0,Trametinib (GSK1120212)_10000nM,improved_hill
improved_hill_Trametinib (GSK1120212)_10000_302-2-0,5.380977,10.279637,A549,Trametinib (GSK1120212),10000.0,nM,24.0,Trametinib (GSK1120212)_10000nM,improved_hill
improved_hill_Trametinib (GSK1120212)_10000_357-2-0,7.6870723,5.7574735,A549,Trametinib (GSK1120212),10000.0,nM,24.0,Trametinib (GSK1120212)_10000nM,improved_hill
improved_hill_Trametinib (GSK1120212)_10000_37-2-0,8.031313,6.5436325,A549,Trametinib (GSK1120212),10000.0,nM,24.0,Trametinib (GSK1120212)_10000nM,improved_hill
improved_hill_Trametinib (GSK1120212)_10000_364-2-0,12.175763,5.40216,A549,Trametinib (GSK1120212),10000.0,nM,24.0,Trametinib (GSK1120212)_10000nM,improved_hill
improved_hill_Trametinib (GSK1120212)_10000_471-2-0,5.4517817,4.820534,A549,Trametinib (GSK1120212),10000.0,nM,24.0,Trametinib (GSK1120212)_10000nM,improved_hill
improved_hill_Trametinib (GSK1120212)_10000_280-2-0,10.598951,8.914639,A549,Trametinib (GSK1120212),10000.0,nM,24.0,Trametinib (GSK1120212)_10000nM,improved_hill
improved_hill_Trametinib (GSK1120212)_10000_452-2-0,6.5507803,2.9156277,A549,Trametinib (GSK1120212),10000.0,nM,24.0,Trametinib (GSK1120212)_10000nM,improved_hill
improved_hill_Trametinib (GSK1120212)_10000_293-2-0,12.10564,8.0231085,A549,Trametinib (GSK1120212),10000.0,nM,24.0,Trametinib (GSK1120212)_10000nM,improved_hill
improved_hill_Trametinib (GSK1120212)_10000_431-2-0,7.3051896,5.307849,A549,Trametinib (GSK1120212),10000.0,nM,24.0,Trametinib (GSK1120212)_10000nM,improved_hill
improved_hill_Trametinib (GSK1120212)_10000_444-2-0,4.0591173,5.8759065,A549,Trametinib (GSK1120212),10000.0,nM,24.0,Trametinib (GSK1120212)_10000nM,improved_hill
improved_hill_Trametinib (GSK1120212)_10000_437-2-0,0.7815161,8.01186,A549,Trametinib (GSK1120212),10000.0,nM,24.0,Trametinib (GSK1120212)_10000nM,improved_hill
improved_hill_Trametinib (GSK1120212)_10000_98-2-0,0.8928331,8.482878,A549,Trametinib (GSK1120212),10000.0,nM,24.0,Trametinib (GSK1120212)_10000nM,improved_hill
improved_hill_Trametinib (GSK1120212)_10000_148-2-0,-0.42155805,7.0955377,A549,Trametinib (GSK1120212),10000.0,nM,24.0,Trametinib (GSK1120212)_10000nM,improved_hill
improved_hill_Trametinib (GSK1120212)_10000_408-2-0,-1.4318197,6.51627,A549,Trametinib (GSK1120212),10000.0,nM,24.0,Trametinib (GSK1120212)_10000nM,improved_hill
improved_hill_Trametinib (GSK1120212)_10000_468-2-0,9.67251,4.6525416,A549,Trametinib (GSK1120212),10000.0,nM,24.0,Trametinib (GSK1120212)_10000nM,improved_hill
improved_hill_Trametinib (GSK1120212)_10000_74-2-0,5.3289104,4.984711,A549,Trametinib (GSK1120212),10000.0,nM,24.0,Trametinib (GSK1120212)_10000nM,improved_hill
improved_hill_Trametinib (GSK1120212)_10000_39-2-0,6.861903,4.5452075,A549,Trametinib (GSK1120212),10000.0,nM,24.0,Trametinib (GSK1120212)_10000nM,improved_hill
improved_hill_Trametinib (GSK1120212)_10000_432-2-0,6.496524,5.0230627,A549,Trametinib (GSK1120212),10000.0,nM,24.0,Trametinib (GSK1120212)_10000nM,improved_hill
improved_hill_Trametinib (GSK1120212)_10000_18-2-0,2.6848288,8.689779,A549,Trametinib (GSK1120212),10000.0,nM,24.0,Trametinib (GSK1120212)_10000nM,improved_hill
improved_hill_Trametinib (GSK1120212)_10000_248-2-0,3.9042501,3.811823,A549,Trametinib (GSK1120212),10000.0,nM,24.0,Trametinib (GSK1120212)_10000nM,improved_hill
improved_hill_Trametinib (GSK1120212)_10000_222-2-0,3.1262946,6.748783,A549,Trametinib (GSK1120212),10000.0,nM,24.0,Trametinib (GSK1120212)_10000nM,improved_hill
improved_hill_Trametinib (GSK1120212)_10000_356-2-0,10.730996,7.0589685,A549,Trametinib (GSK1120212),10000.0,nM,24.0,Trametinib (GSK1120212)_10000nM,improved_hill
improved_hill_Trametinib (GSK1120212)_10000_254-2-0,4.751983,7.4013033,A549,Trametinib (GSK1120212),10000.0,nM,24.0,Trametinib (GSK1120212)_10000nM,improved_hill
improved_hill_Trametinib (GSK1120212)_10000_474-2-0,-0.20882842,7.4316707,A549,Trametinib (GSK1120212),10000.0,nM,24.0,Trametinib (GSK1120212)_10000nM,improved_hill
improved_hill_Trametinib (GSK1120212)_10000_446-2-0,5.778703,5.9957204,A549,Trametinib (GSK1120212),10000.0,nM,24.0,Trametinib (GSK1120212)_10000nM,improved_hill
improved_hill_Trametinib (GSK1120212)_10000_458-2-0,0.047043696,7.408363,A549,Trametinib (GSK1120212),10000.0,nM,24.0,Trametinib (GSK1120212)_10000nM,improved_hill
improved_hill_Trametinib (GSK1120212)_10000_386-2-0,9.4705715,3.7882576,A549,Trametinib (GSK1120212),10000.0,nM,24.0,Trametinib (GSK1120212)_10000nM,improved_hill
improved_hill_Trametinib (GSK1120212)_10000_481-2-0,8.307349,7.2835484,A549,Trametinib (GSK1120212),10000.0,nM,24.0,Trametinib (GSK1120212)_10000nM,improved_hill
improved_hill_Trametinib (GSK1120212)_10000_348-2-0,5.8339243,5.864917,A549,Trametinib (GSK1120212),10000.0,nM,24.0,Trametinib (GSK1120212)_10000nM,improved_hill
improved_hill_Trametinib (GSK1120212)_10000_24-2-0,6.7072005,5.6590195,A549,Trametinib (GSK1120212),10000.0,nM,24.0,Trametinib (GSK1120212)_10000nM,improved_hill
improved_hill_Trametinib (GSK1120212)_10000_228-2-0,8.553683,7.4216423,A549,Trametinib (GSK1120212),10000.0,nM,24.0,Trametinib (GSK1120212)_10000nM,improved_hill
improved_hill_Trametinib (GSK1120212)_10000_141-2-0,3.0775785,4.161566,A549,Trametinib (GSK1120212),10000.0,nM,24.0,Trametinib (GSK1120212)_10000nM,improved_hill
improved_hill_Trametinib (GSK1120212)_10000_90-2-0,9.836344,6.640218,A549,Trametinib (GSK1120212),10000.0,nM,24.0,Trametinib (GSK1120212)_10000nM,improved_hill
improved_hill_Trametinib (GSK1120212)_10000_113-2-0,9.421486,8.688953,A549,Trametinib (GSK1120212),10000.0,nM,24.0,Trametinib (GSK1120212)_10000nM,improved_hill
improved_hill_Trametinib (GSK1120212)_10000_301-2-0,4.3871374,5.693367,A549,Trametinib (GSK1120212),10000.0,nM,24.0,Trametinib (GSK1120212)_10000nM,improved_hill
improved_hill_Trametinib (GSK1120212)_10000_330-2-0,5.508316,7.501799,A549,Trametinib (GSK1120212),10000.0,nM,24.0,Trametinib (GSK1120212)_10000nM,improved_hill
improved_hill_Trametinib (GSK1120212)_10000_476-2-0,1.283108,8.268275,A549,Trametinib (GSK1120212),10000.0,nM,24.0,Trametinib (GSK1120212)_10000nM,improved_hill
improved_hill_Trametinib (GSK1120212)_10000_317-2-0,10.583101,6.000231,A549,Trametinib (GSK1120212),10000.0,nM,24.0,Trametinib (GSK1120212)_10000nM,improved_hill
improved_hill_Trametinib (GSK1120212)_10000_194-2-0,7.3517613,6.6137013,A549,Trametinib (GSK1120212),10000.0,nM,24.0,Trametinib (GSK1120212)_10000nM,improved_hill
improved_hill_Trametinib (GSK1120212)_10000_171-2-0,3.2722716,4.2993407,A549,Trametinib (GSK1120212),10000.0,nM,24.0,Trametinib (GSK1120212)_10000nM,improved_hill
improved_hill_Trametinib (GSK1120212)_10000_62-2-0,2.631904,4.4017906,A549,Trametinib (GSK1120212),10000.0,nM,24.0,Trametinib (GSK1120212)_10000nM,improved_hill
improved_hill_Trametinib (GSK1120212)_10000_162-2-0,9.134821,2.953266,A549,Trametinib (GSK1120212),10000.0,nM,24.0,Trametinib (GSK1120212)_10000nM,improved_hill
improved_hill_Trametinib (GSK1120212)_10000_15-2-0,5.498107,10.313447,A549,Trametinib (GSK1120212),10000.0,nM,24.0,Trametinib (GSK1120212)_10000nM,improved_hill
improved_hill_Trametinib (GSK1120212)_10000_212-2-0,3.2745554,9.455546,A549,Trametinib (GSK1120212),10000.0,nM,24.0,Trametinib (GSK1120212)_10000nM,improved_hill
improved_hill_Trametinib (GSK1120212)_10000_123-2-0,4.9504695,6.9762063,A549,Trametinib (GSK1120212),10000.0,nM,24.0,Trametinib (GSK1120212)_10000nM,improved_hill
improved_hill_Trametinib (GSK1120212)_10000_297-2-0,1.0396081,7.127077,A549,Trametinib (GSK1120212),10000.0,nM,24.0,Trametinib (GSK1120212)_10000nM,improved_hill
improved_hill_Trametinib (GSK1120212)_10000_360-2-0,8.7947645,1.8884346,A549,Trametinib (GSK1120212),10000.0,nM,24.0,Trametinib (GSK1120212)_10000nM,improved_hill
improved_hill_Trametinib (GSK1120212)_10000_41-2-0,11.027359,8.721995,A549,Trametinib (GSK1120212),10000.0,nM,24.0,Trametinib (GSK1120212)_10000nM,improved_hill
improved_hill_Trametinib (GSK1120212)_10000_291-2-0,4.5090084,8.952892,A549,Trametinib (GSK1120212),10000.0,nM,24.0,Trametinib (GSK1120212)_10000nM,improved_hill
improved_hill_Trametinib (GSK1120212)_10000_224-2-0,0.6884895,8.013919,A549,Trametinib (GSK1120212),10000.0,nM,24.0,Trametinib (GSK1120212)_10000nM,improved_hill
improved_hill_Trametinib (GSK1120212)_10000_331-2-0,4.3713,5.46237,A549,Trametinib (GSK1120212),10000.0,nM,24.0,Trametinib (GSK1120212)_10000nM,improved_hill
improved_hill_Trametinib (GSK1120212)_10000_274-2-0,1.9241458,9.352238,A549,Trametinib (GSK1120212),10000.0,nM,24.0,Trametinib (GSK1120212)_10000nM,improved_hill
improved_hill_Trametinib (GSK1120212)_10000_176-2-0,6.9940886,3.9811819,A549,Trametinib (GSK1120212),10000.0,nM,24.0,Trametinib (GSK1120212)_10000nM,improved_hill
improved_hill_Trametinib (GSK1120212)_10000_14-2-0,-1.2848059,6.625608,A549,Trametinib (GSK1120212),10000.0,nM,24.0,Trametinib (GSK1120212)_10000nM,improved_hill
improved_hill_Trametinib (GSK1120212)_10000_411-2-0,7.6647534,7.1891813,A549,Trametinib (GSK1120212),10000.0,nM,24.0,Trametinib (GSK1120212)_10000nM,improved_hill
improved_hill_Trametinib (GSK1120212)_10000_163-2-0,4.077721,8.943046,A549,Trametinib (GSK1120212),10000.0,nM,24.0,Trametinib (GSK1120212)_10000nM,improved_hill
improved_hill_Trametinib (GSK1120212)_10000_11-2-0,8.698792,6.9734936,A549,Trametinib (GSK1120212),10000.0,nM,24.0,Trametinib (GSK1120212)_10000nM,improved_hill
improved_hill_Trametinib (GSK1120212)_10000_17-2-0,3.966823,8.607929,A549,Trametinib (GSK1120212),10000.0,nM,24.0,Trametinib (GSK1120212)_10000nM,improved_hill
improved_hill_Trametinib (GSK1120212)_10000_370-2-0,5.09018,8.539417,A549,Trametinib (GSK1120212),10000.0,nM,24.0,Trametinib (GSK1120212)_10000nM,improved_hill
improved_hill_Trametinib (GSK1120212)_10000_377-2-0,9.541679,3.8005953,A549,Trametinib (GSK1120212),10000.0,nM,24.0,Trametinib (GSK1120212)_10000nM,improved_hill
improved_hill_Trametinib (GSK1120212)_10000_426-2-0,6.2071342,4.027524,A549,Trametinib (GSK1120212),10000.0,nM,24.0,Trametinib (GSK1120212)_10000nM,improved_hill
improved_hill_Trametinib (GSK1120212)_10000_100-2-0,3.2571335,7.337583,A549,Trametinib (GSK1120212),10000.0,nM,24.0,Trametinib (GSK1120212)_10000nM,improved_hill
improved_hill_Trametinib (GSK1120212)_10000_241-2-0,3.584617,10.00886,A549,Trametinib (GSK1120212),10000.0,nM,24.0,Trametinib (GSK1120212)_10000nM,improved_hill
improved_hill_Trametinib (GSK1120212)_10000_128-2-0,7.046863,5.536635,A549,Trametinib (GSK1120212),10000.0,nM,24.0,Trametinib (GSK1120212)_10000nM,improved_hill
improved_hill_Trametinib (GSK1120212)_10000_285-2-0,11.397965,7.7381763,A549,Trametinib (GSK1120212),10000.0,nM,24.0,Trametinib (GSK1120212)_10000nM,improved_hill
improved_hill_Trametinib (GSK1120212)_10000_121-2-0,4.544286,9.778399,A549,Trametinib (GSK1120212),10000.0,nM,24.0,Trametinib (GSK1120212)_10000nM,improved_hill
improved_hill_Trametinib (GSK1120212)_10000_479-2-0,3.7550652,8.535849,A549,Trametinib (GSK1120212),10000.0,nM,24.0,Trametinib (GSK1120212)_10000nM,improved_hill
improved_hill_Trametinib (GSK1120212)_10000_145-2-0,9.693641,8.513268,A549,Trametinib (GSK1120212),10000.0,nM,24.0,Trametinib (GSK1120212)_10000nM,improved_hill
improved_hill_Trametinib (GSK1120212)_10000_488-2-0,11.440902,9.3249,A549,Trametinib (GSK1120212),10000.0,nM,24.0,Trametinib (GSK1120212)_10000nM,improved_hill
improved_hill_Trametinib (GSK1120212)_10000_307-2-0,6.233712,7.0303655,A549,Trametinib (GSK1120212),10000.0,nM,24.0,Trametinib (GSK1120212)_10000nM,improved_hill
improved_hill_Trametinib (GSK1120212)_10000_110-2-0,7.0914145,2.1992846,A549,Trametinib (GSK1120212),10000.0,nM,24.0,Trametinib (GSK1120212)_10000nM,improved_hill
improved_hill_Trametinib (GSK1120212)_10000_103-2-0,5.7780848,4.803186,A549,Trametinib (GSK1120212),10000.0,nM,24.0,Trametinib (GSK1120212)_10000nM,improved_hill
improved_hill_Trametinib (GSK1120212)_10000_136-2-0,1.8831841,7.614343,A549,Trametinib (GSK1120212),10000.0,nM,24.0,Trametinib (GSK1120212)_10000nM,improved_hill
improved_hill_Trametinib (GSK1120212)_10000_281-2-0,9.334378,8.478985,A549,Trametinib (GSK1120212),10000.0,nM,24.0,Trametinib (GSK1120212)_10000nM,improved_hill
improved_hill_Trametinib (GSK1120212)_10000_441-2-0,6.5900083,6.894565,A549,Trametinib (GSK1120212),10000.0,nM,24.0,Trametinib (GSK1120212)_10000nM,improved_hill
improved_hill_Trametinib (GSK1120212)_10000_390-2-0,1.9886222,6.531356,A549,Trametinib (GSK1120212),10000.0,nM,24.0,Trametinib (GSK1120212)_10000nM,improved_hill
original_loglinear_(+)-JQ1_10_484-2-0,7.669493,2.7112951,A549,(+)-JQ1,10.0,nM,24.0,(+)-JQ1_10nM,original_loglinear
original_loglinear_(+)-JQ1_10_483-2-0,5.426702,6.4594626,A549,(+)-JQ1,10.0,nM,24.0,(+)-JQ1_10nM,original_loglinear
original_loglinear_(+)-JQ1_10_45-2-0,6.7781906,7.321285,A549,(+)-JQ1,10.0,nM,24.0,(+)-JQ1_10nM,original_loglinear
original_loglinear_(+)-JQ1_10_253-2-0,8.634418,7.437235,A549,(+)-JQ1,10.0,nM,24.0,(+)-JQ1_10nM,original_loglinear
original_loglinear_(+)-JQ1_10_71-2-0,8.254693,8.0939,A549,(+)-JQ1,10.0,nM,24.0,(+)-JQ1_10nM,original_loglinear
original_loglinear_(+)-JQ1_10_362-2-0,3.649586,5.1750107,A549,(+)-JQ1,10.0,nM,24.0,(+)-JQ1_10nM,original_loglinear
original_loglinear_(+)-JQ1_10_14-2-0,-1.3259666,6.537487,A549,(+)-JQ1,10.0,nM,24.0,(+)-JQ1_10nM,original_loglinear
original_loglinear_(+)-JQ1_10_121-2-0,6.337071,10.283166,A549,(+)-JQ1,10.0,nM,24.0,(+)-JQ1_10nM,original_loglinear
original_loglinear_(+)-JQ1_10_197-2-0,12.016088,7.8917127,A549,(+)-JQ1,10.0,nM,24.0,(+)-JQ1_10nM,original_loglinear
original_loglinear_(+)-JQ1_10_8-2-0,4.7240934,8.991116,A549,(+)-JQ1,10.0,nM,24.0,(+)-JQ1_10nM,original_loglinear
original_loglinear_(+)-JQ1_10_360-2-0,8.9827,1.9174887,A549,(+)-JQ1,10.0,nM,24.0,(+)-JQ1_10nM,original_loglinear
original_loglinear_(+)-JQ1_10_266-2-0,3.7801378,6.699573,A549,(+)-JQ1,10.0,nM,24.0,(+)-JQ1_10nM,original_loglinear
original_loglinear_(+)-JQ1_10_396-2-0,0.6795287,6.9764705,A549,(+)-JQ1,10.0,nM,24.0,(+)-JQ1_10nM,original_loglinear
original_loglinear_(+)-JQ1_10_9-2-0,5.7582874,7.3951845,A549,(+)-JQ1,10.0,nM,24.0,(+)-JQ1_10nM,original_loglinear
original_loglinear_(+)-JQ1_10_129-2-0,2.0084321,8.965408,A549,(+)-JQ1,10.0,nM,24.0,(+)-JQ1_10nM,original_loglinear
original_loglinear_(+)-JQ1_10_315-2-0,9.903799,5.743466,A549,(+)-JQ1,10.0,nM,24.0,(+)-JQ1_10nM,original_loglinear
original_loglinear_(+)-JQ1_10_35-2-0,5.8154893,9.71625,A549,(+)-JQ1,10.0,nM,24.0,(+)-JQ1_10nM,original_loglinear
original_loglinear_(+)-JQ1_10_358-2-0,11.025087,4.7916484,A549,(+)-JQ1,10.0,nM,24.0,(+)-JQ1_10nM,original_loglinear
original_loglinear_(+)-JQ1_10_413-2-0,10.34733,3.1859622,A549,(+)-JQ1,10.0,nM,24.0,(+)-JQ1_10nM,original_loglinear
original_loglinear_(+)-JQ1_10_414-2-0,9.895493,3.8483963,A549,(+)-JQ1,10.0,nM,24.0,(+)-JQ1_10nM,original_loglinear
original_loglinear_(+)-JQ1_10_153-2-0,10.500509,7.083918,A549,(+)-JQ1,10.0,nM,24.0,(+)-JQ1_10nM,original_loglinear
original_loglinear_(+)-JQ1_10_229-2-0,8.459254,2.6002162,A549,(+)-JQ1,10.0,nM,24.0,(+)-JQ1_10nM,original_loglinear
original_loglinear_(+)-JQ1_10_127-2-0,12.022421,8.5487385,A549,(+)-JQ1,10.0,nM,24.0,(+)-JQ1_10nM,original_loglinear
original_loglinear_(+)-JQ1_10_93-2-0,8.525242,6.1148367,A549,(+)-JQ1,10.0,nM,24.0,(+)-JQ1_10nM,original_loglinear
original_loglinear_(+)-JQ1_10_110-2-0,7.6068673,1.9778318,A549,(+)-JQ1,10.0,nM,24.0,(+)-JQ1_10nM,original_loglinear
original_loglinear_(+)-JQ1_10_252-2-0,11.7837305,8.832216,A549,(+)-JQ1,10.0,nM,24.0,(+)-JQ1_10nM,original_loglinear
original_loglinear_(+)-JQ1_10_132-2-0,5.4041147,6.555745,A549,(+)-JQ1,10.0,nM,24.0,(+)-JQ1_10nM,original_loglinear
original_loglinear_(+)-JQ1_10_54-2-0,10.208749,6.372559,A549,(+)-JQ1,10.0,nM,24.0,(+)-JQ1_10nM,original_loglinear
original_loglinear_(+)-JQ1_10_31-2-0,9.811262,7.336678,A549,(+)-JQ1,10.0,nM,24.0,(+)-JQ1_10nM,original_loglinear
original_loglinear_(+)-JQ1_10_380-2-0,3.718756,7.079566,A549,(+)-JQ1,10.0,nM,24.0,(+)-JQ1_10nM,original_loglinear
original_loglinear_(+)-JQ1_10_326-2-0,8.626573,5.6367536,A549,(+)-JQ1,10.0,nM,24.0,(+)-JQ1_10nM,original_loglinear
original_loglinear_(+)-JQ1_10_391-2-0,3.8843539,4.8328114,A549,(+)-JQ1,10.0,nM,24.0,(+)-JQ1_10nM,original_loglinear
original_loglinear_(+)-JQ1_10_443-2-0,9.21103,6.332949,A549,(+)-JQ1,10.0,nM,24.0,(+)-JQ1_10nM,original_loglinear
original_loglinear_(+)-JQ1_10_145-2-0,10.546154,8.749356,A549,(+)-JQ1,10.0,nM,24.0,(+)-JQ1_10nM,original_loglinear
original_loglinear_(+)-JQ1_10_109-2-0,4.471022,3.179287,A549,(+)-JQ1,10.0,nM,24.0,(+)-JQ1_10nM,original_loglinear
original_loglinear_(+)-JQ1_10_105-2-0,8.420015,5.927955,A549,(+)-JQ1,10.0,nM,24.0,(+)-JQ1_10nM,original_loglinear
original_loglinear_(+)-JQ1_10_148-2-0,1.2114949,6.650822,A549,(+)-JQ1,10.0,nM,24.0,(+)-JQ1_10nM,original_loglinear
original_loglinear_(+)-JQ1_10_465-2-0,11.746411,7.88529,A549,(+)-JQ1,10.0,nM,24.0,(+)-JQ1_10nM,original_loglinear
original_loglinear_(+)-JQ1_10_438-2-0,11.036283,6.0117593,A549,(+)-JQ1,10.0,nM,24.0,(+)-JQ1_10nM,original_loglinear
original_loglinear_(+)-JQ1_10_156-2-0,8.419824,7.2210603,A549,(+)-JQ1,10.0,nM,24.0,(+)-JQ1_10nM,original_loglinear
original_loglinear_(+)-JQ1_10_308-2-0,9.5122595,3.2270665,A549,(+)-JQ1,10.0,nM,24.0,(+)-JQ1_10nM,original_loglinear
original_loglinear_(+)-JQ1_10_285-2-0,12.077521,7.547683,A549,(+)-JQ1,10.0,nM,24.0,(+)-JQ1_10nM,original_loglinear
original_loglinear_(+)-JQ1_10_453-2-0,12.54306,5.049457,A549,(+)-JQ1,10.0,nM,24.0,(+)-JQ1_10nM,original_loglinear
original_loglinear_(+)-JQ1_10_91-2-0,7.778103,2.1433194,A549,(+)-JQ1,10.0,nM,24.0,(+)-JQ1_10nM,original_loglinear
original_loglinear_(+)-JQ1_10_442-2-0,8.165237,4.544927,A549,(+)-JQ1,10.0,nM,24.0,(+)-JQ1_10nM,original_loglinear
original_loglinear_(+)-JQ1_10_342-2-0,8.679451,9.919007,A549,(+)-JQ1,10.0,nM,24.0,(+)-JQ1_10nM,original_loglinear
original_loglinear_(+)-JQ1_10_238-2-0,8.744321,2.1167612,A549,(+)-JQ1,10.0,nM,24.0,(+)-JQ1_10nM,original_loglinear
original_loglinear_(+)-JQ1_10_472-2-0,4.6247454,7.7540836,A549,(+)-JQ1,10.0,nM,24.0,(+)-JQ1_10nM,original_loglinear
original_loglinear_(+)-JQ1_10_174-2-0,4.3105474,8.812972,A549,(+)-JQ1,10.0,nM,24.0,(+)-JQ1_10nM,original_loglinear
original_loglinear_(+)-JQ1_10_430-2-0,10.496614,4.756891,A549,(+)-JQ1,10.0,nM,24.0,(+)-JQ1_10nM,original_loglinear
original_loglinear_(+)-JQ1_10_279-2-0,10.0882225,5.5033712,A549,(+)-JQ1,10.0,nM,24.0,(+)-JQ1_10nM,original_loglinear
original_loglinear_(+)-JQ1_10_332-2-0,9.639518,7.4940934,A549,(+)-JQ1,10.0,nM,24.0,(+)-JQ1_10nM,original_loglinear
original_loglinear_(+)-JQ1_10_225-2-0,6.9337063,2.9966128,A549,(+)-JQ1,10.0,nM,24.0,(+)-JQ1_10nM,original_loglinear
original_loglinear_(+)-JQ1_10_402-2-0,11.993356,5.7822223,A549,(+)-JQ1,10.0,nM,24.0,(+)-JQ1_10nM,original_loglinear
original_loglinear_(+)-JQ1_10_77-2-0,1.6384612,5.847401,A549,(+)-JQ1,10.0,nM,24.0,(+)-JQ1_10nM,original_loglinear
original_loglinear_(+)-JQ1_10_490-2-0,1.9727101,8.089071,A549,(+)-JQ1,10.0,nM,24.0,(+)-JQ1_10nM,original_loglinear
original_loglinear_(+)-JQ1_10_59-2-0,5.0031333,2.7063036,A549,(+)-JQ1,10.0,nM,24.0,(+)-JQ1_10nM,original_loglinear
original_loglinear_(+)-JQ1_10_278-2-0,3.8452613,9.552038,A549,(+)-JQ1,10.0,nM,24.0,(+)-JQ1_10nM,original_loglinear
original_loglinear_(+)-JQ1_10_345-2-0,8.211287,6.918187,A549,(+)-JQ1,10.0,nM,24.0,(+)-JQ1_10nM,original_loglinear
original_loglinear_(+)-JQ1_10_15-2-0,7.0509944,9.990719,A549,(+)-JQ1,10.0,nM,24.0,(+)-JQ1_10nM,original_loglinear
original_loglinear_(+)-JQ1_10_16-2-0,2.2332578,6.8233094,A549,(+)-JQ1,10.0,nM,24.0,(+)-JQ1_10nM,original_loglinear
original_loglinear_(+)-JQ1_10_128-2-0,7.676069,5.612745,A549,(+)-JQ1,10.0,nM,24.0,(+)-JQ1_10nM,original_loglinear
original_loglinear_(+)-JQ1_10_356-2-0,11.227305,7.2020125,A549,(+)-JQ1,10.0,nM,24.0,(+)-JQ1_10nM,original_loglinear
original_loglinear_(+)-JQ1_10_272-2-0,10.295589,7.4003654,A549,(+)-JQ1,10.0,nM,24.0,(+)-JQ1_10nM,original_loglinear
original_loglinear_(+)-JQ1_10_378-2-0,3.7368586,6.8032985,A549,(+)-JQ1,10.0,nM,24.0,(+)-JQ1_10nM,original_loglinear
original_loglinear_(+)-JQ1_10_39-2-0,9.78809,3.2833598,A549,(+)-JQ1,10.0,nM,24.0,(+)-JQ1_10nM,original_loglinear
original_loglinear_(+)-JQ1_10_228-2-0,9.749043,7.824267,A549,(+)-JQ1,10.0,nM,24.0,(+)-JQ1_10nM,original_loglinear
original_loglinear_(+)-JQ1_10_425-2-0,7.9155374,7.2990484,A549,(+)-JQ1,10.0,nM,24.0,(+)-JQ1_10nM,original_loglinear
original_loglinear_(+)-JQ1_10_116-2-0,4.882486,10.189512,A549,(+)-JQ1,10.0,nM,24.0,(+)-JQ1_10nM,original_loglinear
original_loglinear_(+)-JQ1_10_491-2-0,12.039772,8.14321,A549,(+)-JQ1,10.0,nM,24.0,(+)-JQ1_10nM,original_loglinear
original_loglinear_(+)-JQ1_10_179-2-0,10.024742,5.6406603,A549,(+)-JQ1,10.0,nM,24.0,(+)-JQ1_10nM,original_loglinear
original_loglinear_(+)-JQ1_10_55-2-0,3.185323,8.006645,A549,(+)-JQ1,10.0,nM,24.0,(+)-JQ1_10nM,original_loglinear
original_loglinear_(+)-JQ1_10_102-2-0,3.4232001,5.021566,A549,(+)-JQ1,10.0,nM,24.0,(+)-JQ1_10nM,original_loglinear
original_loglinear_(+)-JQ1_10_87-2-0,6.1842155,5.6531553,A549,(+)-JQ1,10.0,nM,24.0,(+)-JQ1_10nM,original_loglinear
original_loglinear_(+)-JQ1_10_68-2-0,10.339295,5.306887,A549,(+)-JQ1,10.0,nM,24.0,(+)-JQ1_10nM,original_loglinear
original_loglinear_(+)-JQ1_10_404-2-0,10.249946,8.324468,A549,(+)-JQ1,10.0,nM,24.0,(+)-JQ1_10nM,original_loglinear
original_loglinear_(+)-JQ1_10_421-2-0,12.140428,8.812335,A549,(+)-JQ1,10.0,nM,24.0,(+)-JQ1_10nM,original_loglinear
original_loglinear_(+)-JQ1_10_81-2-0,4.0461807,4.6105433,A549,(+)-JQ1,10.0,nM,24.0,(+)-JQ1_10nM,original_loglinear
original_loglinear_(+)-JQ1_10_78-2-0,9.381942,6.9142804,A549,(+)-JQ1,10.0,nM,24.0,(+)-JQ1_10nM,original_loglinear
original_loglinear_(+)-JQ1_10_296-2-0,8.793249,5.0663934,A549,(+)-JQ1,10.0,nM,24.0,(+)-JQ1_10nM,original_loglinear
original_loglinear_(+)-JQ1_100_354-2-0,9.657595,6.3689632,A549,(+)-JQ1,100.0,nM,24.0,(+)-JQ1_100nM,original_loglinear
original_loglinear_(+)-JQ1_100_316-2-0,7.605248,6.986069,A549,(+)-JQ1,100.0,nM,24.0,(+)-JQ1_100nM,original_loglinear
original_loglinear_(+)-JQ1_100_373-2-0,6.2337236,4.034066,A549,(+)-JQ1,100.0,nM,24.0,(+)-JQ1_100nM,original_loglinear
original_loglinear_(+)-JQ1_100_165-2-0,4.313798,3.5900667,A549,(+)-JQ1,100.0,nM,24.0,(+)-JQ1_100nM,original_loglinear
original_loglinear_(+)-JQ1_100_199-2-0,7.5397677,4.7174473,A549,(+)-JQ1,100.0,nM,24.0,(+)-JQ1_100nM,original_loglinear
original_loglinear_(+)-JQ1_100_186-2-0,8.712152,7.444641,A549,(+)-JQ1,100.0,nM,24.0,(+)-JQ1_100nM,original_loglinear
original_loglinear_(+)-JQ1_100_437-2-0,1.9253553,8.164952,A549,(+)-JQ1,100.0,nM,24.0,(+)-JQ1_100nM,original_loglinear
original_loglinear_(+)-JQ1_100_356-2-0,11.158777,7.1194487,A549,(+)-JQ1,100.0,nM,24.0,(+)-JQ1_100nM,original_loglinear
original_loglinear_(+)-JQ1_100_330-2-0,6.3163114,6.9101024,A549,(+)-JQ1,100.0,nM,24.0,(+)-JQ1_100nM,original_loglinear
original_loglinear_(+)-JQ1_100_348-2-0,6.426627,5.8301954,A549,(+)-JQ1,100.0,nM,24.0,(+)-JQ1_100nM,original_loglinear
original_loglinear_(+)-JQ1_100_15-2-0,6.579857,9.755706,A549,(+)-JQ1,100.0,nM,24.0,(+)-JQ1_100nM,original_loglinear
original_loglinear_(+)-JQ1_100_58-2-0,5.5110235,7.9831395,A549,(+)-JQ1,100.0,nM,24.0,(+)-JQ1_100nM,original_loglinear
original_loglinear_(+)-JQ1_100_198-2-0,3.8298967,9.009594,A549,(+)-JQ1,100.0,nM,24.0,(+)-JQ1_100nM,original_loglinear
original_loglinear_(+)-JQ1_100_412-2-0,12.038367,5.2685575,A549,(+)-JQ1,100.0,nM,24.0,(+)-JQ1_100nM,original_loglinear
original_loglinear_(+)-JQ1_100_377-2-0,9.546611,3.9160292,A549,(+)-JQ1,100.0,nM,24.0,(+)-JQ1_100nM,original_loglinear
original_loglinear_(+)-JQ1_100_163-2-0,4.9755836,8.377321,A549,(+)-JQ1,100.0,nM,24.0,(+)-JQ1_100nM,original_loglinear
original_loglinear_(+)-JQ1_100_385-2-0,7.8838315,5.4643326,A549,(+)-JQ1,100.0,nM,24.0,(+)-JQ1_100nM,original_loglinear
original_loglinear_(+)-JQ1_100_93-2-0,8.118221,6.0287533,A549,(+)-JQ1,100.0,nM,24.0,(+)-JQ1_100nM,original_loglinear
original_loglinear_(+)-JQ1_100_7-2-0,11.811401,8.831237,A549,(+)-JQ1,100.0,nM,24.0,(+)-JQ1_100nM,original_loglinear
original_loglinear_(+)-JQ1_100_3-2-0,8.452327,4.319176,A549,(+)-JQ1,100.0,nM,24.0,(+)-JQ1_100nM,original_loglinear
original_loglinear_(+)-JQ1_100_364-2-0,11.993243,5.216916,A549,(+)-JQ1,100.0,nM,24.0,(+)-JQ1_100nM,original_loglinear
original_loglinear_(+)-JQ1_100_449-2-0,10.337072,7.79238,A549,(+)-JQ1,100.0,nM,24.0,(+)-JQ1_100nM,original_loglinear
original_loglinear_(+)-JQ1_100_272-2-0,10.059939,7.466518,A549,(+)-JQ1,100.0,nM,24.0,(+)-JQ1_100nM,original_loglinear
original_loglinear_(+)-JQ1_100_56-2-0,7.501878,6.217479,A549,(+)-JQ1,100.0,nM,24.0,(+)-JQ1_100nM,original_loglinear
original_loglinear_(+)-JQ1_100_82-2-0,7.8397384,4.310679,A549,(+)-JQ1,100.0,nM,24.0,(+)-JQ1_100nM,original_loglinear
original_loglinear_(+)-JQ1_100_397-2-0,8.76957,8.556969,A549,(+)-JQ1,100.0,nM,24.0,(+)-JQ1_100nM,original_loglinear
original_loglinear_(+)-JQ1_100_96-2-0,6.033621,9.759559,A549,(+)-JQ1,100.0,nM,24.0,(+)-JQ1_100nM,original_loglinear
original_loglinear_(+)-JQ1_100_164-2-0,6.0589447,9.063466,A549,(+)-JQ1,100.0,nM,24.0,(+)-JQ1_100nM,original_loglinear
original_loglinear_(+)-JQ1_100_464-2-0,2.4469256,5.291569,A549,(+)-JQ1,100.0,nM,24.0,(+)-JQ1_100nM,original_loglinear
original_loglinear_(+)-JQ1_100_431-2-0,8.027513,5.505656,A549,(+)-JQ1,100.0,nM,24.0,(+)-JQ1_100nM,original_loglinear
original_loglinear_(+)-JQ1_100_433-2-0,6.41568,9.6444025,A549,(+)-JQ1,100.0,nM,24.0,(+)-JQ1_100nM,original_loglinear
original_loglinear_(+)-JQ1_100_327-2-0,9.898426,4.649614,A549,(+)-JQ1,100.0,nM,24.0,(+)-JQ1_100nM,original_loglinear
original_loglinear_(+)-JQ1_100_231-2-0,5.7654595,5.877166,A549,(+)-JQ1,100.0,nM,24.0,(+)-JQ1_100nM,original_loglinear
original_loglinear_(+)-JQ1_100_125-2-0,2.268946,5.885406,A549,(+)-JQ1,100.0,nM,24.0,(+)-JQ1_100nM,original_loglinear
original_loglinear_(+)-JQ1_100_138-2-0,2.5790703,8.412995,A549,(+)-JQ1,100.0,nM,24.0,(+)-JQ1_100nM,original_loglinear
original_loglinear_(+)-JQ1_100_477-2-0,7.4017663,7.0889044,A549,(+)-JQ1,100.0,nM,24.0,(+)-JQ1_100nM,original_loglinear
original_loglinear_(+)-JQ1_100_174-2-0,3.1978917,8.188528,A549,(+)-JQ1,100.0,nM,24.0,(+)-JQ1_100nM,original_loglinear
original_loglinear_(+)-JQ1_100_442-2-0,7.721946,4.437375,A549,(+)-JQ1,100.0,nM,24.0,(+)-JQ1_100nM,original_loglinear
original_loglinear_(+)-JQ1_100_191-2-0,9.138979,1.9726197,A549,(+)-JQ1,100.0,nM,24.0,(+)-JQ1_100nM,original_loglinear
original_loglinear_(+)-JQ1_100_491-2-0,11.719901,8.215963,A549,(+)-JQ1,100.0,nM,24.0,(+)-JQ1_100nM,original_loglinear
original_loglinear_(+)-JQ1_100_162-2-0,9.11043,2.7333026,A549,(+)-JQ1,100.0,nM,24.0,(+)-JQ1_100nM,original_loglinear
original_loglinear_(+)-JQ1_100_42-2-0,2.6628764,7.88153,A549,(+)-JQ1,100.0,nM,24.0,(+)-JQ1_100nM,original_loglinear
original_loglinear_(+)-JQ1_100_227-2-0,2.393321,7.624375,A549,(+)-JQ1,100.0,nM,24.0,(+)-JQ1_100nM,original_loglinear
original_loglinear_(+)-JQ1_100_196-2-0,1.2953589,5.8885827,A549,(+)-JQ1,100.0,nM,24.0,(+)-JQ1_100nM,original_loglinear
original_loglinear_(+)-JQ1_100_100-2-0,3.4569292,7.1112194,A549,(+)-JQ1,100.0,nM,24.0,(+)-JQ1_100nM,original_loglinear
original_loglinear_(+)-JQ1_100_99-2-0,6.3834114,9.7735815,A549,(+)-JQ1,100.0,nM,24.0,(+)-JQ1_100nM,original_loglinear
original_loglinear_(+)-JQ1_100_394-2-0,0.1700975,7.33832,A549,(+)-JQ1,100.0,nM,24.0,(+)-JQ1_100nM,original_loglinear
original_loglinear_(+)-JQ1_100_413-2-0,10.049488,3.2131207,A549,(+)-JQ1,100.0,nM,24.0,(+)-JQ1_100nM,original_loglinear
original_loglinear_(+)-JQ1_100_104-2-0,12.281751,7.562599,A549,(+)-JQ1,100.0,nM,24.0,(+)-JQ1_100nM,original_loglinear
original_loglinear_(+)-JQ1_100_180-2-0,7.4433017,2.859191,A549,(+)-JQ1,100.0,nM,24.0,(+)-JQ1_100nM,original_loglinear
original_loglinear_(+)-JQ1_100_88-2-0,5.9252243,3.7604847,A549,(+)-JQ1,100.0,nM,24.0,(+)-JQ1_100nM,original_loglinear
original_loglinear_(+)-JQ1_100_102-2-0,3.0752347,5.015963,A549,(+)-JQ1,100.0,nM,24.0,(+)-JQ1_100nM,original_loglinear
original_loglinear_(+)-JQ1_100_325-2-0,8.515555,7.3082423,A549,(+)-JQ1,100.0,nM,24.0,(+)-JQ1_100nM,original_loglinear
original_loglinear_(+)-JQ1_100_121-2-0,5.9565854,10.199638,A549,(+)-JQ1,100.0,nM,24.0,(+)-JQ1_100nM,original_loglinear
original_loglinear_(+)-JQ1_100_422-2-0,6.028457,3.879701,A549,(+)-JQ1,100.0,nM,24.0,(+)-JQ1_100nM,original_loglinear
original_loglinear_(+)-JQ1_100_27-2-0,7.556273,10.028851,A549,(+)-JQ1,100.0,nM,24.0,(+)-JQ1_100nM,original_loglinear
original_loglinear_(+)-JQ1_100_218-2-0,3.5530782,5.558043,A549,(+)-JQ1,100.0,nM,24.0,(+)-JQ1_100nM,original_loglinear
original_loglinear_(+)-JQ1_100_33-2-0,4.704697,6.84485,A549,(+)-JQ1,100.0,nM,24.0,(+)-JQ1_100nM,original_loglinear
original_loglinear_(+)-JQ1_100_326-2-0,7.8629837,5.504547,A549,(+)-JQ1,100.0,nM,24.0,(+)-JQ1_100nM,original_loglinear
original_loglinear_(+)-JQ1_100_264-2-0,3.2609637,8.220167,A549,(+)-JQ1,100.0,nM,24.0,(+)-JQ1_100nM,original_loglinear
original_loglinear_(+)-JQ1_100_480-2-0,8.986248,6.8144393,A549,(+)-JQ1,100.0,nM,24.0,(+)-JQ1_100nM,original_loglinear
original_loglinear_(+)-JQ1_100_311-2-0,6.040757,9.806363,A549,(+)-JQ1,100.0,nM,24.0,(+)-JQ1_100nM,original_loglinear
original_loglinear_(+)-JQ1_100_259-2-0,2.6963615,6.002472,A549,(+)-JQ1,100.0,nM,24.0,(+)-JQ1_100nM,original_loglinear
original_loglinear_(+)-JQ1_100_247-2-0,11.485756,4.7317743,A549,(+)-JQ1,100.0,nM,24.0,(+)-JQ1_100nM,original_loglinear
original_loglinear_(+)-JQ1_100_403-2-0,3.6485314,3.2272182,A549,(+)-JQ1,100.0,nM,24.0,(+)-JQ1_100nM,original_loglinear
original_loglinear_(+)-JQ1_100_234-2-0,3.9993885,7.0302415,A549,(+)-JQ1,100.0,nM,24.0,(+)-JQ1_100nM,original_loglinear
original_loglinear_(+)-JQ1_100_119-2-0,3.050619,4.9143414,A549,(+)-JQ1,100.0,nM,24.0,(+)-JQ1_100nM,original_loglinear
original_loglinear_(+)-JQ1_100_319-2-0,5.6684885,8.313248,A549,(+)-JQ1,100.0,nM,24.0,(+)-JQ1_100nM,original_loglinear
original_loglinear_(+)-JQ1_100_184-2-0,8.951144,2.2713206,A549,(+)-JQ1,100.0,nM,24.0,(+)-JQ1_100nM,original_loglinear
original_loglinear_(+)-JQ1_100_453-2-0,12.361732,5.055485,A549,(+)-JQ1,100.0,nM,24.0,(+)-JQ1_100nM,original_loglinear
original_loglinear_(+)-JQ1_100_402-2-0,11.64897,6.1225834,A549,(+)-JQ1,100.0,nM,24.0,(+)-JQ1_100nM,original_loglinear
original_loglinear_(+)-JQ1_100_6-2-0,1.7362571,4.7955213,A549,(+)-JQ1,100.0,nM,24.0,(+)-JQ1_100nM,original_loglinear
original_loglinear_(+)-JQ1_100_113-2-0,10.32804,9.056665,A549,(+)-JQ1,100.0,nM,24.0,(+)-JQ1_100nM,original_loglinear
original_loglinear_(+)-JQ1_100_418-2-0,4.4883513,7.876025,A549,(+)-JQ1,100.0,nM,24.0,(+)-JQ1_100nM,original_loglinear
original_loglinear_(+)-JQ1_100_28-2-0,8.729867,7.485868,A549,(+)-JQ1,100.0,nM,24.0,(+)-JQ1_100nM,original_loglinear
original_loglinear_(+)-JQ1_100_371-2-0,10.626487,3.9297256,A549,(+)-JQ1,100.0,nM,24.0,(+)-JQ1_100nM,original_loglinear
original_loglinear_(+)-JQ1_100_235-2-0,5.9528346,8.934509,A549,(+)-JQ1,100.0,nM,24.0,(+)-JQ1_100nM,original_loglinear
original_loglinear_(+)-JQ1_100_456-2-0,9.670722,4.613231,A549,(+)-JQ1,100.0,nM,24.0,(+)-JQ1_100nM,original_loglinear
original_loglinear_(+)-JQ1_100_72-2-0,1.460419,6.419154,A549,(+)-JQ1,100.0,nM,24.0,(+)-JQ1_100nM,original_loglinear
original_loglinear_(+)-JQ1_100_221-2-0,6.6169586,9.35001,A549,(+)-JQ1,100.0,nM,24.0,(+)-JQ1_100nM,original_loglinear
original_loglinear_(+)-JQ1_1000_473-2-0,9.870881,6.4557347,A549,(+)-JQ1,1000.0,nM,24.0,(+)-JQ1_1000nM,original_loglinear
original_loglinear_(+)-JQ1_1000_316-2-0,6.822273,6.756213,A549,(+)-JQ1,1000.0,nM,24.0,(+)-JQ1_1000nM,original_loglinear
original_loglinear_(+)-JQ1_1000_308-2-0,8.174065,3.6916597,A549,(+)-JQ1,1000.0,nM,24.0,(+)-JQ1_1000nM,original_loglinear
original_loglinear_(+)-JQ1_1000_36-2-0,8.686545,7.5178256,A549,(+)-JQ1,1000.0,nM,24.0,(+)-JQ1_1000nM,original_loglinear
original_loglinear_(+)-JQ1_1000_454-2-0,12.012553,4.665749,A549,(+)-JQ1,1000.0,nM,24.0,(+)-JQ1_1000nM,original_loglinear
original_loglinear_(+)-JQ1_1000_334-2-0,3.71696,6.000828,A549,(+)-JQ1,1000.0,nM,24.0,(+)-JQ1_1000nM,original_loglinear
original_loglinear_(+)-JQ1_1000_382-2-0,4.4472995,5.342939,A549,(+)-JQ1,1000.0,nM,24.0,(+)-JQ1_1000nM,original_loglinear
original_loglinear_(+)-JQ1_1000_342-2-0,7.590312,9.9363785,A549,(+)-JQ1,1000.0,nM,24.0,(+)-JQ1_1000nM,original_loglinear
original_loglinear_(+)-JQ1_1000_246-2-0,4.2394695,3.4268782,A549,(+)-JQ1,1000.0,nM,24.0,(+)-JQ1_1000nM,original_loglinear
original_loglinear_(+)-JQ1_1000_440-2-0,8.333501,5.5339756,A549,(+)-JQ1,1000.0,nM,24.0,(+)-JQ1_1000nM,original_loglinear
original_loglinear_(+)-JQ1_1000_470-2-0,6.524669,4.9846635,A549,(+)-JQ1,1000.0,nM,24.0,(+)-JQ1_1000nM,original_loglinear
original_loglinear_(+)-JQ1_1000_201-2-0,9.059616,6.555059,A549,(+)-JQ1,1000.0,nM,24.0,(+)-JQ1_1000nM,original_loglinear
original_loglinear_(+)-JQ1_1000_231-2-0,5.49598,5.8579245,A549,(+)-JQ1,1000.0,nM,24.0,(+)-JQ1_1000nM,original_loglinear
original_loglinear_(+)-JQ1_1000_88-2-0,5.219258,3.9487529,A549,(+)-JQ1,1000.0,nM,24.0,(+)-JQ1_1000nM,original_loglinear
original_loglinear_(+)-JQ1_1000_423-2-0,8.263722,1.9946563,A549,(+)-JQ1,1000.0,nM,24.0,(+)-JQ1_1000nM,original_loglinear
original_loglinear_(+)-JQ1_1000_306-2-0,10.80492,9.276527,A549,(+)-JQ1,1000.0,nM,24.0,(+)-JQ1_1000nM,original_loglinear
original_loglinear_(+)-JQ1_1000_146-2-0,3.7403297,7.2683315,A549,(+)-JQ1,1000.0,nM,24.0,(+)-JQ1_1000nM,original_loglinear
original_loglinear_(+)-JQ1_1000_125-2-0,1.9117085,5.896193,A549,(+)-JQ1,1000.0,nM,24.0,(+)-JQ1_1000nM,original_loglinear
original_loglinear_(+)-JQ1_1000_330-2-0,5.345489,6.782946,A549,(+)-JQ1,1000.0,nM,24.0,(+)-JQ1_1000nM,original_loglinear
original_loglinear_(+)-JQ1_1000_420-2-0,10.236444,8.617054,A549,(+)-JQ1,1000.0,nM,24.0,(+)-JQ1_1000nM,original_loglinear
original_loglinear_(+)-JQ1_1000_403-2-0,3.022608,3.4018667,A549,(+)-JQ1,1000.0,nM,24.0,(+)-JQ1_1000nM,original_loglinear
original_loglinear_(+)-JQ1_1000_59-2-0,3.8968487,2.9931538,A549,(+)-JQ1,1000.0,nM,24.0,(+)-JQ1_1000nM,original_loglinear
original_loglinear_(+)-JQ1_1000_295-2-0,10.623978,3.4790027,A549,(+)-JQ1,1000.0,nM,24.0,(+)-JQ1_1000nM,original_loglinear
original_loglinear_(+)-JQ1_1000_198-2-0,2.73566,8.011412,A549,(+)-JQ1,1000.0,nM,24.0,(+)-JQ1_1000nM,original_loglinear
original_loglinear_(+)-JQ1_1000_344-2-0,7.9692845,2.8800092,A549,(+)-JQ1,1000.0,nM,24.0,(+)-JQ1_1000nM,original_loglinear
original_loglinear_(+)-JQ1_1000_6-2-0,1.5099572,4.8973417,A549,(+)-JQ1,1000.0,nM,24.0,(+)-JQ1_1000nM,original_loglinear
original_loglinear_(+)-JQ1_1000_222-2-0,4.0318346,5.2102194,A549,(+)-JQ1,1000.0,nM,24.0,(+)-JQ1_1000nM,original_loglinear
original_loglinear_(+)-JQ1_1000_355-2-0,6.524129,3.0774126,A549,(+)-JQ1,1000.0,nM,24.0,(+)-JQ1_1000nM,original_loglinear
original_loglinear_(+)-JQ1_1000_484-2-0,5.3667374,2.951812,A549,(+)-JQ1,1000.0,nM,24.0,(+)-JQ1_1000nM,original_loglinear
original_loglinear_(+)-JQ1_1000_467-2-0,6.621929,7.0747395,A549,(+)-JQ1,1000.0,nM,24.0,(+)-JQ1_1000nM,original_loglinear
original_loglinear_(+)-JQ1_1000_40-2-0,6.1823754,7.5047336,A549,(+)-JQ1,1000.0,nM,24.0,(+)-JQ1_1000nM,original_loglinear
original_loglinear_(+)-JQ1_1000_173-2-0,6.824218,5.670223,A549,(+)-JQ1,1000.0,nM,24.0,(+)-JQ1_1000nM,original_loglinear
original_loglinear_(+)-JQ1_1000_149-2-0,1.4920582,4.798609,A549,(+)-JQ1,1000.0,nM,24.0,(+)-JQ1_1000nM,original_loglinear
original_loglinear_(+)-JQ1_1000_392-2-0,1.0480283,5.64138,A549,(+)-JQ1,1000.0,nM,24.0,(+)-JQ1_1000nM,original_loglinear
original_loglinear_(+)-JQ1_1000_2-2-0,3.949635,9.680622,A549,(+)-JQ1,1000.0,nM,24.0,(+)-JQ1_1000nM,original_loglinear
original_loglinear_(+)-JQ1_1000_232-2-0,5.6867123,3.4135578,A549,(+)-JQ1,1000.0,nM,24.0,(+)-JQ1_1000nM,original_loglinear
original_loglinear_(+)-JQ1_1000_69-2-0,2.3409283,6.2233105,A549,(+)-JQ1,1000.0,nM,24.0,(+)-JQ1_1000nM,original_loglinear
original_loglinear_(+)-JQ1_1000_317-2-0,10.151061,5.417259,A549,(+)-JQ1,1000.0,nM,24.0,(+)-JQ1_1000nM,original_loglinear
original_loglinear_(+)-JQ1_1000_431-2-0,7.1628423,5.8409553,A549,(+)-JQ1,1000.0,nM,24.0,(+)-JQ1_1000nM,original_loglinear
original_loglinear_(+)-JQ1_1000_348-2-0,6.205,5.8335695,A549,(+)-JQ1,1000.0,nM,24.0,(+)-JQ1_1000nM,original_loglinear
original_loglinear_(+)-JQ1_1000_365-2-0,8.243073,5.096318,A549,(+)-JQ1,1000.0,nM,24.0,(+)-JQ1_1000nM,original_loglinear
original_loglinear_(+)-JQ1_1000_4-2-0,3.3084142,8.670733,A549,(+)-JQ1,1000.0,nM,24.0,(+)-JQ1_1000nM,original_loglinear
original_loglinear_(+)-JQ1_1000_71-2-0,6.7475877,7.633991,A549,(+)-JQ1,1000.0,nM,24.0,(+)-JQ1_1000nM,original_loglinear
original_loglinear_(+)-JQ1_1000_413-2-0,9.547543,3.3274148,A549,(+)-JQ1,1000.0,nM,24.0,(+)-JQ1_1000nM,original_loglinear
original_loglinear_(+)-JQ1_1000_132-2-0,4.054522,6.452498,A549,(+)-JQ1,1000.0,nM,24.0,(+)-JQ1_1000nM,original_loglinear
original_loglinear_(+)-JQ1_1000_320-2-0,2.1547625,5.662485,A549,(+)-JQ1,1000.0,nM,24.0,(+)-JQ1_1000nM,original_loglinear
original_loglinear_(+)-JQ1_1000_275-2-0,5.415385,3.1162484,A549,(+)-JQ1,1000.0,nM,24.0,(+)-JQ1_1000nM,original_loglinear
original_loglinear_(+)-JQ1_1000_324-2-0,11.353897,9.143117,A549,(+)-JQ1,1000.0,nM,24.0,(+)-JQ1_1000nM,original_loglinear
original_loglinear_(+)-JQ1_1000_494-2-0,6.436808,9.3273325,A549,(+)-JQ1,1000.0,nM,24.0,(+)-JQ1_1000nM,original_loglinear
original_loglinear_(+)-JQ1_1000_63-2-0,6.0156684,3.7482536,A549,(+)-JQ1,1000.0,nM,24.0,(+)-JQ1_1000nM,original_loglinear
original_loglinear_(+)-JQ1_1000_121-2-0,4.929464,9.550074,A549,(+)-JQ1,1000.0,nM,24.0,(+)-JQ1_1000nM,original_loglinear
original_loglinear_(+)-JQ1_1000_463-2-0,4.514047,3.0344386,A549,(+)-JQ1,1000.0,nM,24.0,(+)-JQ1_1000nM,original_loglinear
original_loglinear_(+)-JQ1_1000_466-2-0,4.41223,4.365631,A549,(+)-JQ1,1000.0,nM,24.0,(+)-JQ1_1000nM,original_loglinear
original_loglinear_(+)-JQ1_1000_391-2-0,3.4712298,4.7400107,A549,(+)-JQ1,1000.0,nM,24.0,(+)-JQ1_1000nM,original_loglinear
original_loglinear_(+)-JQ1_1000_42-2-0,2.369514,7.636379,A549,(+)-JQ1,1000.0,nM,24.0,(+)-JQ1_1000nM,original_loglinear
original_loglinear_(+)-JQ1_1000_79-2-0,4.8909736,5.4412804,A549,(+)-JQ1,1000.0,nM,24.0,(+)-JQ1_1000nM,original_loglinear
original_loglinear_(+)-JQ1_1000_66-2-0,6.424696,5.363578,A549,(+)-JQ1,1000.0,nM,24.0,(+)-JQ1_1000nM,original_loglinear
original_loglinear_(+)-JQ1_1000_236-2-0,12.556971,8.126038,A549,(+)-JQ1,1000.0,nM,24.0,(+)-JQ1_1000nM,original_loglinear
original_loglinear_(+)-JQ1_1000_26-2-0,6.929547,7.1680264,A549,(+)-JQ1,1000.0,nM,24.0,(+)-JQ1_1000nM,original_loglinear
original_loglinear_(+)-JQ1_1000_435-2-0,4.0202026,4.6147933,A549,(+)-JQ1,1000.0,nM,24.0,(+)-JQ1_1000nM,original_loglinear
original_loglinear_(+)-JQ1_1000_429-2-0,2.6489272,3.5619137,A549,(+)-JQ1,1000.0,nM,24.0,(+)-JQ1_1000nM,original_loglinear
original_loglinear_(+)-JQ1_1000_401-2-0,8.912029,7.856419,A549,(+)-JQ1,1000.0,nM,24.0,(+)-JQ1_1000nM,original_loglinear
original_loglinear_(+)-JQ1_1000_415-2-0,2.9118187,6.3444223,A549,(+)-JQ1,1000.0,nM,24.0,(+)-JQ1_1000nM,original_loglinear
original_loglinear_(+)-JQ1_1000_309-2-0,5.649381,4.71344,A549,(+)-JQ1,1000.0,nM,24.0,(+)-JQ1_1000nM,original_loglinear
original_loglinear_(+)-JQ1_1000_304-2-0,5.671066,3.6140928,A549,(+)-JQ1,1000.0,nM,24.0,(+)-JQ1_1000nM,original_loglinear
original_loglinear_(+)-JQ1_1000_221-2-0,6.302169,9.17583,A549,(+)-JQ1,1000.0,nM,24.0,(+)-JQ1_1000nM,original_loglinear
original_loglinear_(+)-JQ1_1000_443-2-0,8.460428,5.996516,A549,(+)-JQ1,1000.0,nM,24.0,(+)-JQ1_1000nM,original_loglinear
original_loglinear_(+)-JQ1_1000_226-2-0,5.1581407,2.754858,A549,(+)-JQ1,1000.0,nM,24.0,(+)-JQ1_1000nM,original_loglinear
original_loglinear_(+)-JQ1_1000_229-2-0,8.074939,2.7963815,A549,(+)-JQ1,1000.0,nM,24.0,(+)-JQ1_1000nM,original_loglinear
original_loglinear_(+)-JQ1_1000_331-2-0,4.218017,5.0622096,A549,(+)-JQ1,1000.0,nM,24.0,(+)-JQ1_1000nM,original_loglinear
original_loglinear_(+)-JQ1_1000_265-2-0,11.904446,5.3364415,A549,(+)-JQ1,1000.0,nM,24.0,(+)-JQ1_1000nM,original_loglinear
original_loglinear_(+)-JQ1_1000_313-2-0,3.1602578,3.344681,A549,(+)-JQ1,1000.0,nM,24.0,(+)-JQ1_1000nM,original_loglinear
original_loglinear_(+)-JQ1_1000_465-2-0,11.263111,7.803019,A549,(+)-JQ1,1000.0,nM,24.0,(+)-JQ1_1000nM,original_loglinear
original_loglinear_(+)-JQ1_1000_65-2-0,8.336775,6.6439195,A549,(+)-JQ1,1000.0,nM,24.0,(+)-JQ1_1000nM,original_loglinear
original_loglinear_(+)-JQ1_1000_205-2-0,5.737785,6.7449794,A549,(+)-JQ1,1000.0,nM,24.0,(+)-JQ1_1000nM,original_loglinear
original_loglinear_(+)-JQ1_1000_297-2-0,1.5774025,5.860693,A549,(+)-JQ1,1000.0,nM,24.0,(+)-JQ1_1000nM,original_loglinear
original_loglinear_(+)-JQ1_1000_487-2-0,6.5110087,6.516441,A549,(+)-JQ1,1000.0,nM,24.0,(+)-JQ1_1000nM,original_loglinear
original_loglinear_(+)-JQ1_1000_389-2-0,3.4548316,4.569468,A549,(+)-JQ1,1000.0,nM,24.0,(+)-JQ1_1000nM,original_loglinear
original_loglinear_(+)-JQ1_1000_300-2-0,6.266445,2.832206,A549,(+)-JQ1,1000.0,nM,24.0,(+)-JQ1_1000nM,original_loglinear
original_loglinear_(+)-JQ1_1000_3-2-0,8.106782,4.2425857,A549,(+)-JQ1,1000.0,nM,24.0,(+)-JQ1_1000nM,original_loglinear
original_loglinear_(+)-JQ1_10000_327-2-0,9.134166,4.607685,A549,(+)-JQ1,10000.0,nM,24.0,(+)-JQ1_10000nM,original_loglinear
original_loglinear_(+)-JQ1_10000_33-2-0,3.5391042,6.492309,A549,(+)-JQ1,10000.0,nM,24.0,(+)-JQ1_10000nM,original_loglinear
original_loglinear_(+)-JQ1_10000_8-2-0,2.2802508,7.4063935,A549,(+)-JQ1,10000.0,nM,24.0,(+)-JQ1_10000nM,original_loglinear
original_loglinear_(+)-JQ1_10000_94-2-0,4.8969865,4.923554,A549,(+)-JQ1,10000.0,nM,24.0,(+)-JQ1_10000nM,original_loglinear
original_loglinear_(+)-JQ1_10000_10-2-0,2.2276134,7.612151,A549,(+)-JQ1,10000.0,nM,24.0,(+)-JQ1_10000nM,original_loglinear
original_loglinear_(+)-JQ1_10000_21-2-0,10.996498,3.7123485,A549,(+)-JQ1,10000.0,nM,24.0,(+)-JQ1_10000nM,original_loglinear
original_loglinear_(+)-JQ1_10000_477-2-0,6.1715927,7.0982213,A549,(+)-JQ1,10000.0,nM,24.0,(+)-JQ1_10000nM,original_loglinear
original_loglinear_(+)-JQ1_10000_102-2-0,1.4618735,5.817514,A549,(+)-JQ1,10000.0,nM,24.0,(+)-JQ1_10000nM,original_loglinear
original_loglinear_(+)-JQ1_10000_282-2-0,0.81726754,6.632021,A549,(+)-JQ1,10000.0,nM,24.0,(+)-JQ1_10000nM,original_loglinear
original_loglinear_(+)-JQ1_10000_161-2-0,2.655799,7.6147475,A549,(+)-JQ1,10000.0,nM,24.0,(+)-JQ1_10000nM,original_loglinear
original_loglinear_(+)-JQ1_10000_393-2-0,2.5156958,4.1814957,A549,(+)-JQ1,10000.0,nM,24.0,(+)-JQ1_10000nM,original_loglinear
original_loglinear_(+)-JQ1_10000_167-2-0,3.5901024,9.146362,A549,(+)-JQ1,10000.0,nM,24.0,(+)-JQ1_10000nM,original_loglinear
original_loglinear_(+)-JQ1_10000_254-2-0,3.2822702,6.44325,A549,(+)-JQ1,10000.0,nM,24.0,(+)-JQ1_10000nM,original_loglinear
original_loglinear_(+)-JQ1_10000_404-2-0,8.882462,7.408405,A549,(+)-JQ1,10000.0,nM,24.0,(+)-JQ1_10000nM,original_loglinear
original_loglinear_(+)-JQ1_10000_53-2-0,8.772251,2.0791256,A549,(+)-JQ1,10000.0,nM,24.0,(+)-JQ1_10000nM,original_loglinear
original_loglinear_(+)-JQ1_10000_406-2-0,5.4093256,2.7415643,A549,(+)-JQ1,10000.0,nM,24.0,(+)-JQ1_10000nM,original_loglinear
original_loglinear_(+)-JQ1_10000_4-2-0,2.4926152,8.261634,A549,(+)-JQ1,10000.0,nM,24.0,(+)-JQ1_10000nM,original_loglinear
original_loglinear_(+)-JQ1_10000_438-2-0,9.075833,5.515026,A549,(+)-JQ1,10000.0,nM,24.0,(+)-JQ1_10000nM,original_loglinear
original_loglinear_(+)-JQ1_10000_151-2-0,3.8001332,9.397061,A549,(+)-JQ1,10000.0,nM,24.0,(+)-JQ1_10000nM,original_loglinear
original_loglinear_(+)-JQ1_10000_480-2-0,6.4850283,7.423369,A549,(+)-JQ1,10000.0,nM,24.0,(+)-JQ1_10000nM,original_loglinear
original_loglinear_(+)-JQ1_10000_365-2-0,7.9733195,5.0954013,A549,(+)-JQ1,10000.0,nM,24.0,(+)-JQ1_10000nM,original_loglinear
original_loglinear_(+)-JQ1_10000_248-2-0,2.9244127,3.547977,A549,(+)-JQ1,10000.0,nM,24.0,(+)-JQ1_10000nM,original_loglinear
original_loglinear_(+)-JQ1_10000_101-2-0,2.715153,7.2400427,A549,(+)-JQ1,10000.0,nM,24.0,(+)-JQ1_10000nM,original_loglinear
original_loglinear_(+)-JQ1_10000_358-2-0,10.164833,4.683632,A549,(+)-JQ1,10000.0,nM,24.0,(+)-JQ1_10000nM,original_loglinear
original_loglinear_(+)-JQ1_10000_324-2-0,10.806477,9.147765,A549,(+)-JQ1,10000.0,nM,24.0,(+)-JQ1_10000nM,original_loglinear
original_loglinear_(+)-JQ1_10000_360-2-0,8.276091,2.241567,A549,(+)-JQ1,10000.0,nM,24.0,(+)-JQ1_10000nM,original_loglinear
original_loglinear_(+)-JQ1_10000_132-2-0,3.6710167,6.4384418,A549,(+)-JQ1,10000.0,nM,24.0,(+)-JQ1_10000nM,original_loglinear
original_loglinear_(+)-JQ1_10000_277-2-0,-0.026958669,7.1403794,A549,(+)-JQ1,10000.0,nM,24.0,(+)-JQ1_10000nM,original_loglinear
original_loglinear_(+)-JQ1_10000_499-2-0,4.2770214,9.222135,A549,(+)-JQ1,10000.0,nM,24.0,(+)-JQ1_10000nM,original_loglinear
original_loglinear_(+)-JQ1_10000_487-2-0,6.1066585,6.554798,A549,(+)-JQ1,10000.0,nM,24.0,(+)-JQ1_10000nM,original_loglinear
original_loglinear_(+)-JQ1_10000_216-2-0,4.763476,4.407943,A549,(+)-JQ1,10000.0,nM,24.0,(+)-JQ1_10000nM,original_loglinear
original_loglinear_(+)-JQ1_10000_172-2-0,4.643572,7.20333,A549,(+)-JQ1,10000.0,nM,24.0,(+)-JQ1_10000nM,original_loglinear
original_loglinear_(+)-JQ1_10000_59-2-0,3.1533484,3.290146,A549,(+)-JQ1,10000.0,nM,24.0,(+)-JQ1_10000nM,original_loglinear
original_loglinear_(+)-JQ1_10000_111-2-0,8.237852,5.5252824,A549,(+)-JQ1,10000.0,nM,24.0,(+)-JQ1_10000nM,original_loglinear
original_loglinear_(+)-JQ1_10000_212-2-0,3.3588176,8.32944,A549,(+)-JQ1,10000.0,nM,24.0,(+)-JQ1_10000nM,original_loglinear
original_loglinear_(+)-JQ1_10000_498-2-0,3.634955,7.066361,A549,(+)-JQ1,10000.0,nM,24.0,(+)-JQ1_10000nM,original_loglinear
original_loglinear_(+)-JQ1_10000_253-2-0,6.708288,7.0820475,A549,(+)-JQ1,10000.0,nM,24.0,(+)-JQ1_10000nM,original_loglinear
original_loglinear_(+)-JQ1_10000_367-2-0,10.682572,3.8833153,A549,(+)-JQ1,10000.0,nM,24.0,(+)-JQ1_10000nM,original_loglinear
original_loglinear_(+)-JQ1_10000_368-2-0,0.027751941,6.3142147,A549,(+)-JQ1,10000.0,nM,24.0,(+)-JQ1_10000nM,original_loglinear
original_loglinear_(+)-JQ1_10000_455-2-0,5.635076,2.5793345,A549,(+)-JQ1,10000.0,nM,24.0,(+)-JQ1_10000nM,original_loglinear
original_loglinear_(+)-JQ1_10000_88-2-0,4.3294783,4.465379,A549,(+)-JQ1,10000.0,nM,24.0,(+)-JQ1_10000nM,original_loglinear
original_loglinear_(+)-JQ1_10000_428-2-0,5.0809283,2.7158957,A549,(+)-JQ1,10000.0,nM,24.0,(+)-JQ1_10000nM,original_loglinear
original_loglinear_(+)-JQ1_10000_123-2-0,3.9325426,6.5450025,A549,(+)-JQ1,10000.0,nM,24.0,(+)-JQ1_10000nM,original_loglinear
original_loglinear_(+)-JQ1_10000_485-2-0,4.8587623,6.8981624,A549,(+)-JQ1,10000.0,nM,24.0,(+)-JQ1_10000nM,original_loglinear
original_loglinear_(+)-JQ1_10000_433-2-0,4.9003243,9.202192,A549,(+)-JQ1,10000.0,nM,24.0,(+)-JQ1_10000nM,original_loglinear
original_loglinear_(+)-JQ1_10000_108-2-0,4.1962767,8.8250675,A549,(+)-JQ1,10000.0,nM,24.0,(+)-JQ1_10000nM,original_loglinear
original_loglinear_(+)-JQ1_10000_291-2-0,4.3380737,8.402871,A549,(+)-JQ1,10000.0,nM,24.0,(+)-JQ1_10000nM,original_loglinear
original_loglinear_(+)-JQ1_10000_491-2-0,11.247122,8.10242,A549,(+)-JQ1,10000.0,nM,24.0,(+)-JQ1_10000nM,original_loglinear
original_loglinear_(+)-JQ1_10000_496-2-0,1.8712056,5.3263435,A549,(+)-JQ1,10000.0,nM,24.0,(+)-JQ1_10000nM,original_loglinear
original_loglinear_(+)-JQ1_10000_25-2-0,0.088122636,6.1099973,A549,(+)-JQ1,10000.0,nM,24.0,(+)-JQ1_10000nM,original_loglinear
original_loglinear_(+)-JQ1_10000_292-2-0,7.271974,3.7853734,A549,(+)-JQ1,10000.0,nM,24.0,(+)-JQ1_10000nM,original_loglinear
original_loglinear_(+)-JQ1_10000_104-2-0,11.63313,7.355006,A549,(+)-JQ1,10000.0,nM,24.0,(+)-JQ1_10000nM,original_loglinear
original_loglinear_(+)-JQ1_10000_281-2-0,8.948792,8.329833,A549,(+)-JQ1,10000.0,nM,24.0,(+)-JQ1_10000nM,original_loglinear
original_loglinear_(+)-JQ1_10000_263-2-0,4.3061166,8.759205,A549,(+)-JQ1,10000.0,nM,24.0,(+)-JQ1_10000nM,original_loglinear
original_loglinear_(+)-JQ1_10000_61-2-0,5.088529,9.019381,A549,(+)-JQ1,10000.0,nM,24.0,(+)-JQ1_10000nM,original_loglinear
original_loglinear_(+)-JQ1_10000_213-2-0,10.662054,8.194283,A549,(+)-JQ1,10000.0,nM,24.0,(+)-JQ1_10000nM,original_loglinear
original_loglinear_(+)-JQ1_10000_353-2-0,3.5536084,6.222799,A549,(+)-JQ1,10000.0,nM,24.0,(+)-JQ1_10000nM,original_loglinear
original_loglinear_(+)-JQ1_10000_245-2-0,1.6863933,6.626152,A549,(+)-JQ1,10000.0,nM,24.0,(+)-JQ1_10000nM,original_loglinear
original_loglinear_(+)-JQ1_10000_185-2-0,1.0234559,6.2284665,A549,(+)-JQ1,10000.0,nM,24.0,(+)-JQ1_10000nM,original_loglinear
original_loglinear_(+)-JQ1_10000_329-2-0,2.7943883,4.2183924,A549,(+)-JQ1,10000.0,nM,24.0,(+)-JQ1_10000nM,original_loglinear
original_loglinear_(+)-JQ1_10000_114-2-0,2.8325336,7.8573976,A549,(+)-JQ1,10000.0,nM,24.0,(+)-JQ1_10000nM,original_loglinear
original_loglinear_(+)-JQ1_10000_158-2-0,3.439876,6.5499444,A549,(+)-JQ1,10000.0,nM,24.0,(+)-JQ1_10000nM,original_loglinear
original_loglinear_(+)-JQ1_10000_450-2-0,6.221649,5.532392,A549,(+)-JQ1,10000.0,nM,24.0,(+)-JQ1_10000nM,original_loglinear
original_loglinear_(+)-JQ1_10000_13-2-0,6.69916,3.7315166,A549,(+)-JQ1,10000.0,nM,24.0,(+)-JQ1_10000nM,original_loglinear
original_loglinear_(+)-JQ1_10000_44-2-0,6.2899895,7.7063265,A549,(+)-JQ1,10000.0,nM,24.0,(+)-JQ1_10000nM,original_loglinear
original_loglinear_(+)-JQ1_10000_435-2-0,3.2773604,4.5940523,A549,(+)-JQ1,10000.0,nM,24.0,(+)-JQ1_10000nM,original_loglinear
original_loglinear_(+)-JQ1_10000_117-2-0,3.7184837,8.868065,A549,(+)-JQ1,10000.0,nM,24.0,(+)-JQ1_10000nM,original_loglinear
original_loglinear_(+)-JQ1_10000_352-2-0,4.896388,6.8493934,A549,(+)-JQ1,10000.0,nM,24.0,(+)-JQ1_10000nM,original_loglinear
original_loglinear_(+)-JQ1_10000_135-2-0,1.832911,6.0687203,A549,(+)-JQ1,10000.0,nM,24.0,(+)-JQ1_10000nM,original_loglinear
original_loglinear_(+)-JQ1_10000_320-2-0,1.4613321,5.8184743,A549,(+)-JQ1,10000.0,nM,24.0,(+)-JQ1_10000nM,original_loglinear
original_loglinear_(+)-JQ1_10000_407-2-0,4.625506,4.931032,A549,(+)-JQ1,10000.0,nM,24.0,(+)-JQ1_10000nM,original_loglinear
original_loglinear_(+)-JQ1_10000_66-2-0,5.799523,5.5181956,A549,(+)-JQ1,10000.0,nM,24.0,(+)-JQ1_10000nM,original_loglinear
original_loglinear_(+)-JQ1_10000_93-2-0,6.625445,5.9918365,A549,(+)-JQ1,10000.0,nM,24.0,(+)-JQ1_10000nM,original_loglinear
original_loglinear_(+)-JQ1_10000_276-2-0,10.978334,7.394447,A549,(+)-JQ1,10000.0,nM,24.0,(+)-JQ1_10000nM,original_loglinear
original_loglinear_(+)-JQ1_10000_20-2-0,6.4445343,5.588186,A549,(+)-JQ1,10000.0,nM,24.0,(+)-JQ1_10000nM,original_loglinear
original_loglinear_(+)-JQ1_10000_232-2-0,5.5286446,3.444327,A549,(+)-JQ1,10000.0,nM,24.0,(+)-JQ1_10000nM,original_loglinear
original_loglinear_(+)-JQ1_10000_426-2-0,4.430851,3.9435165,A549,(+)-JQ1,10000.0,nM,24.0,(+)-JQ1_10000nM,original_loglinear
original_loglinear_(+)-JQ1_10000_260-2-0,5.3503633,5.144297,A549,(+)-JQ1,10000.0,nM,24.0,(+)-JQ1_10000nM,original_loglinear
original_loglinear_(+)-JQ1_10000_298-2-0,8.651344,6.0771775,A549,(+)-JQ1,10000.0,nM,24.0,(+)-JQ1_10000nM,original_loglinear
original_loglinear_(+)-JQ1_10000_391-2-0,2.9753292,5.0634937,A549,(+)-JQ1,10000.0,nM,24.0,(+)-JQ1_10000nM,original_loglinear
original_loglinear_Trametinib (GSK1120212)_10_306-2-0,11.642507,9.265428,A549,Trametinib (GSK1120212),10.0,nM,24.0,Trametinib (GSK1120212)_10nM,original_loglinear
original_loglinear_Trametinib (GSK1120212)_10_101-2-0,4.4411807,8.566397,A549,Trametinib (GSK1120212),10.0,nM,24.0,Trametinib (GSK1120212)_10nM,original_loglinear
original_loglinear_Trametinib (GSK1120212)_10_298-2-0,10.783975,7.414272,A549,Trametinib (GSK1120212),10.0,nM,24.0,Trametinib (GSK1120212)_10nM,original_loglinear
original_loglinear_Trametinib (GSK1120212)_10_304-2-0,6.8856034,3.3094816,A549,Trametinib (GSK1120212),10.0,nM,24.0,Trametinib (GSK1120212)_10nM,original_loglinear
original_loglinear_Trametinib (GSK1120212)_10_125-2-0,3.7548132,7.049413,A549,Trametinib (GSK1120212),10.0,nM,24.0,Trametinib (GSK1120212)_10nM,original_loglinear
original_loglinear_Trametinib (GSK1120212)_10_206-2-0,6.5206685,6.629074,A549,Trametinib (GSK1120212),10.0,nM,24.0,Trametinib (GSK1120212)_10nM,original_loglinear
original_loglinear_Trametinib (GSK1120212)_10_182-2-0,8.791118,9.595105,A549,Trametinib (GSK1120212),10.0,nM,24.0,Trametinib (GSK1120212)_10nM,original_loglinear
original_loglinear_Trametinib (GSK1120212)_10_207-2-0,1.4808974,7.076581,A549,Trametinib (GSK1120212),10.0,nM,24.0,Trametinib (GSK1120212)_10nM,original_loglinear
original_loglinear_Trametinib (GSK1120212)_10_278-2-0,3.9601405,9.884835,A549,Trametinib (GSK1120212),10.0,nM,24.0,Trametinib (GSK1120212)_10nM,original_loglinear
original_loglinear_Trametinib (GSK1120212)_10_162-2-0,9.739188,2.9254289,A549,Trametinib (GSK1120212),10.0,nM,24.0,Trametinib (GSK1120212)_10nM,original_loglinear
original_loglinear_Trametinib (GSK1120212)_10_367-2-0,11.4219475,4.425486,A549,Trametinib (GSK1120212),10.0,nM,24.0,Trametinib (GSK1120212)_10nM,original_loglinear
original_loglinear_Trametinib (GSK1120212)_10_58-2-0,6.6739125,7.564556,A549,Trametinib (GSK1120212),10.0,nM,24.0,Trametinib (GSK1120212)_10nM,original_loglinear
original_loglinear_Trametinib (GSK1120212)_10_225-2-0,7.3071547,3.0199347,A549,Trametinib (GSK1120212),10.0,nM,24.0,Trametinib (GSK1120212)_10nM,original_loglinear
original_loglinear_Trametinib (GSK1120212)_10_493-2-0,10.235276,8.854893,A549,Trametinib (GSK1120212),10.0,nM,24.0,Trametinib (GSK1120212)_10nM,original_loglinear
original_loglinear_Trametinib (GSK1120212)_10_227-2-0,3.5505023,8.706216,A549,Trametinib (GSK1120212),10.0,nM,24.0,Trametinib (GSK1120212)_10nM,original_loglinear
original_loglinear_Trametinib (GSK1120212)_10_265-2-0,12.216461,5.4992094,A549,Trametinib (GSK1120212),10.0,nM,24.0,Trametinib (GSK1120212)_10nM,original_loglinear
original_loglinear_Trametinib (GSK1120212)_10_80-2-0,12.691855,5.232728,A549,Trametinib (GSK1120212),10.0,nM,24.0,Trametinib (GSK1120212)_10nM,original_loglinear
original_loglinear_Trametinib (GSK1120212)_10_383-2-0,4.798965,5.1980677,A549,Trametinib (GSK1120212),10.0,nM,24.0,Trametinib (GSK1120212)_10nM,original_loglinear
original_loglinear_Trametinib (GSK1120212)_10_177-2-0,4.9882283,9.354969,A549,Trametinib (GSK1120212),10.0,nM,24.0,Trametinib (GSK1120212)_10nM,original_loglinear
original_loglinear_Trametinib (GSK1120212)_10_421-2-0,12.089478,8.59953,A549,Trametinib (GSK1120212),10.0,nM,24.0,Trametinib (GSK1120212)_10nM,original_loglinear
original_loglinear_Trametinib (GSK1120212)_10_445-2-0,5.7743416,3.0133224,A549,Trametinib (GSK1120212),10.0,nM,24.0,Trametinib (GSK1120212)_10nM,original_loglinear
original_loglinear_Trametinib (GSK1120212)_10_407-2-0,6.92073,4.534622,A549,Trametinib (GSK1120212),10.0,nM,24.0,Trametinib (GSK1120212)_10nM,original_loglinear
original_loglinear_Trametinib (GSK1120212)_10_371-2-0,10.976229,4.3240395,A549,Trametinib (GSK1120212),10.0,nM,24.0,Trametinib (GSK1120212)_10nM,original_loglinear
original_loglinear_Trametinib (GSK1120212)_10_92-2-0,10.260614,2.985228,A549,Trametinib (GSK1120212),10.0,nM,24.0,Trametinib (GSK1120212)_10nM,original_loglinear
original_loglinear_Trametinib (GSK1120212)_10_346-2-0,10.446156,9.29522,A549,Trametinib (GSK1120212),10.0,nM,24.0,Trametinib (GSK1120212)_10nM,original_loglinear
original_loglinear_Trametinib (GSK1120212)_10_130-2-0,3.887057,4.562969,A549,Trametinib (GSK1120212),10.0,nM,24.0,Trametinib (GSK1120212)_10nM,original_loglinear
original_loglinear_Trametinib (GSK1120212)_10_165-2-0,5.2604923,3.33098,A549,Trametinib (GSK1120212),10.0,nM,24.0,Trametinib (GSK1120212)_10nM,original_loglinear
original_loglinear_Trametinib (GSK1120212)_10_188-2-0,9.476843,5.3741183,A549,Trametinib (GSK1120212),10.0,nM,24.0,Trametinib (GSK1120212)_10nM,original_loglinear
original_loglinear_Trametinib (GSK1120212)_10_78-2-0,9.357158,7.061579,A549,Trametinib (GSK1120212),10.0,nM,24.0,Trametinib (GSK1120212)_10nM,original_loglinear
original_loglinear_Trametinib (GSK1120212)_10_68-2-0,10.470295,5.339436,A549,Trametinib (GSK1120212),10.0,nM,24.0,Trametinib (GSK1120212)_10nM,original_loglinear
original_loglinear_Trametinib (GSK1120212)_10_261-2-0,5.7379293,9.255021,A549,Trametinib (GSK1120212),10.0,nM,24.0,Trametinib (GSK1120212)_10nM,original_loglinear
original_loglinear_Trametinib (GSK1120212)_10_477-2-0,8.510972,7.167626,A549,Trametinib (GSK1120212),10.0,nM,24.0,Trametinib (GSK1120212)_10nM,original_loglinear
original_loglinear_Trametinib (GSK1120212)_10_128-2-0,7.7446165,5.5609226,A549,Trametinib (GSK1120212),10.0,nM,24.0,Trametinib (GSK1120212)_10nM,original_loglinear
original_loglinear_Trametinib (GSK1120212)_10_451-2-0,3.6407998,4.413839,A549,Trametinib (GSK1120212),10.0,nM,24.0,Trametinib (GSK1120212)_10nM,original_loglinear
original_loglinear_Trametinib (GSK1120212)_10_27-2-0,8.0512905,9.893606,A549,Trametinib (GSK1120212),10.0,nM,24.0,Trametinib (GSK1120212)_10nM,original_loglinear
original_loglinear_Trametinib (GSK1120212)_10_41-2-0,11.5849285,8.711965,A549,Trametinib (GSK1120212),10.0,nM,24.0,Trametinib (GSK1120212)_10nM,original_loglinear
original_loglinear_Trametinib (GSK1120212)_10_132-2-0,5.6162715,6.722937,A549,Trametinib (GSK1120212),10.0,nM,24.0,Trametinib (GSK1120212)_10nM,original_loglinear
original_loglinear_Trametinib (GSK1120212)_10_187-2-0,5.286413,6.3180957,A549,Trametinib (GSK1120212),10.0,nM,24.0,Trametinib (GSK1120212)_10nM,original_loglinear
original_loglinear_Trametinib (GSK1120212)_10_245-2-0,2.6007547,6.733499,A549,Trametinib (GSK1120212),10.0,nM,24.0,Trametinib (GSK1120212)_10nM,original_loglinear
original_loglinear_Trametinib (GSK1120212)_10_404-2-0,10.2260065,8.530647,A549,Trametinib (GSK1120212),10.0,nM,24.0,Trametinib (GSK1120212)_10nM,original_loglinear
original_loglinear_Trametinib (GSK1120212)_10_144-2-0,9.224576,9.677177,A549,Trametinib (GSK1120212),10.0,nM,24.0,Trametinib (GSK1120212)_10nM,original_loglinear
original_loglinear_Trametinib (GSK1120212)_10_396-2-0,0.615729,7.377512,A549,Trametinib (GSK1120212),10.0,nM,24.0,Trametinib (GSK1120212)_10nM,original_loglinear
original_loglinear_Trametinib (GSK1120212)_10_242-2-0,9.647258,3.4182801,A549,Trametinib (GSK1120212),10.0,nM,24.0,Trametinib (GSK1120212)_10nM,original_loglinear
original_loglinear_Trametinib (GSK1120212)_10_291-2-0,7.160802,9.710388,A549,Trametinib (GSK1120212),10.0,nM,24.0,Trametinib (GSK1120212)_10nM,original_loglinear
original_loglinear_Trametinib (GSK1120212)_10_142-2-0,8.622955,2.6348438,A549,Trametinib (GSK1120212),10.0,nM,24.0,Trametinib (GSK1120212)_10nM,original_loglinear
original_loglinear_Trametinib (GSK1120212)_10_126-2-0,10.553789,4.5100055,A549,Trametinib (GSK1120212),10.0,nM,24.0,Trametinib (GSK1120212)_10nM,original_loglinear
original_loglinear_Trametinib (GSK1120212)_10_66-2-0,7.361746,5.2170014,A549,Trametinib (GSK1120212),10.0,nM,24.0,Trametinib (GSK1120212)_10nM,original_loglinear
original_loglinear_Trametinib (GSK1120212)_10_236-2-0,12.566708,7.9031925,A549,Trametinib (GSK1120212),10.0,nM,24.0,Trametinib (GSK1120212)_10nM,original_loglinear
original_loglinear_Trametinib (GSK1120212)_10_70-2-0,6.7204595,9.616157,A549,Trametinib (GSK1120212),10.0,nM,24.0,Trametinib (GSK1120212)_10nM,original_loglinear
original_loglinear_Trametinib (GSK1120212)_10_193-2-0,11.200445,7.08934,A549,Trametinib (GSK1120212),10.0,nM,24.0,Trametinib (GSK1120212)_10nM,original_loglinear
original_loglinear_Trametinib (GSK1120212)_10_470-2-0,7.501567,4.861763,A549,Trametinib (GSK1120212),10.0,nM,24.0,Trametinib (GSK1120212)_10nM,original_loglinear
original_loglinear_Trametinib (GSK1120212)_10_185-2-0,2.9219694,5.622278,A549,Trametinib (GSK1120212),10.0,nM,24.0,Trametinib (GSK1120212)_10nM,original_loglinear
original_loglinear_Trametinib (GSK1120212)_10_161-2-0,5.940643,9.7975445,A549,Trametinib (GSK1120212),10.0,nM,24.0,Trametinib (GSK1120212)_10nM,original_loglinear
original_loglinear_Trametinib (GSK1120212)_10_200-2-0,4.9584546,8.691132,A549,Trametinib (GSK1120212),10.0,nM,24.0,Trametinib (GSK1120212)_10nM,original_loglinear
original_loglinear_Trametinib (GSK1120212)_10_183-2-0,7.2363405,6.6672215,A549,Trametinib (GSK1120212),10.0,nM,24.0,Trametinib (GSK1120212)_10nM,original_loglinear
original_loglinear_Trametinib (GSK1120212)_10_217-2-0,4.768566,7.1145926,A549,Trametinib (GSK1120212),10.0,nM,24.0,Trametinib (GSK1120212)_10nM,original_loglinear
original_loglinear_Trametinib (GSK1120212)_10_336-2-0,5.0783124,3.5149868,A549,Trametinib (GSK1120212),10.0,nM,24.0,Trametinib (GSK1120212)_10nM,original_loglinear
original_loglinear_Trametinib (GSK1120212)_10_386-2-0,10.106379,3.7478864,A549,Trametinib (GSK1120212),10.0,nM,24.0,Trametinib (GSK1120212)_10nM,original_loglinear
original_loglinear_Trametinib (GSK1120212)_10_196-2-0,1.8421098,5.7967415,A549,Trametinib (GSK1120212),10.0,nM,24.0,Trametinib (GSK1120212)_10nM,original_loglinear
original_loglinear_Trametinib (GSK1120212)_10_159-2-0,9.93626,5.943517,A549,Trametinib (GSK1120212),10.0,nM,24.0,Trametinib (GSK1120212)_10nM,original_loglinear
original_loglinear_Trametinib (GSK1120212)_10_322-2-0,10.579299,7.3587565,A549,Trametinib (GSK1120212),10.0,nM,24.0,Trametinib (GSK1120212)_10nM,original_loglinear
original_loglinear_Trametinib (GSK1120212)_10_16-2-0,2.3757513,7.194456,A549,Trametinib (GSK1120212),10.0,nM,24.0,Trametinib (GSK1120212)_10nM,original_loglinear
original_loglinear_Trametinib (GSK1120212)_10_44-2-0,9.147288,6.409346,A549,Trametinib (GSK1120212),10.0,nM,24.0,Trametinib (GSK1120212)_10nM,original_loglinear
original_loglinear_Trametinib (GSK1120212)_10_138-2-0,3.5358143,9.673444,A549,Trametinib (GSK1120212),10.0,nM,24.0,Trametinib (GSK1120212)_10nM,original_loglinear
original_loglinear_Trametinib (GSK1120212)_10_454-2-0,12.391225,4.9388137,A549,Trametinib (GSK1120212),10.0,nM,24.0,Trametinib (GSK1120212)_10nM,original_loglinear
original_loglinear_Trametinib (GSK1120212)_10_110-2-0,7.765848,1.9595652,A549,Trametinib (GSK1120212),10.0,nM,24.0,Trametinib (GSK1120212)_10nM,original_loglinear
original_loglinear_Trametinib (GSK1120212)_10_212-2-0,6.1451592,10.319609,A549,Trametinib (GSK1120212),10.0,nM,24.0,Trametinib (GSK1120212)_10nM,original_loglinear
original_loglinear_Trametinib (GSK1120212)_10_116-2-0,4.762416,10.280042,A549,Trametinib (GSK1120212),10.0,nM,24.0,Trametinib (GSK1120212)_10nM,original_loglinear
original_loglinear_Trametinib (GSK1120212)_10_360-2-0,9.092511,1.7880349,A549,Trametinib (GSK1120212),10.0,nM,24.0,Trametinib (GSK1120212)_10nM,original_loglinear
original_loglinear_Trametinib (GSK1120212)_10_365-2-0,9.7295885,4.4765778,A549,Trametinib (GSK1120212),10.0,nM,24.0,Trametinib (GSK1120212)_10nM,original_loglinear
original_loglinear_Trametinib (GSK1120212)_10_10-2-0,4.821719,8.569687,A549,Trametinib (GSK1120212),10.0,nM,24.0,Trametinib (GSK1120212)_10nM,original_loglinear
original_loglinear_Trametinib (GSK1120212)_10_124-2-0,6.3661175,3.7157493,A549,Trametinib (GSK1120212),10.0,nM,24.0,Trametinib (GSK1120212)_10nM,original_loglinear
original_loglinear_Trametinib (GSK1120212)_10_378-2-0,3.6958141,6.919334,A549,Trametinib (GSK1120212),10.0,nM,24.0,Trametinib (GSK1120212)_10nM,original_loglinear
original_loglinear_Trametinib (GSK1120212)_10_426-2-0,6.882936,3.3741543,A549,Trametinib (GSK1120212),10.0,nM,24.0,Trametinib (GSK1120212)_10nM,original_loglinear
original_loglinear_Trametinib (GSK1120212)_10_284-2-0,5.5347214,5.186703,A549,Trametinib (GSK1120212),10.0,nM,24.0,Trametinib (GSK1120212)_10nM,original_loglinear
original_loglinear_Trametinib (GSK1120212)_10_293-2-0,12.5277815,7.922791,A549,Trametinib (GSK1120212),10.0,nM,24.0,Trametinib (GSK1120212)_10nM,original_loglinear
original_loglinear_Trametinib (GSK1120212)_10_24-2-0,7.616172,5.8837566,A549,Trametinib (GSK1120212),10.0,nM,24.0,Trametinib (GSK1120212)_10nM,original_loglinear
original_loglinear_Trametinib (GSK1120212)_10_498-2-0,6.412983,7.721942,A549,Trametinib (GSK1120212),10.0,nM,24.0,Trametinib (GSK1120212)_10nM,original_loglinear
original_loglinear_Trametinib (GSK1120212)_10_83-2-0,0.81287557,6.1015086,A549,Trametinib (GSK1120212),10.0,nM,24.0,Trametinib (GSK1120212)_10nM,original_loglinear
original_loglinear_Trametinib (GSK1120212)_10_382-2-0,5.2067695,5.393847,A549,Trametinib (GSK1120212),10.0,nM,24.0,Trametinib (GSK1120212)_10nM,original_loglinear
original_loglinear_Trametinib (GSK1120212)_100_459-2-0,6.3456306,4.9026685,A549,Trametinib (GSK1120212),100.0,nM,24.0,Trametinib (GSK1120212)_100nM,original_loglinear
original_loglinear_Trametinib (GSK1120212)_100_123-2-0,5.4164133,6.763407,A549,Trametinib (GSK1120212),100.0,nM,24.0,Trametinib (GSK1120212)_100nM,original_loglinear
original_loglinear_Trametinib (GSK1120212)_100_290-2-0,10.619423,3.3424754,A549,Trametinib (GSK1120212),100.0,nM,24.0,Trametinib (GSK1120212)_100nM,original_loglinear
original_loglinear_Trametinib (GSK1120212)_100_338-2-0,10.351877,9.102314,A549,Trametinib (GSK1120212),100.0,nM,24.0,Trametinib (GSK1120212)_100nM,original_loglinear
original_loglinear_Trametinib (GSK1120212)_100_497-2-0,8.06339,2.227904,A549,Trametinib (GSK1120212),100.0,nM,24.0,Trametinib (GSK1120212)_100nM,original_loglinear
original_loglinear_Trametinib (GSK1120212)_100_171-2-0,4.367676,3.7992673,A549,Trametinib (GSK1120212),100.0,nM,24.0,Trametinib (GSK1120212)_100nM,original_loglinear
original_loglinear_Trametinib (GSK1120212)_100_281-2-0,9.886436,9.074797,A549,Trametinib (GSK1120212),100.0,nM,24.0,Trametinib (GSK1120212)_100nM,original_loglinear
original_loglinear_Trametinib (GSK1120212)_100_191-2-0,9.294822,1.8712746,A549,Trametinib (GSK1120212),100.0,nM,24.0,Trametinib (GSK1120212)_100nM,original_loglinear
original_loglinear_Trametinib (GSK1120212)_100_437-2-0,2.0382588,8.366135,A549,Trametinib (GSK1120212),100.0,nM,24.0,Trametinib (GSK1120212)_100nM,original_loglinear
original_loglinear_Trametinib (GSK1120212)_100_287-2-0,10.208184,9.308235,A549,Trametinib (GSK1120212),100.0,nM,24.0,Trametinib (GSK1120212)_100nM,original_loglinear
original_loglinear_Trametinib (GSK1120212)_100_320-2-0,2.9655983,6.281751,A549,Trametinib (GSK1120212),100.0,nM,24.0,Trametinib (GSK1120212)_100nM,original_loglinear
original_loglinear_Trametinib (GSK1120212)_100_360-2-0,9.017347,1.8094575,A549,Trametinib (GSK1120212),100.0,nM,24.0,Trametinib (GSK1120212)_100nM,original_loglinear
original_loglinear_Trametinib (GSK1120212)_100_208-2-0,5.635071,3.2278686,A549,Trametinib (GSK1120212),100.0,nM,24.0,Trametinib (GSK1120212)_100nM,original_loglinear
original_loglinear_Trametinib (GSK1120212)_100_190-2-0,5.988837,9.344385,A549,Trametinib (GSK1120212),100.0,nM,24.0,Trametinib (GSK1120212)_100nM,original_loglinear
original_loglinear_Trametinib (GSK1120212)_100_254-2-0,5.66193,7.229173,A549,Trametinib (GSK1120212),100.0,nM,24.0,Trametinib (GSK1120212)_100nM,original_loglinear
original_loglinear_Trametinib (GSK1120212)_100_303-2-0,10.594406,6.3730874,A549,Trametinib (GSK1120212),100.0,nM,24.0,Trametinib (GSK1120212)_100nM,original_loglinear
original_loglinear_Trametinib (GSK1120212)_100_130-2-0,3.6455145,4.6046643,A549,Trametinib (GSK1120212),100.0,nM,24.0,Trametinib (GSK1120212)_100nM,original_loglinear
original_loglinear_Trametinib (GSK1120212)_100_65-2-0,9.634746,7.3113036,A549,Trametinib (GSK1120212),100.0,nM,24.0,Trametinib (GSK1120212)_100nM,original_loglinear
original_loglinear_Trametinib (GSK1120212)_100_32-2-0,10.383375,8.992209,A549,Trametinib (GSK1120212),100.0,nM,24.0,Trametinib (GSK1120212)_100nM,original_loglinear
original_loglinear_Trametinib (GSK1120212)_100_490-2-0,1.4560643,8.242446,A549,Trametinib (GSK1120212),100.0,nM,24.0,Trametinib (GSK1120212)_100nM,original_loglinear
original_loglinear_Trametinib (GSK1120212)_100_397-2-0,8.969229,8.790038,A549,Trametinib (GSK1120212),100.0,nM,24.0,Trametinib (GSK1120212)_100nM,original_loglinear
original_loglinear_Trametinib (GSK1120212)_100_442-2-0,8.323285,5.08139,A549,Trametinib (GSK1120212),100.0,nM,24.0,Trametinib (GSK1120212)_100nM,original_loglinear
original_loglinear_Trametinib (GSK1120212)_100_108-2-0,6.1769924,10.129578,A549,Trametinib (GSK1120212),100.0,nM,24.0,Trametinib (GSK1120212)_100nM,original_loglinear
original_loglinear_Trametinib (GSK1120212)_100_457-2-0,8.71483,5.8615932,A549,Trametinib (GSK1120212),100.0,nM,24.0,Trametinib (GSK1120212)_100nM,original_loglinear
original_loglinear_Trametinib (GSK1120212)_100_387-2-0,5.8668313,6.7773857,A549,Trametinib (GSK1120212),100.0,nM,24.0,Trametinib (GSK1120212)_100nM,original_loglinear
original_loglinear_Trametinib (GSK1120212)_100_463-2-0,6.5863066,2.9541168,A549,Trametinib (GSK1120212),100.0,nM,24.0,Trametinib (GSK1120212)_100nM,original_loglinear
original_loglinear_Trametinib (GSK1120212)_100_274-2-0,3.954498,10.11504,A549,Trametinib (GSK1120212),100.0,nM,24.0,Trametinib (GSK1120212)_100nM,original_loglinear
original_loglinear_Trametinib (GSK1120212)_100_115-2-0,7.772539,6.1982365,A549,Trametinib (GSK1120212),100.0,nM,24.0,Trametinib (GSK1120212)_100nM,original_loglinear
original_loglinear_Trametinib (GSK1120212)_100_111-2-0,10.136102,6.2193856,A549,Trametinib (GSK1120212),100.0,nM,24.0,Trametinib (GSK1120212)_100nM,original_loglinear
original_loglinear_Trametinib (GSK1120212)_100_272-2-0,10.248674,7.626423,A549,Trametinib (GSK1120212),100.0,nM,24.0,Trametinib (GSK1120212)_100nM,original_loglinear
original_loglinear_Trametinib (GSK1120212)_100_15-2-0,6.891814,10.073961,A549,Trametinib (GSK1120212),100.0,nM,24.0,Trametinib (GSK1120212)_100nM,original_loglinear
original_loglinear_Trametinib (GSK1120212)_100_210-2-0,7.1157937,5.199386,A549,Trametinib (GSK1120212),100.0,nM,24.0,Trametinib (GSK1120212)_100nM,original_loglinear
original_loglinear_Trametinib (GSK1120212)_100_479-2-0,5.0542164,8.5134,A549,Trametinib (GSK1120212),100.0,nM,24.0,Trametinib (GSK1120212)_100nM,original_loglinear
original_loglinear_Trametinib (GSK1120212)_100_211-2-0,10.105877,8.657169,A549,Trametinib (GSK1120212),100.0,nM,24.0,Trametinib (GSK1120212)_100nM,original_loglinear
original_loglinear_Trametinib (GSK1120212)_100_333-2-0,2.1281924,4.8731265,A549,Trametinib (GSK1120212),100.0,nM,24.0,Trametinib (GSK1120212)_100nM,original_loglinear
original_loglinear_Trametinib (GSK1120212)_100_198-2-0,4.209169,9.390113,A549,Trametinib (GSK1120212),100.0,nM,24.0,Trametinib (GSK1120212)_100nM,original_loglinear
original_loglinear_Trametinib (GSK1120212)_100_50-2-0,7.7125363,7.010913,A549,Trametinib (GSK1120212),100.0,nM,24.0,Trametinib (GSK1120212)_100nM,original_loglinear
original_loglinear_Trametinib (GSK1120212)_100_144-2-0,8.880222,9.754087,A549,Trametinib (GSK1120212),100.0,nM,24.0,Trametinib (GSK1120212)_100nM,original_loglinear
original_loglinear_Trametinib (GSK1120212)_100_78-2-0,8.990444,7.158136,A549,Trametinib (GSK1120212),100.0,nM,24.0,Trametinib (GSK1120212)_100nM,original_loglinear
original_loglinear_Trametinib (GSK1120212)_100_46-2-0,5.0237823,5.828527,A549,Trametinib (GSK1120212),100.0,nM,24.0,Trametinib (GSK1120212)_100nM,original_loglinear
original_loglinear_Trametinib (GSK1120212)_100_331-2-0,4.8359747,5.2075224,A549,Trametinib (GSK1120212),100.0,nM,24.0,Trametinib (GSK1120212)_100nM,original_loglinear
original_loglinear_Trametinib (GSK1120212)_100_386-2-0,10.007742,3.8266616,A549,Trametinib (GSK1120212),100.0,nM,24.0,Trametinib (GSK1120212)_100nM,original_loglinear
original_loglinear_Trametinib (GSK1120212)_100_261-2-0,5.604992,9.235841,A549,Trametinib (GSK1120212),100.0,nM,24.0,Trametinib (GSK1120212)_100nM,original_loglinear
original_loglinear_Trametinib (GSK1120212)_100_328-2-0,11.72108,7.5099487,A549,Trametinib (GSK1120212),100.0,nM,24.0,Trametinib (GSK1120212)_100nM,original_loglinear
original_loglinear_Trametinib (GSK1120212)_100_439-2-0,10.654601,5.9050016,A549,Trametinib (GSK1120212),100.0,nM,24.0,Trametinib (GSK1120212)_100nM,original_loglinear
original_loglinear_Trametinib (GSK1120212)_100_45-2-0,6.9859214,7.2882304,A549,Trametinib (GSK1120212),100.0,nM,24.0,Trametinib (GSK1120212)_100nM,original_loglinear
original_loglinear_Trametinib (GSK1120212)_100_372-2-0,3.1637764,9.98075,A549,Trametinib (GSK1120212),100.0,nM,24.0,Trametinib (GSK1120212)_100nM,original_loglinear
original_loglinear_Trametinib (GSK1120212)_100_109-2-0,4.6498446,3.3105216,A549,Trametinib (GSK1120212),100.0,nM,24.0,Trametinib (GSK1120212)_100nM,original_loglinear
original_loglinear_Trametinib (GSK1120212)_100_265-2-0,12.2498665,5.5267406,A549,Trametinib (GSK1120212),100.0,nM,24.0,Trametinib (GSK1120212)_100nM,original_loglinear
original_loglinear_Trametinib (GSK1120212)_100_53-2-0,9.436948,1.9696829,A549,Trametinib (GSK1120212),100.0,nM,24.0,Trametinib (GSK1120212)_100nM,original_loglinear
original_loglinear_Trametinib (GSK1120212)_100_299-2-0,7.236373,3.082447,A549,Trametinib (GSK1120212),100.0,nM,24.0,Trametinib (GSK1120212)_100nM,original_loglinear
original_loglinear_Trametinib (GSK1120212)_100_47-2-0,6.354019,8.107332,A549,Trametinib (GSK1120212),100.0,nM,24.0,Trametinib (GSK1120212)_100nM,original_loglinear
original_loglinear_Trametinib (GSK1120212)_100_405-2-0,6.647939,5.555862,A549,Trametinib (GSK1120212),100.0,nM,24.0,Trametinib (GSK1120212)_100nM,original_loglinear
original_loglinear_Trametinib (GSK1120212)_100_182-2-0,8.3719015,9.732418,A549,Trametinib (GSK1120212),100.0,nM,24.0,Trametinib (GSK1120212)_100nM,original_loglinear
original_loglinear_Trametinib (GSK1120212)_100_395-2-0,6.10214,7.1627913,A549,Trametinib (GSK1120212),100.0,nM,24.0,Trametinib (GSK1120212)_100nM,original_loglinear
original_loglinear_Trametinib (GSK1120212)_100_70-2-0,6.541075,9.771379,A549,Trametinib (GSK1120212),100.0,nM,24.0,Trametinib (GSK1120212)_100nM,original_loglinear
original_loglinear_Trametinib (GSK1120212)_100_149-2-0,2.3047857,4.9995394,A549,Trametinib (GSK1120212),100.0,nM,24.0,Trametinib (GSK1120212)_100nM,original_loglinear
original_loglinear_Trametinib (GSK1120212)_100_368-2-0,0.25703552,6.0485525,A549,Trametinib (GSK1120212),100.0,nM,24.0,Trametinib (GSK1120212)_100nM,original_loglinear
original_loglinear_Trametinib (GSK1120212)_100_113-2-0,10.387124,9.226199,A549,Trametinib (GSK1120212),100.0,nM,24.0,Trametinib (GSK1120212)_100nM,original_loglinear
original_loglinear_Trametinib (GSK1120212)_100_349-2-0,4.5106964,6.1847687,A549,Trametinib (GSK1120212),100.0,nM,24.0,Trametinib (GSK1120212)_100nM,original_loglinear
original_loglinear_Trametinib (GSK1120212)_100_453-2-0,12.625429,5.1130595,A549,Trametinib (GSK1120212),100.0,nM,24.0,Trametinib (GSK1120212)_100nM,original_loglinear
original_loglinear_Trametinib (GSK1120212)_100_430-2-0,10.570188,4.798211,A549,Trametinib (GSK1120212),100.0,nM,24.0,Trametinib (GSK1120212)_100nM,original_loglinear
original_loglinear_Trametinib (GSK1120212)_100_295-2-0,11.17592,3.5573285,A549,Trametinib (GSK1120212),100.0,nM,24.0,Trametinib (GSK1120212)_100nM,original_loglinear
original_loglinear_Trametinib (GSK1120212)_100_185-2-0,2.5550365,6.2124653,A549,Trametinib (GSK1120212),100.0,nM,24.0,Trametinib (GSK1120212)_100nM,original_loglinear
original_loglinear_Trametinib (GSK1120212)_100_139-2-0,9.101855,7.450469,A549,Trametinib (GSK1120212),100.0,nM,24.0,Trametinib (GSK1120212)_100nM,original_loglinear
original_loglinear_Trametinib (GSK1120212)_100_420-2-0,10.648583,9.116542,A549,Trametinib (GSK1120212),100.0,nM,24.0,Trametinib (GSK1120212)_100nM,original_loglinear
original_loglinear_Trametinib (GSK1120212)_100_391-2-0,3.7801769,4.685003,A549,Trametinib (GSK1120212),100.0,nM,24.0,Trametinib (GSK1120212)_100nM,original_loglinear
original_loglinear_Trametinib (GSK1120212)_100_102-2-0,3.279144,5.307845,A549,Trametinib (GSK1120212),100.0,nM,24.0,Trametinib (GSK1120212)_100nM,original_loglinear
original_loglinear_Trametinib (GSK1120212)_100_284-2-0,5.1686015,5.562641,A549,Trametinib (GSK1120212),100.0,nM,24.0,Trametinib (GSK1120212)_100nM,original_loglinear
original_loglinear_Trametinib (GSK1120212)_100_394-2-0,0.4306278,8.012676,A549,Trametinib (GSK1120212),100.0,nM,24.0,Trametinib (GSK1120212)_100nM,original_loglinear
original_loglinear_Trametinib (GSK1120212)_100_473-2-0,10.36919,6.6062145,A549,Trametinib (GSK1120212),100.0,nM,24.0,Trametinib (GSK1120212)_100nM,original_loglinear
original_loglinear_Trametinib (GSK1120212)_100_158-2-0,4.576352,7.3824506,A549,Trametinib (GSK1120212),100.0,nM,24.0,Trametinib (GSK1120212)_100nM,original_loglinear
original_loglinear_Trametinib (GSK1120212)_100_105-2-0,8.242207,5.8083286,A549,Trametinib (GSK1120212),100.0,nM,24.0,Trametinib (GSK1120212)_100nM,original_loglinear
original_loglinear_Trametinib (GSK1120212)_100_42-2-0,2.8325815,9.619095,A549,Trametinib (GSK1120212),100.0,nM,24.0,Trametinib (GSK1120212)_100nM,original_loglinear
original_loglinear_Trametinib (GSK1120212)_100_264-2-0,3.2202394,8.664949,A549,Trametinib (GSK1120212),100.0,nM,24.0,Trametinib (GSK1120212)_100nM,original_loglinear
original_loglinear_Trametinib (GSK1120212)_100_242-2-0,9.447695,3.299246,A549,Trametinib (GSK1120212),100.0,nM,24.0,Trametinib (GSK1120212)_100nM,original_loglinear
original_loglinear_Trametinib (GSK1120212)_100_341-2-0,12.641277,5.585491,A549,Trametinib (GSK1120212),100.0,nM,24.0,Trametinib (GSK1120212)_100nM,original_loglinear
original_loglinear_Trametinib (GSK1120212)_100_269-2-0,8.1104,9.515593,A549,Trametinib (GSK1120212),100.0,nM,24.0,Trametinib (GSK1120212)_100nM,original_loglinear
original_loglinear_Trametinib (GSK1120212)_100_110-2-0,7.484563,2.0103903,A549,Trametinib (GSK1120212),100.0,nM,24.0,Trametinib (GSK1120212)_100nM,original_loglinear
original_loglinear_Trametinib (GSK1120212)_100_378-2-0,3.262512,7.03843,A549,Trametinib (GSK1120212),100.0,nM,24.0,Trametinib (GSK1120212)_100nM,original_loglinear
original_loglinear_Trametinib (GSK1120212)_1000_52-2-0,2.1587472,5.508376,A549,Trametinib (GSK1120212),1000.0,nM,24.0,Trametinib (GSK1120212)_1000nM,original_loglinear
original_loglinear_Trametinib (GSK1120212)_1000_384-2-0,2.2053273,5.078372,A549,Trametinib (GSK1120212),1000.0,nM,24.0,Trametinib (GSK1120212)_1000nM,original_loglinear
original_loglinear_Trametinib (GSK1120212)_1000_412-2-0,12.20534,5.3257165,A549,Trametinib (GSK1120212),1000.0,nM,24.0,Trametinib (GSK1120212)_1000nM,original_loglinear
original_loglinear_Trametinib (GSK1120212)_1000_216-2-0,7.799527,6.4695196,A549,Trametinib (GSK1120212),1000.0,nM,24.0,Trametinib (GSK1120212)_1000nM,original_loglinear
original_loglinear_Trametinib (GSK1120212)_1000_34-2-0,2.4127395,7.194643,A549,Trametinib (GSK1120212),1000.0,nM,24.0,Trametinib (GSK1120212)_1000nM,original_loglinear
original_loglinear_Trametinib (GSK1120212)_1000_305-2-0,7.16158,6.6611347,A549,Trametinib (GSK1120212),1000.0,nM,24.0,Trametinib (GSK1120212)_1000nM,original_loglinear
original_loglinear_Trametinib (GSK1120212)_1000_150-2-0,4.505317,5.5798573,A549,Trametinib (GSK1120212),1000.0,nM,24.0,Trametinib (GSK1120212)_1000nM,original_loglinear
original_loglinear_Trametinib (GSK1120212)_1000_356-2-0,11.030404,6.991286,A549,Trametinib (GSK1120212),1000.0,nM,24.0,Trametinib (GSK1120212)_1000nM,original_loglinear
original_loglinear_Trametinib (GSK1120212)_1000_100-2-0,3.794228,7.450772,A549,Trametinib (GSK1120212),1000.0,nM,24.0,Trametinib (GSK1120212)_1000nM,original_loglinear
original_loglinear_Trametinib (GSK1120212)_1000_22-2-0,4.575997,7.411073,A549,Trametinib (GSK1120212),1000.0,nM,24.0,Trametinib (GSK1120212)_1000nM,original_loglinear
original_loglinear_Trametinib (GSK1120212)_1000_435-2-0,4.7211494,5.0578775,A549,Trametinib (GSK1120212),1000.0,nM,24.0,Trametinib (GSK1120212)_1000nM,original_loglinear
original_loglinear_Trametinib (GSK1120212)_1000_416-2-0,12.031009,8.391647,A549,Trametinib (GSK1120212),1000.0,nM,24.0,Trametinib (GSK1120212)_1000nM,original_loglinear
original_loglinear_Trametinib (GSK1120212)_1000_450-2-0,7.14105,4.943053,A549,Trametinib (GSK1120212),1000.0,nM,24.0,Trametinib (GSK1120212)_1000nM,original_loglinear
original_loglinear_Trametinib (GSK1120212)_1000_149-2-0,2.01166,5.1419654,A549,Trametinib (GSK1120212),1000.0,nM,24.0,Trametinib (GSK1120212)_1000nM,original_loglinear
original_loglinear_Trametinib (GSK1120212)_1000_0-2-0,4.7021627,7.748974,A549,Trametinib (GSK1120212),1000.0,nM,24.0,Trametinib (GSK1120212)_1000nM,original_loglinear
original_loglinear_Trametinib (GSK1120212)_1000_3-2-0,8.913365,4.849911,A549,Trametinib (GSK1120212),1000.0,nM,24.0,Trametinib (GSK1120212)_1000nM,original_loglinear
original_loglinear_Trametinib (GSK1120212)_1000_346-2-0,9.711618,9.131967,A549,Trametinib (GSK1120212),1000.0,nM,24.0,Trametinib (GSK1120212)_1000nM,original_loglinear
original_loglinear_Trametinib (GSK1120212)_1000_433-2-0,6.510925,10.257392,A549,Trametinib (GSK1120212),1000.0,nM,24.0,Trametinib (GSK1120212)_1000nM,original_loglinear
original_loglinear_Trametinib (GSK1120212)_1000_212-2-0,4.4505553,9.80988,A549,Trametinib (GSK1120212),1000.0,nM,24.0,Trametinib (GSK1120212)_1000nM,original_loglinear
original_loglinear_Trametinib (GSK1120212)_1000_390-2-0,2.598581,6.029881,A549,Trametinib (GSK1120212),1000.0,nM,24.0,Trametinib (GSK1120212)_1000nM,original_loglinear
original_loglinear_Trametinib (GSK1120212)_1000_29-2-0,0.39148122,6.2006073,A549,Trametinib (GSK1120212),1000.0,nM,24.0,Trametinib (GSK1120212)_1000nM,original_loglinear
original_loglinear_Trametinib (GSK1120212)_1000_200-2-0,4.059161,8.888356,A549,Trametinib (GSK1120212),1000.0,nM,24.0,Trametinib (GSK1120212)_1000nM,original_loglinear
original_loglinear_Trametinib (GSK1120212)_1000_312-2-0,11.437632,7.9334974,A549,Trametinib (GSK1120212),1000.0,nM,24.0,Trametinib (GSK1120212)_1000nM,original_loglinear
original_loglinear_Trametinib (GSK1120212)_1000_148-2-0,-0.28643733,7.0722246,A549,Trametinib (GSK1120212),1000.0,nM,24.0,Trametinib (GSK1120212)_1000nM,original_loglinear
original_loglinear_Trametinib (GSK1120212)_1000_194-2-0,7.661701,6.7773814,A549,Trametinib (GSK1120212),1000.0,nM,24.0,Trametinib (GSK1120212)_1000nM,original_loglinear
original_loglinear_Trametinib (GSK1120212)_1000_214-2-0,10.136498,8.577779,A549,Trametinib (GSK1120212),1000.0,nM,24.0,Trametinib (GSK1120212)_1000nM,original_loglinear
original_loglinear_Trametinib (GSK1120212)_1000_463-2-0,6.1078076,3.120168,A549,Trametinib (GSK1120212),1000.0,nM,24.0,Trametinib (GSK1120212)_1000nM,original_loglinear
original_loglinear_Trametinib (GSK1120212)_1000_308-2-0,9.035976,3.6109352,A549,Trametinib (GSK1120212),1000.0,nM,24.0,Trametinib (GSK1120212)_1000nM,original_loglinear
original_loglinear_Trametinib (GSK1120212)_1000_456-2-0,9.599708,5.0255885,A549,Trametinib (GSK1120212),1000.0,nM,24.0,Trametinib (GSK1120212)_1000nM,original_loglinear
original_loglinear_Trametinib (GSK1120212)_1000_371-2-0,10.911108,4.1826625,A549,Trametinib (GSK1120212),1000.0,nM,24.0,Trametinib (GSK1120212)_1000nM,original_loglinear
original_loglinear_Trametinib (GSK1120212)_1000_255-2-0,10.332704,8.529086,A549,Trametinib (GSK1120212),1000.0,nM,24.0,Trametinib (GSK1120212)_1000nM,original_loglinear
original_loglinear_Trametinib (GSK1120212)_1000_487-2-0,7.6392646,6.21009,A549,Trametinib (GSK1120212),1000.0,nM,24.0,Trametinib (GSK1120212)_1000nM,original_loglinear
original_loglinear_Trametinib (GSK1120212)_1000_188-2-0,8.874246,6.3143916,A549,Trametinib (GSK1120212),1000.0,nM,24.0,Trametinib (GSK1120212)_1000nM,original_loglinear
original_loglinear_Trametinib (GSK1120212)_1000_228-2-0,9.213404,7.707907,A549,Trametinib (GSK1120212),1000.0,nM,24.0,Trametinib (GSK1120212)_1000nM,original_loglinear
original_loglinear_Trametinib (GSK1120212)_1000_175-2-0,9.224385,8.510257,A549,Trametinib (GSK1120212),1000.0,nM,24.0,Trametinib (GSK1120212)_1000nM,original_loglinear
original_loglinear_Trametinib (GSK1120212)_1000_404-2-0,9.762003,8.184596,A549,Trametinib (GSK1120212),1000.0,nM,24.0,Trametinib (GSK1120212)_1000nM,original_loglinear
original_loglinear_Trametinib (GSK1120212)_1000_42-2-0,2.0577645,9.222889,A549,Trametinib (GSK1120212),1000.0,nM,24.0,Trametinib (GSK1120212)_1000nM,original_loglinear
original_loglinear_Trametinib (GSK1120212)_1000_165-2-0,4.8704543,4.032978,A549,Trametinib (GSK1120212),1000.0,nM,24.0,Trametinib (GSK1120212)_1000nM,original_loglinear
original_loglinear_Trametinib (GSK1120212)_1000_428-2-0,6.355813,2.436435,A549,Trametinib (GSK1120212),1000.0,nM,24.0,Trametinib (GSK1120212)_1000nM,original_loglinear
original_loglinear_Trametinib (GSK1120212)_1000_97-2-0,5.155032,10.22083,A549,Trametinib (GSK1120212),1000.0,nM,24.0,Trametinib (GSK1120212)_1000nM,original_loglinear
original_loglinear_Trametinib (GSK1120212)_1000_422-2-0,5.815961,4.4673343,A549,Trametinib (GSK1120212),1000.0,nM,24.0,Trametinib (GSK1120212)_1000nM,original_loglinear
original_loglinear_Trametinib (GSK1120212)_1000_418-2-0,3.930315,8.3058405,A549,Trametinib (GSK1120212),1000.0,nM,24.0,Trametinib (GSK1120212)_1000nM,original_loglinear
original_loglinear_Trametinib (GSK1120212)_1000_414-2-0,9.633145,3.6928124,A549,Trametinib (GSK1120212),1000.0,nM,24.0,Trametinib (GSK1120212)_1000nM,original_loglinear
original_loglinear_Trametinib (GSK1120212)_1000_444-2-0,4.347069,5.7843184,A549,Trametinib (GSK1120212),1000.0,nM,24.0,Trametinib (GSK1120212)_1000nM,original_loglinear
original_loglinear_Trametinib (GSK1120212)_1000_488-2-0,11.891073,9.1502695,A549,Trametinib (GSK1120212),1000.0,nM,24.0,Trametinib (GSK1120212)_1000nM,original_loglinear
original_loglinear_Trametinib (GSK1120212)_1000_190-2-0,5.491837,9.179581,A549,Trametinib (GSK1120212),1000.0,nM,24.0,Trametinib (GSK1120212)_1000nM,original_loglinear
original_loglinear_Trametinib (GSK1120212)_1000_364-2-0,12.3250065,5.438663,A549,Trametinib (GSK1120212),1000.0,nM,24.0,Trametinib (GSK1120212)_1000nM,original_loglinear
original_loglinear_Trametinib (GSK1120212)_1000_76-2-0,9.907567,7.922207,A549,Trametinib (GSK1120212),1000.0,nM,24.0,Trametinib (GSK1120212)_1000nM,original_loglinear
original_loglinear_Trametinib (GSK1120212)_1000_438-2-0,10.85406,6.3689384,A549,Trametinib (GSK1120212),1000.0,nM,24.0,Trametinib (GSK1120212)_1000nM,original_loglinear
original_loglinear_Trametinib (GSK1120212)_1000_204-2-0,5.976868,5.2257304,A549,Trametinib (GSK1120212),1000.0,nM,24.0,Trametinib (GSK1120212)_1000nM,original_loglinear
original_loglinear_Trametinib (GSK1120212)_1000_223-2-0,1.8365729,8.505835,A549,Trametinib (GSK1120212),1000.0,nM,24.0,Trametinib (GSK1120212)_1000nM,original_loglinear
original_loglinear_Trametinib (GSK1120212)_1000_195-2-0,4.611806,4.767696,A549,Trametinib (GSK1120212),1000.0,nM,24.0,Trametinib (GSK1120212)_1000nM,original_loglinear
original_loglinear_Trametinib (GSK1120212)_1000_57-2-0,1.9919415,9.411706,A549,Trametinib (GSK1120212),1000.0,nM,24.0,Trametinib (GSK1120212)_1000nM,original_loglinear
original_loglinear_Trametinib (GSK1120212)_1000_50-2-0,7.4609623,7.1189036,A549,Trametinib (GSK1120212),1000.0,nM,24.0,Trametinib (GSK1120212)_1000nM,original_loglinear
original_loglinear_Trametinib (GSK1120212)_1000_458-2-0,0.49661738,7.5038247,A549,Trametinib (GSK1120212),1000.0,nM,24.0,Trametinib (GSK1120212)_1000nM,original_loglinear
original_loglinear_Trametinib (GSK1120212)_1000_127-2-0,11.825539,8.825814,A549,Trametinib (GSK1120212),1000.0,nM,24.0,Trametinib (GSK1120212)_1000nM,original_loglinear
original_loglinear_Trametinib (GSK1120212)_1000_420-2-0,10.255706,8.9315815,A549,Trametinib (GSK1120212),1000.0,nM,24.0,Trametinib (GSK1120212)_1000nM,original_loglinear
original_loglinear_Trametinib (GSK1120212)_1000_286-2-0,5.4216876,7.3166213,A549,Trametinib (GSK1120212),1000.0,nM,24.0,Trametinib (GSK1120212)_1000nM,original_loglinear
original_loglinear_Trametinib (GSK1120212)_1000_427-2-0,8.199267,9.683617,A549,Trametinib (GSK1120212),1000.0,nM,24.0,Trametinib (GSK1120212)_1000nM,original_loglinear
original_loglinear_Trametinib (GSK1120212)_1000_1-2-0,5.497542,7.931317,A549,Trametinib (GSK1120212),1000.0,nM,24.0,Trametinib (GSK1120212)_1000nM,original_loglinear
original_loglinear_Trametinib (GSK1120212)_1000_122-2-0,6.1193013,8.163246,A549,Trametinib (GSK1120212),1000.0,nM,24.0,Trametinib (GSK1120212)_1000nM,original_loglinear
original_loglinear_Trametinib (GSK1120212)_1000_24-2-0,7.053221,5.8040776,A549,Trametinib (GSK1120212),1000.0,nM,24.0,Trametinib (GSK1120212)_1000nM,original_loglinear
original_loglinear_Trametinib (GSK1120212)_1000_153-2-0,10.386708,7.313061,A549,Trametinib (GSK1120212),1000.0,nM,24.0,Trametinib (GSK1120212)_1000nM,original_loglinear
original_loglinear_Trametinib (GSK1120212)_1000_271-2-0,4.610372,10.164858,A549,Trametinib (GSK1120212),1000.0,nM,24.0,Trametinib (GSK1120212)_1000nM,original_loglinear
original_loglinear_Trametinib (GSK1120212)_1000_147-2-0,10.404926,3.1800995,A549,Trametinib (GSK1120212),1000.0,nM,24.0,Trametinib (GSK1120212)_1000nM,original_loglinear
original_loglinear_Trametinib (GSK1120212)_1000_177-2-0,3.5036392,9.144344,A549,Trametinib (GSK1120212),1000.0,nM,24.0,Trametinib (GSK1120212)_1000nM,original_loglinear
original_loglinear_Trametinib (GSK1120212)_1000_304-2-0,6.4581137,3.8965092,A549,Trametinib (GSK1120212),1000.0,nM,24.0,Trametinib (GSK1120212)_1000nM,original_loglinear
original_loglinear_Trametinib (GSK1120212)_1000_226-2-0,6.343458,2.8696668,A549,Trametinib (GSK1120212),1000.0,nM,24.0,Trametinib (GSK1120212)_1000nM,original_loglinear
original_loglinear_Trametinib (GSK1120212)_1000_108-2-0,5.6526113,10.242221,A549,Trametinib (GSK1120212),1000.0,nM,24.0,Trametinib (GSK1120212)_1000nM,original_loglinear
original_loglinear_Trametinib (GSK1120212)_1000_65-2-0,9.310617,7.277005,A549,Trametinib (GSK1120212),1000.0,nM,24.0,Trametinib (GSK1120212)_1000nM,original_loglinear
original_loglinear_Trametinib (GSK1120212)_1000_143-2-0,8.473295,9.583879,A549,Trametinib (GSK1120212),1000.0,nM,24.0,Trametinib (GSK1120212)_1000nM,original_loglinear
original_loglinear_Trametinib (GSK1120212)_1000_38-2-0,10.623624,8.659439,A549,Trametinib (GSK1120212),1000.0,nM,24.0,Trametinib (GSK1120212)_1000nM,original_loglinear
original_loglinear_Trametinib (GSK1120212)_1000_116-2-0,3.1532683,9.971028,A549,Trametinib (GSK1120212),1000.0,nM,24.0,Trametinib (GSK1120212)_1000nM,original_loglinear
original_loglinear_Trametinib (GSK1120212)_1000_299-2-0,6.596379,3.08495,A549,Trametinib (GSK1120212),1000.0,nM,24.0,Trametinib (GSK1120212)_1000nM,original_loglinear
original_loglinear_Trametinib (GSK1120212)_1000_186-2-0,7.9575796,7.25542,A549,Trametinib (GSK1120212),1000.0,nM,24.0,Trametinib (GSK1120212)_1000nM,original_loglinear
original_loglinear_Trametinib (GSK1120212)_1000_135-2-0,3.53909,7.312484,A549,Trametinib (GSK1120212),1000.0,nM,24.0,Trametinib (GSK1120212)_1000nM,original_loglinear
original_loglinear_Trametinib (GSK1120212)_1000_291-2-0,5.09743,8.628145,A549,Trametinib (GSK1120212),1000.0,nM,24.0,Trametinib (GSK1120212)_1000nM,original_loglinear
original_loglinear_Trametinib (GSK1120212)_1000_485-2-0,6.120274,7.5102463,A549,Trametinib (GSK1120212),1000.0,nM,24.0,Trametinib (GSK1120212)_1000nM,original_loglinear
original_loglinear_Trametinib (GSK1120212)_1000_227-2-0,1.9659249,8.550681,A549,Trametinib (GSK1120212),1000.0,nM,24.0,Trametinib (GSK1120212)_1000nM,original_loglinear
original_loglinear_Trametinib (GSK1120212)_1000_357-2-0,8.020435,5.6907535,A549,Trametinib (GSK1120212),1000.0,nM,24.0,Trametinib (GSK1120212)_1000nM,original_loglinear
original_loglinear_Trametinib (GSK1120212)_10000_155-2-0,8.641588,7.4043665,A549,Trametinib (GSK1120212),10000.0,nM,24.0,Trametinib (GSK1120212)_10000nM,original_loglinear
original_loglinear_Trametinib (GSK1120212)_10000_106-2-0,10.267374,3.0145924,A549,Trametinib (GSK1120212),10000.0,nM,24.0,Trametinib (GSK1120212)_10000nM,original_loglinear
original_loglinear_Trametinib (GSK1120212)_10000_139-2-0,8.161575,7.106116,A549,Trametinib (GSK1120212),10000.0,nM,24.0,Trametinib (GSK1120212)_10000nM,original_loglinear
original_loglinear_Trametinib (GSK1120212)_10000_18-2-0,2.7501101,8.734021,A549,Trametinib (GSK1120212),10000.0,nM,24.0,Trametinib (GSK1120212)_10000nM,original_loglinear
original_loglinear_Trametinib (GSK1120212)_10000_232-2-0,6.5188203,3.802783,A549,Trametinib (GSK1120212),10000.0,nM,24.0,Trametinib (GSK1120212)_10000nM,original_loglinear
original_loglinear_Trametinib (GSK1120212)_10000_203-2-0,9.709169,5.594244,A549,Trametinib (GSK1120212),10000.0,nM,24.0,Trametinib (GSK1120212)_10000nM,original_loglinear
original_loglinear_Trametinib (GSK1120212)_10000_89-2-0,1.6340247,8.575798,A549,Trametinib (GSK1120212),10000.0,nM,24.0,Trametinib (GSK1120212)_10000nM,original_loglinear
original_loglinear_Trametinib (GSK1120212)_10000_256-2-0,4.822563,10.281788,A549,Trametinib (GSK1120212),10000.0,nM,24.0,Trametinib (GSK1120212)_10000nM,original_loglinear
original_loglinear_Trametinib (GSK1120212)_10000_445-2-0,3.6710715,4.0273356,A549,Trametinib (GSK1120212),10000.0,nM,24.0,Trametinib (GSK1120212)_10000nM,original_loglinear
original_loglinear_Trametinib (GSK1120212)_10000_491-2-0,11.208769,8.57842,A549,Trametinib (GSK1120212),10000.0,nM,24.0,Trametinib (GSK1120212)_10000nM,original_loglinear
original_loglinear_Trametinib (GSK1120212)_10000_378-2-0,1.6435171,7.5249267,A549,Trametinib (GSK1120212),10000.0,nM,24.0,Trametinib (GSK1120212)_10000nM,original_loglinear
original_loglinear_Trametinib (GSK1120212)_10000_421-2-0,11.329487,8.94951,A549,Trametinib (GSK1120212),10000.0,nM,24.0,Trametinib (GSK1120212)_10000nM,original_loglinear
original_loglinear_Trametinib (GSK1120212)_10000_300-2-0,6.6679716,3.3037016,A549,Trametinib (GSK1120212),10000.0,nM,24.0,Trametinib (GSK1120212)_10000nM,original_loglinear
original_loglinear_Trametinib (GSK1120212)_10000_127-2-0,11.417669,8.91932,A549,Trametinib (GSK1120212),10000.0,nM,24.0,Trametinib (GSK1120212)_10000nM,original_loglinear
original_loglinear_Trametinib (GSK1120212)_10000_30-2-0,1.2387874,7.0532393,A549,Trametinib (GSK1120212),10000.0,nM,24.0,Trametinib (GSK1120212)_10000nM,original_loglinear
original_loglinear_Trametinib (GSK1120212)_10000_242-2-0,8.818398,3.438122,A549,Trametinib (GSK1120212),10000.0,nM,24.0,Trametinib (GSK1120212)_10000nM,original_loglinear
original_loglinear_Trametinib (GSK1120212)_10000_471-2-0,5.4829473,4.636062,A549,Trametinib (GSK1120212),10000.0,nM,24.0,Trametinib (GSK1120212)_10000nM,original_loglinear
original_loglinear_Trametinib (GSK1120212)_10000_38-2-0,10.393069,8.7826395,A549,Trametinib (GSK1120212),10000.0,nM,24.0,Trametinib (GSK1120212)_10000nM,original_loglinear
original_loglinear_Trametinib (GSK1120212)_10000_356-2-0,10.6930275,7.0203147,A549,Trametinib (GSK1120212),10000.0,nM,24.0,Trametinib (GSK1120212)_10000nM,original_loglinear
original_loglinear_Trametinib (GSK1120212)_10000_303-2-0,10.405135,6.926831,A549,Trametinib (GSK1120212),10000.0,nM,24.0,Trametinib (GSK1120212)_10000nM,original_loglinear
original_loglinear_Trametinib (GSK1120212)_10000_170-2-0,3.6288404,7.843256,A549,Trametinib (GSK1120212),10000.0,nM,24.0,Trametinib (GSK1120212)_10000nM,original_loglinear
original_loglinear_Trametinib (GSK1120212)_10000_484-2-0,6.1646357,3.0733173,A549,Trametinib (GSK1120212),10000.0,nM,24.0,Trametinib (GSK1120212)_10000nM,original_loglinear
original_loglinear_Trametinib (GSK1120212)_10000_449-2-0,9.424375,7.768197,A549,Trametinib (GSK1120212),10000.0,nM,24.0,Trametinib (GSK1120212)_10000nM,original_loglinear
original_loglinear_Trametinib (GSK1120212)_10000_264-2-0,2.6574097,8.569325,A549,Trametinib (GSK1120212),10000.0,nM,24.0,Trametinib (GSK1120212)_10000nM,original_loglinear
original_loglinear_Trametinib (GSK1120212)_10000_233-2-0,1.5682048,8.232249,A549,Trametinib (GSK1120212),10000.0,nM,24.0,Trametinib (GSK1120212)_10000nM,original_loglinear
original_loglinear_Trametinib (GSK1120212)_10000_211-2-0,9.211555,8.236961,A549,Trametinib (GSK1120212),10000.0,nM,24.0,Trametinib (GSK1120212)_10000nM,original_loglinear
original_loglinear_Trametinib (GSK1120212)_10000_216-2-0,7.1465673,6.662365,A549,Trametinib (GSK1120212),10000.0,nM,24.0,Trametinib (GSK1120212)_10000nM,original_loglinear
original_loglinear_Trametinib (GSK1120212)_10000_267-2-0,6.7088394,10.1788435,A549,Trametinib (GSK1120212),10000.0,nM,24.0,Trametinib (GSK1120212)_10000nM,original_loglinear
original_loglinear_Trametinib (GSK1120212)_10000_52-2-0,2.0070264,5.526125,A549,Trametinib (GSK1120212),10000.0,nM,24.0,Trametinib (GSK1120212)_10000nM,original_loglinear
original_loglinear_Trametinib (GSK1120212)_10000_87-2-0,4.5193253,6.777875,A549,Trametinib (GSK1120212),10000.0,nM,24.0,Trametinib (GSK1120212)_10000nM,original_loglinear
original_loglinear_Trametinib (GSK1120212)_10000_394-2-0,-0.30360842,7.349012,A549,Trametinib (GSK1120212),10000.0,nM,24.0,Trametinib (GSK1120212)_10000nM,original_loglinear
original_loglinear_Trametinib (GSK1120212)_10000_334-2-0,4.252122,6.303775,A549,Trametinib (GSK1120212),10000.0,nM,24.0,Trametinib (GSK1120212)_10000nM,original_loglinear
original_loglinear_Trametinib (GSK1120212)_10000_322-2-0,9.955521,7.67019,A549,Trametinib (GSK1120212),10000.0,nM,24.0,Trametinib (GSK1120212)_10000nM,original_loglinear
original_loglinear_Trametinib (GSK1120212)_10000_459-2-0,5.972521,4.870946,A549,Trametinib (GSK1120212),10000.0,nM,24.0,Trametinib (GSK1120212)_10000nM,original_loglinear
original_loglinear_Trametinib (GSK1120212)_10000_279-2-0,9.408466,6.416533,A549,Trametinib (GSK1120212),10000.0,nM,24.0,Trametinib (GSK1120212)_10000nM,original_loglinear
original_loglinear_Trametinib (GSK1120212)_10000_77-2-0,-0.22074798,7.101593,A549,Trametinib (GSK1120212),10000.0,nM,24.0,Trametinib (GSK1120212)_10000nM,original_loglinear
original_loglinear_Trametinib (GSK1120212)_10000_137-2-0,3.3790243,9.119704,A549,Trametinib (GSK1120212),10000.0,nM,24.0,Trametinib (GSK1120212)_10000nM,original_loglinear
original_loglinear_Trametinib (GSK1120212)_10000_79-2-0,4.906417,5.6449018,A549,Trametinib (GSK1120212),10000.0,nM,24.0,Trametinib (GSK1120212)_10000nM,original_loglinear
original_loglinear_Trametinib (GSK1120212)_10000_165-2-0,4.412009,4.3029304,A549,Trametinib (GSK1120212),10000.0,nM,24.0,Trametinib (GSK1120212)_10000nM,original_loglinear
original_loglinear_Trametinib (GSK1120212)_10000_486-2-0,5.499419,6.303064,A549,Trametinib (GSK1120212),10000.0,nM,24.0,Trametinib (GSK1120212)_10000nM,original_loglinear
original_loglinear_Trametinib (GSK1120212)_10000_364-2-0,12.274583,5.489571,A549,Trametinib (GSK1120212),10000.0,nM,24.0,Trametinib (GSK1120212)_10000nM,original_loglinear
original_loglinear_Trametinib (GSK1120212)_10000_487-2-0,7.2921987,6.245962,A549,Trametinib (GSK1120212),10000.0,nM,24.0,Trametinib (GSK1120212)_10000nM,original_loglinear
original_loglinear_Trametinib (GSK1120212)_10000_25-2-0,0.13004021,6.058223,A549,Trametinib (GSK1120212),10000.0,nM,24.0,Trametinib (GSK1120212)_10000nM,original_loglinear
original_loglinear_Trametinib (GSK1120212)_10000_154-2-0,4.7490807,7.423024,A549,Trametinib (GSK1120212),10000.0,nM,24.0,Trametinib (GSK1120212)_10000nM,original_loglinear
original_loglinear_Trametinib (GSK1120212)_10000_269-2-0,7.267383,9.521205,A549,Trametinib (GSK1120212),10000.0,nM,24.0,Trametinib (GSK1120212)_10000nM,original_loglinear
original_loglinear_Trametinib (GSK1120212)_10000_361-2-0,4.438689,6.193743,A549,Trametinib (GSK1120212),10000.0,nM,24.0,Trametinib (GSK1120212)_10000nM,original_loglinear
original_loglinear_Trametinib (GSK1120212)_10000_444-2-0,4.126845,5.8894205,A549,Trametinib (GSK1120212),10000.0,nM,24.0,Trametinib (GSK1120212)_10000nM,original_loglinear
original_loglinear_Trametinib (GSK1120212)_10000_61-2-0,4.714207,10.116626,A549,Trametinib (GSK1120212),10000.0,nM,24.0,Trametinib (GSK1120212)_10000nM,original_loglinear
original_loglinear_Trametinib (GSK1120212)_10000_473-2-0,9.703265,7.1469846,A549,Trametinib (GSK1120212),10000.0,nM,24.0,Trametinib (GSK1120212)_10000nM,original_loglinear
original_loglinear_Trametinib (GSK1120212)_10000_174-2-0,1.7780063,8.623348,A549,Trametinib (GSK1120212),10000.0,nM,24.0,Trametinib (GSK1120212)_10000nM,original_loglinear
original_loglinear_Trametinib (GSK1120212)_10000_281-2-0,9.33942,8.435719,A549,Trametinib (GSK1120212),10000.0,nM,24.0,Trametinib (GSK1120212)_10000nM,original_loglinear
original_loglinear_Trametinib (GSK1120212)_10000_6-2-0,1.0129725,5.5473895,A549,Trametinib (GSK1120212),10000.0,nM,24.0,Trametinib (GSK1120212)_10000nM,original_loglinear
original_loglinear_Trametinib (GSK1120212)_10000_401-2-0,8.861993,8.13716,A549,Trametinib (GSK1120212),10000.0,nM,24.0,Trametinib (GSK1120212)_10000nM,original_loglinear
original_loglinear_Trametinib (GSK1120212)_10000_108-2-0,5.0006423,10.281054,A549,Trametinib (GSK1120212),10000.0,nM,24.0,Trametinib (GSK1120212)_10000nM,original_loglinear
original_loglinear_Trametinib (GSK1120212)_10000_158-2-0,3.5340385,7.5143466,A549,Trametinib (GSK1120212),10000.0,nM,24.0,Trametinib (GSK1120212)_10000nM,original_loglinear
original_loglinear_Trametinib (GSK1120212)_10000_380-2-0,1.2466562,7.396948,A549,Trametinib (GSK1120212),10000.0,nM,24.0,Trametinib (GSK1120212)_10000nM,original_loglinear
original_loglinear_Trametinib (GSK1120212)_10000_422-2-0,5.548641,4.685386,A549,Trametinib (GSK1120212),10000.0,nM,24.0,Trametinib (GSK1120212)_10000nM,original_loglinear
original_loglinear_Trametinib (GSK1120212)_10000_162-2-0,9.1874075,2.8769982,A549,Trametinib (GSK1120212),10000.0,nM,24.0,Trametinib (GSK1120212)_10000nM,original_loglinear
original_loglinear_Trametinib (GSK1120212)_10000_263-2-0,4.389326,9.1559,A549,Trametinib (GSK1120212),10000.0,nM,24.0,Trametinib (GSK1120212)_10000nM,original_loglinear
original_loglinear_Trametinib (GSK1120212)_10000_415-2-0,3.4527655,7.523554,A549,Trametinib (GSK1120212),10000.0,nM,24.0,Trametinib (GSK1120212)_10000nM,original_loglinear
original_loglinear_Trametinib (GSK1120212)_10000_16-2-0,0.52230644,6.4262342,A549,Trametinib (GSK1120212),10000.0,nM,24.0,Trametinib (GSK1120212)_10000nM,original_loglinear
original_loglinear_Trametinib (GSK1120212)_10000_96-2-0,4.526248,10.265025,A549,Trametinib (GSK1120212),10000.0,nM,24.0,Trametinib (GSK1120212)_10000nM,original_loglinear
original_loglinear_Trametinib (GSK1120212)_10000_337-2-0,2.6204252,5.7934384,A549,Trametinib (GSK1120212),10000.0,nM,24.0,Trametinib (GSK1120212)_10000nM,original_loglinear
original_loglinear_Trametinib (GSK1120212)_10000_36-2-0,8.937329,7.9266524,A549,Trametinib (GSK1120212),10000.0,nM,24.0,Trametinib (GSK1120212)_10000nM,original_loglinear
original_loglinear_Trametinib (GSK1120212)_10000_450-2-0,6.8596635,5.1226463,A549,Trametinib (GSK1120212),10000.0,nM,24.0,Trametinib (GSK1120212)_10000nM,original_loglinear
original_loglinear_Trametinib (GSK1120212)_10000_424-2-0,8.641106,3.5063846,A549,Trametinib (GSK1120212),10000.0,nM,24.0,Trametinib (GSK1120212)_10000nM,original_loglinear
original_loglinear_Trametinib (GSK1120212)_10000_206-2-0,4.5952578,6.234772,A549,Trametinib (GSK1120212),10000.0,nM,24.0,Trametinib (GSK1120212)_10000nM,original_loglinear
original_loglinear_Trametinib (GSK1120212)_10000_438-2-0,10.5363035,6.4023566,A549,Trametinib (GSK1120212),10000.0,nM,24.0,Trametinib (GSK1120212)_10000nM,original_loglinear
original_loglinear_Trametinib (GSK1120212)_10000_278-2-0,1.2963048,8.916348,A549,Trametinib (GSK1120212),10000.0,nM,24.0,Trametinib (GSK1120212)_10000nM,original_loglinear
original_loglinear_Trametinib (GSK1120212)_10000_351-2-0,12.149352,5.220319,A549,Trametinib (GSK1120212),10000.0,nM,24.0,Trametinib (GSK1120212)_10000nM,original_loglinear
original_loglinear_Trametinib (GSK1120212)_10000_426-2-0,6.1618075,4.0627713,A549,Trametinib (GSK1120212),10000.0,nM,24.0,Trametinib (GSK1120212)_10000nM,original_loglinear
original_loglinear_Trametinib (GSK1120212)_10000_235-2-0,5.3705373,9.209782,A549,Trametinib (GSK1120212),10000.0,nM,24.0,Trametinib (GSK1120212)_10000nM,original_loglinear
original_loglinear_Trametinib (GSK1120212)_10000_452-2-0,6.526788,2.9442909,A549,Trametinib (GSK1120212),10000.0,nM,24.0,Trametinib (GSK1120212)_10000nM,original_loglinear
original_loglinear_Trametinib (GSK1120212)_10000_15-2-0,5.4532204,10.33558,A549,Trametinib (GSK1120212),10000.0,nM,24.0,Trametinib (GSK1120212)_10000nM,original_loglinear
original_loglinear_Trametinib (GSK1120212)_10000_293-2-0,12.195542,8.017275,A549,Trametinib (GSK1120212),10000.0,nM,24.0,Trametinib (GSK1120212)_10000nM,original_loglinear
original_loglinear_Trametinib (GSK1120212)_10000_403-2-0,3.463192,3.7990527,A549,Trametinib (GSK1120212),10000.0,nM,24.0,Trametinib (GSK1120212)_10000nM,original_loglinear
original_loglinear_Trametinib (GSK1120212)_10000_196-2-0,0.16042857,6.4811087,A549,Trametinib (GSK1120212),10000.0,nM,24.0,Trametinib (GSK1120212)_10000nM,original_loglinear
original_loglinear_Trametinib (GSK1120212)_10000_117-2-0,2.7260973,9.391073,A549,Trametinib (GSK1120212),10000.0,nM,24.0,Trametinib (GSK1120212)_10000nM,original_loglinear
original_loglinear_Trametinib (GSK1120212)_10000_73-2-0,2.2356915,8.87131,A549,Trametinib (GSK1120212),10000.0,nM,24.0,Trametinib (GSK1120212)_10000nM,original_loglinear
original_loglinear_Trametinib (GSK1120212)_10000_219-2-0,5.3536396,5.3165298,A549,Trametinib (GSK1120212),10000.0,nM,24.0,Trametinib (GSK1120212)_10000nM,original_loglinear
C01_F10_RT_BC_326_Lig_BC_107-1-0,2.8774495,4.530676,A549,(+)-JQ1,10.0,nM,24.0,(+)-JQ1_10nM,true
B08_F10_RT_BC_381_Lig_BC_65-1-0,3.7898698,5.373106,A549,(+)-JQ1,10.0,nM,24.0,(+)-JQ1_10nM,true
H02_E09_RT_BC_179_Lig_BC_214-1-0,4.198901,7.7959805,A549,(+)-JQ1,10.0,nM,24.0,(+)-JQ1_10nM,true
E08_F10_RT_BC_308_Lig_BC_34-1-0,3.9751163,3.131876,A549,(+)-JQ1,10.0,nM,24.0,(+)-JQ1_10nM,true
C04_F10_RT_BC_208_Lig_BC_147-1-0,7.533564,3.1578438,A549,(+)-JQ1,10.0,nM,24.0,(+)-JQ1_10nM,true
D02_E09_RT_BC_234_Lig_BC_69-1-0,8.741018,7.704362,A549,(+)-JQ1,10.0,nM,24.0,(+)-JQ1_10nM,true
B10_F10_RT_BC_115_Lig_BC_13-1-0,7.146066,10.108293,A549,(+)-JQ1,10.0,nM,24.0,(+)-JQ1_10nM,true
G05_E09_RT_BC_86_Lig_BC_286-1-0,9.955823,4.712626,A549,(+)-JQ1,10.0,nM,24.0,(+)-JQ1_10nM,true
H10_E09_RT_BC_306_Lig_BC_371-1-0,11.475411,4.4941854,A549,(+)-JQ1,10.0,nM,24.0,(+)-JQ1_10nM,true
H05_E09_RT_BC_31_Lig_BC_54-1-0,10.456573,6.330752,A549,(+)-JQ1,10.0,nM,24.0,(+)-JQ1_10nM,true
C01_F10_RT_BC_282_Lig_BC_151-1-0,9.262953,3.4025364,A549,(+)-JQ1,10.0,nM,24.0,(+)-JQ1_10nM,true
D08_F10_RT_BC_75_Lig_BC_152-1-0,4.9883404,4.193418,A549,(+)-JQ1,10.0,nM,24.0,(+)-JQ1_10nM,true
A05_F10_RT_BC_21_Lig_BC_81-1-0,10.264921,4.386684,A549,(+)-JQ1,10.0,nM,24.0,(+)-JQ1_10nM,true
E09_F10_RT_BC_251_Lig_BC_186-1-0,3.4618495,4.432198,A549,(+)-JQ1,10.0,nM,24.0,(+)-JQ1_10nM,true
A03_F10_RT_BC_138_Lig_BC_297-1-0,12.297428,8.279072,A549,(+)-JQ1,10.0,nM,24.0,(+)-JQ1_10nM,true
A11_F10_RT_BC_29_Lig_BC_256-1-0,3.341286,3.6527743,A549,(+)-JQ1,10.0,nM,24.0,(+)-JQ1_10nM,true
B06_F10_RT_BC_71_Lig_BC_300-1-0,4.366554,10.233268,A549,(+)-JQ1,10.0,nM,24.0,(+)-JQ1_10nM,true
F02_F10_RT_BC_340_Lig_BC_300-1-0,8.767796,10.460192,A549,(+)-JQ1,10.0,nM,24.0,(+)-JQ1_10nM,true
H12_F10_RT_BC_220_Lig_BC_71-1-0,7.6892734,9.916545,A549,(+)-JQ1,10.0,nM,24.0,(+)-JQ1_10nM,true
C12_F10_RT_BC_325_Lig_BC_75-1-0,6.7478538,10.232231,A549,(+)-JQ1,10.0,nM,24.0,(+)-JQ1_10nM,true
F02_F10_RT_BC_237_Lig_BC_160-1-0,12.027827,7.7144523,A549,(+)-JQ1,10.0,nM,24.0,(+)-JQ1_10nM,true
E05_F10_RT_BC_336_Lig_BC_370-1-0,11.935833,7.983922,A549,(+)-JQ1,10.0,nM,24.0,(+)-JQ1_10nM,true
C05_F10_RT_BC_49_Lig_BC_351-1-0,0.80681217,6.9494987,A549,(+)-JQ1,10.0,nM,24.0,(+)-JQ1_10nM,true
C10_F10_RT_BC_245_Lig_BC_167-1-0,12.159477,8.88976,A549,(+)-JQ1,10.0,nM,24.0,(+)-JQ1_10nM,true
H12_F10_RT_BC_69_Lig_BC_324-1-0,3.8517275,4.72917,A549,(+)-JQ1,10.0,nM,24.0,(+)-JQ1_10nM,true
C09_F10_RT_BC_190_Lig_BC_193-1-0,11.975309,7.867005,A549,(+)-JQ1,10.0,nM,24.0,(+)-JQ1_10nM,true
E09_F10_RT_BC_6_Lig_BC_145-1-0,11.151594,3.7011628,A549,(+)-JQ1,10.0,nM,24.0,(+)-JQ1_10nM,true
D04_E09_RT_BC_44_Lig_BC_259-1-0,8.621487,3.7221935,A549,(+)-JQ1,10.0,nM,24.0,(+)-JQ1_10nM,true
A03_E09_RT_BC_50_Lig_BC_308-1-0,6.668121,6.210951,A549,(+)-JQ1,10.0,nM,24.0,(+)-JQ1_10nM,true
D03_E09_RT_BC_189_Lig_BC_280-1-0,8.3592415,10.703086,A549,(+)-JQ1,10.0,nM,24.0,(+)-JQ1_10nM,true
H09_E09_RT_BC_364_Lig_BC_282-1-0,10.596475,3.2573328,A549,(+)-JQ1,10.0,nM,24.0,(+)-JQ1_10nM,true
G08_E09_RT_BC_320_Lig_BC_60-1-0,8.727565,7.1344895,A549,(+)-JQ1,10.0,nM,24.0,(+)-JQ1_10nM,true
F02_E09_RT_BC_105_Lig_BC_33-1-0,6.5050626,3.1721208,A549,(+)-JQ1,10.0,nM,24.0,(+)-JQ1_10nM,true
H10_E09_RT_BC_263_Lig_BC_295-1-0,8.835987,1.8022336,A549,(+)-JQ1,10.0,nM,24.0,(+)-JQ1_10nM,true
E12_E09_RT_BC_263_Lig_BC_146-1-0,8.227403,10.888608,A549,(+)-JQ1,10.0,nM,24.0,(+)-JQ1_10nM,true
G12_E09_RT_BC_71_Lig_BC_9-1-0,10.467722,5.69301,A549,(+)-JQ1,10.0,nM,24.0,(+)-JQ1_10nM,true
B06_E09_RT_BC_333_Lig_BC_363-1-0,11.398885,4.416541,A549,(+)-JQ1,10.0,nM,24.0,(+)-JQ1_10nM,true
A06_E09_RT_BC_67_Lig_BC_114-1-0,8.951274,7.492205,A549,(+)-JQ1,10.0,nM,24.0,(+)-JQ1_10nM,true
F09_E09_RT_BC_264_Lig_BC_208-1-0,12.04766,5.1773615,A549,(+)-JQ1,10.0,nM,24.0,(+)-JQ1_10nM,true
C04_E09_RT_BC_345_Lig_BC_167-1-0,9.49853,2.4820933,A549,(+)-JQ1,10.0,nM,24.0,(+)-JQ1_10nM,true
C07_E09_RT_BC_16_Lig_BC_323-1-0,5.8695626,7.3368087,A549,(+)-JQ1,10.0,nM,24.0,(+)-JQ1_10nM,true
H12_F10_RT_BC_138_Lig_BC_256-1-0,8.754849,8.000502,A549,(+)-JQ1,10.0,nM,24.0,(+)-JQ1_10nM,true
H11_E09_RT_BC_209_Lig_BC_29-1-0,12.614841,7.5355425,A549,(+)-JQ1,10.0,nM,24.0,(+)-JQ1_10nM,true
C01_F10_RT_BC_369_Lig_BC_42-1-0,10.454599,3.2457588,A549,(+)-JQ1,10.0,nM,24.0,(+)-JQ1_10nM,true
C07_E09_RT_BC_214_Lig_BC_146-1-0,3.1040895,8.888293,A549,(+)-JQ1,10.0,nM,24.0,(+)-JQ1_10nM,true
A01_E09_RT_BC_103_Lig_BC_162-1-0,12.4726,7.994706,A549,(+)-JQ1,10.0,nM,24.0,(+)-JQ1_10nM,true
D09_F10_RT_BC_91_Lig_BC_256-1-0,11.598668,8.608631,A549,(+)-JQ1,10.0,nM,24.0,(+)-JQ1_10nM,true
G04_F10_RT_BC_298_Lig_BC_241-1-0,8.095314,6.742432,A549,(+)-JQ1,10.0,nM,24.0,(+)-JQ1_10nM,true
B12_F10_RT_BC_109_Lig_BC_152-1-0,9.583552,3.328962,A549,(+)-JQ1,10.0,nM,24.0,(+)-JQ1_10nM,true
E07_F10_RT_BC_330_Lig_BC_139-1-0,4.242575,4.912087,A549,(+)-JQ1,10.0,nM,24.0,(+)-JQ1_10nM,true
E01_F10_RT_BC_332_Lig_BC_211-1-0,5.747395,7.0668554,A549,(+)-JQ1,10.0,nM,24.0,(+)-JQ1_10nM,true
F10_F10_RT_BC_229_Lig_BC_265-1-0,10.443958,3.08481,A549,(+)-JQ1,10.0,nM,24.0,(+)-JQ1_10nM,true
B04_E09_RT_BC_374_Lig_BC_110-1-0,3.3669229,8.668108,A549,(+)-JQ1,10.0,nM,24.0,(+)-JQ1_10nM,true
G08_F10_RT_BC_85_Lig_BC_154-1-0,9.917505,5.543485,A549,(+)-JQ1,10.0,nM,24.0,(+)-JQ1_10nM,true
F05_F10_RT_BC_332_Lig_BC_220-1-0,12.050594,8.603901,A549,(+)-JQ1,10.0,nM,24.0,(+)-JQ1_10nM,true
G12_F10_RT_BC_217_Lig_BC_359-1-0,10.283925,3.3801162,A549,(+)-JQ1,10.0,nM,24.0,(+)-JQ1_10nM,true
E08_E09_RT_BC_313_Lig_BC_259-1-0,9.304889,4.3257856,A549,(+)-JQ1,10.0,nM,24.0,(+)-JQ1_10nM,true
A07_E09_RT_BC_134_Lig_BC_266-1-0,4.974143,3.483941,A549,(+)-JQ1,10.0,nM,24.0,(+)-JQ1_10nM,true
F07_F10_RT_BC_256_Lig_BC_175-1-0,11.393111,7.8058043,A549,(+)-JQ1,10.0,nM,24.0,(+)-JQ1_10nM,true
G11_E09_RT_BC_260_Lig_BC_127-1-0,12.300028,8.28362,A549,(+)-JQ1,10.0,nM,24.0,(+)-JQ1_10nM,true
H02_F10_RT_BC_242_Lig_BC_148-1-0,4.395923,5.7544413,A549,(+)-JQ1,10.0,nM,24.0,(+)-JQ1_10nM,true
H03_E09_RT_BC_39_Lig_BC_53-1-0,4.071049,7.159058,A549,(+)-JQ1,10.0,nM,24.0,(+)-JQ1_10nM,true
B03_F10_RT_BC_181_Lig_BC_376-1-0,10.160658,8.054225,A549,(+)-JQ1,10.0,nM,24.0,(+)-JQ1_10nM,true
E02_F10_RT_BC_187_Lig_BC_323-1-0,9.289321,5.457276,A549,(+)-JQ1,10.0,nM,24.0,(+)-JQ1_10nM,true
H05_E09_RT_BC_171_Lig_BC_216-1-0,7.6649117,9.410276,A549,(+)-JQ1,10.0,nM,24.0,(+)-JQ1_10nM,true
E11_F10_RT_BC_138_Lig_BC_314-1-0,11.328168,7.8661394,A549,(+)-JQ1,10.0,nM,24.0,(+)-JQ1_10nM,true
B02_E09_RT_BC_238_Lig_BC_51-1-0,11.855102,4.798284,A549,(+)-JQ1,10.0,nM,24.0,(+)-JQ1_10nM,true
A02_F10_RT_BC_325_Lig_BC_50-1-0,5.86034,9.183488,A549,(+)-JQ1,10.0,nM,24.0,(+)-JQ1_10nM,true
A03_E09_RT_BC_121_Lig_BC_14-1-0,4.3038216,9.837069,A549,(+)-JQ1,10.0,nM,24.0,(+)-JQ1_10nM,true
E02_E09_RT_BC_266_Lig_BC_43-1-0,7.689675,9.86121,A549,(+)-JQ1,10.0,nM,24.0,(+)-JQ1_10nM,true
C02_E09_RT_BC_248_Lig_BC_153-1-0,3.1494837,4.8547583,A549,(+)-JQ1,10.0,nM,24.0,(+)-JQ1_10nM,true
D01_E09_RT_BC_201_Lig_BC_370-1-0,11.537465,8.270592,A549,(+)-JQ1,10.0,nM,24.0,(+)-JQ1_10nM,true
C02_E09_RT_BC_18_Lig_BC_376-1-0,5.8286815,4.336143,A549,(+)-JQ1,10.0,nM,24.0,(+)-JQ1_10nM,true
C10_F10_RT_BC_131_Lig_BC_340-1-0,8.90088,3.7126634,A549,(+)-JQ1,10.0,nM,24.0,(+)-JQ1_10nM,true
G09_E09_RT_BC_127_Lig_BC_5-1-0,4.199054,5.9101105,A549,(+)-JQ1,10.0,nM,24.0,(+)-JQ1_10nM,true
G08_E09_RT_BC_275_Lig_BC_303-1-0,2.713113,4.7949653,A549,(+)-JQ1,10.0,nM,24.0,(+)-JQ1_10nM,true
G07_F10_RT_BC_324_Lig_BC_168-1-0,8.799209,6.9345865,A549,(+)-JQ1,10.0,nM,24.0,(+)-JQ1_10nM,true
H06_F10_RT_BC_210_Lig_BC_186-1-0,9.441628,5.9951367,A549,(+)-JQ1,10.0,nM,24.0,(+)-JQ1_10nM,true
F07_E09_RT_BC_272_Lig_BC_298-1-0,8.153017,2.142874,A549,(+)-JQ1,10.0,nM,24.0,(+)-JQ1_10nM,true
B04_E09_RT_BC_114_Lig_BC_141-1-0,10.32791,4.673405,A549,(+)-JQ1,10.0,nM,24.0,(+)-JQ1_10nM,true
C12_F10_RT_BC_137_Lig_BC_160-1-0,9.20104,9.674109,A549,(+)-JQ1,100.0,nM,24.0,(+)-JQ1_100nM,true
D02_E09_RT_BC_327_Lig_BC_29-1-0,6.5947895,4.887252,A549,(+)-JQ1,100.0,nM,24.0,(+)-JQ1_100nM,true
D07_E09_RT_BC_374_Lig_BC_322-1-0,3.432901,8.353716,A549,(+)-JQ1,100.0,nM,24.0,(+)-JQ1_100nM,true
F11_E09_RT_BC_219_Lig_BC_126-1-0,3.7463233,4.803175,A549,(+)-JQ1,100.0,nM,24.0,(+)-JQ1_100nM,true
H12_E09_RT_BC_174_Lig_BC_198-1-0,7.714794,7.508548,A549,(+)-JQ1,100.0,nM,24.0,(+)-JQ1_100nM,true
H11_F10_RT_BC_366_Lig_BC_293-1-0,10.257482,7.348654,A549,(+)-JQ1,100.0,nM,24.0,(+)-JQ1_100nM,true
G08_F10_RT_BC_349_Lig_BC_319-1-0,8.940789,4.36464,A549,(+)-JQ1,100.0,nM,24.0,(+)-JQ1_100nM,true
G08_F10_RT_BC_200_Lig_BC_206-1-0,8.127163,3.150177,A549,(+)-JQ1,100.0,nM,24.0,(+)-JQ1_100nM,true
B01_E09_RT_BC_45_Lig_BC_335-1-0,2.8602452,6.279569,A549,(+)-JQ1,100.0,nM,24.0,(+)-JQ1_100nM,true
G11_E09_RT_BC_14_Lig_BC_244-1-0,7.524186,3.8089838,A549,(+)-JQ1,100.0,nM,24.0,(+)-JQ1_100nM,true
C08_F10_RT_BC_336_Lig_BC_160-1-0,6.0171027,6.3574123,A549,(+)-JQ1,100.0,nM,24.0,(+)-JQ1_100nM,true
F02_E09_RT_BC_148_Lig_BC_104-1-0,9.039522,4.657346,A549,(+)-JQ1,100.0,nM,24.0,(+)-JQ1_100nM,true
E12_E09_RT_BC_76_Lig_BC_108-1-0,4.3303905,8.3528385,A549,(+)-JQ1,100.0,nM,24.0,(+)-JQ1_100nM,true
G10_F10_RT_BC_275_Lig_BC_96-1-0,11.584252,7.813303,A549,(+)-JQ1,100.0,nM,24.0,(+)-JQ1_100nM,true
F10_F10_RT_BC_227_Lig_BC_289-1-0,10.257112,5.110042,A549,(+)-JQ1,100.0,nM,24.0,(+)-JQ1_100nM,true
H08_F10_RT_BC_368_Lig_BC_227-1-0,8.664568,1.7325271,A549,(+)-JQ1,100.0,nM,24.0,(+)-JQ1_100nM,true
H11_F10_RT_BC_18_Lig_BC_15-1-0,3.0036635,3.9506104,A549,(+)-JQ1,100.0,nM,24.0,(+)-JQ1_100nM,true
F02_E09_RT_BC_284_Lig_BC_316-1-0,4.4999065,3.7012222,A549,(+)-JQ1,100.0,nM,24.0,(+)-JQ1_100nM,true
A07_F10_RT_BC_23_Lig_BC_366-1-0,6.6476665,7.8830447,A549,(+)-JQ1,100.0,nM,24.0,(+)-JQ1_100nM,true
B07_F10_RT_BC_215_Lig_BC_127-1-0,4.053338,7.3989706,A549,(+)-JQ1,100.0,nM,24.0,(+)-JQ1_100nM,true
G05_F10_RT_BC_283_Lig_BC_242-1-0,4.436113,4.245889,A549,(+)-JQ1,100.0,nM,24.0,(+)-JQ1_100nM,true
D03_E09_RT_BC_235_Lig_BC_332-1-0,5.5071025,4.1268053,A549,(+)-JQ1,100.0,nM,24.0,(+)-JQ1_100nM,true
A04_E09_RT_BC_319_Lig_BC_252-1-0,3.7982206,8.573426,A549,(+)-JQ1,100.0,nM,24.0,(+)-JQ1_100nM,true
C06_E09_RT_BC_236_Lig_BC_366-1-0,5.5467224,9.86529,A549,(+)-JQ1,100.0,nM,24.0,(+)-JQ1_100nM,true
F06_E09_RT_BC_153_Lig_BC_97-1-0,7.0114446,4.5169544,A549,(+)-JQ1,100.0,nM,24.0,(+)-JQ1_100nM,true
F01_F10_RT_BC_97_Lig_BC_299-1-0,2.15227,5.732814,A549,(+)-JQ1,100.0,nM,24.0,(+)-JQ1_100nM,true
E01_E09_RT_BC_167_Lig_BC_292-1-0,8.895197,4.2611504,A549,(+)-JQ1,100.0,nM,24.0,(+)-JQ1_100nM,true
C06_F10_RT_BC_19_Lig_BC_284-1-0,8.088855,5.4531136,A549,(+)-JQ1,100.0,nM,24.0,(+)-JQ1_100nM,true
C07_F10_RT_BC_376_Lig_BC_205-1-0,2.9269,4.0875263,A549,(+)-JQ1,100.0,nM,24.0,(+)-JQ1_100nM,true
A10_E09_RT_BC_86_Lig_BC_286-1-0,3.860258,3.736981,A549,(+)-JQ1,100.0,nM,24.0,(+)-JQ1_100nM,true
E05_E09_RT_BC_217_Lig_BC_262-1-0,1.8670875,5.7755265,A549,(+)-JQ1,100.0,nM,24.0,(+)-JQ1_100nM,true
C02_E09_RT_BC_243_Lig_BC_154-1-0,6.5145326,5.9141593,A549,(+)-JQ1,100.0,nM,24.0,(+)-JQ1_100nM,true
B07_E09_RT_BC_20_Lig_BC_172-1-0,8.318385,6.4264197,A549,(+)-JQ1,100.0,nM,24.0,(+)-JQ1_100nM,true
A03_F10_RT_BC_30_Lig_BC_322-1-0,9.048368,2.5331266,A549,(+)-JQ1,100.0,nM,24.0,(+)-JQ1_100nM,true
B04_F10_RT_BC_165_Lig_BC_210-1-0,5.5157375,7.491228,A549,(+)-JQ1,100.0,nM,24.0,(+)-JQ1_100nM,true
H10_E09_RT_BC_255_Lig_BC_101-1-0,10.85914,9.328669,A549,(+)-JQ1,100.0,nM,24.0,(+)-JQ1_100nM,true
A03_F10_RT_BC_70_Lig_BC_164-1-0,8.480349,3.5678988,A549,(+)-JQ1,100.0,nM,24.0,(+)-JQ1_100nM,true
C10_F10_RT_BC_186_Lig_BC_208-1-0,3.9273372,4.989707,A549,(+)-JQ1,100.0,nM,24.0,(+)-JQ1_100nM,true
H05_F10_RT_BC_254_Lig_BC_101-1-0,6.98823,8.099065,A549,(+)-JQ1,100.0,nM,24.0,(+)-JQ1_100nM,true
G03_F10_RT_BC_185_Lig_BC_141-1-0,12.457524,4.944917,A549,(+)-JQ1,100.0,nM,24.0,(+)-JQ1_100nM,true
A04_F10_RT_BC_326_Lig_BC_376-1-0,4.731713,2.74041,A549,(+)-JQ1,100.0,nM,24.0,(+)-JQ1_100nM,true
F02_E09_RT_BC_378_Lig_BC_371-1-0,9.923772,6.823807,A549,(+)-JQ1,100.0,nM,24.0,(+)-JQ1_100nM,true
F11_E09_RT_BC_302_Lig_BC_305-1-0,12.059495,4.910686,A549,(+)-JQ1,100.0,nM,24.0,(+)-JQ1_100nM,true
E09_F10_RT_BC_22_Lig_BC_210-1-0,6.6226907,2.7279937,A549,(+)-JQ1,100.0,nM,24.0,(+)-JQ1_100nM,true
C01_E09_RT_BC_255_Lig_BC_221-1-0,6.0402417,6.223993,A549,(+)-JQ1,100.0,nM,24.0,(+)-JQ1_100nM,true
E02_E09_RT_BC_379_Lig_BC_237-1-0,12.599225,5.4149365,A549,(+)-JQ1,100.0,nM,24.0,(+)-JQ1_100nM,true
A06_E09_RT_BC_145_Lig_BC_146-1-0,12.377512,8.178529,A549,(+)-JQ1,100.0,nM,24.0,(+)-JQ1_100nM,true
G04_E09_RT_BC_366_Lig_BC_24-1-0,3.878798,7.1708093,A549,(+)-JQ1,100.0,nM,24.0,(+)-JQ1_100nM,true
H08_E09_RT_BC_235_Lig_BC_249-1-0,7.505985,6.2499976,A549,(+)-JQ1,100.0,nM,24.0,(+)-JQ1_100nM,true
G06_F10_RT_BC_365_Lig_BC_220-1-0,5.6578975,4.918406,A549,(+)-JQ1,100.0,nM,24.0,(+)-JQ1_100nM,true
D01_E09_RT_BC_33_Lig_BC_21-1-0,6.3609214,9.664335,A549,(+)-JQ1,100.0,nM,24.0,(+)-JQ1_100nM,true
B05_F10_RT_BC_103_Lig_BC_218-1-0,4.8403077,3.708103,A549,(+)-JQ1,100.0,nM,24.0,(+)-JQ1_100nM,true
E11_F10_RT_BC_170_Lig_BC_188-1-0,4.2600646,6.7741046,A549,(+)-JQ1,100.0,nM,24.0,(+)-JQ1_100nM,true
E07_E09_RT_BC_254_Lig_BC_54-1-0,12.246031,8.59394,A549,(+)-JQ1,100.0,nM,24.0,(+)-JQ1_100nM,true
B01_E09_RT_BC_253_Lig_BC_122-1-0,4.962802,4.4864416,A549,(+)-JQ1,100.0,nM,24.0,(+)-JQ1_100nM,true
A12_F10_RT_BC_194_Lig_BC_158-1-0,6.0001497,5.256227,A549,(+)-JQ1,100.0,nM,24.0,(+)-JQ1_100nM,true
D05_E09_RT_BC_132_Lig_BC_6-1-0,7.9112906,7.1572895,A549,(+)-JQ1,100.0,nM,24.0,(+)-JQ1_100nM,true
H11_E09_RT_BC_54_Lig_BC_287-1-0,10.525686,4.638239,A549,(+)-JQ1,100.0,nM,24.0,(+)-JQ1_100nM,true
G10_F10_RT_BC_142_Lig_BC_103-1-0,3.4645727,3.9518843,A549,(+)-JQ1,100.0,nM,24.0,(+)-JQ1_100nM,true
A06_E09_RT_BC_105_Lig_BC_154-1-0,6.498077,9.676354,A549,(+)-JQ1,100.0,nM,24.0,(+)-JQ1_100nM,true
F11_F10_RT_BC_30_Lig_BC_114-1-0,11.896385,8.134295,A549,(+)-JQ1,100.0,nM,24.0,(+)-JQ1_100nM,true
H11_E09_RT_BC_201_Lig_BC_312-1-0,12.092279,5.8387036,A549,(+)-JQ1,100.0,nM,24.0,(+)-JQ1_100nM,true
D03_E09_RT_BC_342_Lig_BC_303-1-0,6.6383686,4.5718126,A549,(+)-JQ1,100.0,nM,24.0,(+)-JQ1_100nM,true
D01_E09_RT_BC_51_Lig_BC_148-1-0,12.27254,8.82182,A549,(+)-JQ1,100.0,nM,24.0,(+)-JQ1_100nM,true
G01_F10_RT_BC_291_Lig_BC_140-1-0,6.4296584,4.297505,A549,(+)-JQ1,100.0,nM,24.0,(+)-JQ1_100nM,true
B01_E09_RT_BC_339_Lig_BC_28-1-0,3.865505,4.057589,A549,(+)-JQ1,100.0,nM,24.0,(+)-JQ1_100nM,true
B06_F10_RT_BC_375_Lig_BC_178-1-0,10.788694,4.0354204,A549,(+)-JQ1,100.0,nM,24.0,(+)-JQ1_100nM,true
G11_F10_RT_BC_307_Lig_BC_306-1-0,7.3608956,5.7071476,A549,(+)-JQ1,100.0,nM,24.0,(+)-JQ1_100nM,true
D09_F10_RT_BC_364_Lig_BC_249-1-0,7.892419,3.0481858,A549,(+)-JQ1,100.0,nM,24.0,(+)-JQ1_100nM,true
H09_E09_RT_BC_16_Lig_BC_69-1-0,8.489159,10.523372,A549,(+)-JQ1,100.0,nM,24.0,(+)-JQ1_100nM,true
D09_F10_RT_BC_103_Lig_BC_178-1-0,7.7910986,9.619714,A549,(+)-JQ1,100.0,nM,24.0,(+)-JQ1_100nM,true
F12_F10_RT_BC_210_Lig_BC_54-1-0,9.3473425,7.11871,A549,(+)-JQ1,100.0,nM,24.0,(+)-JQ1_100nM,true
G09_E09_RT_BC_33_Lig_BC_128-1-0,9.378435,2.949696,A549,(+)-JQ1,100.0,nM,24.0,(+)-JQ1_100nM,true
C07_E09_RT_BC_370_Lig_BC_328-1-0,10.584766,3.8505268,A549,(+)-JQ1,100.0,nM,24.0,(+)-JQ1_100nM,true
B09_F10_RT_BC_246_Lig_BC_11-1-0,3.1495326,4.6053333,A549,(+)-JQ1,100.0,nM,24.0,(+)-JQ1_100nM,true
C01_F10_RT_BC_47_Lig_BC_202-1-0,10.420259,5.81324,A549,(+)-JQ1,100.0,nM,24.0,(+)-JQ1_100nM,true
D04_E09_RT_BC_275_Lig_BC_195-1-0,12.119281,4.8366666,A549,(+)-JQ1,100.0,nM,24.0,(+)-JQ1_100nM,true
C03_E09_RT_BC_112_Lig_BC_43-1-0,7.9432583,7.206902,A549,(+)-JQ1,100.0,nM,24.0,(+)-JQ1_100nM,true
G06_F10_RT_BC_352_Lig_BC_126-1-0,3.8409069,3.4477682,A549,(+)-JQ1,100.0,nM,24.0,(+)-JQ1_100nM,true
C01_F10_RT_BC_368_Lig_BC_296-1-0,11.277033,4.6801825,A549,(+)-JQ1,100.0,nM,24.0,(+)-JQ1_100nM,true
C09_E09_RT_BC_236_Lig_BC_294-1-0,4.0009046,4.2201624,A549,(+)-JQ1,1000.0,nM,24.0,(+)-JQ1_1000nM,true
D10_E09_RT_BC_365_Lig_BC_366-1-0,5.4800844,7.841978,A549,(+)-JQ1,1000.0,nM,24.0,(+)-JQ1_1000nM,true
D04_F10_RT_BC_134_Lig_BC_168-1-0,7.837909,7.9045734,A549,(+)-JQ1,1000.0,nM,24.0,(+)-JQ1_1000nM,true
A05_F10_RT_BC_383_Lig_BC_345-1-0,8.265399,5.6593385,A549,(+)-JQ1,1000.0,nM,24.0,(+)-JQ1_1000nM,true
B08_E09_RT_BC_237_Lig_BC_334-1-0,5.014252,4.343492,A549,(+)-JQ1,1000.0,nM,24.0,(+)-JQ1_1000nM,true
E07_E09_RT_BC_195_Lig_BC_181-1-0,2.7815652,4.6603384,A549,(+)-JQ1,1000.0,nM,24.0,(+)-JQ1_1000nM,true
E07_E09_RT_BC_232_Lig_BC_171-1-0,4.4067044,2.9261253,A549,(+)-JQ1,1000.0,nM,24.0,(+)-JQ1_1000nM,true
A05_F10_RT_BC_165_Lig_BC_10-1-0,7.9940476,6.147024,A549,(+)-JQ1,1000.0,nM,24.0,(+)-JQ1_1000nM,true
H10_E09_RT_BC_353_Lig_BC_344-1-0,3.1223857,3.4099553,A549,(+)-JQ1,1000.0,nM,24.0,(+)-JQ1_1000nM,true
B05_F10_RT_BC_99_Lig_BC_212-1-0,0.25704202,6.038847,A549,(+)-JQ1,1000.0,nM,24.0,(+)-JQ1_1000nM,true
A08_E09_RT_BC_217_Lig_BC_221-1-0,6.512629,3.4389553,A549,(+)-JQ1,1000.0,nM,24.0,(+)-JQ1_1000nM,true
B01_E09_RT_BC_213_Lig_BC_253-1-0,4.0740395,3.5451953,A549,(+)-JQ1,1000.0,nM,24.0,(+)-JQ1_1000nM,true
E09_E09_RT_BC_313_Lig_BC_338-1-0,0.014951429,6.745389,A549,(+)-JQ1,1000.0,nM,24.0,(+)-JQ1_1000nM,true
D05_F10_RT_BC_112_Lig_BC_131-1-0,4.5020337,4.762713,A549,(+)-JQ1,1000.0,nM,24.0,(+)-JQ1_1000nM,true
H02_E09_RT_BC_135_Lig_BC_74-1-0,8.047578,7.5641723,A549,(+)-JQ1,1000.0,nM,24.0,(+)-JQ1_1000nM,true
D11_F10_RT_BC_127_Lig_BC_160-1-0,5.350057,4.1798344,A549,(+)-JQ1,1000.0,nM,24.0,(+)-JQ1_1000nM,true
A09_E09_RT_BC_46_Lig_BC_142-1-0,0.96042925,6.2344723,A549,(+)-JQ1,1000.0,nM,24.0,(+)-JQ1_1000nM,true
B09_E09_RT_BC_166_Lig_BC_59-1-0,5.6961794,5.798735,A549,(+)-JQ1,1000.0,nM,24.0,(+)-JQ1_1000nM,true
F05_F10_RT_BC_78_Lig_BC_21-1-0,2.9244366,5.634909,A549,(+)-JQ1,1000.0,nM,24.0,(+)-JQ1_1000nM,true
G08_F10_RT_BC_324_Lig_BC_191-1-0,6.5115423,6.285375,A549,(+)-JQ1,1000.0,nM,24.0,(+)-JQ1_1000nM,true
H03_E09_RT_BC_309_Lig_BC_100-1-0,8.588352,5.331342,A549,(+)-JQ1,1000.0,nM,24.0,(+)-JQ1_1000nM,true
A05_F10_RT_BC_152_Lig_BC_270-1-0,8.12354,6.299543,A549,(+)-JQ1,1000.0,nM,24.0,(+)-JQ1_1000nM,true
D04_F10_RT_BC_353_Lig_BC_363-1-0,3.9772835,3.899074,A549,(+)-JQ1,1000.0,nM,24.0,(+)-JQ1_1000nM,true
F11_F10_RT_BC_357_Lig_BC_146-1-0,5.860349,5.417519,A549,(+)-JQ1,1000.0,nM,24.0,(+)-JQ1_1000nM,true
A02_F10_RT_BC_127_Lig_BC_265-1-0,5.448453,2.8588424,A549,(+)-JQ1,1000.0,nM,24.0,(+)-JQ1_1000nM,true
A05_F10_RT_BC_150_Lig_BC_234-1-0,8.203782,2.748444,A549,(+)-JQ1,1000.0,nM,24.0,(+)-JQ1_1000nM,true
B05_F10_RT_BC_343_Lig_BC_284-1-0,4.922117,5.0860724,A549,(+)-JQ1,1000.0,nM,24.0,(+)-JQ1_1000nM,true
F07_F10_RT_BC_270_Lig_BC_238-1-0,6.037981,3.131652,A549,(+)-JQ1,1000.0,nM,24.0,(+)-JQ1_1000nM,true
F04_F10_RT_BC_173_Lig_BC_145-1-0,9.375433,5.862237,A549,(+)-JQ1,1000.0,nM,24.0,(+)-JQ1_1000nM,true
E08_E09_RT_BC_183_Lig_BC_134-1-0,7.948903,5.818039,A549,(+)-JQ1,1000.0,nM,24.0,(+)-JQ1_1000nM,true
A07_F10_RT_BC_384_Lig_BC_115-1-0,1.8764085,6.5221395,A549,(+)-JQ1,1000.0,nM,24.0,(+)-JQ1_1000nM,true
F03_F10_RT_BC_41_Lig_BC_221-1-0,1.0180414,7.5950828,A549,(+)-JQ1,1000.0,nM,24.0,(+)-JQ1_1000nM,true
B02_E09_RT_BC_16_Lig_BC_17-1-0,5.7867455,3.7678394,A549,(+)-JQ1,1000.0,nM,24.0,(+)-JQ1_1000nM,true
B01_E09_RT_BC_198_Lig_BC_94-1-0,5.3733644,8.856991,A549,(+)-JQ1,1000.0,nM,24.0,(+)-JQ1_1000nM,true
B04_E09_RT_BC_181_Lig_BC_93-1-0,4.620864,6.2909627,A549,(+)-JQ1,1000.0,nM,24.0,(+)-JQ1_1000nM,true
F12_E09_RT_BC_248_Lig_BC_356-1-0,6.018307,8.645004,A549,(+)-JQ1,1000.0,nM,24.0,(+)-JQ1_1000nM,true
A05_F10_RT_BC_229_Lig_BC_260-1-0,2.6069424,4.9727015,A549,(+)-JQ1,1000.0,nM,24.0,(+)-JQ1_1000nM,true
D01_E09_RT_BC_217_Lig_BC_302-1-0,7.4294577,2.6637397,A549,(+)-JQ1,1000.0,nM,24.0,(+)-JQ1_1000nM,true
C09_E09_RT_BC_5_Lig_BC_40-1-0,4.093335,6.5042353,A549,(+)-JQ1,1000.0,nM,24.0,(+)-JQ1_1000nM,true
C06_F10_RT_BC_314_Lig_BC_54-1-0,9.361616,4.62566,A549,(+)-JQ1,1000.0,nM,24.0,(+)-JQ1_1000nM,true
E10_F10_RT_BC_28_Lig_BC_155-1-0,10.468245,3.9199972,A549,(+)-JQ1,1000.0,nM,24.0,(+)-JQ1_1000nM,true
B02_E09_RT_BC_136_Lig_BC_383-1-0,5.626659,8.050964,A549,(+)-JQ1,1000.0,nM,24.0,(+)-JQ1_1000nM,true
G01_E09_RT_BC_356_Lig_BC_21-1-0,7.5311766,6.6183167,A549,(+)-JQ1,1000.0,nM,24.0,(+)-JQ1_1000nM,true
D11_F10_RT_BC_167_Lig_BC_322-1-0,6.5774703,7.4731655,A549,(+)-JQ1,1000.0,nM,24.0,(+)-JQ1_1000nM,true
E06_E09_RT_BC_104_Lig_BC_271-1-0,8.223788,6.416957,A549,(+)-JQ1,1000.0,nM,24.0,(+)-JQ1_1000nM,true
F08_E09_RT_BC_126_Lig_BC_34-1-0,7.096397,10.004512,A549,(+)-JQ1,1000.0,nM,24.0,(+)-JQ1_1000nM,true
B06_F10_RT_BC_271_Lig_BC_261-1-0,4.2425933,4.498141,A549,(+)-JQ1,1000.0,nM,24.0,(+)-JQ1_1000nM,true
A09_F10_RT_BC_182_Lig_BC_160-1-0,8.255757,5.4170256,A549,(+)-JQ1,1000.0,nM,24.0,(+)-JQ1_1000nM,true
D06_F10_RT_BC_266_Lig_BC_371-1-0,6.2568583,4.3433533,A549,(+)-JQ1,1000.0,nM,24.0,(+)-JQ1_1000nM,true
G04_E09_RT_BC_370_Lig_BC_291-1-0,3.783038,4.584637,A549,(+)-JQ1,1000.0,nM,24.0,(+)-JQ1_1000nM,true
H02_F10_RT_BC_335_Lig_BC_190-1-0,4.351834,4.5929084,A549,(+)-JQ1,1000.0,nM,24.0,(+)-JQ1_1000nM,true
A08_E09_RT_BC_149_Lig_BC_272-1-0,1.5904982,6.147489,A549,(+)-JQ1,1000.0,nM,24.0,(+)-JQ1_1000nM,true
E12_F10_RT_BC_186_Lig_BC_33-1-0,7.5494633,6.014199,A549,(+)-JQ1,1000.0,nM,24.0,(+)-JQ1_1000nM,true
E10_F10_RT_BC_19_Lig_BC_126-1-0,8.189726,3.1016505,A549,(+)-JQ1,1000.0,nM,24.0,(+)-JQ1_1000nM,true
B04_E09_RT_BC_87_Lig_BC_337-1-0,3.450088,3.6210592,A549,(+)-JQ1,1000.0,nM,24.0,(+)-JQ1_1000nM,true
B04_E09_RT_BC_348_Lig_BC_238-1-0,6.7327104,6.8520184,A549,(+)-JQ1,1000.0,nM,24.0,(+)-JQ1_1000nM,true
A06_F10_RT_BC_218_Lig_BC_104-1-0,6.8262496,5.96012,A549,(+)-JQ1,1000.0,nM,24.0,(+)-JQ1_1000nM,true
C06_F10_RT_BC_327_Lig_BC_256-1-0,4.3561535,4.6393223,A549,(+)-JQ1,1000.0,nM,24.0,(+)-JQ1_1000nM,true
C10_F10_RT_BC_308_Lig_BC_198-1-0,9.065846,6.328315,A549,(+)-JQ1,1000.0,nM,24.0,(+)-JQ1_1000nM,true
F07_F10_RT_BC_241_Lig_BC_284-1-0,1.9926351,5.224788,A549,(+)-JQ1,1000.0,nM,24.0,(+)-JQ1_1000nM,true
F07_E09_RT_BC_270_Lig_BC_171-1-0,2.7676077,5.6477346,A549,(+)-JQ1,1000.0,nM,24.0,(+)-JQ1_1000nM,true
E10_F10_RT_BC_243_Lig_BC_138-1-0,4.5520763,5.886886,A549,(+)-JQ1,1000.0,nM,24.0,(+)-JQ1_1000nM,true
H01_E09_RT_BC_270_Lig_BC_254-1-0,8.782811,4.12994,A549,(+)-JQ1,1000.0,nM,24.0,(+)-JQ1_1000nM,true
E01_E09_RT_BC_367_Lig_BC_5-1-0,12.419054,8.2454195,A549,(+)-JQ1,1000.0,nM,24.0,(+)-JQ1_1000nM,true
G04_E09_RT_BC_371_Lig_BC_230-1-0,2.0011015,5.3699913,A549,(+)-JQ1,1000.0,nM,24.0,(+)-JQ1_1000nM,true
D08_F10_RT_BC_123_Lig_BC_323-1-0,9.269666,4.7770467,A549,(+)-JQ1,1000.0,nM,24.0,(+)-JQ1_1000nM,true
E12_F10_RT_BC_19_Lig_BC_197-1-0,6.926644,7.2097974,A549,(+)-JQ1,1000.0,nM,24.0,(+)-JQ1_1000nM,true
G05_E09_RT_BC_211_Lig_BC_52-1-0,9.229627,6.357051,A549,(+)-JQ1,1000.0,nM,24.0,(+)-JQ1_1000nM,true
C05_F10_RT_BC_348_Lig_BC_369-1-0,9.677184,4.9921026,A549,(+)-JQ1,1000.0,nM,24.0,(+)-JQ1_1000nM,true
H10_E09_RT_BC_181_Lig_BC_42-1-0,5.8385363,7.3854823,A549,(+)-JQ1,1000.0,nM,24.0,(+)-JQ1_1000nM,true
F10_E09_RT_BC_354_Lig_BC_172-1-0,6.418109,2.2717927,A549,(+)-JQ1,1000.0,nM,24.0,(+)-JQ1_1000nM,true
A06_F10_RT_BC_171_Lig_BC_60-1-0,8.893223,5.4758744,A549,(+)-JQ1,1000.0,nM,24.0,(+)-JQ1_1000nM,true
B10_E09_RT_BC_55_Lig_BC_129-1-0,9.004291,5.684063,A549,(+)-JQ1,1000.0,nM,24.0,(+)-JQ1_1000nM,true
B09_F10_RT_BC_55_Lig_BC_9-1-0,8.487719,3.8486242,A549,(+)-JQ1,1000.0,nM,24.0,(+)-JQ1_1000nM,true
C05_F10_RT_BC_176_Lig_BC_337-1-0,7.781694,6.83258,A549,(+)-JQ1,1000.0,nM,24.0,(+)-JQ1_1000nM,true
A08_E09_RT_BC_46_Lig_BC_106-1-0,3.667545,5.68018,A549,(+)-JQ1,1000.0,nM,24.0,(+)-JQ1_1000nM,true
E08_F10_RT_BC_67_Lig_BC_29-1-0,8.669154,6.6069245,A549,(+)-JQ1,1000.0,nM,24.0,(+)-JQ1_1000nM,true
E02_E09_RT_BC_196_Lig_BC_31-1-0,7.772047,6.2144465,A549,(+)-JQ1,1000.0,nM,24.0,(+)-JQ1_1000nM,true
C03_F10_RT_BC_289_Lig_BC_305-1-0,8.328684,6.316085,A549,(+)-JQ1,1000.0,nM,24.0,(+)-JQ1_1000nM,true
F03_E09_RT_BC_352_Lig_BC_260-1-0,7.8945336,4.1350584,A549,(+)-JQ1,1000.0,nM,24.0,(+)-JQ1_1000nM,true
A01_E09_RT_BC_49_Lig_BC_357-1-0,12.296308,6.275742,A549,(+)-JQ1,10000.0,nM,24.0,(+)-JQ1_10000nM,true
A12_E09_RT_BC_118_Lig_BC_164-1-0,9.3039,2.338259,A549,(+)-JQ1,10000.0,nM,24.0,(+)-JQ1_10000nM,true
D06_F10_RT_BC_183_Lig_BC_377-1-0,3.3409631,3.3768396,A549,(+)-JQ1,10000.0,nM,24.0,(+)-JQ1_10000nM,true
F01_E09_RT_BC_128_Lig_BC_94-1-0,3.211396,4.438377,A549,(+)-JQ1,10000.0,nM,24.0,(+)-JQ1_10000nM,true
G11_E09_RT_BC_351_Lig_BC_354-1-0,6.8100324,5.5374975,A549,(+)-JQ1,10000.0,nM,24.0,(+)-JQ1_10000nM,true
C10_E09_RT_BC_79_Lig_BC_184-1-0,3.5077786,3.109125,A549,(+)-JQ1,10000.0,nM,24.0,(+)-JQ1_10000nM,true
G02_E09_RT_BC_77_Lig_BC_112-1-0,2.8383389,7.6806707,A549,(+)-JQ1,10000.0,nM,24.0,(+)-JQ1_10000nM,true
F02_F10_RT_BC_230_Lig_BC_37-1-0,2.4544847,3.8993714,A549,(+)-JQ1,10000.0,nM,24.0,(+)-JQ1_10000nM,true
A02_E09_RT_BC_240_Lig_BC_324-1-0,7.0650625,4.0818152,A549,(+)-JQ1,10000.0,nM,24.0,(+)-JQ1_10000nM,true
E12_F10_RT_BC_171_Lig_BC_71-1-0,8.133011,6.306131,A549,(+)-JQ1,10000.0,nM,24.0,(+)-JQ1_10000nM,true
E05_E09_RT_BC_231_Lig_BC_105-1-0,4.9515843,4.5941367,A549,(+)-JQ1,10000.0,nM,24.0,(+)-JQ1_10000nM,true
G09_F10_RT_BC_363_Lig_BC_237-1-0,10.7605715,7.4542537,A549,(+)-JQ1,10000.0,nM,24.0,(+)-JQ1_10000nM,true
D02_E09_RT_BC_27_Lig_BC_254-1-0,7.6690755,4.1332173,A549,(+)-JQ1,10000.0,nM,24.0,(+)-JQ1_10000nM,true
H06_F10_RT_BC_144_Lig_BC_240-1-0,5.649409,3.8321328,A549,(+)-JQ1,10000.0,nM,24.0,(+)-JQ1_10000nM,true
G12_F10_RT_BC_164_Lig_BC_139-1-0,6.606059,4.518944,A549,(+)-JQ1,10000.0,nM,24.0,(+)-JQ1_10000nM,true
H10_E09_RT_BC_149_Lig_BC_223-1-0,9.405017,5.476896,A549,(+)-JQ1,10000.0,nM,24.0,(+)-JQ1_10000nM,true
B07_F10_RT_BC_46_Lig_BC_270-1-0,-0.16860135,6.769027,A549,(+)-JQ1,10000.0,nM,24.0,(+)-JQ1_10000nM,true
G09_E09_RT_BC_211_Lig_BC_51-1-0,9.372559,6.784066,A549,(+)-JQ1,10000.0,nM,24.0,(+)-JQ1_10000nM,true
D06_F10_RT_BC_359_Lig_BC_375-1-0,8.317639,6.812218,A549,(+)-JQ1,10000.0,nM,24.0,(+)-JQ1_10000nM,true
G10_F10_RT_BC_366_Lig_BC_167-1-0,10.059785,4.9547157,A549,(+)-JQ1,10000.0,nM,24.0,(+)-JQ1_10000nM,true
G12_F10_RT_BC_14_Lig_BC_9-1-0,3.4777975,6.5150986,A549,(+)-JQ1,10000.0,nM,24.0,(+)-JQ1_10000nM,true
E09_F10_RT_BC_212_Lig_BC_22-1-0,6.136077,3.8846457,A549,(+)-JQ1,10000.0,nM,24.0,(+)-JQ1_10000nM,true
E05_E09_RT_BC_128_Lig_BC_58-1-0,9.723699,5.8235464,A549,(+)-JQ1,10000.0,nM,24.0,(+)-JQ1_10000nM,true
D01_F10_RT_BC_216_Lig_BC_76-1-0,2.761524,5.37822,A549,(+)-JQ1,10000.0,nM,24.0,(+)-JQ1_10000nM,true
G04_F10_RT_BC_41_Lig_BC_40-1-0,5.181884,4.9875894,A549,(+)-JQ1,10000.0,nM,24.0,(+)-JQ1_10000nM,true
G11_F10_RT_BC_7_Lig_BC_135-1-0,6.879528,5.7374144,A549,(+)-JQ1,10000.0,nM,24.0,(+)-JQ1_10000nM,true
E07_E09_RT_BC_337_Lig_BC_90-1-0,9.00859,6.198438,A549,(+)-JQ1,10000.0,nM,24.0,(+)-JQ1_10000nM,true
A01_F10_RT_BC_368_Lig_BC_68-1-0,8.610529,4.659819,A549,(+)-JQ1,10000.0,nM,24.0,(+)-JQ1_10000nM,true
F06_F10_RT_BC_61_Lig_BC_336-1-0,7.8430004,7.7531004,A549,(+)-JQ1,10000.0,nM,24.0,(+)-JQ1_10000nM,true
F01_F10_RT_BC_126_Lig_BC_146-1-0,6.862496,4.133187,A549,(+)-JQ1,10000.0,nM,24.0,(+)-JQ1_10000nM,true
F11_F10_RT_BC_269_Lig_BC_378-1-0,7.6270885,6.448064,A549,(+)-JQ1,10000.0,nM,24.0,(+)-JQ1_10000nM,true
A07_F10_RT_BC_117_Lig_BC_206-1-0,7.565736,5.494685,A549,(+)-JQ1,10000.0,nM,24.0,(+)-JQ1_10000nM,true
A09_F10_RT_BC_329_Lig_BC_8-1-0,8.048652,5.7776427,A549,(+)-JQ1,10000.0,nM,24.0,(+)-JQ1_10000nM,true
C03_F10_RT_BC_383_Lig_BC_36-1-0,3.1626735,3.6596282,A549,(+)-JQ1,10000.0,nM,24.0,(+)-JQ1_10000nM,true
A12_F10_RT_BC_131_Lig_BC_31-1-0,5.7332363,8.575377,A549,(+)-JQ1,10000.0,nM,24.0,(+)-JQ1_10000nM,true
H06_F10_RT_BC_143_Lig_BC_30-1-0,7.7598624,5.652866,A549,(+)-JQ1,10000.0,nM,24.0,(+)-JQ1_10000nM,true
E08_E09_RT_BC_369_Lig_BC_35-1-0,7.1760564,5.8780675,A549,(+)-JQ1,10000.0,nM,24.0,(+)-JQ1_10000nM,true
F01_E09_RT_BC_69_Lig_BC_216-1-0,8.227707,5.6569643,A549,(+)-JQ1,10000.0,nM,24.0,(+)-JQ1_10000nM,true
C07_F10_RT_BC_250_Lig_BC_47-1-0,5.0480537,8.329937,A549,(+)-JQ1,10000.0,nM,24.0,(+)-JQ1_10000nM,true
G09_E09_RT_BC_19_Lig_BC_145-1-0,3.9175053,6.0050526,A549,(+)-JQ1,10000.0,nM,24.0,(+)-JQ1_10000nM,true
F11_E09_RT_BC_377_Lig_BC_58-1-0,2.7532485,6.99284,A549,(+)-JQ1,10000.0,nM,24.0,(+)-JQ1_10000nM,true
E07_F10_RT_BC_26_Lig_BC_256-1-0,8.349442,6.1637874,A549,(+)-JQ1,10000.0,nM,24.0,(+)-JQ1_10000nM,true
C12_F10_RT_BC_262_Lig_BC_177-1-0,2.6760266,5.407721,A549,(+)-JQ1,10000.0,nM,24.0,(+)-JQ1_10000nM,true
C04_F10_RT_BC_282_Lig_BC_144-1-0,3.8885307,4.3335276,A549,(+)-JQ1,10000.0,nM,24.0,(+)-JQ1_10000nM,true
H10_F10_RT_BC_253_Lig_BC_325-1-0,4.1145515,3.2531917,A549,(+)-JQ1,10000.0,nM,24.0,(+)-JQ1_10000nM,true
F04_E09_RT_BC_89_Lig_BC_164-1-0,6.6289096,4.6335435,A549,(+)-JQ1,10000.0,nM,24.0,(+)-JQ1_10000nM,true
F08_E09_RT_BC_357_Lig_BC_115-1-0,2.3902814,3.9203715,A549,(+)-JQ1,10000.0,nM,24.0,(+)-JQ1_10000nM,true
G01_F10_RT_BC_31_Lig_BC_246-1-0,7.8561068,6.4491286,A549,(+)-JQ1,10000.0,nM,24.0,(+)-JQ1_10000nM,true
H07_F10_RT_BC_15_Lig_BC_51-1-0,4.740252,5.682573,A549,(+)-JQ1,10000.0,nM,24.0,(+)-JQ1_10000nM,true
A09_E09_RT_BC_358_Lig_BC_40-1-0,3.0533805,6.893234,A549,(+)-JQ1,10000.0,nM,24.0,(+)-JQ1_10000nM,true
F04_E09_RT_BC_152_Lig_BC_259-1-0,8.511943,6.329511,A549,(+)-JQ1,10000.0,nM,24.0,(+)-JQ1_10000nM,true
F09_E09_RT_BC_161_Lig_BC_87-1-0,7.3565826,4.96076,A549,(+)-JQ1,10000.0,nM,24.0,(+)-JQ1_10000nM,true
G11_F10_RT_BC_252_Lig_BC_106-1-0,8.358416,3.0522316,A549,(+)-JQ1,10000.0,nM,24.0,(+)-JQ1_10000nM,true
A10_F10_RT_BC_289_Lig_BC_165-1-0,5.548241,4.930827,A549,(+)-JQ1,10000.0,nM,24.0,(+)-JQ1_10000nM,true
G04_F10_RT_BC_267_Lig_BC_47-1-0,7.89678,6.239659,A549,(+)-JQ1,10000.0,nM,24.0,(+)-JQ1_10000nM,true
A05_F10_RT_BC_226_Lig_BC_177-1-0,6.7461567,6.3042192,A549,(+)-JQ1,10000.0,nM,24.0,(+)-JQ1_10000nM,true
D01_F10_RT_BC_170_Lig_BC_34-1-0,2.1822639,4.742998,A549,(+)-JQ1,10000.0,nM,24.0,(+)-JQ1_10000nM,true
E02_F10_RT_BC_280_Lig_BC_251-1-0,5.4838686,4.6217003,A549,(+)-JQ1,10000.0,nM,24.0,(+)-JQ1_10000nM,true
H03_F10_RT_BC_226_Lig_BC_136-1-0,4.5204697,3.8664682,A549,(+)-JQ1,10000.0,nM,24.0,(+)-JQ1_10000nM,true
A08_E09_RT_BC_118_Lig_BC_147-1-0,3.5791633,4.2611833,A549,(+)-JQ1,10000.0,nM,24.0,(+)-JQ1_10000nM,true
H10_E09_RT_BC_49_Lig_BC_80-1-0,6.3488507,5.346848,A549,(+)-JQ1,10000.0,nM,24.0,(+)-JQ1_10000nM,true
E03_E09_RT_BC_291_Lig_BC_23-1-0,3.5959067,8.467674,A549,(+)-JQ1,10000.0,nM,24.0,(+)-JQ1_10000nM,true
A03_E09_RT_BC_251_Lig_BC_192-1-0,7.885398,6.388161,A549,(+)-JQ1,10000.0,nM,24.0,(+)-JQ1_10000nM,true
F03_F10_RT_BC_341_Lig_BC_156-1-0,10.726045,3.7329693,A549,(+)-JQ1,10000.0,nM,24.0,(+)-JQ1_10000nM,true
A03_F10_RT_BC_157_Lig_BC_83-1-0,7.7541513,7.3762355,A549,(+)-JQ1,10000.0,nM,24.0,(+)-JQ1_10000nM,true
B03_E09_RT_BC_219_Lig_BC_216-1-0,7.904455,6.148503,A549,(+)-JQ1,10000.0,nM,24.0,(+)-JQ1_10000nM,true
F03_E09_RT_BC_343_Lig_BC_176-1-0,8.029306,5.098029,A549,(+)-JQ1,10000.0,nM,24.0,(+)-JQ1_10000nM,true
B11_F10_RT_BC_29_Lig_BC_24-1-0,9.389716,8.767927,A549,(+)-JQ1,10000.0,nM,24.0,(+)-JQ1_10000nM,true
H11_E09_RT_BC_297_Lig_BC_267-1-0,7.9538918,6.7902303,A549,(+)-JQ1,10000.0,nM,24.0,(+)-JQ1_10000nM,true
E01_E09_RT_BC_129_Lig_BC_41-1-0,2.093784,4.75008,A549,(+)-JQ1,10000.0,nM,24.0,(+)-JQ1_10000nM,true
F02_F10_RT_BC_9_Lig_BC_163-1-0,5.8037877,6.1799784,A549,(+)-JQ1,10000.0,nM,24.0,(+)-JQ1_10000nM,true
H12_E09_RT_BC_251_Lig_BC_265-1-0,2.479742,5.431425,A549,(+)-JQ1,10000.0,nM,24.0,(+)-JQ1_10000nM,true
D01_F10_RT_BC_51_Lig_BC_378-1-0,2.8721268,4.2601595,A549,(+)-JQ1,10000.0,nM,24.0,(+)-JQ1_10000nM,true
C02_E09_RT_BC_291_Lig_BC_219-1-0,2.593649,6.9452634,A549,(+)-JQ1,10000.0,nM,24.0,(+)-JQ1_10000nM,true
B02_E09_RT_BC_27_Lig_BC_359-1-0,8.953672,7.9146557,A549,(+)-JQ1,10000.0,nM,24.0,(+)-JQ1_10000nM,true
G08_E09_RT_BC_307_Lig_BC_147-1-0,6.845056,4.426414,A549,(+)-JQ1,10000.0,nM,24.0,(+)-JQ1_10000nM,true
F05_E09_RT_BC_297_Lig_BC_351-1-0,3.9629145,4.8446984,A549,(+)-JQ1,10000.0,nM,24.0,(+)-JQ1_10000nM,true
H10_E09_RT_BC_239_Lig_BC_374-1-0,8.39297,5.863906,A549,(+)-JQ1,10000.0,nM,24.0,(+)-JQ1_10000nM,true
E01_E09_RT_BC_219_Lig_BC_201-1-0,4.965724,4.95328,A549,(+)-JQ1,10000.0,nM,24.0,(+)-JQ1_10000nM,true
D11_E09_RT_BC_136_Lig_BC_335-1-0,2.475416,5.700143,A549,(+)-JQ1,10000.0,nM,24.0,(+)-JQ1_10000nM,true
A02_E09_RT_BC_303_Lig_BC_157-1-0,3.5310926,8.043532,A549,Trametinib (GSK1120212),10.0,nM,24.0,Trametinib (GSK1120212)_10nM,true
G02_E09_RT_BC_90_Lig_BC_308-1-0,8.311635,9.242246,A549,Trametinib (GSK1120212),10.0,nM,24.0,Trametinib (GSK1120212)_10nM,true
D06_E09_RT_BC_7_Lig_BC_116-1-0,4.6233373,7.452713,A549,Trametinib (GSK1120212),10.0,nM,24.0,Trametinib (GSK1120212)_10nM,true
E11_F10_RT_BC_15_Lig_BC_147-1-0,7.029664,8.232019,A549,Trametinib (GSK1120212),10.0,nM,24.0,Trametinib (GSK1120212)_10nM,true
F10_E09_RT_BC_343_Lig_BC_303-1-0,8.572788,8.4648485,A549,Trametinib (GSK1120212),10.0,nM,24.0,Trametinib (GSK1120212)_10nM,true
D02_E09_RT_BC_332_Lig_BC_183-1-0,8.223184,8.618981,A549,Trametinib (GSK1120212),10.0,nM,24.0,Trametinib (GSK1120212)_10nM,true
D02_F10_RT_BC_70_Lig_BC_1-1-0,4.3821154,9.566196,A549,Trametinib (GSK1120212),10.0,nM,24.0,Trametinib (GSK1120212)_10nM,true
A03_F10_RT_BC_51_Lig_BC_119-1-0,8.068445,8.815677,A549,Trametinib (GSK1120212),10.0,nM,24.0,Trametinib (GSK1120212)_10nM,true
A02_F10_RT_BC_48_Lig_BC_201-1-0,5.3033853,7.594188,A549,Trametinib (GSK1120212),10.0,nM,24.0,Trametinib (GSK1120212)_10nM,true
F12_E09_RT_BC_381_Lig_BC_10-1-0,8.521118,9.044612,A549,Trametinib (GSK1120212),10.0,nM,24.0,Trametinib (GSK1120212)_10nM,true
F08_F10_RT_BC_326_Lig_BC_341-1-0,7.9167547,7.9729533,A549,Trametinib (GSK1120212),10.0,nM,24.0,Trametinib (GSK1120212)_10nM,true
A03_F10_RT_BC_69_Lig_BC_150-1-0,6.210605,9.389385,A549,Trametinib (GSK1120212),10.0,nM,24.0,Trametinib (GSK1120212)_10nM,true
D12_F10_RT_BC_45_Lig_BC_248-1-0,6.8256245,9.440783,A549,Trametinib (GSK1120212),10.0,nM,24.0,Trametinib (GSK1120212)_10nM,true
H07_F10_RT_BC_18_Lig_BC_10-1-0,8.931463,8.595106,A549,Trametinib (GSK1120212),10.0,nM,24.0,Trametinib (GSK1120212)_10nM,true
F10_E09_RT_BC_221_Lig_BC_311-1-0,8.227394,8.218736,A549,Trametinib (GSK1120212),10.0,nM,24.0,Trametinib (GSK1120212)_10nM,true
H02_F10_RT_BC_3_Lig_BC_17-1-0,8.167571,9.80197,A549,Trametinib (GSK1120212),10.0,nM,24.0,Trametinib (GSK1120212)_10nM,true
F06_E09_RT_BC_383_Lig_BC_188-1-0,8.383977,8.829597,A549,Trametinib (GSK1120212),10.0,nM,24.0,Trametinib (GSK1120212)_10nM,true
G08_F10_RT_BC_70_Lig_BC_14-1-0,6.58088,8.254336,A549,Trametinib (GSK1120212),10.0,nM,24.0,Trametinib (GSK1120212)_10nM,true
D01_F10_RT_BC_71_Lig_BC_383-1-0,3.57179,5.2543197,A549,Trametinib (GSK1120212),10.0,nM,24.0,Trametinib (GSK1120212)_10nM,true
F12_E09_RT_BC_157_Lig_BC_363-1-0,8.350832,9.090462,A549,Trametinib (GSK1120212),10.0,nM,24.0,Trametinib (GSK1120212)_10nM,true
F03_E09_RT_BC_251_Lig_BC_329-1-0,8.127963,9.026133,A549,Trametinib (GSK1120212),10.0,nM,24.0,Trametinib (GSK1120212)_10nM,true
G05_E09_RT_BC_249_Lig_BC_185-1-0,4.0804806,6.922514,A549,Trametinib (GSK1120212),10.0,nM,24.0,Trametinib (GSK1120212)_10nM,true
H05_E09_RT_BC_50_Lig_BC_178-1-0,5.1811233,8.294664,A549,Trametinib (GSK1120212),10.0,nM,24.0,Trametinib (GSK1120212)_10nM,true
D04_E09_RT_BC_295_Lig_BC_104-1-0,7.1299953,8.913436,A549,Trametinib (GSK1120212),10.0,nM,24.0,Trametinib (GSK1120212)_10nM,true
D09_F10_RT_BC_53_Lig_BC_376-1-0,7.839244,8.941301,A549,Trametinib (GSK1120212),10.0,nM,24.0,Trametinib (GSK1120212)_10nM,true
F01_F10_RT_BC_151_Lig_BC_238-1-0,6.9186296,8.710223,A549,Trametinib (GSK1120212),10.0,nM,24.0,Trametinib (GSK1120212)_10nM,true
H09_E09_RT_BC_155_Lig_BC_275-1-0,8.344774,8.362184,A549,Trametinib (GSK1120212),10.0,nM,24.0,Trametinib (GSK1120212)_10nM,true
A11_F10_RT_BC_31_Lig_BC_279-1-0,7.8454456,9.227188,A549,Trametinib (GSK1120212),10.0,nM,24.0,Trametinib (GSK1120212)_10nM,true
F09_E09_RT_BC_63_Lig_BC_252-1-0,6.635534,4.2697062,A549,Trametinib (GSK1120212),10.0,nM,24.0,Trametinib (GSK1120212)_10nM,true
F11_F10_RT_BC_379_Lig_BC_278-1-0,7.2082205,9.512766,A549,Trametinib (GSK1120212),10.0,nM,24.0,Trametinib (GSK1120212)_10nM,true
D07_F10_RT_BC_25_Lig_BC_202-1-0,6.9013443,9.387047,A549,Trametinib (GSK1120212),10.0,nM,24.0,Trametinib (GSK1120212)_10nM,true
C12_F10_RT_BC_164_Lig_BC_143-1-0,6.3687854,8.662454,A549,Trametinib (GSK1120212),10.0,nM,24.0,Trametinib (GSK1120212)_10nM,true
D11_F10_RT_BC_301_Lig_BC_213-1-0,4.5031214,8.330494,A549,Trametinib (GSK1120212),10.0,nM,24.0,Trametinib (GSK1120212)_10nM,true
E04_F10_RT_BC_18_Lig_BC_131-1-0,7.7314777,8.539276,A549,Trametinib (GSK1120212),10.0,nM,24.0,Trametinib (GSK1120212)_10nM,true
B02_F10_RT_BC_164_Lig_BC_170-1-0,5.688202,8.1488085,A549,Trametinib (GSK1120212),10.0,nM,24.0,Trametinib (GSK1120212)_10nM,true
E01_E09_RT_BC_180_Lig_BC_173-1-0,7.6809616,7.8442135,A549,Trametinib (GSK1120212),10.0,nM,24.0,Trametinib (GSK1120212)_10nM,true
C10_F10_RT_BC_185_Lig_BC_96-1-0,5.943873,3.0591674,A549,Trametinib (GSK1120212),10.0,nM,24.0,Trametinib (GSK1120212)_10nM,true
B11_F10_RT_BC_162_Lig_BC_356-1-0,7.845064,10.532315,A549,Trametinib (GSK1120212),10.0,nM,24.0,Trametinib (GSK1120212)_10nM,true
A02_E09_RT_BC_68_Lig_BC_38-1-0,3.1943812,8.122881,A549,Trametinib (GSK1120212),10.0,nM,24.0,Trametinib (GSK1120212)_10nM,true
C01_E09_RT_BC_78_Lig_BC_352-1-0,7.316724,4.5018916,A549,Trametinib (GSK1120212),10.0,nM,24.0,Trametinib (GSK1120212)_10nM,true
G10_F10_RT_BC_127_Lig_BC_261-1-0,5.756229,7.636681,A549,Trametinib (GSK1120212),10.0,nM,24.0,Trametinib (GSK1120212)_10nM,true
E10_E09_RT_BC_244_Lig_BC_279-1-0,5.414163,6.608868,A549,Trametinib (GSK1120212),10.0,nM,24.0,Trametinib (GSK1120212)_10nM,true
A08_F10_RT_BC_87_Lig_BC_244-1-0,7.0356364,8.538167,A549,Trametinib (GSK1120212),10.0,nM,24.0,Trametinib (GSK1120212)_10nM,true
H09_F10_RT_BC_311_Lig_BC_13-1-0,5.3104615,8.661787,A549,Trametinib (GSK1120212),10.0,nM,24.0,Trametinib (GSK1120212)_10nM,true
E11_F10_RT_BC_53_Lig_BC_367-1-0,3.9662018,8.803932,A549,Trametinib (GSK1120212),10.0,nM,24.0,Trametinib (GSK1120212)_10nM,true
H12_F10_RT_BC_295_Lig_BC_281-1-0,7.217863,8.722559,A549,Trametinib (GSK1120212),10.0,nM,24.0,Trametinib (GSK1120212)_10nM,true
G10_F10_RT_BC_217_Lig_BC_224-1-0,7.8522005,8.524898,A549,Trametinib (GSK1120212),10.0,nM,24.0,Trametinib (GSK1120212)_10nM,true
B12_E09_RT_BC_9_Lig_BC_331-1-0,6.497264,8.808402,A549,Trametinib (GSK1120212),10.0,nM,24.0,Trametinib (GSK1120212)_10nM,true
C01_E09_RT_BC_158_Lig_BC_147-1-0,8.000349,8.78513,A549,Trametinib (GSK1120212),10.0,nM,24.0,Trametinib (GSK1120212)_10nM,true
B05_E09_RT_BC_336_Lig_BC_51-1-0,7.413132,8.64154,A549,Trametinib (GSK1120212),10.0,nM,24.0,Trametinib (GSK1120212)_10nM,true
C12_F10_RT_BC_288_Lig_BC_227-1-0,5.800323,5.1179056,A549,Trametinib (GSK1120212),10.0,nM,24.0,Trametinib (GSK1120212)_10nM,true
A04_E09_RT_BC_221_Lig_BC_308-1-0,4.2956767,6.6091504,A549,Trametinib (GSK1120212),10.0,nM,24.0,Trametinib (GSK1120212)_10nM,true
D06_E09_RT_BC_375_Lig_BC_57-1-0,6.634476,8.037374,A549,Trametinib (GSK1120212),10.0,nM,24.0,Trametinib (GSK1120212)_10nM,true
F07_E09_RT_BC_212_Lig_BC_123-1-0,-1.4521642,6.468222,A549,Trametinib (GSK1120212),10.0,nM,24.0,Trametinib (GSK1120212)_10nM,true
E07_E09_RT_BC_53_Lig_BC_113-1-0,7.4214306,8.493807,A549,Trametinib (GSK1120212),10.0,nM,24.0,Trametinib (GSK1120212)_10nM,true
F02_F10_RT_BC_211_Lig_BC_73-1-0,7.447481,9.025012,A549,Trametinib (GSK1120212),10.0,nM,24.0,Trametinib (GSK1120212)_10nM,true
A08_F10_RT_BC_170_Lig_BC_243-1-0,7.924977,8.855283,A549,Trametinib (GSK1120212),10.0,nM,24.0,Trametinib (GSK1120212)_10nM,true
B01_E09_RT_BC_376_Lig_BC_333-1-0,8.035994,8.421255,A549,Trametinib (GSK1120212),10.0,nM,24.0,Trametinib (GSK1120212)_10nM,true
E06_E09_RT_BC_371_Lig_BC_284-1-0,6.5113144,8.838441,A549,Trametinib (GSK1120212),10.0,nM,24.0,Trametinib (GSK1120212)_10nM,true
E06_F10_RT_BC_30_Lig_BC_360-1-0,7.9677086,8.867145,A549,Trametinib (GSK1120212),10.0,nM,24.0,Trametinib (GSK1120212)_10nM,true
G09_E09_RT_BC_348_Lig_BC_121-1-0,7.5664086,6.102713,A549,Trametinib (GSK1120212),10.0,nM,24.0,Trametinib (GSK1120212)_10nM,true
G02_F10_RT_BC_339_Lig_BC_348-1-0,7.6269197,8.0237,A549,Trametinib (GSK1120212),10.0,nM,24.0,Trametinib (GSK1120212)_10nM,true
F07_E09_RT_BC_67_Lig_BC_40-1-0,7.7620764,8.075998,A549,Trametinib (GSK1120212),10.0,nM,24.0,Trametinib (GSK1120212)_10nM,true
C12_F10_RT_BC_123_Lig_BC_236-1-0,6.288901,9.87782,A549,Trametinib (GSK1120212),10.0,nM,24.0,Trametinib (GSK1120212)_10nM,true
C08_E09_RT_BC_358_Lig_BC_164-1-0,7.117582,9.573126,A549,Trametinib (GSK1120212),10.0,nM,24.0,Trametinib (GSK1120212)_10nM,true
F11_F10_RT_BC_279_Lig_BC_177-1-0,7.9292135,7.7166805,A549,Trametinib (GSK1120212),10.0,nM,24.0,Trametinib (GSK1120212)_10nM,true
F05_F10_RT_BC_325_Lig_BC_25-1-0,7.292833,8.573286,A549,Trametinib (GSK1120212),10.0,nM,24.0,Trametinib (GSK1120212)_10nM,true
C04_F10_RT_BC_344_Lig_BC_251-1-0,3.5440643,4.3567886,A549,Trametinib (GSK1120212),10.0,nM,24.0,Trametinib (GSK1120212)_10nM,true
A10_F10_RT_BC_76_Lig_BC_144-1-0,5.5479116,6.203302,A549,Trametinib (GSK1120212),10.0,nM,24.0,Trametinib (GSK1120212)_10nM,true
C02_F10_RT_BC_222_Lig_BC_275-1-0,6.638471,7.5458713,A549,Trametinib (GSK1120212),10.0,nM,24.0,Trametinib (GSK1120212)_10nM,true
D11_F10_RT_BC_230_Lig_BC_370-1-0,6.7963777,8.456578,A549,Trametinib (GSK1120212),10.0,nM,24.0,Trametinib (GSK1120212)_10nM,true
F01_E09_RT_BC_180_Lig_BC_13-1-0,6.9711704,8.492445,A549,Trametinib (GSK1120212),10.0,nM,24.0,Trametinib (GSK1120212)_10nM,true
C12_E09_RT_BC_201_Lig_BC_241-1-0,6.6380835,9.083676,A549,Trametinib (GSK1120212),10.0,nM,24.0,Trametinib (GSK1120212)_10nM,true
G03_E09_RT_BC_9_Lig_BC_167-1-0,6.427021,9.106028,A549,Trametinib (GSK1120212),10.0,nM,24.0,Trametinib (GSK1120212)_10nM,true
C09_F10_RT_BC_174_Lig_BC_64-1-0,8.800371,9.246952,A549,Trametinib (GSK1120212),10.0,nM,24.0,Trametinib (GSK1120212)_10nM,true
F05_E09_RT_BC_66_Lig_BC_352-1-0,5.477888,9.3117485,A549,Trametinib (GSK1120212),10.0,nM,24.0,Trametinib (GSK1120212)_10nM,true
F09_E09_RT_BC_175_Lig_BC_339-1-0,8.146383,8.797385,A549,Trametinib (GSK1120212),10.0,nM,24.0,Trametinib (GSK1120212)_10nM,true
F06_F10_RT_BC_354_Lig_BC_299-1-0,6.2581687,8.407947,A549,Trametinib (GSK1120212),10.0,nM,24.0,Trametinib (GSK1120212)_10nM,true
G09_F10_RT_BC_133_Lig_BC_149-1-0,8.215366,8.454013,A549,Trametinib (GSK1120212),10.0,nM,24.0,Trametinib (GSK1120212)_10nM,true
H09_F10_RT_BC_231_Lig_BC_113-1-0,3.973494,5.679037,A549,Trametinib (GSK1120212),10.0,nM,24.0,Trametinib (GSK1120212)_10nM,true
E12_F10_RT_BC_146_Lig_BC_19-1-0,4.485898,8.196932,A549,Trametinib (GSK1120212),100.0,nM,24.0,Trametinib (GSK1120212)_100nM,true
G05_F10_RT_BC_213_Lig_BC_118-1-0,8.080624,9.193,A549,Trametinib (GSK1120212),100.0,nM,24.0,Trametinib (GSK1120212)_100nM,true
A10_E09_RT_BC_20_Lig_BC_54-1-0,2.0273888,6.8145137,A549,Trametinib (GSK1120212),100.0,nM,24.0,Trametinib (GSK1120212)_100nM,true
H02_E09_RT_BC_77_Lig_BC_364-1-0,3.4850461,6.249544,A549,Trametinib (GSK1120212),100.0,nM,24.0,Trametinib (GSK1120212)_100nM,true
F08_F10_RT_BC_291_Lig_BC_35-1-0,9.163455,4.615593,A549,Trametinib (GSK1120212),100.0,nM,24.0,Trametinib (GSK1120212)_100nM,true
F03_E09_RT_BC_113_Lig_BC_215-1-0,-0.067915775,6.5923014,A549,Trametinib (GSK1120212),100.0,nM,24.0,Trametinib (GSK1120212)_100nM,true
A03_F10_RT_BC_41_Lig_BC_203-1-0,7.4887023,8.943345,A549,Trametinib (GSK1120212),100.0,nM,24.0,Trametinib (GSK1120212)_100nM,true
G06_F10_RT_BC_207_Lig_BC_285-1-0,4.906652,9.076947,A549,Trametinib (GSK1120212),100.0,nM,24.0,Trametinib (GSK1120212)_100nM,true
A12_E09_RT_BC_142_Lig_BC_8-1-0,7.3725853,7.954069,A549,Trametinib (GSK1120212),100.0,nM,24.0,Trametinib (GSK1120212)_100nM,true
F12_F10_RT_BC_256_Lig_BC_339-1-0,8.025598,10.681476,A549,Trametinib (GSK1120212),100.0,nM,24.0,Trametinib (GSK1120212)_100nM,true
D11_F10_RT_BC_54_Lig_BC_246-1-0,7.48074,8.953475,A549,Trametinib (GSK1120212),100.0,nM,24.0,Trametinib (GSK1120212)_100nM,true
C12_E09_RT_BC_351_Lig_BC_383-1-0,7.5068626,9.426376,A549,Trametinib (GSK1120212),100.0,nM,24.0,Trametinib (GSK1120212)_100nM,true
D07_F10_RT_BC_260_Lig_BC_274-1-0,7.857,8.149273,A549,Trametinib (GSK1120212),100.0,nM,24.0,Trametinib (GSK1120212)_100nM,true
H01_E09_RT_BC_379_Lig_BC_149-1-0,8.380978,8.299236,A549,Trametinib (GSK1120212),100.0,nM,24.0,Trametinib (GSK1120212)_100nM,true
G12_F10_RT_BC_353_Lig_BC_10-1-0,6.7820115,9.038982,A549,Trametinib (GSK1120212),100.0,nM,24.0,Trametinib (GSK1120212)_100nM,true
C02_F10_RT_BC_208_Lig_BC_57-1-0,6.165431,9.312378,A549,Trametinib (GSK1120212),100.0,nM,24.0,Trametinib (GSK1120212)_100nM,true
E12_F10_RT_BC_49_Lig_BC_306-1-0,4.8324747,8.391782,A549,Trametinib (GSK1120212),100.0,nM,24.0,Trametinib (GSK1120212)_100nM,true
F11_F10_RT_BC_193_Lig_BC_312-1-0,10.760655,4.812487,A549,Trametinib (GSK1120212),100.0,nM,24.0,Trametinib (GSK1120212)_100nM,true
E04_F10_RT_BC_328_Lig_BC_50-1-0,3.5986366,5.668312,A549,Trametinib (GSK1120212),100.0,nM,24.0,Trametinib (GSK1120212)_100nM,true
E12_E09_RT_BC_161_Lig_BC_99-1-0,8.322776,8.692136,A549,Trametinib (GSK1120212),100.0,nM,24.0,Trametinib (GSK1120212)_100nM,true
H09_E09_RT_BC_206_Lig_BC_278-1-0,8.354464,8.658312,A549,Trametinib (GSK1120212),100.0,nM,24.0,Trametinib (GSK1120212)_100nM,true
F02_E09_RT_BC_155_Lig_BC_288-1-0,5.5948896,8.505765,A549,Trametinib (GSK1120212),100.0,nM,24.0,Trametinib (GSK1120212)_100nM,true
A08_F10_RT_BC_53_Lig_BC_268-1-0,9.052771,5.095115,A549,Trametinib (GSK1120212),100.0,nM,24.0,Trametinib (GSK1120212)_100nM,true
C06_F10_RT_BC_338_Lig_BC_170-1-0,8.500975,9.173223,A549,Trametinib (GSK1120212),100.0,nM,24.0,Trametinib (GSK1120212)_100nM,true
F06_F10_RT_BC_355_Lig_BC_63-1-0,6.7348256,8.056609,A549,Trametinib (GSK1120212),100.0,nM,24.0,Trametinib (GSK1120212)_100nM,true
G11_E09_RT_BC_118_Lig_BC_275-1-0,7.9103694,9.308624,A549,Trametinib (GSK1120212),100.0,nM,24.0,Trametinib (GSK1120212)_100nM,true
B07_E09_RT_BC_87_Lig_BC_104-1-0,6.218521,8.492407,A549,Trametinib (GSK1120212),100.0,nM,24.0,Trametinib (GSK1120212)_100nM,true
E12_E09_RT_BC_29_Lig_BC_104-1-0,6.2368965,7.6694407,A549,Trametinib (GSK1120212),100.0,nM,24.0,Trametinib (GSK1120212)_100nM,true
B07_E09_RT_BC_269_Lig_BC_206-1-0,6.7986355,9.311203,A549,Trametinib (GSK1120212),100.0,nM,24.0,Trametinib (GSK1120212)_100nM,true
A07_F10_RT_BC_270_Lig_BC_268-1-0,8.03374,9.545083,A549,Trametinib (GSK1120212),100.0,nM,24.0,Trametinib (GSK1120212)_100nM,true
G03_F10_RT_BC_169_Lig_BC_261-1-0,0.3150339,6.171439,A549,Trametinib (GSK1120212),100.0,nM,24.0,Trametinib (GSK1120212)_100nM,true
F11_F10_RT_BC_322_Lig_BC_160-1-0,7.3449607,8.997997,A549,Trametinib (GSK1120212),100.0,nM,24.0,Trametinib (GSK1120212)_100nM,true
H07_F10_RT_BC_162_Lig_BC_94-1-0,6.4198685,9.680997,A549,Trametinib (GSK1120212),100.0,nM,24.0,Trametinib (GSK1120212)_100nM,true
G06_E09_RT_BC_294_Lig_BC_85-1-0,7.0891623,9.789796,A549,Trametinib (GSK1120212),100.0,nM,24.0,Trametinib (GSK1120212)_100nM,true
C03_F10_RT_BC_137_Lig_BC_15-1-0,8.332123,8.512355,A549,Trametinib (GSK1120212),100.0,nM,24.0,Trametinib (GSK1120212)_100nM,true
F06_E09_RT_BC_342_Lig_BC_76-1-0,1.26058,6.5535364,A549,Trametinib (GSK1120212),100.0,nM,24.0,Trametinib (GSK1120212)_100nM,true
F06_E09_RT_BC_384_Lig_BC_361-1-0,8.565618,8.581617,A549,Trametinib (GSK1120212),100.0,nM,24.0,Trametinib (GSK1120212)_100nM,true
F05_F10_RT_BC_320_Lig_BC_216-1-0,7.372055,8.23591,A549,Trametinib (GSK1120212),100.0,nM,24.0,Trametinib (GSK1120212)_100nM,true
G11_F10_RT_BC_214_Lig_BC_136-1-0,8.391968,7.0144205,A549,Trametinib (GSK1120212),100.0,nM,24.0,Trametinib (GSK1120212)_100nM,true
A09_F10_RT_BC_291_Lig_BC_351-1-0,6.54704,9.386505,A549,Trametinib (GSK1120212),100.0,nM,24.0,Trametinib (GSK1120212)_100nM,true
D02_F10_RT_BC_151_Lig_BC_261-1-0,8.22027,10.622705,A549,Trametinib (GSK1120212),100.0,nM,24.0,Trametinib (GSK1120212)_100nM,true
A02_F10_RT_BC_180_Lig_BC_134-1-0,5.372432,4.0155783,A549,Trametinib (GSK1120212),100.0,nM,24.0,Trametinib (GSK1120212)_100nM,true
E04_F10_RT_BC_198_Lig_BC_110-1-0,5.738216,6.9086843,A549,Trametinib (GSK1120212),100.0,nM,24.0,Trametinib (GSK1120212)_100nM,true
F05_F10_RT_BC_39_Lig_BC_99-1-0,7.107614,8.395669,A549,Trametinib (GSK1120212),100.0,nM,24.0,Trametinib (GSK1120212)_100nM,true
D01_E09_RT_BC_126_Lig_BC_24-1-0,7.3955297,8.279178,A549,Trametinib (GSK1120212),100.0,nM,24.0,Trametinib (GSK1120212)_100nM,true
H05_E09_RT_BC_22_Lig_BC_321-1-0,5.4867964,8.670144,A549,Trametinib (GSK1120212),100.0,nM,24.0,Trametinib (GSK1120212)_100nM,true
H12_E09_RT_BC_13_Lig_BC_273-1-0,8.4251585,9.336492,A549,Trametinib (GSK1120212),100.0,nM,24.0,Trametinib (GSK1120212)_100nM,true
F05_F10_RT_BC_314_Lig_BC_280-1-0,8.110693,10.810218,A549,Trametinib (GSK1120212),100.0,nM,24.0,Trametinib (GSK1120212)_100nM,true
E11_F10_RT_BC_102_Lig_BC_15-1-0,7.4440455,9.072406,A549,Trametinib (GSK1120212),100.0,nM,24.0,Trametinib (GSK1120212)_100nM,true
A08_F10_RT_BC_353_Lig_BC_256-1-0,7.089764,9.014355,A549,Trametinib (GSK1120212),100.0,nM,24.0,Trametinib (GSK1120212)_100nM,true
A07_F10_RT_BC_15_Lig_BC_53-1-0,8.695397,8.022853,A549,Trametinib (GSK1120212),100.0,nM,24.0,Trametinib (GSK1120212)_100nM,true
B07_F10_RT_BC_302_Lig_BC_132-1-0,5.690303,5.452999,A549,Trametinib (GSK1120212),100.0,nM,24.0,Trametinib (GSK1120212)_100nM,true
H01_F10_RT_BC_196_Lig_BC_199-1-0,4.20994,5.930918,A549,Trametinib (GSK1120212),100.0,nM,24.0,Trametinib (GSK1120212)_100nM,true
G04_E09_RT_BC_196_Lig_BC_202-1-0,6.6898866,8.10692,A549,Trametinib (GSK1120212),100.0,nM,24.0,Trametinib (GSK1120212)_100nM,true
C02_E09_RT_BC_242_Lig_BC_219-1-0,3.2213128,9.696394,A549,Trametinib (GSK1120212),100.0,nM,24.0,Trametinib (GSK1120212)_100nM,true
F06_E09_RT_BC_244_Lig_BC_376-1-0,4.1505427,3.639096,A549,Trametinib (GSK1120212),100.0,nM,24.0,Trametinib (GSK1120212)_100nM,true
E12_E09_RT_BC_326_Lig_BC_134-1-0,7.3815074,8.876725,A549,Trametinib (GSK1120212),100.0,nM,24.0,Trametinib (GSK1120212)_100nM,true
B06_E09_RT_BC_363_Lig_BC_179-1-0,8.668112,8.315204,A549,Trametinib (GSK1120212),100.0,nM,24.0,Trametinib (GSK1120212)_100nM,true
H07_F10_RT_BC_113_Lig_BC_286-1-0,7.23111,8.836943,A549,Trametinib (GSK1120212),100.0,nM,24.0,Trametinib (GSK1120212)_100nM,true
E12_F10_RT_BC_19_Lig_BC_157-1-0,5.2717323,8.389574,A549,Trametinib (GSK1120212),100.0,nM,24.0,Trametinib (GSK1120212)_100nM,true
A02_F10_RT_BC_210_Lig_BC_165-1-0,8.338509,9.086477,A549,Trametinib (GSK1120212),100.0,nM,24.0,Trametinib (GSK1120212)_100nM,true
D07_F10_RT_BC_352_Lig_BC_30-1-0,7.913878,8.648891,A549,Trametinib (GSK1120212),100.0,nM,24.0,Trametinib (GSK1120212)_100nM,true
F05_F10_RT_BC_82_Lig_BC_86-1-0,6.9642015,9.257919,A549,Trametinib (GSK1120212),100.0,nM,24.0,Trametinib (GSK1120212)_100nM,true
F09_F10_RT_BC_89_Lig_BC_74-1-0,7.360932,9.059489,A549,Trametinib (GSK1120212),100.0,nM,24.0,Trametinib (GSK1120212)_100nM,true
B10_F10_RT_BC_349_Lig_BC_146-1-0,8.408038,9.009204,A549,Trametinib (GSK1120212),100.0,nM,24.0,Trametinib (GSK1120212)_100nM,true
F05_F10_RT_BC_50_Lig_BC_112-1-0,5.351119,9.730867,A549,Trametinib (GSK1120212),100.0,nM,24.0,Trametinib (GSK1120212)_100nM,true
F03_E09_RT_BC_381_Lig_BC_46-1-0,8.580965,10.589947,A549,Trametinib (GSK1120212),100.0,nM,24.0,Trametinib (GSK1120212)_100nM,true
G07_E09_RT_BC_297_Lig_BC_355-1-0,5.493411,10.003854,A549,Trametinib (GSK1120212),100.0,nM,24.0,Trametinib (GSK1120212)_100nM,true
F01_E09_RT_BC_202_Lig_BC_154-1-0,10.708904,7.8924775,A549,Trametinib (GSK1120212),100.0,nM,24.0,Trametinib (GSK1120212)_100nM,true
E10_E09_RT_BC_123_Lig_BC_106-1-0,7.2946525,8.071306,A549,Trametinib (GSK1120212),100.0,nM,24.0,Trametinib (GSK1120212)_100nM,true
E01_F10_RT_BC_102_Lig_BC_114-1-0,3.8621268,8.171404,A549,Trametinib (GSK1120212),100.0,nM,24.0,Trametinib (GSK1120212)_100nM,true
G01_F10_RT_BC_323_Lig_BC_106-1-0,6.341585,8.800675,A549,Trametinib (GSK1120212),100.0,nM,24.0,Trametinib (GSK1120212)_100nM,true
F02_F10_RT_BC_209_Lig_BC_196-1-0,3.3087428,5.5609326,A549,Trametinib (GSK1120212),100.0,nM,24.0,Trametinib (GSK1120212)_100nM,true
H04_F10_RT_BC_322_Lig_BC_181-1-0,6.97799,8.316537,A549,Trametinib (GSK1120212),100.0,nM,24.0,Trametinib (GSK1120212)_100nM,true
H08_F10_RT_BC_313_Lig_BC_189-1-0,2.6374867,8.1705,A549,Trametinib (GSK1120212),100.0,nM,24.0,Trametinib (GSK1120212)_100nM,true
H01_E09_RT_BC_353_Lig_BC_33-1-0,9.052309,8.947518,A549,Trametinib (GSK1120212),100.0,nM,24.0,Trametinib (GSK1120212)_100nM,true
E11_F10_RT_BC_242_Lig_BC_294-1-0,5.0475764,5.1826935,A549,Trametinib (GSK1120212),100.0,nM,24.0,Trametinib (GSK1120212)_100nM,true
H05_E09_RT_BC_104_Lig_BC_337-1-0,8.508185,8.760225,A549,Trametinib (GSK1120212),100.0,nM,24.0,Trametinib (GSK1120212)_100nM,true
E02_E09_RT_BC_294_Lig_BC_58-1-0,7.861187,9.190757,A549,Trametinib (GSK1120212),100.0,nM,24.0,Trametinib (GSK1120212)_100nM,true
E07_F10_RT_BC_279_Lig_BC_248-1-0,3.41262,4.923687,A549,Trametinib (GSK1120212),100.0,nM,24.0,Trametinib (GSK1120212)_100nM,true
B03_F10_RT_BC_3_Lig_BC_330-1-0,4.943515,7.6086755,A549,Trametinib (GSK1120212),1000.0,nM,24.0,Trametinib (GSK1120212)_1000nM,true
C04_F10_RT_BC_114_Lig_BC_180-1-0,7.7775946,8.560946,A549,Trametinib (GSK1120212),1000.0,nM,24.0,Trametinib (GSK1120212)_1000nM,true
F12_F10_RT_BC_260_Lig_BC_262-1-0,7.9589663,8.948224,A549,Trametinib (GSK1120212),1000.0,nM,24.0,Trametinib (GSK1120212)_1000nM,true
C10_F10_RT_BC_122_Lig_BC_265-1-0,7.00648,8.86755,A549,Trametinib (GSK1120212),1000.0,nM,24.0,Trametinib (GSK1120212)_1000nM,true
G04_F10_RT_BC_233_Lig_BC_116-1-0,8.407986,7.95084,A549,Trametinib (GSK1120212),1000.0,nM,24.0,Trametinib (GSK1120212)_1000nM,true
E03_F10_RT_BC_213_Lig_BC_337-1-0,6.034211,4.401387,A549,Trametinib (GSK1120212),1000.0,nM,24.0,Trametinib (GSK1120212)_1000nM,true
G10_F10_RT_BC_268_Lig_BC_72-1-0,8.030544,8.581011,A549,Trametinib (GSK1120212),1000.0,nM,24.0,Trametinib (GSK1120212)_1000nM,true
E06_E09_RT_BC_49_Lig_BC_45-1-0,6.54143,8.647827,A549,Trametinib (GSK1120212),1000.0,nM,24.0,Trametinib (GSK1120212)_1000nM,true
A03_F10_RT_BC_117_Lig_BC_281-1-0,10.974115,7.9210196,A549,Trametinib (GSK1120212),1000.0,nM,24.0,Trametinib (GSK1120212)_1000nM,true
E05_E09_RT_BC_30_Lig_BC_14-1-0,8.041487,10.594021,A549,Trametinib (GSK1120212),1000.0,nM,24.0,Trametinib (GSK1120212)_1000nM,true
G12_E09_RT_BC_61_Lig_BC_168-1-0,7.902694,8.963056,A549,Trametinib (GSK1120212),1000.0,nM,24.0,Trametinib (GSK1120212)_1000nM,true
C10_F10_RT_BC_273_Lig_BC_182-1-0,7.133294,9.271965,A549,Trametinib (GSK1120212),1000.0,nM,24.0,Trametinib (GSK1120212)_1000nM,true
E07_F10_RT_BC_294_Lig_BC_190-1-0,6.082278,9.252679,A549,Trametinib (GSK1120212),1000.0,nM,24.0,Trametinib (GSK1120212)_1000nM,true
D11_F10_RT_BC_320_Lig_BC_214-1-0,4.320945,9.617701,A549,Trametinib (GSK1120212),1000.0,nM,24.0,Trametinib (GSK1120212)_1000nM,true
F02_E09_RT_BC_147_Lig_BC_126-1-0,6.024061,8.691338,A549,Trametinib (GSK1120212),1000.0,nM,24.0,Trametinib (GSK1120212)_1000nM,true
A06_E09_RT_BC_37_Lig_BC_118-1-0,7.1576767,9.669939,A549,Trametinib (GSK1120212),1000.0,nM,24.0,Trametinib (GSK1120212)_1000nM,true
H05_E09_RT_BC_346_Lig_BC_82-1-0,7.0819798,8.684955,A549,Trametinib (GSK1120212),1000.0,nM,24.0,Trametinib (GSK1120212)_1000nM,true
D02_E09_RT_BC_354_Lig_BC_212-1-0,4.9084496,2.6677988,A549,Trametinib (GSK1120212),1000.0,nM,24.0,Trametinib (GSK1120212)_1000nM,true
H08_E09_RT_BC_242_Lig_BC_321-1-0,8.050584,8.599869,A549,Trametinib (GSK1120212),1000.0,nM,24.0,Trametinib (GSK1120212)_1000nM,true
H09_F10_RT_BC_106_Lig_BC_199-1-0,4.2193365,10.186193,A549,Trametinib (GSK1120212),1000.0,nM,24.0,Trametinib (GSK1120212)_1000nM,true
D01_F10_RT_BC_27_Lig_BC_142-1-0,3.8570306,4.5290837,A549,Trametinib (GSK1120212),1000.0,nM,24.0,Trametinib (GSK1120212)_1000nM,true
B06_F10_RT_BC_255_Lig_BC_35-1-0,6.626963,8.811341,A549,Trametinib (GSK1120212),1000.0,nM,24.0,Trametinib (GSK1120212)_1000nM,true
F12_F10_RT_BC_243_Lig_BC_284-1-0,7.0255446,8.122626,A549,Trametinib (GSK1120212),1000.0,nM,24.0,Trametinib (GSK1120212)_1000nM,true
H02_E09_RT_BC_259_Lig_BC_25-1-0,7.556843,9.217444,A549,Trametinib (GSK1120212),1000.0,nM,24.0,Trametinib (GSK1120212)_1000nM,true
F10_F10_RT_BC_330_Lig_BC_27-1-0,4.4726386,5.5240602,A549,Trametinib (GSK1120212),1000.0,nM,24.0,Trametinib (GSK1120212)_1000nM,true
G12_E09_RT_BC_26_Lig_BC_37-1-0,8.231801,8.425175,A549,Trametinib (GSK1120212),1000.0,nM,24.0,Trametinib (GSK1120212)_1000nM,true
B05_F10_RT_BC_207_Lig_BC_40-1-0,8.039937,8.890376,A549,Trametinib (GSK1120212),1000.0,nM,24.0,Trametinib (GSK1120212)_1000nM,true
E06_E09_RT_BC_256_Lig_BC_293-1-0,7.8535037,8.471109,A549,Trametinib (GSK1120212),1000.0,nM,24.0,Trametinib (GSK1120212)_1000nM,true
H06_E09_RT_BC_77_Lig_BC_143-1-0,7.9070177,10.331836,A549,Trametinib (GSK1120212),1000.0,nM,24.0,Trametinib (GSK1120212)_1000nM,true
A06_F10_RT_BC_298_Lig_BC_238-1-0,4.346379,6.342007,A549,Trametinib (GSK1120212),1000.0,nM,24.0,Trametinib (GSK1120212)_1000nM,true
B12_E09_RT_BC_235_Lig_BC_208-1-0,6.542225,9.012556,A549,Trametinib (GSK1120212),1000.0,nM,24.0,Trametinib (GSK1120212)_1000nM,true
G01_F10_RT_BC_268_Lig_BC_148-1-0,7.9800897,8.6714735,A549,Trametinib (GSK1120212),1000.0,nM,24.0,Trametinib (GSK1120212)_1000nM,true
G12_F10_RT_BC_202_Lig_BC_380-1-0,7.711201,8.793621,A549,Trametinib (GSK1120212),1000.0,nM,24.0,Trametinib (GSK1120212)_1000nM,true
C04_F10_RT_BC_178_Lig_BC_364-1-0,7.4076734,9.078322,A549,Trametinib (GSK1120212),1000.0,nM,24.0,Trametinib (GSK1120212)_1000nM,true
F06_E09_RT_BC_293_Lig_BC_360-1-0,7.638118,8.195989,A549,Trametinib (GSK1120212),1000.0,nM,24.0,Trametinib (GSK1120212)_1000nM,true
F08_F10_RT_BC_320_Lig_BC_253-1-0,8.929826,8.77925,A549,Trametinib (GSK1120212),1000.0,nM,24.0,Trametinib (GSK1120212)_1000nM,true
H07_F10_RT_BC_215_Lig_BC_271-1-0,6.7721643,9.199539,A549,Trametinib (GSK1120212),1000.0,nM,24.0,Trametinib (GSK1120212)_1000nM,true
C08_F10_RT_BC_273_Lig_BC_141-1-0,7.6387267,6.894686,A549,Trametinib (GSK1120212),1000.0,nM,24.0,Trametinib (GSK1120212)_1000nM,true
C10_E09_RT_BC_36_Lig_BC_82-1-0,-0.5428006,7.057764,A549,Trametinib (GSK1120212),1000.0,nM,24.0,Trametinib (GSK1120212)_1000nM,true
F11_F10_RT_BC_114_Lig_BC_59-1-0,8.452297,9.198668,A549,Trametinib (GSK1120212),1000.0,nM,24.0,Trametinib (GSK1120212)_1000nM,true
A02_E09_RT_BC_333_Lig_BC_75-1-0,7.5369186,9.456937,A549,Trametinib (GSK1120212),1000.0,nM,24.0,Trametinib (GSK1120212)_1000nM,true
D04_F10_RT_BC_129_Lig_BC_65-1-0,9.200986,2.101631,A549,Trametinib (GSK1120212),1000.0,nM,24.0,Trametinib (GSK1120212)_1000nM,true
E04_F10_RT_BC_365_Lig_BC_1-1-0,7.482932,8.917942,A549,Trametinib (GSK1120212),1000.0,nM,24.0,Trametinib (GSK1120212)_1000nM,true
E04_F10_RT_BC_187_Lig_BC_222-1-0,7.0339475,8.395533,A549,Trametinib (GSK1120212),1000.0,nM,24.0,Trametinib (GSK1120212)_1000nM,true
H05_F10_RT_BC_145_Lig_BC_151-1-0,5.2220263,8.565047,A549,Trametinib (GSK1120212),1000.0,nM,24.0,Trametinib (GSK1120212)_1000nM,true
G08_E09_RT_BC_128_Lig_BC_169-1-0,8.107559,8.608511,A549,Trametinib (GSK1120212),1000.0,nM,24.0,Trametinib (GSK1120212)_1000nM,true
H05_E09_RT_BC_73_Lig_BC_98-1-0,8.117147,9.297854,A549,Trametinib (GSK1120212),1000.0,nM,24.0,Trametinib (GSK1120212)_1000nM,true
G09_E09_RT_BC_139_Lig_BC_134-1-0,7.8637276,9.222204,A549,Trametinib (GSK1120212),1000.0,nM,24.0,Trametinib (GSK1120212)_1000nM,true
H08_E09_RT_BC_363_Lig_BC_83-1-0,8.767301,6.034726,A549,Trametinib (GSK1120212),1000.0,nM,24.0,Trametinib (GSK1120212)_1000nM,true
E12_F10_RT_BC_305_Lig_BC_311-1-0,8.358238,8.891078,A549,Trametinib (GSK1120212),1000.0,nM,24.0,Trametinib (GSK1120212)_1000nM,true
F11_F10_RT_BC_75_Lig_BC_191-1-0,7.47042,9.238826,A549,Trametinib (GSK1120212),1000.0,nM,24.0,Trametinib (GSK1120212)_1000nM,true
B10_F10_RT_BC_200_Lig_BC_61-1-0,6.9083085,8.419537,A549,Trametinib (GSK1120212),1000.0,nM,24.0,Trametinib (GSK1120212)_1000nM,true
E01_F10_RT_BC_164_Lig_BC_102-1-0,3.172715,9.529577,A549,Trametinib (GSK1120212),1000.0,nM,24.0,Trametinib (GSK1120212)_1000nM,true
E02_F10_RT_BC_200_Lig_BC_293-1-0,6.351267,8.604418,A549,Trametinib (GSK1120212),1000.0,nM,24.0,Trametinib (GSK1120212)_1000nM,true
H04_E09_RT_BC_205_Lig_BC_182-1-0,4.9015903,6.936769,A549,Trametinib (GSK1120212),1000.0,nM,24.0,Trametinib (GSK1120212)_1000nM,true
D06_E09_RT_BC_103_Lig_BC_20-1-0,7.7022185,8.461228,A549,Trametinib (GSK1120212),1000.0,nM,24.0,Trametinib (GSK1120212)_1000nM,true
D12_F10_RT_BC_248_Lig_BC_55-1-0,8.273211,8.778797,A549,Trametinib (GSK1120212),1000.0,nM,24.0,Trametinib (GSK1120212)_1000nM,true
F04_F10_RT_BC_185_Lig_BC_356-1-0,7.668327,8.686513,A549,Trametinib (GSK1120212),1000.0,nM,24.0,Trametinib (GSK1120212)_1000nM,true
A08_F10_RT_BC_161_Lig_BC_165-1-0,2.6693408,7.0193076,A549,Trametinib (GSK1120212),1000.0,nM,24.0,Trametinib (GSK1120212)_1000nM,true
F02_E09_RT_BC_371_Lig_BC_316-1-0,8.032939,8.307044,A549,Trametinib (GSK1120212),1000.0,nM,24.0,Trametinib (GSK1120212)_1000nM,true
C03_F10_RT_BC_106_Lig_BC_230-1-0,6.6177187,8.309393,A549,Trametinib (GSK1120212),1000.0,nM,24.0,Trametinib (GSK1120212)_1000nM,true
F06_F10_RT_BC_329_Lig_BC_316-1-0,6.881844,7.8026776,A549,Trametinib (GSK1120212),1000.0,nM,24.0,Trametinib (GSK1120212)_1000nM,true
D04_F10_RT_BC_111_Lig_BC_281-1-0,8.1485195,9.095096,A549,Trametinib (GSK1120212),1000.0,nM,24.0,Trametinib (GSK1120212)_1000nM,true
A10_F10_RT_BC_83_Lig_BC_292-1-0,5.1174006,9.578933,A549,Trametinib (GSK1120212),1000.0,nM,24.0,Trametinib (GSK1120212)_1000nM,true
F06_E09_RT_BC_126_Lig_BC_257-1-0,5.831685,7.496486,A549,Trametinib (GSK1120212),1000.0,nM,24.0,Trametinib (GSK1120212)_1000nM,true
F02_E09_RT_BC_88_Lig_BC_132-1-0,8.323048,9.088765,A549,Trametinib (GSK1120212),1000.0,nM,24.0,Trametinib (GSK1120212)_1000nM,true
E06_E09_RT_BC_229_Lig_BC_19-1-0,3.9018004,4.531161,A549,Trametinib (GSK1120212),1000.0,nM,24.0,Trametinib (GSK1120212)_1000nM,true
C07_E09_RT_BC_147_Lig_BC_53-1-0,2.6355362,7.2638855,A549,Trametinib (GSK1120212),1000.0,nM,24.0,Trametinib (GSK1120212)_1000nM,true
G01_E09_RT_BC_119_Lig_BC_2-1-0,7.7408667,8.767019,A549,Trametinib (GSK1120212),1000.0,nM,24.0,Trametinib (GSK1120212)_1000nM,true
F03_F10_RT_BC_30_Lig_BC_302-1-0,8.074951,8.611174,A549,Trametinib (GSK1120212),1000.0,nM,24.0,Trametinib (GSK1120212)_1000nM,true
F11_F10_RT_BC_348_Lig_BC_305-1-0,6.5530195,8.574689,A549,Trametinib (GSK1120212),1000.0,nM,24.0,Trametinib (GSK1120212)_1000nM,true
D11_F10_RT_BC_346_Lig_BC_74-1-0,5.436802,5.4481378,A549,Trametinib (GSK1120212),1000.0,nM,24.0,Trametinib (GSK1120212)_1000nM,true
C08_F10_RT_BC_72_Lig_BC_294-1-0,3.1972363,8.8893795,A549,Trametinib (GSK1120212),1000.0,nM,24.0,Trametinib (GSK1120212)_1000nM,true
G09_F10_RT_BC_224_Lig_BC_274-1-0,6.5077763,9.555715,A549,Trametinib (GSK1120212),1000.0,nM,24.0,Trametinib (GSK1120212)_1000nM,true
H06_E09_RT_BC_321_Lig_BC_97-1-0,10.890043,8.217045,A549,Trametinib (GSK1120212),1000.0,nM,24.0,Trametinib (GSK1120212)_1000nM,true
D10_F10_RT_BC_302_Lig_BC_315-1-0,6.7648797,8.815185,A549,Trametinib (GSK1120212),1000.0,nM,24.0,Trametinib (GSK1120212)_1000nM,true
F09_F10_RT_BC_220_Lig_BC_145-1-0,6.15899,9.417744,A549,Trametinib (GSK1120212),1000.0,nM,24.0,Trametinib (GSK1120212)_1000nM,true
G07_E09_RT_BC_160_Lig_BC_238-1-0,7.1162605,8.729572,A549,Trametinib (GSK1120212),1000.0,nM,24.0,Trametinib (GSK1120212)_1000nM,true
C02_F10_RT_BC_164_Lig_BC_247-1-0,7.2063737,10.2120905,A549,Trametinib (GSK1120212),1000.0,nM,24.0,Trametinib (GSK1120212)_1000nM,true
H05_F10_RT_BC_295_Lig_BC_99-1-0,7.4957423,8.338161,A549,Trametinib (GSK1120212),1000.0,nM,24.0,Trametinib (GSK1120212)_1000nM,true
C11_F10_RT_BC_136_Lig_BC_19-1-0,8.205,10.218056,A549,Trametinib (GSK1120212),10000.0,nM,24.0,Trametinib (GSK1120212)_10000nM,true
D06_F10_RT_BC_34_Lig_BC_104-1-0,6.9648113,8.916441,A549,Trametinib (GSK1120212),10000.0,nM,24.0,Trametinib (GSK1120212)_10000nM,true
A07_F10_RT_BC_316_Lig_BC_320-1-0,8.226591,8.599442,A549,Trametinib (GSK1120212),10000.0,nM,24.0,Trametinib (GSK1120212)_10000nM,true
A05_F10_RT_BC_173_Lig_BC_163-1-0,4.8129478,9.632756,A549,Trametinib (GSK1120212),10000.0,nM,24.0,Trametinib (GSK1120212)_10000nM,true
C09_F10_RT_BC_250_Lig_BC_39-1-0,3.7958462,7.394356,A549,Trametinib (GSK1120212),10000.0,nM,24.0,Trametinib (GSK1120212)_10000nM,true
G11_E09_RT_BC_125_Lig_BC_119-1-0,8.2079525,10.541256,A549,Trametinib (GSK1120212),10000.0,nM,24.0,Trametinib (GSK1120212)_10000nM,true
D06_E09_RT_BC_218_Lig_BC_349-1-0,6.6238484,9.219733,A549,Trametinib (GSK1120212),10000.0,nM,24.0,Trametinib (GSK1120212)_10000nM,true
D01_E09_RT_BC_20_Lig_BC_216-1-0,3.356272,5.9344654,A549,Trametinib (GSK1120212),10000.0,nM,24.0,Trametinib (GSK1120212)_10000nM,true
H06_E09_RT_BC_17_Lig_BC_98-1-0,5.6592574,5.402295,A549,Trametinib (GSK1120212),10000.0,nM,24.0,Trametinib (GSK1120212)_10000nM,true
A05_F10_RT_BC_339_Lig_BC_72-1-0,5.1616035,3.7306728,A549,Trametinib (GSK1120212),10000.0,nM,24.0,Trametinib (GSK1120212)_10000nM,true
H03_E09_RT_BC_315_Lig_BC_211-1-0,8.087471,9.154799,A549,Trametinib (GSK1120212),10000.0,nM,24.0,Trametinib (GSK1120212)_10000nM,true
F10_F10_RT_BC_353_Lig_BC_305-1-0,8.459302,8.952432,A549,Trametinib (GSK1120212),10000.0,nM,24.0,Trametinib (GSK1120212)_10000nM,true
B10_E09_RT_BC_70_Lig_BC_285-1-0,7.7390075,8.807779,A549,Trametinib (GSK1120212),10000.0,nM,24.0,Trametinib (GSK1120212)_10000nM,true
D03_F10_RT_BC_127_Lig_BC_314-1-0,-1.4101777,6.5703144,A549,Trametinib (GSK1120212),10000.0,nM,24.0,Trametinib (GSK1120212)_10000nM,true
C02_E09_RT_BC_27_Lig_BC_335-1-0,0.110123076,7.1248355,A549,Trametinib (GSK1120212),10000.0,nM,24.0,Trametinib (GSK1120212)_10000nM,true
A12_F10_RT_BC_303_Lig_BC_10-1-0,7.9811373,8.558987,A549,Trametinib (GSK1120212),10000.0,nM,24.0,Trametinib (GSK1120212)_10000nM,true
G06_F10_RT_BC_258_Lig_BC_43-1-0,9.469894,3.2454617,A549,Trametinib (GSK1120212),10000.0,nM,24.0,Trametinib (GSK1120212)_10000nM,true
A06_F10_RT_BC_268_Lig_BC_46-1-0,5.170329,5.045636,A549,Trametinib (GSK1120212),10000.0,nM,24.0,Trametinib (GSK1120212)_10000nM,true
G05_F10_RT_BC_354_Lig_BC_285-1-0,8.156484,8.835753,A549,Trametinib (GSK1120212),10000.0,nM,24.0,Trametinib (GSK1120212)_10000nM,true
G06_F10_RT_BC_327_Lig_BC_327-1-0,9.126053,6.7428064,A549,Trametinib (GSK1120212),10000.0,nM,24.0,Trametinib (GSK1120212)_10000nM,true
B07_F10_RT_BC_314_Lig_BC_280-1-0,7.127497,10.258148,A549,Trametinib (GSK1120212),10000.0,nM,24.0,Trametinib (GSK1120212)_10000nM,true
A10_E09_RT_BC_382_Lig_BC_121-1-0,8.353683,8.6004715,A549,Trametinib (GSK1120212),10000.0,nM,24.0,Trametinib (GSK1120212)_10000nM,true
B12_F10_RT_BC_29_Lig_BC_114-1-0,7.713845,9.884626,A549,Trametinib (GSK1120212),10000.0,nM,24.0,Trametinib (GSK1120212)_10000nM,true
G09_E09_RT_BC_277_Lig_BC_136-1-0,4.83673,4.073594,A549,Trametinib (GSK1120212),10000.0,nM,24.0,Trametinib (GSK1120212)_10000nM,true
G06_F10_RT_BC_73_Lig_BC_318-1-0,7.6887712,8.711643,A549,Trametinib (GSK1120212),10000.0,nM,24.0,Trametinib (GSK1120212)_10000nM,true
F07_F10_RT_BC_148_Lig_BC_204-1-0,7.022633,9.595436,A549,Trametinib (GSK1120212),10000.0,nM,24.0,Trametinib (GSK1120212)_10000nM,true
H10_E09_RT_BC_296_Lig_BC_172-1-0,1.6181217,7.4636045,A549,Trametinib (GSK1120212),10000.0,nM,24.0,Trametinib (GSK1120212)_10000nM,true
G08_E09_RT_BC_210_Lig_BC_5-1-0,8.119104,10.721305,A549,Trametinib (GSK1120212),10000.0,nM,24.0,Trametinib (GSK1120212)_10000nM,true
G11_F10_RT_BC_148_Lig_BC_295-1-0,3.2475135,6.043657,A549,Trametinib (GSK1120212),10000.0,nM,24.0,Trametinib (GSK1120212)_10000nM,true
D06_E09_RT_BC_332_Lig_BC_119-1-0,7.6002183,9.156242,A549,Trametinib (GSK1120212),10000.0,nM,24.0,Trametinib (GSK1120212)_10000nM,true
E05_F10_RT_BC_346_Lig_BC_62-1-0,4.5373616,5.624146,A549,Trametinib (GSK1120212),10000.0,nM,24.0,Trametinib (GSK1120212)_10000nM,true
A05_F10_RT_BC_43_Lig_BC_307-1-0,12.168668,6.020955,A549,Trametinib (GSK1120212),10000.0,nM,24.0,Trametinib (GSK1120212)_10000nM,true
B02_E09_RT_BC_38_Lig_BC_143-1-0,6.7138968,8.751804,A549,Trametinib (GSK1120212),10000.0,nM,24.0,Trametinib (GSK1120212)_10000nM,true
A02_E09_RT_BC_315_Lig_BC_353-1-0,6.954551,8.705162,A549,Trametinib (GSK1120212),10000.0,nM,24.0,Trametinib (GSK1120212)_10000nM,true
D11_F10_RT_BC_218_Lig_BC_13-1-0,8.129587,10.773285,A549,Trametinib (GSK1120212),10000.0,nM,24.0,Trametinib (GSK1120212)_10000nM,true
F12_F10_RT_BC_300_Lig_BC_323-1-0,8.151898,8.744874,A549,Trametinib (GSK1120212),10000.0,nM,24.0,Trametinib (GSK1120212)_10000nM,true
F02_E09_RT_BC_74_Lig_BC_141-1-0,7.323315,9.280092,A549,Trametinib (GSK1120212),10000.0,nM,24.0,Trametinib (GSK1120212)_10000nM,true
F06_F10_RT_BC_256_Lig_BC_92-1-0,9.918847,8.924427,A549,Trametinib (GSK1120212),10000.0,nM,24.0,Trametinib (GSK1120212)_10000nM,true
G05_E09_RT_BC_184_Lig_BC_176-1-0,6.8188114,3.1822174,A549,Trametinib (GSK1120212),10000.0,nM,24.0,Trametinib (GSK1120212)_10000nM,true
C01_E09_RT_BC_28_Lig_BC_156-1-0,6.5850406,9.689003,A549,Trametinib (GSK1120212),10000.0,nM,24.0,Trametinib (GSK1120212)_10000nM,true
G01_F10_RT_BC_320_Lig_BC_125-1-0,8.425055,8.961397,A549,Trametinib (GSK1120212),10000.0,nM,24.0,Trametinib (GSK1120212)_10000nM,true
G12_E09_RT_BC_349_Lig_BC_96-1-0,7.626214,8.3774185,A549,Trametinib (GSK1120212),10000.0,nM,24.0,Trametinib (GSK1120212)_10000nM,true
H03_E09_RT_BC_122_Lig_BC_144-1-0,6.6775136,9.260448,A549,Trametinib (GSK1120212),10000.0,nM,24.0,Trametinib (GSK1120212)_10000nM,true
G01_F10_RT_BC_78_Lig_BC_23-1-0,2.9695108,8.951687,A549,Trametinib (GSK1120212),10000.0,nM,24.0,Trametinib (GSK1120212)_10000nM,true
G05_E09_RT_BC_129_Lig_BC_52-1-0,7.7645707,8.573708,A549,Trametinib (GSK1120212),10000.0,nM,24.0,Trametinib (GSK1120212)_10000nM,true
C07_F10_RT_BC_218_Lig_BC_257-1-0,7.2790103,9.262815,A549,Trametinib (GSK1120212),10000.0,nM,24.0,Trametinib (GSK1120212)_10000nM,true
A11_F10_RT_BC_339_Lig_BC_308-1-0,1.1276846,5.1314793,A549,Trametinib (GSK1120212),10000.0,nM,24.0,Trametinib (GSK1120212)_10000nM,true
F01_E09_RT_BC_130_Lig_BC_242-1-0,3.9854722,5.3079214,A549,Trametinib (GSK1120212),10000.0,nM,24.0,Trametinib (GSK1120212)_10000nM,true
G11_E09_RT_BC_179_Lig_BC_108-1-0,6.7692423,8.042598,A549,Trametinib (GSK1120212),10000.0,nM,24.0,Trametinib (GSK1120212)_10000nM,true
G07_F10_RT_BC_309_Lig_BC_13-1-0,7.567001,8.874337,A549,Trametinib (GSK1120212),10000.0,nM,24.0,Trametinib (GSK1120212)_10000nM,true
G07_F10_RT_BC_13_Lig_BC_280-1-0,8.473042,7.5919857,A549,Trametinib (GSK1120212),10000.0,nM,24.0,Trametinib (GSK1120212)_10000nM,true
F03_E09_RT_BC_204_Lig_BC_327-1-0,8.162685,10.672857,A549,Trametinib (GSK1120212),10000.0,nM,24.0,Trametinib (GSK1120212)_10000nM,true
B08_F10_RT_BC_49_Lig_BC_74-1-0,4.8946953,5.5737514,A549,Trametinib (GSK1120212),10000.0,nM,24.0,Trametinib (GSK1120212)_10000nM,true
A05_F10_RT_BC_315_Lig_BC_369-1-0,7.1065536,8.358046,A549,Trametinib (GSK1120212),10000.0,nM,24.0,Trametinib (GSK1120212)_10000nM,true
B04_E09_RT_BC_114_Lig_BC_78-1-0,8.101293,8.954263,A549,Trametinib (GSK1120212),10000.0,nM,24.0,Trametinib (GSK1120212)_10000nM,true
E08_F10_RT_BC_105_Lig_BC_342-1-0,8.194961,9.01025,A549,Trametinib (GSK1120212),10000.0,nM,24.0,Trametinib (GSK1120212)_10000nM,true
E06_F10_RT_BC_33_Lig_BC_134-1-0,3.8769064,5.654984,A549,Trametinib (GSK1120212),10000.0,nM,24.0,Trametinib (GSK1120212)_10000nM,true
H06_F10_RT_BC_204_Lig_BC_101-1-0,7.563009,8.594034,A549,Trametinib (GSK1120212),10000.0,nM,24.0,Trametinib (GSK1120212)_10000nM,true
F09_F10_RT_BC_203_Lig_BC_153-1-0,7.108705,8.396141,A549,Trametinib (GSK1120212),10000.0,nM,24.0,Trametinib (GSK1120212)_10000nM,true
G12_F10_RT_BC_316_Lig_BC_354-1-0,7.741241,8.544106,A549,Trametinib (GSK1120212),10000.0,nM,24.0,Trametinib (GSK1120212)_10000nM,true
H07_E09_RT_BC_138_Lig_BC_340-1-0,8.505807,8.874163,A549,Trametinib (GSK1120212),10000.0,nM,24.0,Trametinib (GSK1120212)_10000nM,true
D07_E09_RT_BC_253_Lig_BC_131-1-0,4.391014,3.5690222,A549,Trametinib (GSK1120212),10000.0,nM,24.0,Trametinib (GSK1120212)_10000nM,true
C01_E09_RT_BC_61_Lig_BC_172-1-0,2.0982692,6.4704804,A549,Trametinib (GSK1120212),10000.0,nM,24.0,Trametinib (GSK1120212)_10000nM,true
F12_F10_RT_BC_28_Lig_BC_58-1-0,7.229534,8.774116,A549,Trametinib (GSK1120212),10000.0,nM,24.0,Trametinib (GSK1120212)_10000nM,true
C12_F10_RT_BC_175_Lig_BC_228-1-0,6.941345,8.196109,A549,Trametinib (GSK1120212),10000.0,nM,24.0,Trametinib (GSK1120212)_10000nM,true
E03_E09_RT_BC_259_Lig_BC_194-1-0,8.214527,8.975893,A549,Trametinib (GSK1120212),10000.0,nM,24.0,Trametinib (GSK1120212)_10000nM,true
E02_E09_RT_BC_111_Lig_BC_192-1-0,8.138812,8.581442,A549,Trametinib (GSK1120212),10000.0,nM,24.0,Trametinib (GSK1120212)_10000nM,true
B10_E09_RT_BC_335_Lig_BC_123-1-0,5.750432,9.873783,A549,Trametinib (GSK1120212),10000.0,nM,24.0,Trametinib (GSK1120212)_10000nM,true
D06_E09_RT_BC_350_Lig_BC_137-1-0,7.96688,8.36953,A549,Trametinib (GSK1120212),10000.0,nM,24.0,Trametinib (GSK1120212)_10000nM,true
F08_E09_RT_BC_121_Lig_BC_204-1-0,8.825226,8.574923,A549,Trametinib (GSK1120212),10000.0,nM,24.0,Trametinib (GSK1120212)_10000nM,true
C07_E09_RT_BC_198_Lig_BC_199-1-0,3.8487875,4.8444223,A549,Trametinib (GSK1120212),10000.0,nM,24.0,Trametinib (GSK1120212)_10000nM,true
H03_E09_RT_BC_314_Lig_BC_220-1-0,6.135854,9.539696,A549,Trametinib (GSK1120212),10000.0,nM,24.0,Trametinib (GSK1120212)_10000nM,true
E01_F10_RT_BC_226_Lig_BC_202-1-0,8.614275,8.964137,A549,Trametinib (GSK1120212),10000.0,nM,24.0,Trametinib (GSK1120212)_10000nM,true
C05_F10_RT_BC_144_Lig_BC_116-1-0,7.716763,8.326478,A549,Trametinib (GSK1120212),10000.0,nM,24.0,Trametinib (GSK1120212)_10000nM,true
H03_F10_RT_BC_121_Lig_BC_51-1-0,4.2764935,7.469973,A549,Trametinib (GSK1120212),10000.0,nM,24.0,Trametinib (GSK1120212)_10000nM,true
D03_E09_RT_BC_263_Lig_BC_179-1-0,8.30678,9.0244255,A549,Trametinib (GSK1120212),10000.0,nM,24.0,Trametinib (GSK1120212)_10000nM,true
B03_F10_RT_BC_301_Lig_BC_373-1-0,7.0560966,9.051473,A549,Trametinib (GSK1120212),10000.0,nM,24.0,Trametinib (GSK1120212)_10000nM,true
B03_F10_RT_BC_73_Lig_BC_18-1-0,8.384015,7.5908995,A549,Trametinib (GSK1120212),10000.0,nM,24.0,Trametinib (GSK1120212)_10000nM,true
F08_E09_RT_BC_74_Lig_BC_59-1-0,7.1797976,8.612007,A549,Trametinib (GSK1120212),10000.0,nM,24.0,Trametinib (GSK1120212)_10000nM,true
H04_E09_RT_BC_338_Lig_BC_338-1-0,8.048024,10.2206135,A549,Trametinib (GSK1120212),10000.0,nM,24.0,Trametinib (GSK1120212)_10000nM,true
