cell_id,UMAP1,UMAP2,cell_line,perturbation,dose_value,dose_unit,time,condition,source
H12_F10_RT_BC_190_Lig_BC_273-0,5.7688603,6.483783,A549,control,0.0,nM,24.0,control_0,control
A05_F10_RT_BC_351_Lig_BC_127-0,8.947697,7.358764,A549,control,0.0,nM,24.0,control_0,control
A05_E09_RT_BC_180_Lig_BC_93-0,0.4435643,8.2154045,A549,control,0.0,nM,24.0,control_0,control
C12_E09_RT_BC_71_Lig_BC_225-0,5.2245116,9.6940775,A549,control,0.0,nM,24.0,control_0,control
G01_F10_RT_BC_376_Lig_BC_355-0,10.8709955,3.4457116,A549,control,0.0,nM,24.0,control_0,control
B04_F10_RT_BC_65_Lig_BC_298-0,8.603408,4.243755,A549,control,0.0,nM,24.0,control_0,control
E04_E09_RT_BC_147_Lig_BC_101-0,7.076612,6.879786,A549,control,0.0,nM,24.0,control_0,control
A11_F10_RT_BC_27_Lig_BC_35-0,3.9054985,9.218637,A549,control,0.0,nM,24.0,control_0,control
D05_E09_RT_BC_329_Lig_BC_245-0,4.787211,9.818312,A549,control,0.0,nM,24.0,control_0,control
F03_F10_RT_BC_210_Lig_BC_379-0,7.9261937,10.165723,A549,control,0.0,nM,24.0,control_0,control
D05_E09_RT_BC_363_Lig_BC_71-0,7.496791,3.8647254,A549,control,0.0,nM,24.0,control_0,control
E09_E09_RT_BC_189_Lig_BC_87-0,10.467822,8.147505,A549,control,0.0,nM,24.0,control_0,control
B09_E09_RT_BC_50_Lig_BC_92-0,2.6424587,5.9264045,A549,control,0.0,nM,24.0,control_0,control
D08_E09_RT_BC_227_Lig_BC_366-0,4.1052394,5.058307,A549,control,0.0,nM,24.0,control_0,control
A03_F10_RT_BC_173_Lig_BC_197-0,6.3780584,1.7969196,A549,control,0.0,nM,24.0,control_0,control
G03_F10_RT_BC_29_Lig_BC_48-0,5.1531243,5.501596,A549,control,0.0,nM,24.0,control_0,control
B04_F10_RT_BC_21_Lig_BC_315-0,10.766613,3.4413702,A549,control,0.0,nM,24.0,control_0,control
C07_F10_RT_BC_171_Lig_BC_213-0,9.493319,9.608578,A549,control,0.0,nM,24.0,control_0,control
E06_F10_RT_BC_353_Lig_BC_36-0,9.189187,9.051914,A549,control,0.0,nM,24.0,control_0,control
F01_E09_RT_BC_327_Lig_BC_332-0,9.126208,3.1662343,A549,control,0.0,nM,24.0,control_0,control
A03_E09_RT_BC_221_Lig_BC_159-0,3.553562,8.780215,A549,control,0.0,nM,24.0,control_0,control
G01_E09_RT_BC_260_Lig_BC_146-0,8.38259,6.678484,A549,control,0.0,nM,24.0,control_0,control
B06_F10_RT_BC_181_Lig_BC_100-0,8.062211,2.574021,A549,control,0.0,nM,24.0,control_0,control
H01_E09_RT_BC_306_Lig_BC_81-0,8.726307,7.4107747,A549,control,0.0,nM,24.0,control_0,control
A09_E09_RT_BC_146_Lig_BC_286-0,9.930694,8.225858,A549,control,0.0,nM,24.0,control_0,control
G04_E09_RT_BC_346_Lig_BC_349-0,5.9790087,7.517485,A549,control,0.0,nM,24.0,control_0,control
B12_F10_RT_BC_78_Lig_BC_319-0,5.5346494,8.473489,A549,control,0.0,nM,24.0,control_0,control
D08_E09_RT_BC_370_Lig_BC_183-0,6.324949,5.0850086,A549,control,0.0,nM,24.0,control_0,control
A07_E09_RT_BC_18_Lig_BC_151-0,6.886911,7.551516,A549,control,0.0,nM,24.0,control_0,control
D11_F10_RT_BC_275_Lig_BC_176-0,5.216602,2.982814,A549,control,0.0,nM,24.0,control_0,control
H01_E09_RT_BC_377_Lig_BC_208-0,9.934347,6.470738,A549,control,0.0,nM,24.0,control_0,control
G08_E09_RT_BC_139_Lig_BC_109-0,5.925836,3.7864225,A549,control,0.0,nM,24.0,control_0,control
B01_E09_RT_BC_305_Lig_BC_309-0,6.4360204,3.642582,A549,control,0.0,nM,24.0,control_0,control
H03_E09_RT_BC_212_Lig_BC_54-0,8.912862,7.1034374,A549,control,0.0,nM,24.0,control_0,control
G02_F10_RT_BC_341_Lig_BC_207-0,7.4972982,1.8452698,A549,control,0.0,nM,24.0,control_0,control
D05_F10_RT_BC_218_Lig_BC_71-0,11.319775,7.5107617,A549,control,0.0,nM,24.0,control_0,control
B05_E09_RT_BC_343_Lig_BC_201-0,4.324275,7.6898947,A549,control,0.0,nM,24.0,control_0,control
D12_F10_RT_BC_104_Lig_BC_376-0,7.4513183,1.7074157,A549,control,0.0,nM,24.0,control_0,control
H10_E09_RT_BC_152_Lig_BC_365-0,6.814962,2.460041,A549,control,0.0,nM,24.0,control_0,control
F02_E09_RT_BC_341_Lig_BC_274-0,10.242116,3.126024,A549,control,0.0,nM,24.0,control_0,control
G12_E09_RT_BC_121_Lig_BC_19-0,6.9677806,3.4313493,A549,control,0.0,nM,24.0,control_0,control
D01_F10_RT_BC_227_Lig_BC_147-0,9.402077,9.417797,A549,control,0.0,nM,24.0,control_0,control
D03_F10_RT_BC_242_Lig_BC_25-0,4.570787,5.6252623,A549,control,0.0,nM,24.0,control_0,control
F12_E09_RT_BC_99_Lig_BC_69-0,5.5986433,7.042032,A549,control,0.0,nM,24.0,control_0,control
H06_F10_RT_BC_224_Lig_BC_21-0,3.1073158,5.726657,A549,control,0.0,nM,24.0,control_0,control
C01_F10_RT_BC_242_Lig_BC_279-0,4.125815,5.588742,A549,control,0.0,nM,24.0,control_0,control
D09_F10_RT_BC_371_Lig_BC_245-0,6.253645,1.7334756,A549,control,0.0,nM,24.0,control_0,control
E11_F10_RT_BC_381_Lig_BC_364-0,9.213608,3.3713977,A549,control,0.0,nM,24.0,control_0,control
A10_E09_RT_BC_323_Lig_BC_264-0,4.653399,10.743679,A549,control,0.0,nM,24.0,control_0,control
C09_F10_RT_BC_288_Lig_BC_60-0,4.9668403,5.328815,A549,control,0.0,nM,24.0,control_0,control
D02_E09_RT_BC_351_Lig_BC_57-0,6.807653,2.863427,A549,control,0.0,nM,24.0,control_0,control
G03_E09_RT_BC_189_Lig_BC_280-0,8.997715,2.9925961,A549,control,0.0,nM,24.0,control_0,control
D04_F10_RT_BC_379_Lig_BC_130-0,1.8135511,6.2940564,A549,control,0.0,nM,24.0,control_0,control
F03_E09_RT_BC_150_Lig_BC_39-0,11.078831,7.1075416,A549,control,0.0,nM,24.0,control_0,control
D03_F10_RT_BC_152_Lig_BC_284-0,10.05912,7.66027,A549,control,0.0,nM,24.0,control_0,control
A08_F10_RT_BC_102_Lig_BC_304-0,11.436323,7.9291534,A549,control,0.0,nM,24.0,control_0,control
A07_F10_RT_BC_153_Lig_BC_31-0,10.3798275,7.6290846,A549,control,0.0,nM,24.0,control_0,control
F07_F10_RT_BC_247_Lig_BC_200-0,7.7371025,2.7029762,A549,control,0.0,nM,24.0,control_0,control
G10_F10_RT_BC_210_Lig_BC_22-0,8.992896,3.3929858,A549,control,0.0,nM,24.0,control_0,control
G07_F10_RT_BC_35_Lig_BC_183-0,2.6522865,5.491547,A549,control,0.0,nM,24.0,control_0,control
D04_F10_RT_BC_154_Lig_BC_319-0,8.613299,5.8288717,A549,control,0.0,nM,24.0,control_0,control
E07_F10_RT_BC_294_Lig_BC_91-0,11.030902,7.448194,A549,control,0.0,nM,24.0,control_0,control
H02_E09_RT_BC_191_Lig_BC_333-0,8.84008,4.3409543,A549,control,0.0,nM,24.0,control_0,control
B03_F10_RT_BC_148_Lig_BC_134-0,5.6053853,3.9203107,A549,control,0.0,nM,24.0,control_0,control
H11_F10_RT_BC_124_Lig_BC_127-0,9.413269,5.557603,A549,control,0.0,nM,24.0,control_0,control
B04_F10_RT_BC_207_Lig_BC_218-0,4.082308,4.982385,A549,control,0.0,nM,24.0,control_0,control
C08_E09_RT_BC_62_Lig_BC_352-0,3.7151887,6.976752,A549,control,0.0,nM,24.0,control_0,control
F09_F10_RT_BC_304_Lig_BC_45-0,5.714221,9.764971,A549,control,0.0,nM,24.0,control_0,control
D03_E09_RT_BC_141_Lig_BC_355-0,11.320899,7.399589,A549,control,0.0,nM,24.0,control_0,control
B05_E09_RT_BC_225_Lig_BC_238-0,8.45571,9.777128,A549,control,0.0,nM,24.0,control_0,control
C04_F10_RT_BC_122_Lig_BC_185-0,3.877873,8.85224,A549,control,0.0,nM,24.0,control_0,control
C08_F10_RT_BC_73_Lig_BC_109-0,8.457679,2.7237206,A549,control,0.0,nM,24.0,control_0,control
G06_F10_RT_BC_379_Lig_BC_226-0,9.298557,2.9979923,A549,control,0.0,nM,24.0,control_0,control
E07_F10_RT_BC_236_Lig_BC_298-0,6.006483,10.538697,A549,control,0.0,nM,24.0,control_0,control
F07_F10_RT_BC_63_Lig_BC_51-0,9.569025,3.9064796,A549,control,0.0,nM,24.0,control_0,control
A03_F10_RT_BC_154_Lig_BC_17-0,5.583337,10.556197,A549,control,0.0,nM,24.0,control_0,control
G04_E09_RT_BC_146_Lig_BC_202-0,9.23333,8.0720415,A549,control,0.0,nM,24.0,control_0,control
H11_F10_RT_BC_172_Lig_BC_54-0,2.933496,8.88594,A549,control,0.0,nM,24.0,control_0,control
A12_F10_RT_BC_66_Lig_BC_189-0,8.324555,8.812313,A549,control,0.0,nM,24.0,control_0,control
H09_E09_RT_BC_221_Lig_BC_321-0,7.1770825,6.8715034,A549,control,0.0,nM,24.0,control_0,control
C06_E09_RT_BC_337_Lig_BC_303-0,8.51517,8.504809,A549,control,0.0,nM,24.0,control_0,control
D02_F10_RT_BC_196_Lig_BC_255-0,9.595438,4.9951305,A549,control,0.0,nM,24.0,control_0,control
D04_E09_RT_BC_133_Lig_BC_259-0,7.709014,8.11492,A549,control,0.0,nM,24.0,control_0,control
G11_F10_RT_BC_206_Lig_BC_27-0,4.5425515,10.497267,A549,control,0.0,nM,24.0,control_0,control
A09_F10_RT_BC_160_Lig_BC_359-0,4.7351766,5.9679713,A549,control,0.0,nM,24.0,control_0,control
H03_F10_RT_BC_150_Lig_BC_68-0,5.739894,5.5645795,A549,control,0.0,nM,24.0,control_0,control
H09_F10_RT_BC_306_Lig_BC_168-0,2.0068085,6.164485,A549,control,0.0,nM,24.0,control_0,control
B12_F10_RT_BC_370_Lig_BC_357-0,9.135259,5.229482,A549,control,0.0,nM,24.0,control_0,control
H10_F10_RT_BC_199_Lig_BC_239-0,7.1577697,6.251074,A549,control,0.0,nM,24.0,control_0,control
E01_F10_RT_BC_14_Lig_BC_216-0,4.3853436,6.5937886,A549,control,0.0,nM,24.0,control_0,control
E08_F10_RT_BC_163_Lig_BC_165-0,5.728113,2.2442849,A549,control,0.0,nM,24.0,control_0,control
H02_E09_RT_BC_284_Lig_BC_159-0,6.3235536,4.107261,A549,control,0.0,nM,24.0,control_0,control
E09_E09_RT_BC_46_Lig_BC_277-0,10.496291,9.15295,A549,control,0.0,nM,24.0,control_0,control
C02_E09_RT_BC_32_Lig_BC_281-0,8.4473095,9.212121,A549,control,0.0,nM,24.0,control_0,control
C11_F10_RT_BC_177_Lig_BC_297-0,10.99534,7.9201627,A549,control,0.0,nM,24.0,control_0,control
C12_E09_RT_BC_341_Lig_BC_201-0,9.471544,5.1599417,A549,control,0.0,nM,24.0,control_0,control
D07_F10_RT_BC_70_Lig_BC_272-0,5.1733646,6.361069,A549,control,0.0,nM,24.0,control_0,control
D08_E09_RT_BC_55_Lig_BC_218-0,6.5821133,6.7986856,A549,control,0.0,nM,24.0,control_0,control
H11_E09_RT_BC_217_Lig_BC_17-0,10.881696,8.208206,A549,control,0.0,nM,24.0,control_0,control
G05_F10_RT_BC_305_Lig_BC_24-0,1.003644,7.635686,A549,control,0.0,nM,24.0,control_0,control
A09_E09_RT_BC_42_Lig_BC_59-0,7.0806375,7.6022053,A549,control,0.0,nM,24.0,control_0,control
E05_E09_RT_BC_376_Lig_BC_145-0,8.099382,9.818741,A549,control,0.0,nM,24.0,control_0,control
D10_F10_RT_BC_20_Lig_BC_349-0,9.951928,7.2468038,A549,control,0.0,nM,24.0,control_0,control
H10_F10_RT_BC_92_Lig_BC_159-0,8.075544,5.841538,A549,control,0.0,nM,24.0,control_0,control
G08_E09_RT_BC_367_Lig_BC_46-0,0.81329024,9.266947,A549,control,0.0,nM,24.0,control_0,control
D07_F10_RT_BC_144_Lig_BC_357-0,10.918802,8.584292,A549,control,0.0,nM,24.0,control_0,control
F10_F10_RT_BC_324_Lig_BC_259-0,11.071035,8.077494,A549,control,0.0,nM,24.0,control_0,control
G01_E09_RT_BC_207_Lig_BC_78-0,8.200842,2.590055,A549,control,0.0,nM,24.0,control_0,control
A11_F10_RT_BC_121_Lig_BC_186-0,2.1585813,6.0108633,A549,control,0.0,nM,24.0,control_0,control
H08_F10_RT_BC_302_Lig_BC_203-0,1.1738504,8.982332,A549,control,0.0,nM,24.0,control_0,control
F02_F10_RT_BC_340_Lig_BC_300-1,9.541529,5.982207,A549,(+)-JQ1,10.0,nM,24.0,(+)-JQ1_10nM,true
A07_E09_RT_BC_134_Lig_BC_266-1,3.2962096,3.4774418,A549,(+)-JQ1,10.0,nM,24.0,(+)-JQ1_10nM,true
C04_E09_RT_BC_345_Lig_BC_167-1,7.5285187,1.9726926,A549,(+)-JQ1,10.0,nM,24.0,(+)-JQ1_10nM,true
D08_E09_RT_BC_363_Lig_BC_229-1,3.7826097,5.3687043,A549,(+)-JQ1,10.0,nM,24.0,(+)-JQ1_10nM,true
A03_F10_RT_BC_138_Lig_BC_297-1,11.203191,8.108731,A549,(+)-JQ1,10.0,nM,24.0,(+)-JQ1_10nM,true
A12_E09_RT_BC_245_Lig_BC_283-1,11.524464,7.5987644,A549,(+)-JQ1,10.0,nM,24.0,(+)-JQ1_10nM,true
F12_E09_RT_BC_14_Lig_BC_115-1,9.537075,5.618684,A549,(+)-JQ1,10.0,nM,24.0,(+)-JQ1_10nM,true
B03_E09_RT_BC_306_Lig_BC_181-1,10.611657,3.440559,A549,(+)-JQ1,10.0,nM,24.0,(+)-JQ1_10nM,true
D11_F10_RT_BC_334_Lig_BC_114-1,10.611469,6.867781,A549,(+)-JQ1,10.0,nM,24.0,(+)-JQ1_10nM,true
F07_E09_RT_BC_272_Lig_BC_298-1,6.2258015,2.7946553,A549,(+)-JQ1,10.0,nM,24.0,(+)-JQ1_10nM,true
D09_F10_RT_BC_307_Lig_BC_279-1,9.494399,3.7891252,A549,(+)-JQ1,10.0,nM,24.0,(+)-JQ1_10nM,true
G12_F10_RT_BC_217_Lig_BC_359-1,8.317195,3.4385026,A549,(+)-JQ1,10.0,nM,24.0,(+)-JQ1_10nM,true
A01_E09_RT_BC_103_Lig_BC_162-1,11.207791,8.031283,A549,(+)-JQ1,10.0,nM,24.0,(+)-JQ1_10nM,true
A11_F10_RT_BC_220_Lig_BC_183-1,11.191504,7.2283287,A549,(+)-JQ1,10.0,nM,24.0,(+)-JQ1_10nM,true
F07_F10_RT_BC_256_Lig_BC_175-1,10.620499,7.29873,A549,(+)-JQ1,10.0,nM,24.0,(+)-JQ1_10nM,true
F11_F10_RT_BC_198_Lig_BC_298-1,10.843331,3.4604316,A549,(+)-JQ1,10.0,nM,24.0,(+)-JQ1_10nM,true
D04_F10_RT_BC_128_Lig_BC_318-1,9.383566,5.8744493,A549,(+)-JQ1,10.0,nM,24.0,(+)-JQ1_10nM,true
D06_E09_RT_BC_44_Lig_BC_81-1,1.8028278,9.937345,A549,(+)-JQ1,10.0,nM,24.0,(+)-JQ1_10nM,true
B04_E09_RT_BC_114_Lig_BC_141-1,8.727904,3.9489298,A549,(+)-JQ1,10.0,nM,24.0,(+)-JQ1_10nM,true
F07_F10_RT_BC_373_Lig_BC_138-1,6.534496,5.6055713,A549,(+)-JQ1,10.0,nM,24.0,(+)-JQ1_10nM,true
A11_F10_RT_BC_67_Lig_BC_20-1,11.009361,3.7294002,A549,(+)-JQ1,10.0,nM,24.0,(+)-JQ1_10nM,true
G01_E09_RT_BC_244_Lig_BC_207-1,7.0271907,2.9475956,A549,(+)-JQ1,10.0,nM,24.0,(+)-JQ1_10nM,true
H09_E09_RT_BC_218_Lig_BC_33-1,11.113711,7.246574,A549,(+)-JQ1,10.0,nM,24.0,(+)-JQ1_10nM,true
B04_F10_RT_BC_321_Lig_BC_45-1,4.376711,3.1581128,A549,(+)-JQ1,10.0,nM,24.0,(+)-JQ1_10nM,true
D12_F10_RT_BC_195_Lig_BC_120-1,5.02622,7.9427786,A549,(+)-JQ1,10.0,nM,24.0,(+)-JQ1_10nM,true
C07_F10_RT_BC_363_Lig_BC_88-1,3.1798675,2.920215,A549,(+)-JQ1,10.0,nM,24.0,(+)-JQ1_10nM,true
H05_F10_RT_BC_244_Lig_BC_193-1,5.5985065,4.142137,A549,(+)-JQ1,10.0,nM,24.0,(+)-JQ1_10nM,true
H02_F10_RT_BC_242_Lig_BC_148-1,3.475958,5.4209456,A549,(+)-JQ1,10.0,nM,24.0,(+)-JQ1_10nM,true
C12_F10_RT_BC_325_Lig_BC_75-1,5.489455,10.235482,A549,(+)-JQ1,10.0,nM,24.0,(+)-JQ1_10nM,true
D08_F10_RT_BC_75_Lig_BC_152-1,2.7677002,5.630989,A549,(+)-JQ1,10.0,nM,24.0,(+)-JQ1_10nM,true
A07_F10_RT_BC_9_Lig_BC_153-1,5.14362,6.565904,A549,(+)-JQ1,10.0,nM,24.0,(+)-JQ1_10nM,true
E11_F10_RT_BC_215_Lig_BC_375-1,11.244639,7.190908,A549,(+)-JQ1,10.0,nM,24.0,(+)-JQ1_10nM,true
C02_E09_RT_BC_248_Lig_BC_153-1,1.3636897,6.7032228,A549,(+)-JQ1,10.0,nM,24.0,(+)-JQ1_10nM,true
H11_E09_RT_BC_209_Lig_BC_29-1,10.888752,4.0025463,A549,(+)-JQ1,10.0,nM,24.0,(+)-JQ1_10nM,true
A01_F10_RT_BC_228_Lig_BC_42-1,6.0828223,3.3782039,A549,(+)-JQ1,10.0,nM,24.0,(+)-JQ1_10nM,true
H06_F10_RT_BC_186_Lig_BC_317-1,1.1116456,6.841406,A549,(+)-JQ1,10.0,nM,24.0,(+)-JQ1_10nM,true
G11_F10_RT_BC_303_Lig_BC_365-1,8.297135,4.5884,A549,(+)-JQ1,10.0,nM,24.0,(+)-JQ1_10nM,true
E09_F10_RT_BC_6_Lig_BC_145-1,8.887156,3.3889472,A549,(+)-JQ1,10.0,nM,24.0,(+)-JQ1_10nM,true
F12_F10_RT_BC_186_Lig_BC_175-1,6.117968,2.3850703,A549,(+)-JQ1,10.0,nM,24.0,(+)-JQ1_10nM,true
D01_F10_RT_BC_119_Lig_BC_33-1,6.2852135,3.0333693,A549,(+)-JQ1,10.0,nM,24.0,(+)-JQ1_10nM,true
A11_F10_RT_BC_29_Lig_BC_256-1,2.1093707,4.0752296,A549,(+)-JQ1,10.0,nM,24.0,(+)-JQ1_10nM,true
F10_E09_RT_BC_168_Lig_BC_363-1,11.267109,7.4332013,A549,(+)-JQ1,10.0,nM,24.0,(+)-JQ1_10nM,true
D04_E09_RT_BC_137_Lig_BC_117-1,10.533984,3.2559037,A549,(+)-JQ1,10.0,nM,24.0,(+)-JQ1_10nM,true
C02_E09_RT_BC_244_Lig_BC_33-1,6.77991,4.2752376,A549,(+)-JQ1,10.0,nM,24.0,(+)-JQ1_10nM,true
B02_E09_RT_BC_255_Lig_BC_56-1,7.6920667,2.4550781,A549,(+)-JQ1,10.0,nM,24.0,(+)-JQ1_10nM,true
C01_F10_RT_BC_326_Lig_BC_107-1,2.39252,4.5040374,A549,(+)-JQ1,10.0,nM,24.0,(+)-JQ1_10nM,true
F10_F10_RT_BC_229_Lig_BC_265-1,7.88051,2.3820012,A549,(+)-JQ1,10.0,nM,24.0,(+)-JQ1_10nM,true
C07_E09_RT_BC_16_Lig_BC_323-1,5.0196037,6.5410843,A549,(+)-JQ1,10.0,nM,24.0,(+)-JQ1_10nM,true
E09_F10_RT_BC_250_Lig_BC_109-1,3.7797413,2.7238426,A549,(+)-JQ1,10.0,nM,24.0,(+)-JQ1_10nM,true
A03_E09_RT_BC_121_Lig_BC_14-1,3.5843194,10.321865,A549,(+)-JQ1,10.0,nM,24.0,(+)-JQ1_10nM,true
F06_E09_RT_BC_153_Lig_BC_104-1,10.42413,7.0771356,A549,(+)-JQ1,10.0,nM,24.0,(+)-JQ1_10nM,true
H05_E09_RT_BC_171_Lig_BC_216-1,5.944921,9.873567,A549,(+)-JQ1,10.0,nM,24.0,(+)-JQ1_10nM,true
G06_F10_RT_BC_354_Lig_BC_367-1,7.641214,3.7127063,A549,(+)-JQ1,10.0,nM,24.0,(+)-JQ1_10nM,true
G01_F10_RT_BC_203_Lig_BC_190-1,7.4465213,5.993701,A549,(+)-JQ1,10.0,nM,24.0,(+)-JQ1_10nM,true
D09_F10_RT_BC_91_Lig_BC_256-1,10.40319,9.188157,A549,(+)-JQ1,10.0,nM,24.0,(+)-JQ1_10nM,true
D12_F10_RT_BC_170_Lig_BC_103-1,7.6470017,6.509605,A549,(+)-JQ1,10.0,nM,24.0,(+)-JQ1_10nM,true
E11_F10_RT_BC_138_Lig_BC_314-1,10.775737,7.3502245,A549,(+)-JQ1,10.0,nM,24.0,(+)-JQ1_10nM,true
F04_F10_RT_BC_358_Lig_BC_187-1,10.630685,8.289034,A549,(+)-JQ1,10.0,nM,24.0,(+)-JQ1_10nM,true
H12_E09_RT_BC_53_Lig_BC_13-1,11.150311,8.354807,A549,(+)-JQ1,10.0,nM,24.0,(+)-JQ1_10nM,true
C04_F10_RT_BC_208_Lig_BC_147-1,6.3527107,3.965047,A549,(+)-JQ1,10.0,nM,24.0,(+)-JQ1_10nM,true
F03_E09_RT_BC_75_Lig_BC_26-1,11.025324,8.396896,A549,(+)-JQ1,10.0,nM,24.0,(+)-JQ1_10nM,true
G10_F10_RT_BC_126_Lig_BC_223-1,5.6511846,2.4406478,A549,(+)-JQ1,10.0,nM,24.0,(+)-JQ1_10nM,true
H03_E09_RT_BC_231_Lig_BC_47-1,8.626277,8.135151,A549,(+)-JQ1,10.0,nM,24.0,(+)-JQ1_10nM,true
G12_F10_RT_BC_15_Lig_BC_153-1,8.4239,7.3309646,A549,(+)-JQ1,10.0,nM,24.0,(+)-JQ1_10nM,true
F12_F10_RT_BC_106_Lig_BC_80-1,3.247645,7.7388544,A549,(+)-JQ1,10.0,nM,24.0,(+)-JQ1_10nM,true
D01_E09_RT_BC_201_Lig_BC_370-1,10.566869,8.269911,A549,(+)-JQ1,10.0,nM,24.0,(+)-JQ1_10nM,true
A10_F10_RT_BC_279_Lig_BC_128-1,5.990786,5.4649363,A549,(+)-JQ1,10.0,nM,24.0,(+)-JQ1_10nM,true
A03_E09_RT_BC_50_Lig_BC_308-1,6.7736316,6.113563,A549,(+)-JQ1,10.0,nM,24.0,(+)-JQ1_10nM,true
H12_F10_RT_BC_69_Lig_BC_324-1,2.3034883,4.945343,A549,(+)-JQ1,10.0,nM,24.0,(+)-JQ1_10nM,true
C10_F10_RT_BC_245_Lig_BC_167-1,10.518192,8.397099,A549,(+)-JQ1,10.0,nM,24.0,(+)-JQ1_10nM,true
C09_F10_RT_BC_190_Lig_BC_193-1,11.3343725,7.69222,A549,(+)-JQ1,10.0,nM,24.0,(+)-JQ1_10nM,true
G09_F10_RT_BC_124_Lig_BC_172-1,5.5413294,10.303644,A549,(+)-JQ1,10.0,nM,24.0,(+)-JQ1_10nM,true
E06_F10_RT_BC_284_Lig_BC_113-1,4.8336706,2.7291822,A549,(+)-JQ1,10.0,nM,24.0,(+)-JQ1_10nM,true
A07_E09_RT_BC_122_Lig_BC_95-1,5.473783,7.9291177,A549,(+)-JQ1,10.0,nM,24.0,(+)-JQ1_10nM,true
A12_F10_RT_BC_29_Lig_BC_209-1,6.8174467,4.90674,A549,(+)-JQ1,10.0,nM,24.0,(+)-JQ1_10nM,true
E12_F10_RT_BC_172_Lig_BC_122-1,4.6118555,3.0215216,A549,(+)-JQ1,10.0,nM,24.0,(+)-JQ1_10nM,true
B02_E09_RT_BC_238_Lig_BC_51-1,10.204788,3.5103457,A549,(+)-JQ1,10.0,nM,24.0,(+)-JQ1_10nM,true
G06_F10_RT_BC_320_Lig_BC_360-1,8.73168,4.1978807,A549,(+)-JQ1,10.0,nM,24.0,(+)-JQ1_10nM,true
F02_F10_RT_BC_237_Lig_BC_160-1,11.212501,7.1986423,A549,(+)-JQ1,10.0,nM,24.0,(+)-JQ1_10nM,true
G11_E09_RT_BC_260_Lig_BC_127-1,11.069332,8.271684,A549,(+)-JQ1,10.0,nM,24.0,(+)-JQ1_10nM,true
D12_F10_RT_BC_310_Lig_BC_84-1,9.693363,7.684449,A549,(+)-JQ1,10.0,nM,24.0,(+)-JQ1_10nM,true
H12_F10_RT_BC_220_Lig_BC_71-1,6.8754983,10.131481,A549,(+)-JQ1,10.0,nM,24.0,(+)-JQ1_10nM,true
E01_F10_RT_BC_332_Lig_BC_211-1,4.84792,7.671798,A549,(+)-JQ1,10.0,nM,24.0,(+)-JQ1_10nM,true
E04_F10_RT_BC_150_Lig_BC_322-1,5.80662,6.861343,A549,(+)-JQ1,10.0,nM,24.0,(+)-JQ1_10nM,true
B06_F10_RT_BC_71_Lig_BC_300-1,3.8524153,9.966641,A549,(+)-JQ1,10.0,nM,24.0,(+)-JQ1_10nM,true
F02_E09_RT_BC_105_Lig_BC_33-1,4.5625696,3.2068796,A549,(+)-JQ1,10.0,nM,24.0,(+)-JQ1_10nM,true
D05_E09_RT_BC_272_Lig_BC_226-1,1.0186731,8.28649,A549,(+)-JQ1,10.0,nM,24.0,(+)-JQ1_10nM,true
E02_E09_RT_BC_266_Lig_BC_43-1,6.9025965,10.339717,A549,(+)-JQ1,10.0,nM,24.0,(+)-JQ1_10nM,true
G12_E09_RT_BC_71_Lig_BC_9-1,9.684932,5.1601224,A549,(+)-JQ1,10.0,nM,24.0,(+)-JQ1_10nM,true
G04_E09_RT_BC_317_Lig_BC_47-1,8.776044,9.485771,A549,(+)-JQ1,10.0,nM,24.0,(+)-JQ1_10nM,true
H03_E09_RT_BC_39_Lig_BC_53-1,3.5066292,7.041499,A549,(+)-JQ1,10.0,nM,24.0,(+)-JQ1_10nM,true
F12_E09_RT_BC_16_Lig_BC_50-1,10.75264,3.5882142,A549,(+)-JQ1,10.0,nM,24.0,(+)-JQ1_10nM,true
G08_F10_RT_BC_85_Lig_BC_154-1,8.112862,4.4611855,A549,(+)-JQ1,10.0,nM,24.0,(+)-JQ1_10nM,true
D01_E09_RT_BC_298_Lig_BC_272-1,9.349003,5.3142314,A549,(+)-JQ1,10.0,nM,24.0,(+)-JQ1_10nM,true
H12_F10_RT_BC_138_Lig_BC_256-1,7.8781276,7.6068993,A549,(+)-JQ1,10.0,nM,24.0,(+)-JQ1_10nM,true
H06_F10_RT_BC_210_Lig_BC_186-1,8.244371,5.593299,A549,(+)-JQ1,10.0,nM,24.0,(+)-JQ1_10nM,true
F03_F10_RT_BC_94_Lig_BC_117-1,11.151413,8.095991,A549,(+)-JQ1,10.0,nM,24.0,(+)-JQ1_10nM,true
G05_F10_RT_BC_143_Lig_BC_307-1,10.94724,7.227038,A549,(+)-JQ1,10.0,nM,24.0,(+)-JQ1_10nM,true
B01_F10_RT_BC_314_Lig_BC_88-1,7.7331333,3.5626707,A549,(+)-JQ1,10.0,nM,24.0,(+)-JQ1_10nM,true
A05_F10_RT_BC_21_Lig_BC_81-1,8.501943,4.2335243,A549,(+)-JQ1,10.0,nM,24.0,(+)-JQ1_10nM,true
A11_F10_RT_BC_348_Lig_BC_4-1,7.564387,2.0841749,A549,(+)-JQ1,10.0,nM,24.0,(+)-JQ1_10nM,true
B12_E09_RT_BC_299_Lig_BC_256-1,7.8378882,4.271761,A549,(+)-JQ1,10.0,nM,24.0,(+)-JQ1_10nM,true
E05_F10_RT_BC_195_Lig_BC_366-1,9.585177,3.932804,A549,(+)-JQ1,10.0,nM,24.0,(+)-JQ1_10nM,true
B03_F10_RT_BC_181_Lig_BC_376-1,9.311241,8.1744585,A549,(+)-JQ1,10.0,nM,24.0,(+)-JQ1_10nM,true
G08_E09_RT_BC_320_Lig_BC_60-1,8.183651,6.2193646,A549,(+)-JQ1,10.0,nM,24.0,(+)-JQ1_10nM,true
C01_F10_RT_BC_369_Lig_BC_197-1,9.094329,4.6418204,A549,(+)-JQ1,10.0,nM,24.0,(+)-JQ1_10nM,true
H05_E09_RT_BC_31_Lig_BC_54-1,9.007538,5.084269,A549,(+)-JQ1,10.0,nM,24.0,(+)-JQ1_10nM,true
F09_E09_RT_BC_264_Lig_BC_208-1,10.302672,3.7568858,A549,(+)-JQ1,10.0,nM,24.0,(+)-JQ1_10nM,true
C08_E09_RT_BC_262_Lig_BC_226-1,5.4900637,9.737361,A549,(+)-JQ1,10.0,nM,24.0,(+)-JQ1_10nM,true
C01_F10_RT_BC_369_Lig_BC_42-1,8.071461,3.16094,A549,(+)-JQ1,10.0,nM,24.0,(+)-JQ1_10nM,true
C10_F10_RT_BC_186_Lig_BC_208-1,3.3032238,9.622551,A549,(+)-JQ1,100.0,nM,24.0,(+)-JQ1_100nM,true
F06_E09_RT_BC_153_Lig_BC_97-1,5.799276,4.429357,A549,(+)-JQ1,100.0,nM,24.0,(+)-JQ1_100nM,true
H09_E09_RT_BC_16_Lig_BC_69-1,8.681557,5.6872635,A549,(+)-JQ1,100.0,nM,24.0,(+)-JQ1_100nM,true
A02_F10_RT_BC_297_Lig_BC_300-1,5.0997887,9.084989,A549,(+)-JQ1,100.0,nM,24.0,(+)-JQ1_100nM,true
F11_E09_RT_BC_160_Lig_BC_151-1,5.0372434,10.75816,A549,(+)-JQ1,100.0,nM,24.0,(+)-JQ1_100nM,true
H05_F10_RT_BC_254_Lig_BC_101-1,5.6355743,7.0205297,A549,(+)-JQ1,100.0,nM,24.0,(+)-JQ1_100nM,true
G09_E09_RT_BC_150_Lig_BC_81-1,9.701916,7.764404,A549,(+)-JQ1,100.0,nM,24.0,(+)-JQ1_100nM,true
G08_F10_RT_BC_200_Lig_BC_206-1,6.7467475,2.995668,A549,(+)-JQ1,100.0,nM,24.0,(+)-JQ1_100nM,true
E01_E09_RT_BC_167_Lig_BC_292-1,7.546693,3.7545106,A549,(+)-JQ1,100.0,nM,24.0,(+)-JQ1_100nM,true
G06_F10_RT_BC_365_Lig_BC_220-1,4.5447054,4.571473,A549,(+)-JQ1,100.0,nM,24.0,(+)-JQ1_100nM,true
E02_E09_RT_BC_45_Lig_BC_97-1,1.5659605,6.3127365,A549,(+)-JQ1,100.0,nM,24.0,(+)-JQ1_100nM,true
C05_F10_RT_BC_62_Lig_BC_339-1,11.004592,8.212138,A549,(+)-JQ1,100.0,nM,24.0,(+)-JQ1_100nM,true
C08_F10_RT_BC_336_Lig_BC_160-1,4.8831987,6.102008,A549,(+)-JQ1,100.0,nM,24.0,(+)-JQ1_100nM,true
H05_F10_RT_BC_271_Lig_BC_286-1,2.7672951,3.1249454,A549,(+)-JQ1,100.0,nM,24.0,(+)-JQ1_100nM,true
H11_E09_RT_BC_54_Lig_BC_287-1,8.803151,3.8256392,A549,(+)-JQ1,100.0,nM,24.0,(+)-JQ1_100nM,true
C08_F10_RT_BC_260_Lig_BC_17-1,10.599368,8.089188,A549,(+)-JQ1,100.0,nM,24.0,(+)-JQ1_100nM,true
B04_F10_RT_BC_322_Lig_BC_206-1,6.7795234,9.985847,A549,(+)-JQ1,100.0,nM,24.0,(+)-JQ1_100nM,true
D04_F10_RT_BC_384_Lig_BC_82-1,6.4170833,10.49164,A549,(+)-JQ1,100.0,nM,24.0,(+)-JQ1_100nM,true
D03_E09_RT_BC_298_Lig_BC_99-1,1.0246464,4.3820796,A549,(+)-JQ1,100.0,nM,24.0,(+)-JQ1_100nM,true
F01_E09_RT_BC_97_Lig_BC_101-1,6.1950064,6.649659,A549,(+)-JQ1,100.0,nM,24.0,(+)-JQ1_100nM,true
D09_F10_RT_BC_364_Lig_BC_249-1,6.257557,2.880702,A549,(+)-JQ1,100.0,nM,24.0,(+)-JQ1_100nM,true
G06_F10_RT_BC_352_Lig_BC_126-1,2.88961,3.824033,A549,(+)-JQ1,100.0,nM,24.0,(+)-JQ1_100nM,true
H10_E09_RT_BC_255_Lig_BC_101-1,10.098906,9.21728,A549,(+)-JQ1,100.0,nM,24.0,(+)-JQ1_100nM,true
E11_F10_RT_BC_209_Lig_BC_63-1,8.826197,4.5152555,A549,(+)-JQ1,100.0,nM,24.0,(+)-JQ1_100nM,true
E11_F10_RT_BC_157_Lig_BC_310-1,4.994339,7.796753,A549,(+)-JQ1,100.0,nM,24.0,(+)-JQ1_100nM,true
F11_F10_RT_BC_30_Lig_BC_114-1,11.137813,8.008832,A549,(+)-JQ1,100.0,nM,24.0,(+)-JQ1_100nM,true
D05_E09_RT_BC_100_Lig_BC_98-1,6.7118077,7.0701566,A549,(+)-JQ1,100.0,nM,24.0,(+)-JQ1_100nM,true
G10_F10_RT_BC_275_Lig_BC_96-1,10.6634865,7.4807553,A549,(+)-JQ1,100.0,nM,24.0,(+)-JQ1_100nM,true
H01_E09_RT_BC_61_Lig_BC_161-1,8.5366535,9.315457,A549,(+)-JQ1,100.0,nM,24.0,(+)-JQ1_100nM,true
A12_E09_RT_BC_186_Lig_BC_230-1,4.227397,9.237032,A549,(+)-JQ1,100.0,nM,24.0,(+)-JQ1_100nM,true
A04_F10_RT_BC_326_Lig_BC_376-1,3.8427038,2.8682299,A549,(+)-JQ1,100.0,nM,24.0,(+)-JQ1_100nM,true
F08_E09_RT_BC_131_Lig_BC_224-1,10.494518,8.658593,A549,(+)-JQ1,100.0,nM,24.0,(+)-JQ1_100nM,true
C04_F10_RT_BC_33_Lig_BC_358-1,1.9423586,8.019204,A549,(+)-JQ1,100.0,nM,24.0,(+)-JQ1_100nM,true
D05_E09_RT_BC_100_Lig_BC_377-1,3.1565838,5.7586036,A549,(+)-JQ1,100.0,nM,24.0,(+)-JQ1_100nM,true
C01_F10_RT_BC_368_Lig_BC_296-1,9.1482115,3.4125822,A549,(+)-JQ1,100.0,nM,24.0,(+)-JQ1_100nM,true
A08_F10_RT_BC_357_Lig_BC_291-1,2.5830617,3.6044204,A549,(+)-JQ1,100.0,nM,24.0,(+)-JQ1_100nM,true
B07_E09_RT_BC_20_Lig_BC_172-1,6.632782,7.2302175,A549,(+)-JQ1,100.0,nM,24.0,(+)-JQ1_100nM,true
H09_E09_RT_BC_86_Lig_BC_195-1,5.149006,2.6450202,A549,(+)-JQ1,100.0,nM,24.0,(+)-JQ1_100nM,true
C07_F10_RT_BC_8_Lig_BC_286-1,5.5887613,3.5426123,A549,(+)-JQ1,100.0,nM,24.0,(+)-JQ1_100nM,true
E12_E09_RT_BC_76_Lig_BC_108-1,3.4015813,8.658836,A549,(+)-JQ1,100.0,nM,24.0,(+)-JQ1_100nM,true
E11_F10_RT_BC_49_Lig_BC_42-1,8.244471,7.9991508,A549,(+)-JQ1,100.0,nM,24.0,(+)-JQ1_100nM,true
H11_F10_RT_BC_335_Lig_BC_29-1,1.9819641,4.850389,A549,(+)-JQ1,100.0,nM,24.0,(+)-JQ1_100nM,true
D04_F10_RT_BC_98_Lig_BC_236-1,8.180288,5.629501,A549,(+)-JQ1,100.0,nM,24.0,(+)-JQ1_100nM,true
B10_E09_RT_BC_19_Lig_BC_52-1,2.2723925,9.275654,A549,(+)-JQ1,100.0,nM,24.0,(+)-JQ1_100nM,true
H04_E09_RT_BC_172_Lig_BC_231-1,5.910118,2.5067239,A549,(+)-JQ1,100.0,nM,24.0,(+)-JQ1_100nM,true
D03_F10_RT_BC_262_Lig_BC_225-1,6.6572995,4.072581,A549,(+)-JQ1,100.0,nM,24.0,(+)-JQ1_100nM,true
H12_E09_RT_BC_174_Lig_BC_198-1,6.814067,7.7816663,A549,(+)-JQ1,100.0,nM,24.0,(+)-JQ1_100nM,true
F06_F10_RT_BC_140_Lig_BC_247-1,1.3756251,9.466895,A549,(+)-JQ1,100.0,nM,24.0,(+)-JQ1_100nM,true
B09_F10_RT_BC_265_Lig_BC_257-1,6.196667,7.153428,A549,(+)-JQ1,100.0,nM,24.0,(+)-JQ1_100nM,true
C06_F10_RT_BC_19_Lig_BC_284-1,6.157048,6.824599,A549,(+)-JQ1,100.0,nM,24.0,(+)-JQ1_100nM,true
B01_E09_RT_BC_339_Lig_BC_28-1,1.8328944,4.516807,A549,(+)-JQ1,100.0,nM,24.0,(+)-JQ1_100nM,true
A03_F10_RT_BC_238_Lig_BC_61-1,3.5121589,4.075532,A549,(+)-JQ1,100.0,nM,24.0,(+)-JQ1_100nM,true
A03_F10_RT_BC_70_Lig_BC_164-1,6.966383,2.9378755,A549,(+)-JQ1,100.0,nM,24.0,(+)-JQ1_100nM,true
B05_F10_RT_BC_103_Lig_BC_218-1,3.2273145,3.8202474,A549,(+)-JQ1,100.0,nM,24.0,(+)-JQ1_100nM,true
G08_F10_RT_BC_349_Lig_BC_319-1,7.494456,4.2785206,A549,(+)-JQ1,100.0,nM,24.0,(+)-JQ1_100nM,true
C02_E09_RT_BC_243_Lig_BC_154-1,5.779495,5.668588,A549,(+)-JQ1,100.0,nM,24.0,(+)-JQ1_100nM,true
D05_E09_RT_BC_132_Lig_BC_6-1,5.8709536,8.183237,A549,(+)-JQ1,100.0,nM,24.0,(+)-JQ1_100nM,true
A12_F10_RT_BC_64_Lig_BC_308-1,4.651147,3.8472388,A549,(+)-JQ1,100.0,nM,24.0,(+)-JQ1_100nM,true
C12_F10_RT_BC_137_Lig_BC_160-1,9.405481,9.049193,A549,(+)-JQ1,100.0,nM,24.0,(+)-JQ1_100nM,true
H12_E09_RT_BC_216_Lig_BC_261-1,7.297881,4.7817745,A549,(+)-JQ1,100.0,nM,24.0,(+)-JQ1_100nM,true
G02_E09_RT_BC_370_Lig_BC_194-1,2.2510784,5.5543914,A549,(+)-JQ1,100.0,nM,24.0,(+)-JQ1_100nM,true
A12_F10_RT_BC_194_Lig_BC_158-1,4.871422,4.9775043,A549,(+)-JQ1,100.0,nM,24.0,(+)-JQ1_100nM,true
D07_F10_RT_BC_344_Lig_BC_293-1,7.5239964,2.024135,A549,(+)-JQ1,100.0,nM,24.0,(+)-JQ1_100nM,true
C02_F10_RT_BC_364_Lig_BC_149-1,10.11343,6.7375245,A549,(+)-JQ1,100.0,nM,24.0,(+)-JQ1_100nM,true
F11_E09_RT_BC_219_Lig_BC_126-1,1.5379066,6.6935782,A549,(+)-JQ1,100.0,nM,24.0,(+)-JQ1_100nM,true
H03_F10_RT_BC_322_Lig_BC_19-1,5.1433644,6.349953,A549,(+)-JQ1,100.0,nM,24.0,(+)-JQ1_100nM,true
H08_F10_RT_BC_368_Lig_BC_227-1,6.494725,1.7348753,A549,(+)-JQ1,100.0,nM,24.0,(+)-JQ1_100nM,true
D01_E09_RT_BC_33_Lig_BC_21-1,5.486563,10.418023,A549,(+)-JQ1,100.0,nM,24.0,(+)-JQ1_100nM,true
H11_E09_RT_BC_201_Lig_BC_312-1,10.424303,3.9154024,A549,(+)-JQ1,100.0,nM,24.0,(+)-JQ1_100nM,true
F12_F10_RT_BC_104_Lig_BC_223-1,4.9676704,7.470534,A549,(+)-JQ1,100.0,nM,24.0,(+)-JQ1_100nM,true
B07_F10_RT_BC_215_Lig_BC_127-1,4.2448335,6.631071,A549,(+)-JQ1,100.0,nM,24.0,(+)-JQ1_100nM,true
F10_F10_RT_BC_144_Lig_BC_304-1,8.997725,4.920635,A549,(+)-JQ1,100.0,nM,24.0,(+)-JQ1_100nM,true
G02_E09_RT_BC_154_Lig_BC_170-1,8.624209,5.215286,A549,(+)-JQ1,100.0,nM,24.0,(+)-JQ1_100nM,true
H09_E09_RT_BC_319_Lig_BC_68-1,4.729286,4.8847675,A549,(+)-JQ1,100.0,nM,24.0,(+)-JQ1_100nM,true
F02_F10_RT_BC_373_Lig_BC_330-1,4.929841,9.324361,A549,(+)-JQ1,100.0,nM,24.0,(+)-JQ1_100nM,true
D03_E09_RT_BC_235_Lig_BC_332-1,4.342395,4.2614126,A549,(+)-JQ1,100.0,nM,24.0,(+)-JQ1_100nM,true
F10_E09_RT_BC_173_Lig_BC_170-1,2.410546,7.579244,A549,(+)-JQ1,100.0,nM,24.0,(+)-JQ1_100nM,true
E02_F10_RT_BC_255_Lig_BC_303-1,10.213751,7.071021,A549,(+)-JQ1,100.0,nM,24.0,(+)-JQ1_100nM,true
F11_F10_RT_BC_81_Lig_BC_171-1,5.4997144,5.6008787,A549,(+)-JQ1,100.0,nM,24.0,(+)-JQ1_100nM,true
C07_E09_RT_BC_370_Lig_BC_328-1,8.445386,2.774742,A549,(+)-JQ1,100.0,nM,24.0,(+)-JQ1_100nM,true
C02_F10_RT_BC_33_Lig_BC_303-1,2.388734,5.0860424,A549,(+)-JQ1,100.0,nM,24.0,(+)-JQ1_100nM,true
G01_F10_RT_BC_291_Lig_BC_140-1,3.175346,4.550454,A549,(+)-JQ1,100.0,nM,24.0,(+)-JQ1_100nM,true
C01_E09_RT_BC_255_Lig_BC_221-1,4.7893925,7.287081,A549,(+)-JQ1,100.0,nM,24.0,(+)-JQ1_100nM,true
H11_F10_RT_BC_366_Lig_BC_293-1,9.645702,7.13177,A549,(+)-JQ1,100.0,nM,24.0,(+)-JQ1_100nM,true
A10_E09_RT_BC_86_Lig_BC_286-1,2.2161412,4.110507,A549,(+)-JQ1,100.0,nM,24.0,(+)-JQ1_100nM,true
F02_F10_RT_BC_89_Lig_BC_107-1,2.244731,6.610717,A549,(+)-JQ1,100.0,nM,24.0,(+)-JQ1_100nM,true
B05_F10_RT_BC_77_Lig_BC_28-1,2.2730696,4.9667425,A549,(+)-JQ1,100.0,nM,24.0,(+)-JQ1_100nM,true
C07_F10_RT_BC_50_Lig_BC_338-1,6.1009007,9.8410425,A549,(+)-JQ1,100.0,nM,24.0,(+)-JQ1_100nM,true
H01_E09_RT_BC_348_Lig_BC_181-1,10.226796,8.875354,A549,(+)-JQ1,100.0,nM,24.0,(+)-JQ1_100nM,true
C07_F10_RT_BC_376_Lig_BC_205-1,1.4823966,5.127718,A549,(+)-JQ1,100.0,nM,24.0,(+)-JQ1_100nM,true
B01_F10_RT_BC_46_Lig_BC_316-1,6.6278725,4.0609956,A549,(+)-JQ1,100.0,nM,24.0,(+)-JQ1_100nM,true
B01_E09_RT_BC_253_Lig_BC_122-1,3.2627165,5.1138697,A549,(+)-JQ1,100.0,nM,24.0,(+)-JQ1_100nM,true
G11_F10_RT_BC_307_Lig_BC_306-1,6.592371,5.894722,A549,(+)-JQ1,100.0,nM,24.0,(+)-JQ1_100nM,true
A04_F10_RT_BC_337_Lig_BC_357-1,2.2296808,4.6423197,A549,(+)-JQ1,100.0,nM,24.0,(+)-JQ1_100nM,true
D09_F10_RT_BC_103_Lig_BC_178-1,6.010873,9.956752,A549,(+)-JQ1,100.0,nM,24.0,(+)-JQ1_100nM,true
H11_F10_RT_BC_18_Lig_BC_15-1,0.960001,4.686026,A549,(+)-JQ1,100.0,nM,24.0,(+)-JQ1_100nM,true
G11_F10_RT_BC_212_Lig_BC_20-1,2.2309372,6.1901426,A549,(+)-JQ1,100.0,nM,24.0,(+)-JQ1_100nM,true
D04_E09_RT_BC_275_Lig_BC_195-1,10.00724,3.4691164,A549,(+)-JQ1,100.0,nM,24.0,(+)-JQ1_100nM,true
G12_F10_RT_BC_21_Lig_BC_219-1,6.580672,2.132467,A549,(+)-JQ1,100.0,nM,24.0,(+)-JQ1_100nM,true
E09_F10_RT_BC_22_Lig_BC_210-1,5.2638674,1.9595939,A549,(+)-JQ1,100.0,nM,24.0,(+)-JQ1_100nM,true
E10_E09_RT_BC_321_Lig_BC_224-1,4.817938,8.938225,A549,(+)-JQ1,100.0,nM,24.0,(+)-JQ1_100nM,true
G09_E09_RT_BC_33_Lig_BC_128-1,6.9961815,2.9814262,A549,(+)-JQ1,100.0,nM,24.0,(+)-JQ1_100nM,true
A02_F10_RT_BC_377_Lig_BC_335-1,5.7518325,3.2240415,A549,(+)-JQ1,100.0,nM,24.0,(+)-JQ1_100nM,true
C03_E09_RT_BC_270_Lig_BC_1-1,5.8705606,10.573686,A549,(+)-JQ1,100.0,nM,24.0,(+)-JQ1_100nM,true
F10_F10_RT_BC_227_Lig_BC_289-1,8.695613,4.4859533,A549,(+)-JQ1,100.0,nM,24.0,(+)-JQ1_100nM,true
C08_E09_RT_BC_171_Lig_BC_177-1,1.2955674,8.368889,A549,(+)-JQ1,100.0,nM,24.0,(+)-JQ1_100nM,true
A02_E09_RT_BC_134_Lig_BC_207-1,3.0168772,3.337797,A549,(+)-JQ1,100.0,nM,24.0,(+)-JQ1_100nM,true
E07_F10_RT_BC_143_Lig_BC_188-1,9.577127,5.0386014,A549,(+)-JQ1,100.0,nM,24.0,(+)-JQ1_100nM,true
H03_F10_RT_BC_32_Lig_BC_119-1,1.3739506,4.378402,A549,(+)-JQ1,100.0,nM,24.0,(+)-JQ1_100nM,true
G09_E09_RT_BC_248_Lig_BC_308-1,8.447846,5.23953,A549,(+)-JQ1,100.0,nM,24.0,(+)-JQ1_100nM,true
C07_E09_RT_BC_64_Lig_BC_129-1,6.92011,6.3213763,A549,(+)-JQ1,1000.0,nM,24.0,(+)-JQ1_1000nM,true
D11_F10_RT_BC_127_Lig_BC_160-1,3.2274902,4.3420014,A549,(+)-JQ1,1000.0,nM,24.0,(+)-JQ1_1000nM,true
G01_E09_RT_BC_297_Lig_BC_65-1,5.3599586,5.0064692,A549,(+)-JQ1,1000.0,nM,24.0,(+)-JQ1_1000nM,true
E08_E09_RT_BC_183_Lig_BC_134-1,7.479411,6.326778,A549,(+)-JQ1,1000.0,nM,24.0,(+)-JQ1_1000nM,true
G01_F10_RT_BC_62_Lig_BC_228-1,4.9452467,8.310709,A549,(+)-JQ1,1000.0,nM,24.0,(+)-JQ1_1000nM,true
A03_F10_RT_BC_15_Lig_BC_225-1,5.1028333,3.1334321,A549,(+)-JQ1,1000.0,nM,24.0,(+)-JQ1_1000nM,true
B05_E09_RT_BC_141_Lig_BC_367-1,1.9684589,4.2598157,A549,(+)-JQ1,1000.0,nM,24.0,(+)-JQ1_1000nM,true
A12_F10_RT_BC_112_Lig_BC_207-1,10.014986,7.625345,A549,(+)-JQ1,1000.0,nM,24.0,(+)-JQ1_1000nM,true
E10_F10_RT_BC_28_Lig_BC_155-1,7.9164276,2.1799793,A549,(+)-JQ1,1000.0,nM,24.0,(+)-JQ1_1000nM,true
F09_E09_RT_BC_45_Lig_BC_298-1,1.5275725,4.987863,A549,(+)-JQ1,1000.0,nM,24.0,(+)-JQ1_1000nM,true
F04_E09_RT_BC_115_Lig_BC_112-1,6.97313,7.3781605,A549,(+)-JQ1,1000.0,nM,24.0,(+)-JQ1_1000nM,true
F12_F10_RT_BC_15_Lig_BC_116-1,6.7770414,6.474066,A549,(+)-JQ1,1000.0,nM,24.0,(+)-JQ1_1000nM,true
C09_E09_RT_BC_5_Lig_BC_40-1,2.6787014,6.3271036,A549,(+)-JQ1,1000.0,nM,24.0,(+)-JQ1_1000nM,true
E07_E09_RT_BC_232_Lig_BC_171-1,3.0121493,3.2305145,A549,(+)-JQ1,1000.0,nM,24.0,(+)-JQ1_1000nM,true
A05_F10_RT_BC_229_Lig_BC_260-1,1.1292976,6.698764,A549,(+)-JQ1,1000.0,nM,24.0,(+)-JQ1_1000nM,true
G02_E09_RT_BC_121_Lig_BC_111-1,1.9957675,4.7114725,A549,(+)-JQ1,1000.0,nM,24.0,(+)-JQ1_1000nM,true
H09_F10_RT_BC_352_Lig_BC_229-1,5.2054677,5.6547008,A549,(+)-JQ1,1000.0,nM,24.0,(+)-JQ1_1000nM,true
H03_E09_RT_BC_94_Lig_BC_311-1,1.7739251,3.88118,A549,(+)-JQ1,1000.0,nM,24.0,(+)-JQ1_1000nM,true
F01_E09_RT_BC_24_Lig_BC_255-1,1.4614677,4.0435896,A549,(+)-JQ1,1000.0,nM,24.0,(+)-JQ1_1000nM,true
B09_F10_RT_BC_369_Lig_BC_262-1,6.2252116,7.667951,A549,(+)-JQ1,1000.0,nM,24.0,(+)-JQ1_1000nM,true
B05_F10_RT_BC_80_Lig_BC_208-1,3.6316273,8.436126,A549,(+)-JQ1,1000.0,nM,24.0,(+)-JQ1_1000nM,true
F10_F10_RT_BC_78_Lig_BC_185-1,4.9348626,9.559955,A549,(+)-JQ1,1000.0,nM,24.0,(+)-JQ1_1000nM,true
B04_F10_RT_BC_222_Lig_BC_95-1,3.0075717,4.4530373,A549,(+)-JQ1,1000.0,nM,24.0,(+)-JQ1_1000nM,true
D05_E09_RT_BC_79_Lig_BC_94-1,1.0759224,5.8725867,A549,(+)-JQ1,1000.0,nM,24.0,(+)-JQ1_1000nM,true
C09_E09_RT_BC_236_Lig_BC_294-1,2.4714868,4.9932766,A549,(+)-JQ1,1000.0,nM,24.0,(+)-JQ1_1000nM,true
G05_F10_RT_BC_18_Lig_BC_221-1,8.837486,3.5310404,A549,(+)-JQ1,1000.0,nM,24.0,(+)-JQ1_1000nM,true
B02_E09_RT_BC_16_Lig_BC_17-1,4.015922,4.006944,A549,(+)-JQ1,1000.0,nM,24.0,(+)-JQ1_1000nM,true
B08_E09_RT_BC_237_Lig_BC_334-1,2.8012154,4.829937,A549,(+)-JQ1,1000.0,nM,24.0,(+)-JQ1_1000nM,true
F02_F10_RT_BC_46_Lig_BC_18-1,6.571374,7.643625,A549,(+)-JQ1,1000.0,nM,24.0,(+)-JQ1_1000nM,true
B10_E09_RT_BC_55_Lig_BC_129-1,7.072548,6.529911,A549,(+)-JQ1,1000.0,nM,24.0,(+)-JQ1_1000nM,true
D02_E09_RT_BC_20_Lig_BC_35-1,7.311365,7.9711266,A549,(+)-JQ1,1000.0,nM,24.0,(+)-JQ1_1000nM,true
B03_E09_RT_BC_158_Lig_BC_185-1,-0.43505415,7.5760717,A549,(+)-JQ1,1000.0,nM,24.0,(+)-JQ1_1000nM,true
C06_F10_RT_BC_53_Lig_BC_311-1,5.3937325,7.802279,A549,(+)-JQ1,1000.0,nM,24.0,(+)-JQ1_1000nM,true
A01_E09_RT_BC_198_Lig_BC_174-1,5.0120754,9.080646,A549,(+)-JQ1,1000.0,nM,24.0,(+)-JQ1_1000nM,true
B07_F10_RT_BC_265_Lig_BC_274-1,4.479283,3.200813,A549,(+)-JQ1,1000.0,nM,24.0,(+)-JQ1_1000nM,true
H07_E09_RT_BC_122_Lig_BC_13-1,2.879175,3.2755356,A549,(+)-JQ1,1000.0,nM,24.0,(+)-JQ1_1000nM,true
E12_E09_RT_BC_355_Lig_BC_73-1,4.1237335,4.3850007,A549,(+)-JQ1,1000.0,nM,24.0,(+)-JQ1_1000nM,true
A06_F10_RT_BC_171_Lig_BC_60-1,6.3946304,4.8541336,A549,(+)-JQ1,1000.0,nM,24.0,(+)-JQ1_1000nM,true
F08_E09_RT_BC_126_Lig_BC_34-1,6.575089,10.227239,A549,(+)-JQ1,1000.0,nM,24.0,(+)-JQ1_1000nM,true
C03_F10_RT_BC_289_Lig_BC_305-1,7.0113106,6.1789613,A549,(+)-JQ1,1000.0,nM,24.0,(+)-JQ1_1000nM,true
D07_F10_RT_BC_172_Lig_BC_168-1,8.432453,4.8744373,A549,(+)-JQ1,1000.0,nM,24.0,(+)-JQ1_1000nM,true
E07_F10_RT_BC_266_Lig_BC_64-1,4.550784,4.5797114,A549,(+)-JQ1,1000.0,nM,24.0,(+)-JQ1_1000nM,true
H10_F10_RT_BC_13_Lig_BC_42-1,4.1488085,9.807886,A549,(+)-JQ1,1000.0,nM,24.0,(+)-JQ1_1000nM,true
E08_F10_RT_BC_67_Lig_BC_29-1,8.366299,6.5638556,A549,(+)-JQ1,1000.0,nM,24.0,(+)-JQ1_1000nM,true
C04_E09_RT_BC_304_Lig_BC_44-1,3.4617314,3.897138,A549,(+)-JQ1,1000.0,nM,24.0,(+)-JQ1_1000nM,true
C10_F10_RT_BC_379_Lig_BC_99-1,7.3161416,3.49313,A549,(+)-JQ1,1000.0,nM,24.0,(+)-JQ1_1000nM,true
E08_E09_RT_BC_279_Lig_BC_124-1,3.7207751,4.1428437,A549,(+)-JQ1,1000.0,nM,24.0,(+)-JQ1_1000nM,true
D03_E09_RT_BC_274_Lig_BC_45-1,7.4701886,5.3608813,A549,(+)-JQ1,1000.0,nM,24.0,(+)-JQ1_1000nM,true
F01_E09_RT_BC_221_Lig_BC_166-1,7.179571,4.6134853,A549,(+)-JQ1,1000.0,nM,24.0,(+)-JQ1_1000nM,true
F04_F10_RT_BC_173_Lig_BC_145-1,8.562598,4.8421836,A549,(+)-JQ1,1000.0,nM,24.0,(+)-JQ1_1000nM,true
C04_E09_RT_BC_303_Lig_BC_232-1,8.732888,8.255201,A549,(+)-JQ1,1000.0,nM,24.0,(+)-JQ1_1000nM,true
B03_F10_RT_BC_66_Lig_BC_157-1,6.744068,7.402088,A549,(+)-JQ1,1000.0,nM,24.0,(+)-JQ1_1000nM,true
F03_F10_RT_BC_41_Lig_BC_221-1,0.6141759,8.738182,A549,(+)-JQ1,1000.0,nM,24.0,(+)-JQ1_1000nM,true
D12_F10_RT_BC_91_Lig_BC_259-1,9.979513,4.2113595,A549,(+)-JQ1,1000.0,nM,24.0,(+)-JQ1_1000nM,true
A07_F10_RT_BC_384_Lig_BC_115-1,0.28328195,7.0669994,A549,(+)-JQ1,1000.0,nM,24.0,(+)-JQ1_1000nM,true
F12_E09_RT_BC_210_Lig_BC_240-1,10.070443,4.669509,A549,(+)-JQ1,1000.0,nM,24.0,(+)-JQ1_1000nM,true
G09_F10_RT_BC_367_Lig_BC_208-1,2.1919591,5.002413,A549,(+)-JQ1,1000.0,nM,24.0,(+)-JQ1_1000nM,true
B10_E09_RT_BC_245_Lig_BC_232-1,7.643386,4.837257,A549,(+)-JQ1,1000.0,nM,24.0,(+)-JQ1_1000nM,true
H10_E09_RT_BC_366_Lig_BC_147-1,4.890592,4.7549677,A549,(+)-JQ1,1000.0,nM,24.0,(+)-JQ1_1000nM,true
E02_E09_RT_BC_196_Lig_BC_31-1,5.8791366,6.618577,A549,(+)-JQ1,1000.0,nM,24.0,(+)-JQ1_1000nM,true
H09_E09_RT_BC_98_Lig_BC_194-1,1.7047253,5.874181,A549,(+)-JQ1,1000.0,nM,24.0,(+)-JQ1_1000nM,true
E09_E09_RT_BC_313_Lig_BC_338-1,-0.6232704,7.8336134,A549,(+)-JQ1,1000.0,nM,24.0,(+)-JQ1_1000nM,true
C05_E09_RT_BC_67_Lig_BC_210-1,0.9855424,8.476901,A549,(+)-JQ1,1000.0,nM,24.0,(+)-JQ1_1000nM,true
F09_E09_RT_BC_97_Lig_BC_68-1,3.197142,5.2048354,A549,(+)-JQ1,1000.0,nM,24.0,(+)-JQ1_1000nM,true
D12_E09_RT_BC_316_Lig_BC_88-1,3.5905864,4.181518,A549,(+)-JQ1,1000.0,nM,24.0,(+)-JQ1_1000nM,true
E09_F10_RT_BC_245_Lig_BC_89-1,3.138315,3.7456174,A549,(+)-JQ1,1000.0,nM,24.0,(+)-JQ1_1000nM,true
C10_F10_RT_BC_308_Lig_BC_198-1,8.18002,6.3037734,A549,(+)-JQ1,1000.0,nM,24.0,(+)-JQ1_1000nM,true
B09_F10_RT_BC_317_Lig_BC_308-1,7.0979385,5.385541,A549,(+)-JQ1,1000.0,nM,24.0,(+)-JQ1_1000nM,true
G05_E09_RT_BC_211_Lig_BC_52-1,6.4477882,9.852956,A549,(+)-JQ1,1000.0,nM,24.0,(+)-JQ1_1000nM,true
G03_E09_RT_BC_278_Lig_BC_156-1,3.6974785,4.706637,A549,(+)-JQ1,1000.0,nM,24.0,(+)-JQ1_1000nM,true
B04_F10_RT_BC_48_Lig_BC_129-1,1.4334805,4.896378,A549,(+)-JQ1,1000.0,nM,24.0,(+)-JQ1_1000nM,true
F03_E09_RT_BC_352_Lig_BC_260-1,5.2229376,3.3833923,A549,(+)-JQ1,1000.0,nM,24.0,(+)-JQ1_1000nM,true
A05_F10_RT_BC_383_Lig_BC_345-1,7.7987986,5.896355,A549,(+)-JQ1,1000.0,nM,24.0,(+)-JQ1_1000nM,true
B05_F10_RT_BC_99_Lig_BC_212-1,-0.44279736,7.722766,A549,(+)-JQ1,1000.0,nM,24.0,(+)-JQ1_1000nM,true
F07_F10_RT_BC_270_Lig_BC_238-1,4.9192266,3.3226836,A549,(+)-JQ1,1000.0,nM,24.0,(+)-JQ1_1000nM,true
C02_F10_RT_BC_186_Lig_BC_11-1,0.3181417,7.3002977,A549,(+)-JQ1,1000.0,nM,24.0,(+)-JQ1_1000nM,true
E07_E09_RT_BC_195_Lig_BC_181-1,2.0178833,5.524508,A549,(+)-JQ1,1000.0,nM,24.0,(+)-JQ1_1000nM,true
E06_E09_RT_BC_104_Lig_BC_271-1,7.5585546,6.0941496,A549,(+)-JQ1,1000.0,nM,24.0,(+)-JQ1_1000nM,true
G11_E09_RT_BC_319_Lig_BC_18-1,0.086705394,7.2587647,A549,(+)-JQ1,1000.0,nM,24.0,(+)-JQ1_1000nM,true
H09_F10_RT_BC_143_Lig_BC_221-1,5.0616183,8.522307,A549,(+)-JQ1,1000.0,nM,24.0,(+)-JQ1_1000nM,true
E04_F10_RT_BC_26_Lig_BC_121-1,2.9031942,6.3026943,A549,(+)-JQ1,1000.0,nM,24.0,(+)-JQ1_1000nM,true
C05_E09_RT_BC_90_Lig_BC_358-1,5.5472755,5.9209156,A549,(+)-JQ1,1000.0,nM,24.0,(+)-JQ1_1000nM,true
G04_E09_RT_BC_371_Lig_BC_230-1,1.442818,6.891986,A549,(+)-JQ1,1000.0,nM,24.0,(+)-JQ1_1000nM,true
H07_F10_RT_BC_191_Lig_BC_370-1,8.242359,7.6633797,A549,(+)-JQ1,1000.0,nM,24.0,(+)-JQ1_1000nM,true
A05_F10_RT_BC_150_Lig_BC_234-1,6.2960186,2.0446022,A549,(+)-JQ1,1000.0,nM,24.0,(+)-JQ1_1000nM,true
E12_F10_RT_BC_19_Lig_BC_197-1,4.767512,7.915761,A549,(+)-JQ1,1000.0,nM,24.0,(+)-JQ1_1000nM,true
B01_E09_RT_BC_213_Lig_BC_253-1,2.561525,3.7925787,A549,(+)-JQ1,1000.0,nM,24.0,(+)-JQ1_1000nM,true
H01_F10_RT_BC_167_Lig_BC_228-1,4.6947417,8.346685,A549,(+)-JQ1,1000.0,nM,24.0,(+)-JQ1_1000nM,true
B12_E09_RT_BC_250_Lig_BC_41-1,3.5869112,4.5578184,A549,(+)-JQ1,1000.0,nM,24.0,(+)-JQ1_1000nM,true
C05_F10_RT_BC_176_Lig_BC_337-1,6.723026,7.157038,A549,(+)-JQ1,1000.0,nM,24.0,(+)-JQ1_1000nM,true
G11_F10_RT_BC_9_Lig_BC_218-1,1.4194933,6.556738,A549,(+)-JQ1,1000.0,nM,24.0,(+)-JQ1_1000nM,true
D01_E09_RT_BC_217_Lig_BC_302-1,5.3694725,2.8486998,A549,(+)-JQ1,1000.0,nM,24.0,(+)-JQ1_1000nM,true
H08_F10_RT_BC_156_Lig_BC_195-1,3.417502,5.217483,A549,(+)-JQ1,1000.0,nM,24.0,(+)-JQ1_1000nM,true
E04_E09_RT_BC_210_Lig_BC_98-1,1.2225443,7.325761,A549,(+)-JQ1,1000.0,nM,24.0,(+)-JQ1_1000nM,true
A02_F10_RT_BC_149_Lig_BC_293-1,10.172555,7.620429,A549,(+)-JQ1,1000.0,nM,24.0,(+)-JQ1_1000nM,true
E02_F10_RT_BC_188_Lig_BC_197-1,3.09889,4.9075975,A549,(+)-JQ1,1000.0,nM,24.0,(+)-JQ1_1000nM,true
H04_E09_RT_BC_301_Lig_BC_223-1,2.8795197,4.2037745,A549,(+)-JQ1,1000.0,nM,24.0,(+)-JQ1_1000nM,true
H02_F10_RT_BC_356_Lig_BC_138-1,7.2813997,5.895706,A549,(+)-JQ1,1000.0,nM,24.0,(+)-JQ1_1000nM,true
E12_F10_RT_BC_186_Lig_BC_33-1,7.5735083,6.0125837,A549,(+)-JQ1,1000.0,nM,24.0,(+)-JQ1_1000nM,true
H06_E09_RT_BC_189_Lig_BC_198-1,1.270069,5.2856765,A549,(+)-JQ1,1000.0,nM,24.0,(+)-JQ1_1000nM,true
D08_E09_RT_BC_374_Lig_BC_148-1,2.9663172,8.893842,A549,(+)-JQ1,1000.0,nM,24.0,(+)-JQ1_1000nM,true
D05_F10_RT_BC_112_Lig_BC_131-1,2.7527077,4.97282,A549,(+)-JQ1,1000.0,nM,24.0,(+)-JQ1_1000nM,true
F03_F10_RT_BC_176_Lig_BC_110-1,4.675688,5.122671,A549,(+)-JQ1,1000.0,nM,24.0,(+)-JQ1_1000nM,true
G11_E09_RT_BC_41_Lig_BC_333-1,2.4604845,4.8779078,A549,(+)-JQ1,1000.0,nM,24.0,(+)-JQ1_1000nM,true
B02_E09_RT_BC_86_Lig_BC_334-1,1.9573777,5.5272,A549,(+)-JQ1,1000.0,nM,24.0,(+)-JQ1_1000nM,true
F07_E09_RT_BC_270_Lig_BC_171-1,1.4525014,6.5704193,A549,(+)-JQ1,1000.0,nM,24.0,(+)-JQ1_1000nM,true
D04_E09_RT_BC_245_Lig_BC_78-1,7.762912,5.705517,A549,(+)-JQ1,1000.0,nM,24.0,(+)-JQ1_1000nM,true
A08_E09_RT_BC_46_Lig_BC_106-1,2.882113,7.40497,A549,(+)-JQ1,1000.0,nM,24.0,(+)-JQ1_1000nM,true
A10_E09_RT_BC_189_Lig_BC_160-1,5.6221194,7.068381,A549,(+)-JQ1,1000.0,nM,24.0,(+)-JQ1_1000nM,true
F10_F10_RT_BC_14_Lig_BC_313-1,3.8233526,3.0203478,A549,(+)-JQ1,1000.0,nM,24.0,(+)-JQ1_1000nM,true
G11_E09_RT_BC_351_Lig_BC_354-1,6.1682415,5.693764,A549,(+)-JQ1,10000.0,nM,24.0,(+)-JQ1_10000nM,true
D01_F10_RT_BC_51_Lig_BC_378-1,2.35636,4.752664,A549,(+)-JQ1,10000.0,nM,24.0,(+)-JQ1_10000nM,true
D10_F10_RT_BC_301_Lig_BC_152-1,0.6873354,6.102455,A549,(+)-JQ1,10000.0,nM,24.0,(+)-JQ1_10000nM,true
A04_F10_RT_BC_290_Lig_BC_199-1,5.5718718,5.3937497,A549,(+)-JQ1,10000.0,nM,24.0,(+)-JQ1_10000nM,true
G12_E09_RT_BC_306_Lig_BC_139-1,6.091871,6.53908,A549,(+)-JQ1,10000.0,nM,24.0,(+)-JQ1_10000nM,true
F12_F10_RT_BC_226_Lig_BC_103-1,1.2237422,7.7640624,A549,(+)-JQ1,10000.0,nM,24.0,(+)-JQ1_10000nM,true
A05_E09_RT_BC_331_Lig_BC_226-1,2.0917895,4.3247924,A549,(+)-JQ1,10000.0,nM,24.0,(+)-JQ1_10000nM,true
D01_F10_RT_BC_88_Lig_BC_150-1,1.6304936,4.980796,A549,(+)-JQ1,10000.0,nM,24.0,(+)-JQ1_10000nM,true
F03_E09_RT_BC_343_Lig_BC_176-1,6.403468,4.253165,A549,(+)-JQ1,10000.0,nM,24.0,(+)-JQ1_10000nM,true
B11_F10_RT_BC_29_Lig_BC_24-1,8.1589575,8.3106,A549,(+)-JQ1,10000.0,nM,24.0,(+)-JQ1_10000nM,true
G04_F10_RT_BC_267_Lig_BC_47-1,6.691049,6.2760754,A549,(+)-JQ1,10000.0,nM,24.0,(+)-JQ1_10000nM,true
A07_E09_RT_BC_241_Lig_BC_378-1,5.370455,7.403568,A549,(+)-JQ1,10000.0,nM,24.0,(+)-JQ1_10000nM,true
D03_F10_RT_BC_367_Lig_BC_77-1,1.5940462,4.4675922,A549,(+)-JQ1,10000.0,nM,24.0,(+)-JQ1_10000nM,true
E07_E09_RT_BC_337_Lig_BC_90-1,7.584001,5.561253,A549,(+)-JQ1,10000.0,nM,24.0,(+)-JQ1_10000nM,true
G08_F10_RT_BC_268_Lig_BC_39-1,8.248758,5.189641,A549,(+)-JQ1,10000.0,nM,24.0,(+)-JQ1_10000nM,true
G10_F10_RT_BC_325_Lig_BC_286-1,3.5168252,3.3924007,A549,(+)-JQ1,10000.0,nM,24.0,(+)-JQ1_10000nM,true
H11_F10_RT_BC_63_Lig_BC_199-1,2.9937177,5.6028833,A549,(+)-JQ1,10000.0,nM,24.0,(+)-JQ1_10000nM,true
A08_F10_RT_BC_370_Lig_BC_16-1,3.644831,5.491712,A549,(+)-JQ1,10000.0,nM,24.0,(+)-JQ1_10000nM,true
G12_F10_RT_BC_14_Lig_BC_9-1,0.92162126,5.963406,A549,(+)-JQ1,10000.0,nM,24.0,(+)-JQ1_10000nM,true
G11_F10_RT_BC_7_Lig_BC_135-1,6.1739936,5.689305,A549,(+)-JQ1,10000.0,nM,24.0,(+)-JQ1_10000nM,true
H10_E09_RT_BC_149_Lig_BC_223-1,8.157461,4.649302,A549,(+)-JQ1,10000.0,nM,24.0,(+)-JQ1_10000nM,true
B03_E09_RT_BC_17_Lig_BC_164-1,2.4976988,4.984573,A549,(+)-JQ1,10000.0,nM,24.0,(+)-JQ1_10000nM,true
G09_E09_RT_BC_211_Lig_BC_51-1,7.6287093,7.6693306,A549,(+)-JQ1,10000.0,nM,24.0,(+)-JQ1_10000nM,true
G09_E09_RT_BC_19_Lig_BC_145-1,3.5727744,8.700107,A549,(+)-JQ1,10000.0,nM,24.0,(+)-JQ1_10000nM,true
C12_F10_RT_BC_262_Lig_BC_177-1,3.5143838,8.584941,A549,(+)-JQ1,10000.0,nM,24.0,(+)-JQ1_10000nM,true
H11_F10_RT_BC_257_Lig_BC_118-1,3.2568307,4.8522224,A549,(+)-JQ1,10000.0,nM,24.0,(+)-JQ1_10000nM,true
B04_E09_RT_BC_29_Lig_BC_329-1,1.1160475,7.903183,A549,(+)-JQ1,10000.0,nM,24.0,(+)-JQ1_10000nM,true
E12_F10_RT_BC_260_Lig_BC_5-1,2.5926228,4.904302,A549,(+)-JQ1,10000.0,nM,24.0,(+)-JQ1_10000nM,true
E04_E09_RT_BC_313_Lig_BC_328-1,5.7382793,1.9167033,A549,(+)-JQ1,10000.0,nM,24.0,(+)-JQ1_10000nM,true
A10_F10_RT_BC_289_Lig_BC_165-1,4.284962,4.357606,A549,(+)-JQ1,10000.0,nM,24.0,(+)-JQ1_10000nM,true
H08_E09_RT_BC_362_Lig_BC_47-1,10.231293,4.5275435,A549,(+)-JQ1,10000.0,nM,24.0,(+)-JQ1_10000nM,true
H08_E09_RT_BC_80_Lig_BC_340-1,1.6798025,4.8510995,A549,(+)-JQ1,10000.0,nM,24.0,(+)-JQ1_10000nM,true
G11_E09_RT_BC_222_Lig_BC_336-1,8.324978,6.016689,A549,(+)-JQ1,10000.0,nM,24.0,(+)-JQ1_10000nM,true
H10_F10_RT_BC_189_Lig_BC_185-1,2.4322195,5.584483,A549,(+)-JQ1,10000.0,nM,24.0,(+)-JQ1_10000nM,true
G11_E09_RT_BC_313_Lig_BC_374-1,7.313147,1.7718012,A549,(+)-JQ1,10000.0,nM,24.0,(+)-JQ1_10000nM,true
C12_F10_RT_BC_33_Lig_BC_369-1,7.0189295,3.91151,A549,(+)-JQ1,10000.0,nM,24.0,(+)-JQ1_10000nM,true
G01_F10_RT_BC_289_Lig_BC_4-1,5.0359178,2.5215914,A549,(+)-JQ1,10000.0,nM,24.0,(+)-JQ1_10000nM,true
G04_F10_RT_BC_41_Lig_BC_40-1,3.9133828,4.4418344,A549,(+)-JQ1,10000.0,nM,24.0,(+)-JQ1_10000nM,true
C07_F10_RT_BC_214_Lig_BC_213-1,4.7493854,8.5048275,A549,(+)-JQ1,10000.0,nM,24.0,(+)-JQ1_10000nM,true
E05_E09_RT_BC_128_Lig_BC_58-1,8.067149,5.149448,A549,(+)-JQ1,10000.0,nM,24.0,(+)-JQ1_10000nM,true
H06_F10_RT_BC_338_Lig_BC_180-1,5.6775727,7.693039,A549,(+)-JQ1,10000.0,nM,24.0,(+)-JQ1_10000nM,true
A01_E09_RT_BC_238_Lig_BC_195-1,4.027562,3.900911,A549,(+)-JQ1,10000.0,nM,24.0,(+)-JQ1_10000nM,true
A01_F10_RT_BC_153_Lig_BC_197-1,8.349517,6.736093,A549,(+)-JQ1,10000.0,nM,24.0,(+)-JQ1_10000nM,true
C12_F10_RT_BC_163_Lig_BC_110-1,7.9626985,6.167914,A549,(+)-JQ1,10000.0,nM,24.0,(+)-JQ1_10000nM,true
H07_E09_RT_BC_107_Lig_BC_2-1,6.539382,7.888059,A549,(+)-JQ1,10000.0,nM,24.0,(+)-JQ1_10000nM,true
F01_F10_RT_BC_126_Lig_BC_146-1,5.250998,3.5374846,A549,(+)-JQ1,10000.0,nM,24.0,(+)-JQ1_10000nM,true
G03_E09_RT_BC_190_Lig_BC_320-1,5.9613037,3.9000583,A549,(+)-JQ1,10000.0,nM,24.0,(+)-JQ1_10000nM,true
C07_F10_RT_BC_20_Lig_BC_216-1,3.0579803,5.676541,A549,(+)-JQ1,10000.0,nM,24.0,(+)-JQ1_10000nM,true
D10_F10_RT_BC_150_Lig_BC_353-1,6.8844166,6.5899954,A549,(+)-JQ1,10000.0,nM,24.0,(+)-JQ1_10000nM,true
B02_E09_RT_BC_27_Lig_BC_359-1,8.117976,8.208445,A549,(+)-JQ1,10000.0,nM,24.0,(+)-JQ1_10000nM,true
E08_E09_RT_BC_188_Lig_BC_70-1,2.0481913,5.985127,A549,(+)-JQ1,10000.0,nM,24.0,(+)-JQ1_10000nM,true
A03_E09_RT_BC_251_Lig_BC_192-1,6.5307107,6.039615,A549,(+)-JQ1,10000.0,nM,24.0,(+)-JQ1_10000nM,true
D10_F10_RT_BC_227_Lig_BC_123-1,1.0204905,4.9431734,A549,(+)-JQ1,10000.0,nM,24.0,(+)-JQ1_10000nM,true
H03_F10_RT_BC_226_Lig_BC_136-1,2.9191535,4.234041,A549,(+)-JQ1,10000.0,nM,24.0,(+)-JQ1_10000nM,true
F08_E09_RT_BC_283_Lig_BC_160-1,4.055396,4.096332,A549,(+)-JQ1,10000.0,nM,24.0,(+)-JQ1_10000nM,true
F06_F10_RT_BC_61_Lig_BC_336-1,6.3282757,9.053478,A549,(+)-JQ1,10000.0,nM,24.0,(+)-JQ1_10000nM,true
C06_E09_RT_BC_374_Lig_BC_131-1,4.446308,3.2543588,A549,(+)-JQ1,10000.0,nM,24.0,(+)-JQ1_10000nM,true
H07_E09_RT_BC_108_Lig_BC_353-1,2.7814758,5.6724668,A549,(+)-JQ1,10000.0,nM,24.0,(+)-JQ1_10000nM,true
H04_E09_RT_BC_342_Lig_BC_293-1,2.3120687,4.501353,A549,(+)-JQ1,10000.0,nM,24.0,(+)-JQ1_10000nM,true
C10_E09_RT_BC_79_Lig_BC_184-1,1.5462537,3.990778,A549,(+)-JQ1,10000.0,nM,24.0,(+)-JQ1_10000nM,true
G11_F10_RT_BC_252_Lig_BC_106-1,6.604098,2.7828903,A549,(+)-JQ1,10000.0,nM,24.0,(+)-JQ1_10000nM,true
F11_F10_RT_BC_269_Lig_BC_378-1,6.618073,6.725142,A549,(+)-JQ1,10000.0,nM,24.0,(+)-JQ1_10000nM,true
D12_F10_RT_BC_75_Lig_BC_19-1,7.5764084,5.6125274,A549,(+)-JQ1,10000.0,nM,24.0,(+)-JQ1_10000nM,true
D04_F10_RT_BC_239_Lig_BC_267-1,2.6383576,5.688933,A549,(+)-JQ1,10000.0,nM,24.0,(+)-JQ1_10000nM,true
F08_E09_RT_BC_357_Lig_BC_115-1,1.286336,4.3809605,A549,(+)-JQ1,10000.0,nM,24.0,(+)-JQ1_10000nM,true
H10_F10_RT_BC_253_Lig_BC_325-1,3.145683,3.3625696,A549,(+)-JQ1,10000.0,nM,24.0,(+)-JQ1_10000nM,true
A03_E09_RT_BC_28_Lig_BC_178-1,6.8745904,1.6444657,A549,(+)-JQ1,10000.0,nM,24.0,(+)-JQ1_10000nM,true
C08_E09_RT_BC_310_Lig_BC_283-1,6.7845364,6.6695004,A549,(+)-JQ1,10000.0,nM,24.0,(+)-JQ1_10000nM,true
F06_E09_RT_BC_166_Lig_BC_284-1,2.1596365,5.6829977,A549,(+)-JQ1,10000.0,nM,24.0,(+)-JQ1_10000nM,true
E07_E09_RT_BC_56_Lig_BC_18-1,0.55910236,7.5335093,A549,(+)-JQ1,10000.0,nM,24.0,(+)-JQ1_10000nM,true
G09_E09_RT_BC_138_Lig_BC_255-1,4.940516,3.0628557,A549,(+)-JQ1,10000.0,nM,24.0,(+)-JQ1_10000nM,true
H11_E09_RT_BC_297_Lig_BC_267-1,6.352672,7.8336315,A549,(+)-JQ1,10000.0,nM,24.0,(+)-JQ1_10000nM,true
E09_F10_RT_BC_212_Lig_BC_22-1,4.1970215,5.2588525,A549,(+)-JQ1,10000.0,nM,24.0,(+)-JQ1_10000nM,true
F09_E09_RT_BC_275_Lig_BC_230-1,2.1640995,5.2680697,A549,(+)-JQ1,10000.0,nM,24.0,(+)-JQ1_10000nM,true
E06_E09_RT_BC_198_Lig_BC_197-1,7.071379,6.249693,A549,(+)-JQ1,10000.0,nM,24.0,(+)-JQ1_10000nM,true
D05_E09_RT_BC_34_Lig_BC_380-1,2.3215303,4.4871287,A549,(+)-JQ1,10000.0,nM,24.0,(+)-JQ1_10000nM,true
G10_E09_RT_BC_31_Lig_BC_53-1,2.1869633,5.473032,A549,(+)-JQ1,10000.0,nM,24.0,(+)-JQ1_10000nM,true
B02_F10_RT_BC_379_Lig_BC_370-1,1.7980837,6.1731887,A549,(+)-JQ1,10000.0,nM,24.0,(+)-JQ1_10000nM,true
A06_E09_RT_BC_143_Lig_BC_14-1,6.223961,8.739209,A549,(+)-JQ1,10000.0,nM,24.0,(+)-JQ1_10000nM,true
E01_E09_RT_BC_219_Lig_BC_201-1,3.5244138,4.9303784,A549,(+)-JQ1,10000.0,nM,24.0,(+)-JQ1_10000nM,true
E06_F10_RT_BC_87_Lig_BC_56-1,0.6204178,6.7325478,A549,(+)-JQ1,10000.0,nM,24.0,(+)-JQ1_10000nM,true
D05_F10_RT_BC_254_Lig_BC_85-1,6.3893423,2.9525487,A549,(+)-JQ1,10000.0,nM,24.0,(+)-JQ1_10000nM,true
D04_F10_RT_BC_160_Lig_BC_304-1,7.5776153,5.6640306,A549,(+)-JQ1,10000.0,nM,24.0,(+)-JQ1_10000nM,true
G11_F10_RT_BC_3_Lig_BC_242-1,10.956799,7.0766554,A549,(+)-JQ1,10000.0,nM,24.0,(+)-JQ1_10000nM,true
C03_F10_RT_BC_383_Lig_BC_36-1,1.7570891,4.412416,A549,(+)-JQ1,10000.0,nM,24.0,(+)-JQ1_10000nM,true
D05_E09_RT_BC_104_Lig_BC_6-1,8.785476,4.211556,A549,(+)-JQ1,10000.0,nM,24.0,(+)-JQ1_10000nM,true
D01_F10_RT_BC_170_Lig_BC_34-1,1.491074,5.236215,A549,(+)-JQ1,10000.0,nM,24.0,(+)-JQ1_10000nM,true
E12_F10_RT_BC_171_Lig_BC_71-1,7.6499987,6.0168576,A549,(+)-JQ1,10000.0,nM,24.0,(+)-JQ1_10000nM,true
F01_E09_RT_BC_69_Lig_BC_216-1,7.1642575,5.8004537,A549,(+)-JQ1,10000.0,nM,24.0,(+)-JQ1_10000nM,true
C04_F10_RT_BC_282_Lig_BC_144-1,2.4896522,4.8208966,A549,(+)-JQ1,10000.0,nM,24.0,(+)-JQ1_10000nM,true
D02_E09_RT_BC_108_Lig_BC_287-1,5.6869206,8.211525,A549,(+)-JQ1,10000.0,nM,24.0,(+)-JQ1_10000nM,true
C02_E09_RT_BC_291_Lig_BC_219-1,0.60279495,6.8385053,A549,(+)-JQ1,10000.0,nM,24.0,(+)-JQ1_10000nM,true
F05_E09_RT_BC_297_Lig_BC_351-1,2.2463906,5.419997,A549,(+)-JQ1,10000.0,nM,24.0,(+)-JQ1_10000nM,true
F12_E09_RT_BC_74_Lig_BC_253-1,3.2268972,4.116403,A549,(+)-JQ1,10000.0,nM,24.0,(+)-JQ1_10000nM,true
C01_E09_RT_BC_347_Lig_BC_74-1,5.6999435,7.7668123,A549,(+)-JQ1,10000.0,nM,24.0,(+)-JQ1_10000nM,true
D04_F10_RT_BC_161_Lig_BC_202-1,3.5381324,4.5408497,A549,(+)-JQ1,10000.0,nM,24.0,(+)-JQ1_10000nM,true
F04_E09_RT_BC_152_Lig_BC_259-1,7.6600304,6.675786,A549,(+)-JQ1,10000.0,nM,24.0,(+)-JQ1_10000nM,true
G02_F10_RT_BC_287_Lig_BC_376-1,3.8575583,3.1562946,A549,(+)-JQ1,10000.0,nM,24.0,(+)-JQ1_10000nM,true
A04_F10_RT_BC_248_Lig_BC_228-1,7.001666,5.5357003,A549,(+)-JQ1,10000.0,nM,24.0,(+)-JQ1_10000nM,true
D09_E09_RT_BC_383_Lig_BC_51-1,4.511805,6.0245123,A549,(+)-JQ1,10000.0,nM,24.0,(+)-JQ1_10000nM,true
C12_F10_RT_BC_19_Lig_BC_205-1,7.1538615,3.2174895,A549,(+)-JQ1,10000.0,nM,24.0,(+)-JQ1_10000nM,true
C08_F10_RT_BC_109_Lig_BC_159-1,5.239384,5.3653855,A549,(+)-JQ1,10000.0,nM,24.0,(+)-JQ1_10000nM,true
B12_E09_RT_BC_354_Lig_BC_60-1,2.2076178,8.964236,A549,(+)-JQ1,10000.0,nM,24.0,(+)-JQ1_10000nM,true
H06_F10_RT_BC_144_Lig_BC_240-1,3.2556973,4.158989,A549,(+)-JQ1,10000.0,nM,24.0,(+)-JQ1_10000nM,true
G10_F10_RT_BC_366_Lig_BC_167-1,8.533477,4.2899876,A549,(+)-JQ1,10000.0,nM,24.0,(+)-JQ1_10000nM,true
G11_F10_RT_BC_220_Lig_BC_186-1,6.4474645,1.9856536,A549,(+)-JQ1,10000.0,nM,24.0,(+)-JQ1_10000nM,true
G09_F10_RT_BC_121_Lig_BC_28-1,6.1824727,7.2515254,A549,(+)-JQ1,10000.0,nM,24.0,(+)-JQ1_10000nM,true
F03_E09_RT_BC_358_Lig_BC_328-1,2.7597504,5.1616983,A549,(+)-JQ1,10000.0,nM,24.0,(+)-JQ1_10000nM,true
B06_E09_RT_BC_336_Lig_BC_150-1,3.9494407,4.4669557,A549,(+)-JQ1,10000.0,nM,24.0,(+)-JQ1_10000nM,true
G12_F10_RT_BC_164_Lig_BC_139-1,5.7588286,4.1902375,A549,(+)-JQ1,10000.0,nM,24.0,(+)-JQ1_10000nM,true
B11_F10_RT_BC_162_Lig_BC_356-1,6.1409483,8.45418,A549,Trametinib (GSK1120212),10.0,nM,24.0,Trametinib (GSK1120212)_10nM,true
C01_E09_RT_BC_78_Lig_BC_352-1,6.2666464,8.310952,A549,Trametinib (GSK1120212),10.0,nM,24.0,Trametinib (GSK1120212)_10nM,true
G03_E09_RT_BC_9_Lig_BC_167-1,5.4675274,9.115811,A549,Trametinib (GSK1120212),10.0,nM,24.0,Trametinib (GSK1120212)_10nM,true
A11_F10_RT_BC_242_Lig_BC_109-1,5.381591,4.520551,A549,Trametinib (GSK1120212),10.0,nM,24.0,Trametinib (GSK1120212)_10nM,true
F03_E09_RT_BC_251_Lig_BC_329-1,7.442894,9.37754,A549,Trametinib (GSK1120212),10.0,nM,24.0,Trametinib (GSK1120212)_10nM,true
H09_E09_RT_BC_155_Lig_BC_275-1,6.918843,9.178742,A549,Trametinib (GSK1120212),10.0,nM,24.0,Trametinib (GSK1120212)_10nM,true
B03_E09_RT_BC_76_Lig_BC_364-1,7.827559,8.955198,A549,Trametinib (GSK1120212),10.0,nM,24.0,Trametinib (GSK1120212)_10nM,true
F12_E09_RT_BC_381_Lig_BC_10-1,7.215441,9.409344,A549,Trametinib (GSK1120212),10.0,nM,24.0,Trametinib (GSK1120212)_10nM,true
E01_E09_RT_BC_17_Lig_BC_67-1,2.5871403,3.3519044,A549,Trametinib (GSK1120212),10.0,nM,24.0,Trametinib (GSK1120212)_10nM,true
F11_F10_RT_BC_279_Lig_BC_177-1,7.5403457,7.7243505,A549,Trametinib (GSK1120212),10.0,nM,24.0,Trametinib (GSK1120212)_10nM,true
D11_F10_RT_BC_301_Lig_BC_213-1,4.136735,9.158385,A549,Trametinib (GSK1120212),10.0,nM,24.0,Trametinib (GSK1120212)_10nM,true
D09_F10_RT_BC_53_Lig_BC_376-1,6.9591427,9.56455,A549,Trametinib (GSK1120212),10.0,nM,24.0,Trametinib (GSK1120212)_10nM,true
B05_E09_RT_BC_336_Lig_BC_51-1,6.3082595,9.068525,A549,Trametinib (GSK1120212),10.0,nM,24.0,Trametinib (GSK1120212)_10nM,true
H05_E09_RT_BC_50_Lig_BC_178-1,4.3461266,8.037709,A549,Trametinib (GSK1120212),10.0,nM,24.0,Trametinib (GSK1120212)_10nM,true
F10_E09_RT_BC_343_Lig_BC_303-1,7.6957407,8.793264,A549,Trametinib (GSK1120212),10.0,nM,24.0,Trametinib (GSK1120212)_10nM,true
H07_E09_RT_BC_99_Lig_BC_199-1,2.8833055,8.751098,A549,Trametinib (GSK1120212),10.0,nM,24.0,Trametinib (GSK1120212)_10nM,true
G09_F10_RT_BC_4_Lig_BC_46-1,6.814427,8.657814,A549,Trametinib (GSK1120212),10.0,nM,24.0,Trametinib (GSK1120212)_10nM,true
E02_E09_RT_BC_171_Lig_BC_222-1,7.772044,9.413986,A549,Trametinib (GSK1120212),10.0,nM,24.0,Trametinib (GSK1120212)_10nM,true
C12_F10_RT_BC_164_Lig_BC_143-1,5.3607187,8.949177,A549,Trametinib (GSK1120212),10.0,nM,24.0,Trametinib (GSK1120212)_10nM,true
B01_E09_RT_BC_160_Lig_BC_318-1,1.9277047,5.319416,A549,Trametinib (GSK1120212),10.0,nM,24.0,Trametinib (GSK1120212)_10nM,true
D10_E09_RT_BC_127_Lig_BC_135-1,4.9766145,10.692966,A549,Trametinib (GSK1120212),10.0,nM,24.0,Trametinib (GSK1120212)_10nM,true
F10_F10_RT_BC_299_Lig_BC_286-1,8.011738,9.521168,A549,Trametinib (GSK1120212),10.0,nM,24.0,Trametinib (GSK1120212)_10nM,true
E01_E09_RT_BC_180_Lig_BC_173-1,6.42997,8.593798,A549,Trametinib (GSK1120212),10.0,nM,24.0,Trametinib (GSK1120212)_10nM,true
H02_F10_RT_BC_3_Lig_BC_17-1,6.497905,10.072287,A549,Trametinib (GSK1120212),10.0,nM,24.0,Trametinib (GSK1120212)_10nM,true
A11_F10_RT_BC_31_Lig_BC_279-1,6.2502403,9.023904,A549,Trametinib (GSK1120212),10.0,nM,24.0,Trametinib (GSK1120212)_10nM,true
A04_E09_RT_BC_221_Lig_BC_308-1,1.4914367,6.001355,A549,Trametinib (GSK1120212),10.0,nM,24.0,Trametinib (GSK1120212)_10nM,true
A03_F10_RT_BC_69_Lig_BC_150-1,5.9403615,9.823294,A549,Trametinib (GSK1120212),10.0,nM,24.0,Trametinib (GSK1120212)_10nM,true
G03_F10_RT_BC_338_Lig_BC_306-1,5.0340834,5.9161143,A549,Trametinib (GSK1120212),10.0,nM,24.0,Trametinib (GSK1120212)_10nM,true
H09_F10_RT_BC_311_Lig_BC_13-1,3.9692314,9.432277,A549,Trametinib (GSK1120212),10.0,nM,24.0,Trametinib (GSK1120212)_10nM,true
F01_F10_RT_BC_341_Lig_BC_67-1,5.7304816,10.331286,A549,Trametinib (GSK1120212),10.0,nM,24.0,Trametinib (GSK1120212)_10nM,true
F08_E09_RT_BC_29_Lig_BC_133-1,6.854334,9.858982,A549,Trametinib (GSK1120212),10.0,nM,24.0,Trametinib (GSK1120212)_10nM,true
F02_F10_RT_BC_211_Lig_BC_73-1,5.828759,9.360132,A549,Trametinib (GSK1120212),10.0,nM,24.0,Trametinib (GSK1120212)_10nM,true
E07_F10_RT_BC_137_Lig_BC_150-1,8.097426,5.3366413,A549,Trametinib (GSK1120212),10.0,nM,24.0,Trametinib (GSK1120212)_10nM,true
G02_E09_RT_BC_90_Lig_BC_308-1,7.320812,9.426408,A549,Trametinib (GSK1120212),10.0,nM,24.0,Trametinib (GSK1120212)_10nM,true
E08_E09_RT_BC_108_Lig_BC_223-1,4.081694,8.301489,A549,Trametinib (GSK1120212),10.0,nM,24.0,Trametinib (GSK1120212)_10nM,true
B10_F10_RT_BC_231_Lig_BC_129-1,1.1192024,9.534554,A549,Trametinib (GSK1120212),10.0,nM,24.0,Trametinib (GSK1120212)_10nM,true
B10_E09_RT_BC_325_Lig_BC_179-1,2.3707352,8.082278,A549,Trametinib (GSK1120212),10.0,nM,24.0,Trametinib (GSK1120212)_10nM,true
E09_F10_RT_BC_172_Lig_BC_375-1,7.168879,9.692937,A549,Trametinib (GSK1120212),10.0,nM,24.0,Trametinib (GSK1120212)_10nM,true
E10_E09_RT_BC_244_Lig_BC_279-1,4.7597866,7.370303,A549,Trametinib (GSK1120212),10.0,nM,24.0,Trametinib (GSK1120212)_10nM,true
G05_E09_RT_BC_249_Lig_BC_185-1,3.011189,7.564167,A549,Trametinib (GSK1120212),10.0,nM,24.0,Trametinib (GSK1120212)_10nM,true
F07_E09_RT_BC_212_Lig_BC_123-1,-0.8891295,7.1612105,A549,Trametinib (GSK1120212),10.0,nM,24.0,Trametinib (GSK1120212)_10nM,true
D06_F10_RT_BC_159_Lig_BC_319-1,5.277412,8.8618965,A549,Trametinib (GSK1120212),10.0,nM,24.0,Trametinib (GSK1120212)_10nM,true
C01_E09_RT_BC_158_Lig_BC_147-1,7.3298016,9.2723055,A549,Trametinib (GSK1120212),10.0,nM,24.0,Trametinib (GSK1120212)_10nM,true
G09_E09_RT_BC_251_Lig_BC_106-1,4.4926386,9.274179,A549,Trametinib (GSK1120212),10.0,nM,24.0,Trametinib (GSK1120212)_10nM,true
C08_E09_RT_BC_358_Lig_BC_164-1,6.2270217,9.68842,A549,Trametinib (GSK1120212),10.0,nM,24.0,Trametinib (GSK1120212)_10nM,true
D11_F10_RT_BC_230_Lig_BC_370-1,5.7205205,8.89929,A549,Trametinib (GSK1120212),10.0,nM,24.0,Trametinib (GSK1120212)_10nM,true
E12_F10_RT_BC_159_Lig_BC_18-1,7.1933703,8.780242,A549,Trametinib (GSK1120212),10.0,nM,24.0,Trametinib (GSK1120212)_10nM,true
F03_E09_RT_BC_27_Lig_BC_223-1,5.8561597,8.617358,A549,Trametinib (GSK1120212),10.0,nM,24.0,Trametinib (GSK1120212)_10nM,true
G03_E09_RT_BC_357_Lig_BC_311-1,5.540275,6.627562,A549,Trametinib (GSK1120212),10.0,nM,24.0,Trametinib (GSK1120212)_10nM,true
H09_E09_RT_BC_98_Lig_BC_90-1,4.1332645,3.901734,A549,Trametinib (GSK1120212),10.0,nM,24.0,Trametinib (GSK1120212)_10nM,true
G12_F10_RT_BC_351_Lig_BC_16-1,4.197887,5.6544013,A549,Trametinib (GSK1120212),10.0,nM,24.0,Trametinib (GSK1120212)_10nM,true
E06_F10_RT_BC_30_Lig_BC_360-1,6.8243794,8.762577,A549,Trametinib (GSK1120212),10.0,nM,24.0,Trametinib (GSK1120212)_10nM,true
D06_E09_RT_BC_7_Lig_BC_116-1,4.6138887,7.681676,A549,Trametinib (GSK1120212),10.0,nM,24.0,Trametinib (GSK1120212)_10nM,true
D02_F10_RT_BC_70_Lig_BC_1-1,2.4888604,9.581978,A549,Trametinib (GSK1120212),10.0,nM,24.0,Trametinib (GSK1120212)_10nM,true
B08_E09_RT_BC_87_Lig_BC_355-1,5.9126334,9.174119,A549,Trametinib (GSK1120212),10.0,nM,24.0,Trametinib (GSK1120212)_10nM,true
C03_F10_RT_BC_69_Lig_BC_33-1,6.124639,9.401834,A549,Trametinib (GSK1120212),10.0,nM,24.0,Trametinib (GSK1120212)_10nM,true
H04_F10_RT_BC_128_Lig_BC_231-1,1.4410113,5.8790255,A549,Trametinib (GSK1120212),10.0,nM,24.0,Trametinib (GSK1120212)_10nM,true
H02_F10_RT_BC_5_Lig_BC_356-1,6.273279,8.665113,A549,Trametinib (GSK1120212),10.0,nM,24.0,Trametinib (GSK1120212)_10nM,true
F05_E09_RT_BC_66_Lig_BC_352-1,4.5124645,9.538903,A549,Trametinib (GSK1120212),10.0,nM,24.0,Trametinib (GSK1120212)_10nM,true
B12_E09_RT_BC_9_Lig_BC_331-1,4.6790857,9.446454,A549,Trametinib (GSK1120212),10.0,nM,24.0,Trametinib (GSK1120212)_10nM,true
D01_F10_RT_BC_373_Lig_BC_256-1,7.425933,8.543656,A549,Trametinib (GSK1120212),10.0,nM,24.0,Trametinib (GSK1120212)_10nM,true
D04_F10_RT_BC_142_Lig_BC_377-1,2.4388826,6.8545017,A549,Trametinib (GSK1120212),10.0,nM,24.0,Trametinib (GSK1120212)_10nM,true
A12_E09_RT_BC_14_Lig_BC_107-1,7.4155006,8.891276,A549,Trametinib (GSK1120212),10.0,nM,24.0,Trametinib (GSK1120212)_10nM,true
C06_E09_RT_BC_29_Lig_BC_6-1,7.309345,9.655991,A549,Trametinib (GSK1120212),10.0,nM,24.0,Trametinib (GSK1120212)_10nM,true
D08_F10_RT_BC_87_Lig_BC_40-1,5.482873,10.04196,A549,Trametinib (GSK1120212),10.0,nM,24.0,Trametinib (GSK1120212)_10nM,true
F09_E09_RT_BC_8_Lig_BC_159-1,-0.32431036,8.844751,A549,Trametinib (GSK1120212),10.0,nM,24.0,Trametinib (GSK1120212)_10nM,true
A02_E09_RT_BC_68_Lig_BC_38-1,1.5922109,7.944551,A549,Trametinib (GSK1120212),10.0,nM,24.0,Trametinib (GSK1120212)_10nM,true
G09_F10_RT_BC_99_Lig_BC_132-1,7.709354,9.836262,A549,Trametinib (GSK1120212),10.0,nM,24.0,Trametinib (GSK1120212)_10nM,true
F09_F10_RT_BC_53_Lig_BC_209-1,6.357177,9.156346,A549,Trametinib (GSK1120212),10.0,nM,24.0,Trametinib (GSK1120212)_10nM,true
F10_E09_RT_BC_245_Lig_BC_228-1,8.977862,9.655153,A549,Trametinib (GSK1120212),10.0,nM,24.0,Trametinib (GSK1120212)_10nM,true
D04_F10_RT_BC_301_Lig_BC_221-1,3.718729,5.805763,A549,Trametinib (GSK1120212),10.0,nM,24.0,Trametinib (GSK1120212)_10nM,true
F05_F10_RT_BC_357_Lig_BC_228-1,4.420579,8.842039,A549,Trametinib (GSK1120212),10.0,nM,24.0,Trametinib (GSK1120212)_10nM,true
E06_F10_RT_BC_273_Lig_BC_123-1,6.419779,9.212737,A549,Trametinib (GSK1120212),10.0,nM,24.0,Trametinib (GSK1120212)_10nM,true
G08_F10_RT_BC_267_Lig_BC_205-1,5.855938,9.612801,A549,Trametinib (GSK1120212),10.0,nM,24.0,Trametinib (GSK1120212)_10nM,true
H09_E09_RT_BC_80_Lig_BC_340-1,3.827963,9.376755,A549,Trametinib (GSK1120212),10.0,nM,24.0,Trametinib (GSK1120212)_10nM,true
A02_F10_RT_BC_48_Lig_BC_201-1,3.891489,6.8068385,A549,Trametinib (GSK1120212),10.0,nM,24.0,Trametinib (GSK1120212)_10nM,true
F01_F10_RT_BC_151_Lig_BC_238-1,5.6046042,8.731138,A549,Trametinib (GSK1120212),10.0,nM,24.0,Trametinib (GSK1120212)_10nM,true
C08_F10_RT_BC_317_Lig_BC_144-1,4.6945796,10.621649,A549,Trametinib (GSK1120212),10.0,nM,24.0,Trametinib (GSK1120212)_10nM,true
F05_E09_RT_BC_242_Lig_BC_295-1,6.584176,9.550718,A549,Trametinib (GSK1120212),10.0,nM,24.0,Trametinib (GSK1120212)_10nM,true
G09_F10_RT_BC_133_Lig_BC_149-1,7.333601,9.328578,A549,Trametinib (GSK1120212),10.0,nM,24.0,Trametinib (GSK1120212)_10nM,true
G03_E09_RT_BC_274_Lig_BC_177-1,7.4221053,7.5357385,A549,Trametinib (GSK1120212),10.0,nM,24.0,Trametinib (GSK1120212)_10nM,true
H09_F10_RT_BC_153_Lig_BC_46-1,2.697774,10.014624,A549,Trametinib (GSK1120212),10.0,nM,24.0,Trametinib (GSK1120212)_10nM,true
B01_E09_RT_BC_376_Lig_BC_333-1,6.605687,9.072557,A549,Trametinib (GSK1120212),10.0,nM,24.0,Trametinib (GSK1120212)_10nM,true
G11_E09_RT_BC_326_Lig_BC_288-1,7.680785,9.324542,A549,Trametinib (GSK1120212),10.0,nM,24.0,Trametinib (GSK1120212)_10nM,true
A08_F10_RT_BC_170_Lig_BC_243-1,7.454993,8.885081,A549,Trametinib (GSK1120212),10.0,nM,24.0,Trametinib (GSK1120212)_10nM,true
H12_F10_RT_BC_295_Lig_BC_281-1,6.47489,9.261239,A549,Trametinib (GSK1120212),10.0,nM,24.0,Trametinib (GSK1120212)_10nM,true
A08_F10_RT_BC_87_Lig_BC_244-1,6.3318386,9.413574,A549,Trametinib (GSK1120212),10.0,nM,24.0,Trametinib (GSK1120212)_10nM,true
G09_E09_RT_BC_348_Lig_BC_121-1,7.1004553,6.656609,A549,Trametinib (GSK1120212),10.0,nM,24.0,Trametinib (GSK1120212)_10nM,true
E04_F10_RT_BC_260_Lig_BC_158-1,7.8555217,9.384812,A549,Trametinib (GSK1120212),10.0,nM,24.0,Trametinib (GSK1120212)_10nM,true
D12_E09_RT_BC_121_Lig_BC_353-1,9.084898,8.799308,A549,Trametinib (GSK1120212),10.0,nM,24.0,Trametinib (GSK1120212)_10nM,true
C10_F10_RT_BC_185_Lig_BC_96-1,2.7115197,3.783508,A549,Trametinib (GSK1120212),10.0,nM,24.0,Trametinib (GSK1120212)_10nM,true
F06_E09_RT_BC_383_Lig_BC_188-1,7.3548117,9.162762,A549,Trametinib (GSK1120212),10.0,nM,24.0,Trametinib (GSK1120212)_10nM,true
C06_E09_RT_BC_229_Lig_BC_232-1,3.1674197,6.433119,A549,Trametinib (GSK1120212),10.0,nM,24.0,Trametinib (GSK1120212)_10nM,true
C01_F10_RT_BC_113_Lig_BC_308-1,7.1511683,8.335531,A549,Trametinib (GSK1120212),10.0,nM,24.0,Trametinib (GSK1120212)_10nM,true
F12_E09_RT_BC_106_Lig_BC_197-1,8.001037,9.294255,A549,Trametinib (GSK1120212),10.0,nM,24.0,Trametinib (GSK1120212)_10nM,true
F05_F10_RT_BC_325_Lig_BC_25-1,6.166005,9.450638,A549,Trametinib (GSK1120212),10.0,nM,24.0,Trametinib (GSK1120212)_10nM,true
F01_E09_RT_BC_180_Lig_BC_13-1,7.408694,5.3824487,A549,Trametinib (GSK1120212),10.0,nM,24.0,Trametinib (GSK1120212)_10nM,true
F09_E09_RT_BC_175_Lig_BC_339-1,7.1037993,8.92731,A549,Trametinib (GSK1120212),10.0,nM,24.0,Trametinib (GSK1120212)_10nM,true
C09_F10_RT_BC_174_Lig_BC_64-1,8.109965,9.471427,A549,Trametinib (GSK1120212),10.0,nM,24.0,Trametinib (GSK1120212)_10nM,true
G08_F10_RT_BC_70_Lig_BC_14-1,6.017076,8.173485,A549,Trametinib (GSK1120212),10.0,nM,24.0,Trametinib (GSK1120212)_10nM,true
E11_F10_RT_BC_53_Lig_BC_367-1,1.9779859,9.19688,A549,Trametinib (GSK1120212),10.0,nM,24.0,Trametinib (GSK1120212)_10nM,true
G09_F10_RT_BC_142_Lig_BC_320-1,7.4631834,9.193787,A549,Trametinib (GSK1120212),10.0,nM,24.0,Trametinib (GSK1120212)_10nM,true
D06_E09_RT_BC_375_Lig_BC_57-1,4.064588,7.2998486,A549,Trametinib (GSK1120212),10.0,nM,24.0,Trametinib (GSK1120212)_10nM,true
A02_E09_RT_BC_303_Lig_BC_157-1,3.7328215,8.915599,A549,Trametinib (GSK1120212),10.0,nM,24.0,Trametinib (GSK1120212)_10nM,true
D12_F10_RT_BC_45_Lig_BC_248-1,6.1457715,9.707577,A549,Trametinib (GSK1120212),10.0,nM,24.0,Trametinib (GSK1120212)_10nM,true
F03_E09_RT_BC_140_Lig_BC_310-1,2.5731654,8.966833,A549,Trametinib (GSK1120212),10.0,nM,24.0,Trametinib (GSK1120212)_10nM,true
A08_F10_RT_BC_238_Lig_BC_51-1,5.4957614,8.640363,A549,Trametinib (GSK1120212),10.0,nM,24.0,Trametinib (GSK1120212)_10nM,true
G09_E09_RT_BC_212_Lig_BC_236-1,7.714747,9.325036,A549,Trametinib (GSK1120212),10.0,nM,24.0,Trametinib (GSK1120212)_10nM,true
F09_E09_RT_BC_63_Lig_BC_252-1,5.216441,4.2341657,A549,Trametinib (GSK1120212),10.0,nM,24.0,Trametinib (GSK1120212)_10nM,true
B09_F10_RT_BC_167_Lig_BC_332-1,7.937339,9.305285,A549,Trametinib (GSK1120212),10.0,nM,24.0,Trametinib (GSK1120212)_10nM,true
A01_F10_RT_BC_310_Lig_BC_381-1,7.5141797,9.319135,A549,Trametinib (GSK1120212),100.0,nM,24.0,Trametinib (GSK1120212)_100nM,true
D07_F10_RT_BC_260_Lig_BC_274-1,6.7158976,8.444847,A549,Trametinib (GSK1120212),100.0,nM,24.0,Trametinib (GSK1120212)_100nM,true
H05_F10_RT_BC_187_Lig_BC_31-1,2.2311585,4.062893,A549,Trametinib (GSK1120212),100.0,nM,24.0,Trametinib (GSK1120212)_100nM,true
G10_E09_RT_BC_352_Lig_BC_293-1,2.8936977,9.052258,A549,Trametinib (GSK1120212),100.0,nM,24.0,Trametinib (GSK1120212)_100nM,true
C03_F10_RT_BC_137_Lig_BC_15-1,7.3834305,8.664691,A549,Trametinib (GSK1120212),100.0,nM,24.0,Trametinib (GSK1120212)_100nM,true
E12_F10_RT_BC_19_Lig_BC_157-1,4.4781356,8.363191,A549,Trametinib (GSK1120212),100.0,nM,24.0,Trametinib (GSK1120212)_100nM,true
H09_E09_RT_BC_210_Lig_BC_311-1,7.8876357,9.339689,A549,Trametinib (GSK1120212),100.0,nM,24.0,Trametinib (GSK1120212)_100nM,true
B12_F10_RT_BC_205_Lig_BC_339-1,8.017652,9.145829,A549,Trametinib (GSK1120212),100.0,nM,24.0,Trametinib (GSK1120212)_100nM,true
A08_F10_RT_BC_46_Lig_BC_120-1,1.3396003,9.58864,A549,Trametinib (GSK1120212),100.0,nM,24.0,Trametinib (GSK1120212)_100nM,true
G02_F10_RT_BC_85_Lig_BC_151-1,7.0010133,9.101992,A549,Trametinib (GSK1120212),100.0,nM,24.0,Trametinib (GSK1120212)_100nM,true
G04_F10_RT_BC_187_Lig_BC_252-1,3.891965,7.74958,A549,Trametinib (GSK1120212),100.0,nM,24.0,Trametinib (GSK1120212)_100nM,true
H09_F10_RT_BC_296_Lig_BC_375-1,6.002684,9.042331,A549,Trametinib (GSK1120212),100.0,nM,24.0,Trametinib (GSK1120212)_100nM,true
F06_F10_RT_BC_355_Lig_BC_63-1,4.184544,7.591669,A549,Trametinib (GSK1120212),100.0,nM,24.0,Trametinib (GSK1120212)_100nM,true
G09_E09_RT_BC_196_Lig_BC_74-1,7.065746,9.3919325,A549,Trametinib (GSK1120212),100.0,nM,24.0,Trametinib (GSK1120212)_100nM,true
F02_F10_RT_BC_110_Lig_BC_356-1,1.9105918,7.4184904,A549,Trametinib (GSK1120212),100.0,nM,24.0,Trametinib (GSK1120212)_100nM,true
A03_F10_RT_BC_180_Lig_BC_85-1,1.0752726,8.869629,A549,Trametinib (GSK1120212),100.0,nM,24.0,Trametinib (GSK1120212)_100nM,true
E12_F10_RT_BC_17_Lig_BC_174-1,5.3400545,9.989162,A549,Trametinib (GSK1120212),100.0,nM,24.0,Trametinib (GSK1120212)_100nM,true
G01_F10_RT_BC_323_Lig_BC_106-1,5.3657484,9.216676,A549,Trametinib (GSK1120212),100.0,nM,24.0,Trametinib (GSK1120212)_100nM,true
H03_F10_RT_BC_300_Lig_BC_275-1,5.080675,4.62499,A549,Trametinib (GSK1120212),100.0,nM,24.0,Trametinib (GSK1120212)_100nM,true
F11_F10_RT_BC_193_Lig_BC_312-1,9.028349,4.0342746,A549,Trametinib (GSK1120212),100.0,nM,24.0,Trametinib (GSK1120212)_100nM,true
E09_F10_RT_BC_191_Lig_BC_143-1,9.481723,8.022212,A549,Trametinib (GSK1120212),100.0,nM,24.0,Trametinib (GSK1120212)_100nM,true
C02_E09_RT_BC_242_Lig_BC_219-1,2.5305998,8.562729,A549,Trametinib (GSK1120212),100.0,nM,24.0,Trametinib (GSK1120212)_100nM,true
A05_F10_RT_BC_218_Lig_BC_308-1,7.443356,6.705856,A549,Trametinib (GSK1120212),100.0,nM,24.0,Trametinib (GSK1120212)_100nM,true
G11_E09_RT_BC_242_Lig_BC_173-1,3.2382307,10.233222,A549,Trametinib (GSK1120212),100.0,nM,24.0,Trametinib (GSK1120212)_100nM,true
C05_F10_RT_BC_361_Lig_BC_95-1,6.9706526,9.382859,A549,Trametinib (GSK1120212),100.0,nM,24.0,Trametinib (GSK1120212)_100nM,true
B06_E09_RT_BC_363_Lig_BC_179-1,6.5106792,8.873707,A549,Trametinib (GSK1120212),100.0,nM,24.0,Trametinib (GSK1120212)_100nM,true
B10_F10_RT_BC_349_Lig_BC_146-1,7.5672164,9.588654,A549,Trametinib (GSK1120212),100.0,nM,24.0,Trametinib (GSK1120212)_100nM,true
B12_E09_RT_BC_260_Lig_BC_250-1,5.265682,8.76003,A549,Trametinib (GSK1120212),100.0,nM,24.0,Trametinib (GSK1120212)_100nM,true
G10_F10_RT_BC_133_Lig_BC_24-1,5.911445,9.831831,A549,Trametinib (GSK1120212),100.0,nM,24.0,Trametinib (GSK1120212)_100nM,true
F12_F10_RT_BC_256_Lig_BC_339-1,6.0816717,8.216907,A549,Trametinib (GSK1120212),100.0,nM,24.0,Trametinib (GSK1120212)_100nM,true
H04_F10_RT_BC_322_Lig_BC_181-1,6.178431,8.476086,A549,Trametinib (GSK1120212),100.0,nM,24.0,Trametinib (GSK1120212)_100nM,true
A08_F10_RT_BC_353_Lig_BC_256-1,8.060166,5.926609,A549,Trametinib (GSK1120212),100.0,nM,24.0,Trametinib (GSK1120212)_100nM,true
E10_E09_RT_BC_114_Lig_BC_274-1,5.670922,9.392731,A549,Trametinib (GSK1120212),100.0,nM,24.0,Trametinib (GSK1120212)_100nM,true
G05_F10_RT_BC_365_Lig_BC_72-1,7.7323885,9.588473,A549,Trametinib (GSK1120212),100.0,nM,24.0,Trametinib (GSK1120212)_100nM,true
C12_E09_RT_BC_351_Lig_BC_383-1,5.967478,10.665093,A549,Trametinib (GSK1120212),100.0,nM,24.0,Trametinib (GSK1120212)_100nM,true
E12_E09_RT_BC_236_Lig_BC_202-1,8.1926365,9.76599,A549,Trametinib (GSK1120212),100.0,nM,24.0,Trametinib (GSK1120212)_100nM,true
H01_E09_RT_BC_379_Lig_BC_149-1,7.793363,8.955278,A549,Trametinib (GSK1120212),100.0,nM,24.0,Trametinib (GSK1120212)_100nM,true
D08_F10_RT_BC_321_Lig_BC_34-1,4.931828,8.326983,A549,Trametinib (GSK1120212),100.0,nM,24.0,Trametinib (GSK1120212)_100nM,true
A08_F10_RT_BC_53_Lig_BC_268-1,8.427419,4.345448,A549,Trametinib (GSK1120212),100.0,nM,24.0,Trametinib (GSK1120212)_100nM,true
H10_E09_RT_BC_53_Lig_BC_370-1,8.309843,5.66455,A549,Trametinib (GSK1120212),100.0,nM,24.0,Trametinib (GSK1120212)_100nM,true
H07_F10_RT_BC_162_Lig_BC_94-1,5.4578686,9.413047,A549,Trametinib (GSK1120212),100.0,nM,24.0,Trametinib (GSK1120212)_100nM,true
C04_F10_RT_BC_272_Lig_BC_89-1,5.9507527,8.949583,A549,Trametinib (GSK1120212),100.0,nM,24.0,Trametinib (GSK1120212)_100nM,true
E11_F10_RT_BC_102_Lig_BC_15-1,6.912375,9.636247,A549,Trametinib (GSK1120212),100.0,nM,24.0,Trametinib (GSK1120212)_100nM,true
D03_F10_RT_BC_171_Lig_BC_313-1,8.227195,4.7942157,A549,Trametinib (GSK1120212),100.0,nM,24.0,Trametinib (GSK1120212)_100nM,true
H12_F10_RT_BC_179_Lig_BC_199-1,5.8703218,8.980599,A549,Trametinib (GSK1120212),100.0,nM,24.0,Trametinib (GSK1120212)_100nM,true
F05_F10_RT_BC_217_Lig_BC_53-1,6.349901,9.278641,A549,Trametinib (GSK1120212),100.0,nM,24.0,Trametinib (GSK1120212)_100nM,true
G12_F10_RT_BC_46_Lig_BC_256-1,7.689505,8.945858,A549,Trametinib (GSK1120212),100.0,nM,24.0,Trametinib (GSK1120212)_100nM,true
E12_E09_RT_BC_224_Lig_BC_151-1,7.217909,9.262396,A549,Trametinib (GSK1120212),100.0,nM,24.0,Trametinib (GSK1120212)_100nM,true
F02_E09_RT_BC_155_Lig_BC_288-1,5.602987,8.628734,A549,Trametinib (GSK1120212),100.0,nM,24.0,Trametinib (GSK1120212)_100nM,true
B07_E09_RT_BC_194_Lig_BC_208-1,2.0902805,7.6875215,A549,Trametinib (GSK1120212),100.0,nM,24.0,Trametinib (GSK1120212)_100nM,true
A12_F10_RT_BC_21_Lig_BC_81-1,4.044063,8.994165,A549,Trametinib (GSK1120212),100.0,nM,24.0,Trametinib (GSK1120212)_100nM,true
F05_F10_RT_BC_82_Lig_BC_86-1,4.37927,9.815456,A549,Trametinib (GSK1120212),100.0,nM,24.0,Trametinib (GSK1120212)_100nM,true
F06_E09_RT_BC_244_Lig_BC_376-1,2.5837474,4.437686,A549,Trametinib (GSK1120212),100.0,nM,24.0,Trametinib (GSK1120212)_100nM,true
B02_F10_RT_BC_111_Lig_BC_130-1,7.93902,8.839688,A549,Trametinib (GSK1120212),100.0,nM,24.0,Trametinib (GSK1120212)_100nM,true
G06_F10_RT_BC_207_Lig_BC_285-1,3.4620018,9.026925,A549,Trametinib (GSK1120212),100.0,nM,24.0,Trametinib (GSK1120212)_100nM,true
E07_F10_RT_BC_279_Lig_BC_248-1,2.1970413,6.337581,A549,Trametinib (GSK1120212),100.0,nM,24.0,Trametinib (GSK1120212)_100nM,true
G07_E09_RT_BC_297_Lig_BC_355-1,5.193505,9.865954,A549,Trametinib (GSK1120212),100.0,nM,24.0,Trametinib (GSK1120212)_100nM,true
H08_F10_RT_BC_313_Lig_BC_189-1,0.21197328,7.7976274,A549,Trametinib (GSK1120212),100.0,nM,24.0,Trametinib (GSK1120212)_100nM,true
H04_E09_RT_BC_114_Lig_BC_99-1,7.750017,8.989655,A549,Trametinib (GSK1120212),100.0,nM,24.0,Trametinib (GSK1120212)_100nM,true
C06_F10_RT_BC_340_Lig_BC_234-1,6.128312,9.453369,A549,Trametinib (GSK1120212),100.0,nM,24.0,Trametinib (GSK1120212)_100nM,true
H11_E09_RT_BC_264_Lig_BC_34-1,8.11712,9.242038,A549,Trametinib (GSK1120212),100.0,nM,24.0,Trametinib (GSK1120212)_100nM,true
E02_E09_RT_BC_294_Lig_BC_58-1,6.940171,8.908812,A549,Trametinib (GSK1120212),100.0,nM,24.0,Trametinib (GSK1120212)_100nM,true
A03_F10_RT_BC_41_Lig_BC_203-1,6.53938,8.71978,A549,Trametinib (GSK1120212),100.0,nM,24.0,Trametinib (GSK1120212)_100nM,true
G01_E09_RT_BC_235_Lig_BC_30-1,7.689224,8.824591,A549,Trametinib (GSK1120212),100.0,nM,24.0,Trametinib (GSK1120212)_100nM,true
H05_F10_RT_BC_210_Lig_BC_350-1,5.5389347,8.756447,A549,Trametinib (GSK1120212),100.0,nM,24.0,Trametinib (GSK1120212)_100nM,true
B07_F10_RT_BC_302_Lig_BC_132-1,4.677641,5.711319,A549,Trametinib (GSK1120212),100.0,nM,24.0,Trametinib (GSK1120212)_100nM,true
G10_F10_RT_BC_2_Lig_BC_371-1,5.9796414,9.105669,A549,Trametinib (GSK1120212),100.0,nM,24.0,Trametinib (GSK1120212)_100nM,true
B05_F10_RT_BC_98_Lig_BC_40-1,4.627223,10.562587,A549,Trametinib (GSK1120212),100.0,nM,24.0,Trametinib (GSK1120212)_100nM,true
F06_E09_RT_BC_342_Lig_BC_76-1,-0.260851,7.119491,A549,Trametinib (GSK1120212),100.0,nM,24.0,Trametinib (GSK1120212)_100nM,true
F08_F10_RT_BC_291_Lig_BC_35-1,8.273853,4.320137,A549,Trametinib (GSK1120212),100.0,nM,24.0,Trametinib (GSK1120212)_100nM,true
C02_F10_RT_BC_149_Lig_BC_39-1,1.5329375,7.206129,A549,Trametinib (GSK1120212),100.0,nM,24.0,Trametinib (GSK1120212)_100nM,true
F09_F10_RT_BC_89_Lig_BC_74-1,4.6418195,7.5577493,A549,Trametinib (GSK1120212),100.0,nM,24.0,Trametinib (GSK1120212)_100nM,true
H09_E09_RT_BC_206_Lig_BC_278-1,7.3621693,9.460936,A549,Trametinib (GSK1120212),100.0,nM,24.0,Trametinib (GSK1120212)_100nM,true
H01_E09_RT_BC_353_Lig_BC_33-1,7.92572,8.813902,A549,Trametinib (GSK1120212),100.0,nM,24.0,Trametinib (GSK1120212)_100nM,true
F03_F10_RT_BC_5_Lig_BC_210-1,4.5620275,8.587337,A549,Trametinib (GSK1120212),100.0,nM,24.0,Trametinib (GSK1120212)_100nM,true
C12_F10_RT_BC_324_Lig_BC_168-1,6.937564,9.387331,A549,Trametinib (GSK1120212),100.0,nM,24.0,Trametinib (GSK1120212)_100nM,true
C07_E09_RT_BC_150_Lig_BC_224-1,6.9059744,8.675067,A549,Trametinib (GSK1120212),100.0,nM,24.0,Trametinib (GSK1120212)_100nM,true
H03_F10_RT_BC_17_Lig_BC_308-1,1.0163217,6.183026,A549,Trametinib (GSK1120212),100.0,nM,24.0,Trametinib (GSK1120212)_100nM,true
D07_E09_RT_BC_179_Lig_BC_300-1,5.3738327,9.272848,A549,Trametinib (GSK1120212),100.0,nM,24.0,Trametinib (GSK1120212)_100nM,true
F05_F10_RT_BC_320_Lig_BC_216-1,5.1349287,8.318389,A549,Trametinib (GSK1120212),100.0,nM,24.0,Trametinib (GSK1120212)_100nM,true
G02_E09_RT_BC_92_Lig_BC_222-1,6.498287,8.876815,A549,Trametinib (GSK1120212),100.0,nM,24.0,Trametinib (GSK1120212)_100nM,true
E01_F10_RT_BC_102_Lig_BC_114-1,3.7383814,8.52414,A549,Trametinib (GSK1120212),100.0,nM,24.0,Trametinib (GSK1120212)_100nM,true
C04_F10_RT_BC_306_Lig_BC_150-1,4.610811,10.149356,A549,Trametinib (GSK1120212),100.0,nM,24.0,Trametinib (GSK1120212)_100nM,true
G04_F10_RT_BC_69_Lig_BC_79-1,5.892275,9.903529,A549,Trametinib (GSK1120212),100.0,nM,24.0,Trametinib (GSK1120212)_100nM,true
H05_E09_RT_BC_104_Lig_BC_337-1,7.6440263,9.539706,A549,Trametinib (GSK1120212),100.0,nM,24.0,Trametinib (GSK1120212)_100nM,true
D10_E09_RT_BC_112_Lig_BC_115-1,3.941412,8.863321,A549,Trametinib (GSK1120212),100.0,nM,24.0,Trametinib (GSK1120212)_100nM,true
G02_F10_RT_BC_349_Lig_BC_165-1,8.689039,5.273758,A549,Trametinib (GSK1120212),100.0,nM,24.0,Trametinib (GSK1120212)_100nM,true
A10_E09_RT_BC_20_Lig_BC_54-1,0.9025699,7.9935093,A549,Trametinib (GSK1120212),100.0,nM,24.0,Trametinib (GSK1120212)_100nM,true
F06_E09_RT_BC_384_Lig_BC_361-1,7.1150646,8.435245,A549,Trametinib (GSK1120212),100.0,nM,24.0,Trametinib (GSK1120212)_100nM,true
A05_F10_RT_BC_230_Lig_BC_60-1,5.0209126,9.727158,A549,Trametinib (GSK1120212),100.0,nM,24.0,Trametinib (GSK1120212)_100nM,true
C06_F10_RT_BC_165_Lig_BC_171-1,7.562411,8.793436,A549,Trametinib (GSK1120212),100.0,nM,24.0,Trametinib (GSK1120212)_100nM,true
G09_F10_RT_BC_164_Lig_BC_63-1,5.676813,9.566592,A549,Trametinib (GSK1120212),100.0,nM,24.0,Trametinib (GSK1120212)_100nM,true
E05_F10_RT_BC_303_Lig_BC_159-1,5.6328974,9.025763,A549,Trametinib (GSK1120212),100.0,nM,24.0,Trametinib (GSK1120212)_100nM,true
G03_F10_RT_BC_169_Lig_BC_261-1,0.18359119,8.451904,A549,Trametinib (GSK1120212),100.0,nM,24.0,Trametinib (GSK1120212)_100nM,true
E07_E09_RT_BC_2_Lig_BC_74-1,5.7347364,9.501478,A549,Trametinib (GSK1120212),100.0,nM,24.0,Trametinib (GSK1120212)_100nM,true
E12_E09_RT_BC_29_Lig_BC_104-1,5.946006,9.12217,A549,Trametinib (GSK1120212),100.0,nM,24.0,Trametinib (GSK1120212)_100nM,true
A02_F10_RT_BC_180_Lig_BC_134-1,4.675637,8.50552,A549,Trametinib (GSK1120212),100.0,nM,24.0,Trametinib (GSK1120212)_100nM,true
A07_E09_RT_BC_372_Lig_BC_298-1,6.785066,9.271766,A549,Trametinib (GSK1120212),100.0,nM,24.0,Trametinib (GSK1120212)_100nM,true
D07_F10_RT_BC_20_Lig_BC_62-1,3.7067323,9.391825,A549,Trametinib (GSK1120212),100.0,nM,24.0,Trametinib (GSK1120212)_100nM,true
F02_F10_RT_BC_127_Lig_BC_357-1,7.612253,9.582851,A549,Trametinib (GSK1120212),100.0,nM,24.0,Trametinib (GSK1120212)_100nM,true
A07_F10_RT_BC_15_Lig_BC_53-1,7.3271265,8.400163,A549,Trametinib (GSK1120212),100.0,nM,24.0,Trametinib (GSK1120212)_100nM,true
D10_E09_RT_BC_110_Lig_BC_209-1,6.3642287,9.554822,A549,Trametinib (GSK1120212),100.0,nM,24.0,Trametinib (GSK1120212)_100nM,true
E10_E09_RT_BC_331_Lig_BC_198-1,3.1189075,9.226152,A549,Trametinib (GSK1120212),100.0,nM,24.0,Trametinib (GSK1120212)_100nM,true
G11_E09_RT_BC_118_Lig_BC_275-1,7.2645674,10.067733,A549,Trametinib (GSK1120212),100.0,nM,24.0,Trametinib (GSK1120212)_100nM,true
C12_F10_RT_BC_148_Lig_BC_17-1,6.4137154,9.217192,A549,Trametinib (GSK1120212),100.0,nM,24.0,Trametinib (GSK1120212)_100nM,true
F02_F10_RT_BC_152_Lig_BC_264-1,7.9490166,9.128297,A549,Trametinib (GSK1120212),100.0,nM,24.0,Trametinib (GSK1120212)_100nM,true
H12_E09_RT_BC_359_Lig_BC_249-1,7.117239,9.695001,A549,Trametinib (GSK1120212),100.0,nM,24.0,Trametinib (GSK1120212)_100nM,true
F11_F10_RT_BC_322_Lig_BC_160-1,6.985791,9.2301235,A549,Trametinib (GSK1120212),100.0,nM,24.0,Trametinib (GSK1120212)_100nM,true
F11_E09_RT_BC_51_Lig_BC_48-1,6.2806206,9.247666,A549,Trametinib (GSK1120212),100.0,nM,24.0,Trametinib (GSK1120212)_100nM,true
B06_E09_RT_BC_71_Lig_BC_169-1,5.2154384,8.650595,A549,Trametinib (GSK1120212),100.0,nM,24.0,Trametinib (GSK1120212)_100nM,true
C06_E09_RT_BC_384_Lig_BC_359-1,6.3376923,9.270709,A549,Trametinib (GSK1120212),1000.0,nM,24.0,Trametinib (GSK1120212)_1000nM,true
E07_F10_RT_BC_294_Lig_BC_190-1,4.6801963,9.02001,A549,Trametinib (GSK1120212),1000.0,nM,24.0,Trametinib (GSK1120212)_1000nM,true
E03_F10_RT_BC_213_Lig_BC_337-1,6.3866816,4.155895,A549,Trametinib (GSK1120212),1000.0,nM,24.0,Trametinib (GSK1120212)_1000nM,true
B02_E09_RT_BC_39_Lig_BC_271-1,7.5347266,9.084984,A549,Trametinib (GSK1120212),1000.0,nM,24.0,Trametinib (GSK1120212)_1000nM,true
H09_F10_RT_BC_33_Lig_BC_265-1,1.0753224,8.618672,A549,Trametinib (GSK1120212),1000.0,nM,24.0,Trametinib (GSK1120212)_1000nM,true
H06_E09_RT_BC_321_Lig_BC_97-1,9.695394,8.129892,A549,Trametinib (GSK1120212),1000.0,nM,24.0,Trametinib (GSK1120212)_1000nM,true
C01_E09_RT_BC_112_Lig_BC_57-1,6.6003785,8.885508,A549,Trametinib (GSK1120212),1000.0,nM,24.0,Trametinib (GSK1120212)_1000nM,true
C07_E09_RT_BC_147_Lig_BC_53-1,1.2336464,7.3243127,A549,Trametinib (GSK1120212),1000.0,nM,24.0,Trametinib (GSK1120212)_1000nM,true
E06_E09_RT_BC_229_Lig_BC_19-1,2.7260826,4.5775895,A549,Trametinib (GSK1120212),1000.0,nM,24.0,Trametinib (GSK1120212)_1000nM,true
D06_E09_RT_BC_103_Lig_BC_20-1,7.395643,8.933111,A549,Trametinib (GSK1120212),1000.0,nM,24.0,Trametinib (GSK1120212)_1000nM,true
F02_E09_RT_BC_361_Lig_BC_255-1,6.2491965,8.630075,A549,Trametinib (GSK1120212),1000.0,nM,24.0,Trametinib (GSK1120212)_1000nM,true
G10_F10_RT_BC_19_Lig_BC_95-1,6.060643,8.930177,A549,Trametinib (GSK1120212),1000.0,nM,24.0,Trametinib (GSK1120212)_1000nM,true
H11_E09_RT_BC_99_Lig_BC_327-1,7.1233416,8.857304,A549,Trametinib (GSK1120212),1000.0,nM,24.0,Trametinib (GSK1120212)_1000nM,true
H06_F10_RT_BC_378_Lig_BC_218-1,0.65679497,7.7818046,A549,Trametinib (GSK1120212),1000.0,nM,24.0,Trametinib (GSK1120212)_1000nM,true
C05_F10_RT_BC_333_Lig_BC_153-1,5.8455644,9.01449,A549,Trametinib (GSK1120212),1000.0,nM,24.0,Trametinib (GSK1120212)_1000nM,true
E07_F10_RT_BC_373_Lig_BC_205-1,7.5270615,8.652391,A549,Trametinib (GSK1120212),1000.0,nM,24.0,Trametinib (GSK1120212)_1000nM,true
A04_F10_RT_BC_151_Lig_BC_220-1,7.3958387,9.378544,A549,Trametinib (GSK1120212),1000.0,nM,24.0,Trametinib (GSK1120212)_1000nM,true
H07_F10_RT_BC_225_Lig_BC_297-1,1.6532923,7.826343,A549,Trametinib (GSK1120212),1000.0,nM,24.0,Trametinib (GSK1120212)_1000nM,true
F06_E09_RT_BC_293_Lig_BC_360-1,7.2912817,8.9956,A549,Trametinib (GSK1120212),1000.0,nM,24.0,Trametinib (GSK1120212)_1000nM,true
C02_F10_RT_BC_164_Lig_BC_247-1,6.6230445,10.242701,A549,Trametinib (GSK1120212),1000.0,nM,24.0,Trametinib (GSK1120212)_1000nM,true
H05_E09_RT_BC_73_Lig_BC_98-1,6.386236,8.3426895,A549,Trametinib (GSK1120212),1000.0,nM,24.0,Trametinib (GSK1120212)_1000nM,true
H11_F10_RT_BC_90_Lig_BC_271-1,6.949827,9.130152,A549,Trametinib (GSK1120212),1000.0,nM,24.0,Trametinib (GSK1120212)_1000nM,true
B06_F10_RT_BC_255_Lig_BC_35-1,5.6799746,9.17881,A549,Trametinib (GSK1120212),1000.0,nM,24.0,Trametinib (GSK1120212)_1000nM,true
C03_F10_RT_BC_185_Lig_BC_88-1,4.845876,8.32772,A549,Trametinib (GSK1120212),1000.0,nM,24.0,Trametinib (GSK1120212)_1000nM,true
E05_E09_RT_BC_30_Lig_BC_14-1,7.097649,8.770615,A549,Trametinib (GSK1120212),1000.0,nM,24.0,Trametinib (GSK1120212)_1000nM,true
F08_F10_RT_BC_320_Lig_BC_253-1,8.387597,9.265515,A549,Trametinib (GSK1120212),1000.0,nM,24.0,Trametinib (GSK1120212)_1000nM,true
E12_F10_RT_BC_305_Lig_BC_311-1,7.4908853,9.386303,A549,Trametinib (GSK1120212),1000.0,nM,24.0,Trametinib (GSK1120212)_1000nM,true
E02_F10_RT_BC_292_Lig_BC_357-1,6.7179365,8.385457,A549,Trametinib (GSK1120212),1000.0,nM,24.0,Trametinib (GSK1120212)_1000nM,true
G08_E09_RT_BC_128_Lig_BC_169-1,7.760134,9.018111,A549,Trametinib (GSK1120212),1000.0,nM,24.0,Trametinib (GSK1120212)_1000nM,true
G12_E09_RT_BC_61_Lig_BC_168-1,7.4526596,9.181161,A549,Trametinib (GSK1120212),1000.0,nM,24.0,Trametinib (GSK1120212)_1000nM,true
C04_E09_RT_BC_160_Lig_BC_261-1,4.658942,8.816132,A549,Trametinib (GSK1120212),1000.0,nM,24.0,Trametinib (GSK1120212)_1000nM,true
F12_F10_RT_BC_260_Lig_BC_262-1,7.2374673,9.252887,A549,Trametinib (GSK1120212),1000.0,nM,24.0,Trametinib (GSK1120212)_1000nM,true
G08_F10_RT_BC_230_Lig_BC_335-1,4.548089,8.492974,A549,Trametinib (GSK1120212),1000.0,nM,24.0,Trametinib (GSK1120212)_1000nM,true
A03_F10_RT_BC_117_Lig_BC_281-1,10.192062,7.8385897,A549,Trametinib (GSK1120212),1000.0,nM,24.0,Trametinib (GSK1120212)_1000nM,true
G11_F10_RT_BC_279_Lig_BC_287-1,5.998564,8.448449,A549,Trametinib (GSK1120212),1000.0,nM,24.0,Trametinib (GSK1120212)_1000nM,true
D12_F10_RT_BC_248_Lig_BC_55-1,7.7480874,9.292341,A549,Trametinib (GSK1120212),1000.0,nM,24.0,Trametinib (GSK1120212)_1000nM,true
F12_E09_RT_BC_86_Lig_BC_37-1,6.661565,9.121031,A549,Trametinib (GSK1120212),1000.0,nM,24.0,Trametinib (GSK1120212)_1000nM,true
F10_E09_RT_BC_363_Lig_BC_124-1,7.200566,8.676729,A549,Trametinib (GSK1120212),1000.0,nM,24.0,Trametinib (GSK1120212)_1000nM,true
E07_E09_RT_BC_16_Lig_BC_15-1,4.592045,9.79319,A549,Trametinib (GSK1120212),1000.0,nM,24.0,Trametinib (GSK1120212)_1000nM,true
F11_F10_RT_BC_75_Lig_BC_191-1,6.6255126,9.201749,A549,Trametinib (GSK1120212),1000.0,nM,24.0,Trametinib (GSK1120212)_1000nM,true
H04_F10_RT_BC_111_Lig_BC_103-1,5.978909,10.198125,A549,Trametinib (GSK1120212),1000.0,nM,24.0,Trametinib (GSK1120212)_1000nM,true
C08_F10_RT_BC_72_Lig_BC_294-1,4.805547,9.258351,A549,Trametinib (GSK1120212),1000.0,nM,24.0,Trametinib (GSK1120212)_1000nM,true
C01_E09_RT_BC_191_Lig_BC_59-1,4.812736,8.740877,A549,Trametinib (GSK1120212),1000.0,nM,24.0,Trametinib (GSK1120212)_1000nM,true
F01_E09_RT_BC_248_Lig_BC_103-1,5.5869017,2.1891963,A549,Trametinib (GSK1120212),1000.0,nM,24.0,Trametinib (GSK1120212)_1000nM,true
E04_F10_RT_BC_365_Lig_BC_1-1,6.277726,9.111732,A549,Trametinib (GSK1120212),1000.0,nM,24.0,Trametinib (GSK1120212)_1000nM,true
F08_F10_RT_BC_276_Lig_BC_154-1,1.8816419,7.807664,A549,Trametinib (GSK1120212),1000.0,nM,24.0,Trametinib (GSK1120212)_1000nM,true
G12_E09_RT_BC_26_Lig_BC_37-1,7.17016,8.947278,A549,Trametinib (GSK1120212),1000.0,nM,24.0,Trametinib (GSK1120212)_1000nM,true
E08_E09_RT_BC_315_Lig_BC_339-1,7.8783035,9.73731,A549,Trametinib (GSK1120212),1000.0,nM,24.0,Trametinib (GSK1120212)_1000nM,true
A02_E09_RT_BC_333_Lig_BC_75-1,7.203749,10.09342,A549,Trametinib (GSK1120212),1000.0,nM,24.0,Trametinib (GSK1120212)_1000nM,true
F01_F10_RT_BC_113_Lig_BC_343-1,7.536444,9.310698,A549,Trametinib (GSK1120212),1000.0,nM,24.0,Trametinib (GSK1120212)_1000nM,true
B04_E09_RT_BC_173_Lig_BC_136-1,0.17141499,7.2763996,A549,Trametinib (GSK1120212),1000.0,nM,24.0,Trametinib (GSK1120212)_1000nM,true
G04_F10_RT_BC_141_Lig_BC_49-1,1.3605287,8.36916,A549,Trametinib (GSK1120212),1000.0,nM,24.0,Trametinib (GSK1120212)_1000nM,true
E11_F10_RT_BC_274_Lig_BC_367-1,7.232157,9.480537,A549,Trametinib (GSK1120212),1000.0,nM,24.0,Trametinib (GSK1120212)_1000nM,true
F04_F10_RT_BC_185_Lig_BC_356-1,6.4910493,8.6298485,A549,Trametinib (GSK1120212),1000.0,nM,24.0,Trametinib (GSK1120212)_1000nM,true
C03_F10_RT_BC_223_Lig_BC_379-1,1.2086097,9.609813,A549,Trametinib (GSK1120212),1000.0,nM,24.0,Trametinib (GSK1120212)_1000nM,true
F09_F10_RT_BC_220_Lig_BC_145-1,4.485553,9.767202,A549,Trametinib (GSK1120212),1000.0,nM,24.0,Trametinib (GSK1120212)_1000nM,true
G12_F10_RT_BC_202_Lig_BC_380-1,6.9382887,9.052129,A549,Trametinib (GSK1120212),1000.0,nM,24.0,Trametinib (GSK1120212)_1000nM,true
F06_F10_RT_BC_329_Lig_BC_316-1,5.5509644,6.7826004,A549,Trametinib (GSK1120212),1000.0,nM,24.0,Trametinib (GSK1120212)_1000nM,true
C01_F10_RT_BC_331_Lig_BC_310-1,7.3372984,9.502955,A549,Trametinib (GSK1120212),1000.0,nM,24.0,Trametinib (GSK1120212)_1000nM,true
A08_E09_RT_BC_19_Lig_BC_352-1,6.3685136,9.40599,A549,Trametinib (GSK1120212),1000.0,nM,24.0,Trametinib (GSK1120212)_1000nM,true
E06_E09_RT_BC_307_Lig_BC_3-1,7.4079623,10.115634,A549,Trametinib (GSK1120212),1000.0,nM,24.0,Trametinib (GSK1120212)_1000nM,true
F12_F10_RT_BC_172_Lig_BC_180-1,7.1645947,9.492696,A549,Trametinib (GSK1120212),1000.0,nM,24.0,Trametinib (GSK1120212)_1000nM,true
A06_F10_RT_BC_298_Lig_BC_238-1,3.7564116,6.356367,A549,Trametinib (GSK1120212),1000.0,nM,24.0,Trametinib (GSK1120212)_1000nM,true
F11_F10_RT_BC_321_Lig_BC_166-1,4.884263,8.542242,A549,Trametinib (GSK1120212),1000.0,nM,24.0,Trametinib (GSK1120212)_1000nM,true
A06_E09_RT_BC_37_Lig_BC_118-1,6.2012744,9.794485,A549,Trametinib (GSK1120212),1000.0,nM,24.0,Trametinib (GSK1120212)_1000nM,true
E10_F10_RT_BC_351_Lig_BC_284-1,6.6750197,9.355273,A549,Trametinib (GSK1120212),1000.0,nM,24.0,Trametinib (GSK1120212)_1000nM,true
G09_E09_RT_BC_107_Lig_BC_194-1,6.359,8.836692,A549,Trametinib (GSK1120212),1000.0,nM,24.0,Trametinib (GSK1120212)_1000nM,true
B07_F10_RT_BC_62_Lig_BC_175-1,2.6659346,7.7152157,A549,Trametinib (GSK1120212),1000.0,nM,24.0,Trametinib (GSK1120212)_1000nM,true
G04_F10_RT_BC_199_Lig_BC_212-1,4.1731205,8.814642,A549,Trametinib (GSK1120212),1000.0,nM,24.0,Trametinib (GSK1120212)_1000nM,true
H06_F10_RT_BC_313_Lig_BC_365-1,5.1466694,7.7272906,A549,Trametinib (GSK1120212),1000.0,nM,24.0,Trametinib (GSK1120212)_1000nM,true
A09_F10_RT_BC_254_Lig_BC_149-1,2.4414492,9.575586,A549,Trametinib (GSK1120212),1000.0,nM,24.0,Trametinib (GSK1120212)_1000nM,true
G07_F10_RT_BC_171_Lig_BC_143-1,3.4254992,4.519139,A549,Trametinib (GSK1120212),1000.0,nM,24.0,Trametinib (GSK1120212)_1000nM,true
B03_E09_RT_BC_130_Lig_BC_61-1,5.8981423,8.671875,A549,Trametinib (GSK1120212),1000.0,nM,24.0,Trametinib (GSK1120212)_1000nM,true
F12_F10_RT_BC_243_Lig_BC_284-1,4.9058285,8.147581,A549,Trametinib (GSK1120212),1000.0,nM,24.0,Trametinib (GSK1120212)_1000nM,true
A10_F10_RT_BC_83_Lig_BC_292-1,3.5105371,9.985959,A549,Trametinib (GSK1120212),1000.0,nM,24.0,Trametinib (GSK1120212)_1000nM,true
C10_E09_RT_BC_36_Lig_BC_82-1,-0.92222047,7.9304423,A549,Trametinib (GSK1120212),1000.0,nM,24.0,Trametinib (GSK1120212)_1000nM,true
D04_F10_RT_BC_129_Lig_BC_65-1,7.072022,1.9874406,A549,Trametinib (GSK1120212),1000.0,nM,24.0,Trametinib (GSK1120212)_1000nM,true
B05_F10_RT_BC_207_Lig_BC_40-1,6.960019,9.342704,A549,Trametinib (GSK1120212),1000.0,nM,24.0,Trametinib (GSK1120212)_1000nM,true
C03_F10_RT_BC_106_Lig_BC_230-1,5.448797,8.333928,A549,Trametinib (GSK1120212),1000.0,nM,24.0,Trametinib (GSK1120212)_1000nM,true
C01_E09_RT_BC_103_Lig_BC_319-1,7.4909787,9.096207,A549,Trametinib (GSK1120212),1000.0,nM,24.0,Trametinib (GSK1120212)_1000nM,true
C08_F10_RT_BC_273_Lig_BC_141-1,5.5427265,9.630656,A549,Trametinib (GSK1120212),1000.0,nM,24.0,Trametinib (GSK1120212)_1000nM,true
E11_F10_RT_BC_310_Lig_BC_293-1,2.7877374,4.541386,A549,Trametinib (GSK1120212),1000.0,nM,24.0,Trametinib (GSK1120212)_1000nM,true
B02_F10_RT_BC_150_Lig_BC_146-1,2.4617152,9.845778,A549,Trametinib (GSK1120212),1000.0,nM,24.0,Trametinib (GSK1120212)_1000nM,true
F03_E09_RT_BC_329_Lig_BC_359-1,7.605027,5.0473685,A549,Trametinib (GSK1120212),1000.0,nM,24.0,Trametinib (GSK1120212)_1000nM,true
F05_F10_RT_BC_118_Lig_BC_293-1,2.2690356,8.40147,A549,Trametinib (GSK1120212),1000.0,nM,24.0,Trametinib (GSK1120212)_1000nM,true
E02_E09_RT_BC_234_Lig_BC_113-1,7.674342,9.422893,A549,Trametinib (GSK1120212),1000.0,nM,24.0,Trametinib (GSK1120212)_1000nM,true
F02_E09_RT_BC_147_Lig_BC_126-1,5.6300435,8.954912,A549,Trametinib (GSK1120212),1000.0,nM,24.0,Trametinib (GSK1120212)_1000nM,true
H05_F10_RT_BC_145_Lig_BC_151-1,5.9514275,8.690376,A549,Trametinib (GSK1120212),1000.0,nM,24.0,Trametinib (GSK1120212)_1000nM,true
F02_E09_RT_BC_88_Lig_BC_132-1,7.3289027,9.23576,A549,Trametinib (GSK1120212),1000.0,nM,24.0,Trametinib (GSK1120212)_1000nM,true
G08_E09_RT_BC_375_Lig_BC_23-1,2.6056304,6.0792413,A549,Trametinib (GSK1120212),1000.0,nM,24.0,Trametinib (GSK1120212)_1000nM,true
E03_E09_RT_BC_152_Lig_BC_234-1,6.859164,9.263149,A549,Trametinib (GSK1120212),1000.0,nM,24.0,Trametinib (GSK1120212)_1000nM,true
F12_F10_RT_BC_89_Lig_BC_288-1,8.69242,8.294395,A549,Trametinib (GSK1120212),1000.0,nM,24.0,Trametinib (GSK1120212)_1000nM,true
F09_F10_RT_BC_125_Lig_BC_214-1,4.505677,8.446831,A549,Trametinib (GSK1120212),1000.0,nM,24.0,Trametinib (GSK1120212)_1000nM,true
D11_F10_RT_BC_305_Lig_BC_2-1,5.967249,8.738502,A549,Trametinib (GSK1120212),1000.0,nM,24.0,Trametinib (GSK1120212)_1000nM,true
A02_E09_RT_BC_303_Lig_BC_88-1,9.52307,3.853449,A549,Trametinib (GSK1120212),1000.0,nM,24.0,Trametinib (GSK1120212)_1000nM,true
F11_F10_RT_BC_348_Lig_BC_305-1,4.503126,7.35497,A549,Trametinib (GSK1120212),1000.0,nM,24.0,Trametinib (GSK1120212)_1000nM,true
C10_F10_RT_BC_52_Lig_BC_307-1,7.1011896,9.193015,A549,Trametinib (GSK1120212),1000.0,nM,24.0,Trametinib (GSK1120212)_1000nM,true
C04_F10_RT_BC_30_Lig_BC_190-1,-0.23015755,8.411616,A549,Trametinib (GSK1120212),1000.0,nM,24.0,Trametinib (GSK1120212)_1000nM,true
D11_F10_RT_BC_346_Lig_BC_74-1,4.820375,5.7221045,A549,Trametinib (GSK1120212),1000.0,nM,24.0,Trametinib (GSK1120212)_1000nM,true
D12_F10_RT_BC_18_Lig_BC_318-1,7.3415213,2.1863222,A549,Trametinib (GSK1120212),1000.0,nM,24.0,Trametinib (GSK1120212)_1000nM,true
F05_F10_RT_BC_33_Lig_BC_305-1,5.2464914,8.118096,A549,Trametinib (GSK1120212),1000.0,nM,24.0,Trametinib (GSK1120212)_1000nM,true
E07_F10_RT_BC_71_Lig_BC_43-1,8.9797535,3.9849555,A549,Trametinib (GSK1120212),1000.0,nM,24.0,Trametinib (GSK1120212)_1000nM,true
G01_F10_RT_BC_268_Lig_BC_148-1,6.9264274,8.991105,A549,Trametinib (GSK1120212),1000.0,nM,24.0,Trametinib (GSK1120212)_1000nM,true
A07_F10_RT_BC_334_Lig_BC_59-1,6.7698216,9.2601,A549,Trametinib (GSK1120212),1000.0,nM,24.0,Trametinib (GSK1120212)_1000nM,true
D01_F10_RT_BC_27_Lig_BC_142-1,6.5377097,2.402729,A549,Trametinib (GSK1120212),1000.0,nM,24.0,Trametinib (GSK1120212)_1000nM,true
D03_E09_RT_BC_5_Lig_BC_267-1,5.00533,9.611021,A549,Trametinib (GSK1120212),1000.0,nM,24.0,Trametinib (GSK1120212)_1000nM,true
F02_E09_RT_BC_371_Lig_BC_316-1,9.271611,5.0840464,A549,Trametinib (GSK1120212),1000.0,nM,24.0,Trametinib (GSK1120212)_1000nM,true
D02_E09_RT_BC_354_Lig_BC_212-1,2.5755537,3.3020818,A549,Trametinib (GSK1120212),1000.0,nM,24.0,Trametinib (GSK1120212)_1000nM,true
D04_E09_RT_BC_320_Lig_BC_356-1,6.194939,9.555323,A549,Trametinib (GSK1120212),1000.0,nM,24.0,Trametinib (GSK1120212)_1000nM,true
D12_F10_RT_BC_75_Lig_BC_184-1,5.430361,9.274014,A549,Trametinib (GSK1120212),1000.0,nM,24.0,Trametinib (GSK1120212)_1000nM,true
C02_E09_RT_BC_376_Lig_BC_243-1,4.0212207,7.93779,A549,Trametinib (GSK1120212),10000.0,nM,24.0,Trametinib (GSK1120212)_10000nM,true
D12_E09_RT_BC_363_Lig_BC_29-1,4.3057413,8.204249,A549,Trametinib (GSK1120212),10000.0,nM,24.0,Trametinib (GSK1120212)_10000nM,true
C10_F10_RT_BC_66_Lig_BC_222-1,7.2090163,8.496059,A549,Trametinib (GSK1120212),10000.0,nM,24.0,Trametinib (GSK1120212)_10000nM,true
E05_F10_RT_BC_46_Lig_BC_150-1,4.9317675,9.335759,A549,Trametinib (GSK1120212),10000.0,nM,24.0,Trametinib (GSK1120212)_10000nM,true
F02_E09_RT_BC_144_Lig_BC_78-1,6.613254,8.901982,A549,Trametinib (GSK1120212),10000.0,nM,24.0,Trametinib (GSK1120212)_10000nM,true
G11_E09_RT_BC_125_Lig_BC_119-1,6.520024,8.3705845,A549,Trametinib (GSK1120212),10000.0,nM,24.0,Trametinib (GSK1120212)_10000nM,true
G12_F10_RT_BC_316_Lig_BC_354-1,6.5743237,9.044108,A549,Trametinib (GSK1120212),10000.0,nM,24.0,Trametinib (GSK1120212)_10000nM,true
D11_F10_RT_BC_361_Lig_BC_201-1,5.484224,9.921744,A549,Trametinib (GSK1120212),10000.0,nM,24.0,Trametinib (GSK1120212)_10000nM,true
H07_E09_RT_BC_250_Lig_BC_174-1,3.7163186,4.8015113,A549,Trametinib (GSK1120212),10000.0,nM,24.0,Trametinib (GSK1120212)_10000nM,true
H01_E09_RT_BC_354_Lig_BC_187-1,7.67123,9.963568,A549,Trametinib (GSK1120212),10000.0,nM,24.0,Trametinib (GSK1120212)_10000nM,true
D08_F10_RT_BC_98_Lig_BC_139-1,7.038824,9.506681,A549,Trametinib (GSK1120212),10000.0,nM,24.0,Trametinib (GSK1120212)_10000nM,true
C01_E09_RT_BC_28_Lig_BC_156-1,6.485288,9.810636,A549,Trametinib (GSK1120212),10000.0,nM,24.0,Trametinib (GSK1120212)_10000nM,true
E05_F10_RT_BC_346_Lig_BC_62-1,4.4101787,5.7477036,A549,Trametinib (GSK1120212),10000.0,nM,24.0,Trametinib (GSK1120212)_10000nM,true
A07_F10_RT_BC_316_Lig_BC_320-1,6.6535826,9.137181,A549,Trametinib (GSK1120212),10000.0,nM,24.0,Trametinib (GSK1120212)_10000nM,true
A05_F10_RT_BC_339_Lig_BC_72-1,2.4971845,3.5587714,A549,Trametinib (GSK1120212),10000.0,nM,24.0,Trametinib (GSK1120212)_10000nM,true
F10_F10_RT_BC_14_Lig_BC_135-1,7.5108004,9.057498,A549,Trametinib (GSK1120212),10000.0,nM,24.0,Trametinib (GSK1120212)_10000nM,true
A02_F10_RT_BC_305_Lig_BC_107-1,7.5752897,9.667494,A549,Trametinib (GSK1120212),10000.0,nM,24.0,Trametinib (GSK1120212)_10000nM,true
B06_F10_RT_BC_294_Lig_BC_184-1,2.3482606,7.992656,A549,Trametinib (GSK1120212),10000.0,nM,24.0,Trametinib (GSK1120212)_10000nM,true
A05_F10_RT_BC_274_Lig_BC_164-1,7.050177,1.964532,A549,Trametinib (GSK1120212),10000.0,nM,24.0,Trametinib (GSK1120212)_10000nM,true
D04_E09_RT_BC_136_Lig_BC_291-1,5.9142995,8.721197,A549,Trametinib (GSK1120212),10000.0,nM,24.0,Trametinib (GSK1120212)_10000nM,true
A01_F10_RT_BC_194_Lig_BC_288-1,5.127462,8.613831,A549,Trametinib (GSK1120212),10000.0,nM,24.0,Trametinib (GSK1120212)_10000nM,true
B03_F10_RT_BC_73_Lig_BC_18-1,7.6154876,7.987601,A549,Trametinib (GSK1120212),10000.0,nM,24.0,Trametinib (GSK1120212)_10000nM,true
H07_F10_RT_BC_190_Lig_BC_72-1,7.0114126,9.485442,A549,Trametinib (GSK1120212),10000.0,nM,24.0,Trametinib (GSK1120212)_10000nM,true
A10_E09_RT_BC_123_Lig_BC_215-1,6.8901224,9.309001,A549,Trametinib (GSK1120212),10000.0,nM,24.0,Trametinib (GSK1120212)_10000nM,true
B08_F10_RT_BC_49_Lig_BC_74-1,4.2286973,5.767152,A549,Trametinib (GSK1120212),10000.0,nM,24.0,Trametinib (GSK1120212)_10000nM,true
G06_F10_RT_BC_73_Lig_BC_318-1,6.6960883,9.003412,A549,Trametinib (GSK1120212),10000.0,nM,24.0,Trametinib (GSK1120212)_10000nM,true
A02_E09_RT_BC_315_Lig_BC_353-1,5.3546767,9.232003,A549,Trametinib (GSK1120212),10000.0,nM,24.0,Trametinib (GSK1120212)_10000nM,true
A05_F10_RT_BC_315_Lig_BC_369-1,5.831147,9.039882,A549,Trametinib (GSK1120212),10000.0,nM,24.0,Trametinib (GSK1120212)_10000nM,true
C02_E09_RT_BC_27_Lig_BC_335-1,-0.15830044,8.459113,A549,Trametinib (GSK1120212),10000.0,nM,24.0,Trametinib (GSK1120212)_10000nM,true
G12_E09_RT_BC_349_Lig_BC_96-1,7.0464616,9.553654,A549,Trametinib (GSK1120212),10000.0,nM,24.0,Trametinib (GSK1120212)_10000nM,true
G05_E09_RT_BC_129_Lig_BC_52-1,6.1534534,8.753786,A549,Trametinib (GSK1120212),10000.0,nM,24.0,Trametinib (GSK1120212)_10000nM,true
B07_F10_RT_BC_314_Lig_BC_280-1,3.3079488,8.893866,A549,Trametinib (GSK1120212),10000.0,nM,24.0,Trametinib (GSK1120212)_10000nM,true
B03_F10_RT_BC_301_Lig_BC_373-1,5.114986,8.916969,A549,Trametinib (GSK1120212),10000.0,nM,24.0,Trametinib (GSK1120212)_10000nM,true
F05_F10_RT_BC_150_Lig_BC_121-1,5.925263,8.561785,A549,Trametinib (GSK1120212),10000.0,nM,24.0,Trametinib (GSK1120212)_10000nM,true
G11_E09_RT_BC_179_Lig_BC_108-1,5.0875716,8.202515,A549,Trametinib (GSK1120212),10000.0,nM,24.0,Trametinib (GSK1120212)_10000nM,true
F02_E09_RT_BC_145_Lig_BC_63-1,7.2516637,9.570695,A549,Trametinib (GSK1120212),10000.0,nM,24.0,Trametinib (GSK1120212)_10000nM,true
D03_F10_RT_BC_127_Lig_BC_314-1,-0.9727681,7.5636764,A549,Trametinib (GSK1120212),10000.0,nM,24.0,Trametinib (GSK1120212)_10000nM,true
F12_F10_RT_BC_28_Lig_BC_58-1,6.805665,9.60639,A549,Trametinib (GSK1120212),10000.0,nM,24.0,Trametinib (GSK1120212)_10000nM,true
A05_F10_RT_BC_173_Lig_BC_163-1,3.0417998,9.953861,A549,Trametinib (GSK1120212),10000.0,nM,24.0,Trametinib (GSK1120212)_10000nM,true
H07_E09_RT_BC_64_Lig_BC_278-1,5.061032,7.7068763,A549,Trametinib (GSK1120212),10000.0,nM,24.0,Trametinib (GSK1120212)_10000nM,true
C05_F10_RT_BC_144_Lig_BC_116-1,6.82753,8.938447,A549,Trametinib (GSK1120212),10000.0,nM,24.0,Trametinib (GSK1120212)_10000nM,true
F02_E09_RT_BC_74_Lig_BC_141-1,5.3788595,8.715873,A549,Trametinib (GSK1120212),10000.0,nM,24.0,Trametinib (GSK1120212)_10000nM,true
G08_E09_RT_BC_210_Lig_BC_5-1,6.406074,8.096098,A549,Trametinib (GSK1120212),10000.0,nM,24.0,Trametinib (GSK1120212)_10000nM,true
G08_E09_RT_BC_219_Lig_BC_248-1,7.3477597,8.84547,A549,Trametinib (GSK1120212),10000.0,nM,24.0,Trametinib (GSK1120212)_10000nM,true
G09_E09_RT_BC_99_Lig_BC_288-1,6.2504354,8.776486,A549,Trametinib (GSK1120212),10000.0,nM,24.0,Trametinib (GSK1120212)_10000nM,true
G10_E09_RT_BC_5_Lig_BC_334-1,5.7416987,8.497485,A549,Trametinib (GSK1120212),10000.0,nM,24.0,Trametinib (GSK1120212)_10000nM,true
G04_E09_RT_BC_125_Lig_BC_74-1,4.830889,7.1855507,A549,Trametinib (GSK1120212),10000.0,nM,24.0,Trametinib (GSK1120212)_10000nM,true
C01_E09_RT_BC_61_Lig_BC_172-1,1.928709,6.8626504,A549,Trametinib (GSK1120212),10000.0,nM,24.0,Trametinib (GSK1120212)_10000nM,true
C01_F10_RT_BC_187_Lig_BC_52-1,3.9271648,6.8839436,A549,Trametinib (GSK1120212),10000.0,nM,24.0,Trametinib (GSK1120212)_10000nM,true
D06_E09_RT_BC_218_Lig_BC_349-1,5.7704706,9.914156,A549,Trametinib (GSK1120212),10000.0,nM,24.0,Trametinib (GSK1120212)_10000nM,true
A07_E09_RT_BC_233_Lig_BC_38-1,4.2915072,8.558822,A549,Trametinib (GSK1120212),10000.0,nM,24.0,Trametinib (GSK1120212)_10000nM,true
C12_E09_RT_BC_320_Lig_BC_198-1,7.052426,9.39724,A549,Trametinib (GSK1120212),10000.0,nM,24.0,Trametinib (GSK1120212)_10000nM,true
C07_F10_RT_BC_218_Lig_BC_257-1,6.462724,9.418239,A549,Trametinib (GSK1120212),10000.0,nM,24.0,Trametinib (GSK1120212)_10000nM,true
B02_E09_RT_BC_38_Lig_BC_143-1,6.067168,8.557132,A549,Trametinib (GSK1120212),10000.0,nM,24.0,Trametinib (GSK1120212)_10000nM,true
C11_F10_RT_BC_136_Lig_BC_19-1,8.208599,5.802389,A549,Trametinib (GSK1120212),10000.0,nM,24.0,Trametinib (GSK1120212)_10000nM,true
F12_F10_RT_BC_300_Lig_BC_323-1,7.193447,8.764237,A549,Trametinib (GSK1120212),10000.0,nM,24.0,Trametinib (GSK1120212)_10000nM,true
A10_E09_RT_BC_382_Lig_BC_121-1,7.5092564,9.270066,A549,Trametinib (GSK1120212),10000.0,nM,24.0,Trametinib (GSK1120212)_10000nM,true
B09_F10_RT_BC_68_Lig_BC_309-1,1.8228271,7.3045797,A549,Trametinib (GSK1120212),10000.0,nM,24.0,Trametinib (GSK1120212)_10000nM,true
G01_F10_RT_BC_320_Lig_BC_125-1,7.611606,9.47867,A549,Trametinib (GSK1120212),10000.0,nM,24.0,Trametinib (GSK1120212)_10000nM,true
B06_E09_RT_BC_363_Lig_BC_29-1,2.1828365,6.4399047,A549,Trametinib (GSK1120212),10000.0,nM,24.0,Trametinib (GSK1120212)_10000nM,true
G07_E09_RT_BC_295_Lig_BC_337-1,1.302504,8.218518,A549,Trametinib (GSK1120212),10000.0,nM,24.0,Trametinib (GSK1120212)_10000nM,true
A03_F10_RT_BC_198_Lig_BC_292-1,5.524695,3.4573212,A549,Trametinib (GSK1120212),10000.0,nM,24.0,Trametinib (GSK1120212)_10000nM,true
A12_F10_RT_BC_303_Lig_BC_10-1,7.243034,9.0563755,A549,Trametinib (GSK1120212),10000.0,nM,24.0,Trametinib (GSK1120212)_10000nM,true
G01_E09_RT_BC_219_Lig_BC_61-1,6.5810237,8.482778,A549,Trametinib (GSK1120212),10000.0,nM,24.0,Trametinib (GSK1120212)_10000nM,true
E12_E09_RT_BC_116_Lig_BC_189-1,7.374268,8.5227585,A549,Trametinib (GSK1120212),10000.0,nM,24.0,Trametinib (GSK1120212)_10000nM,true
F12_E09_RT_BC_221_Lig_BC_246-1,4.5663123,7.624511,A549,Trametinib (GSK1120212),10000.0,nM,24.0,Trametinib (GSK1120212)_10000nM,true
G01_F10_RT_BC_78_Lig_BC_23-1,1.6981624,9.7061405,A549,Trametinib (GSK1120212),10000.0,nM,24.0,Trametinib (GSK1120212)_10000nM,true
D01_F10_RT_BC_304_Lig_BC_117-1,1.5244492,8.051373,A549,Trametinib (GSK1120212),10000.0,nM,24.0,Trametinib (GSK1120212)_10000nM,true
F10_F10_RT_BC_353_Lig_BC_305-1,7.71159,9.437232,A549,Trametinib (GSK1120212),10000.0,nM,24.0,Trametinib (GSK1120212)_10000nM,true
C07_E09_RT_BC_198_Lig_BC_199-1,2.4633632,4.8409967,A549,Trametinib (GSK1120212),10000.0,nM,24.0,Trametinib (GSK1120212)_10000nM,true
D03_E09_RT_BC_263_Lig_BC_179-1,7.291821,9.497576,A549,Trametinib (GSK1120212),10000.0,nM,24.0,Trametinib (GSK1120212)_10000nM,true
E02_E09_RT_BC_111_Lig_BC_192-1,7.513878,8.545735,A549,Trametinib (GSK1120212),10000.0,nM,24.0,Trametinib (GSK1120212)_10000nM,true
C09_F10_RT_BC_250_Lig_BC_39-1,4.4857635,8.127503,A549,Trametinib (GSK1120212),10000.0,nM,24.0,Trametinib (GSK1120212)_10000nM,true
G05_E09_RT_BC_184_Lig_BC_176-1,6.137309,2.1540713,A549,Trametinib (GSK1120212),10000.0,nM,24.0,Trametinib (GSK1120212)_10000nM,true
H03_F10_RT_BC_121_Lig_BC_51-1,3.845457,7.235147,A549,Trametinib (GSK1120212),10000.0,nM,24.0,Trametinib (GSK1120212)_10000nM,true
F04_E09_RT_BC_31_Lig_BC_91-1,4.5002813,8.413115,A549,Trametinib (GSK1120212),10000.0,nM,24.0,Trametinib (GSK1120212)_10000nM,true
D05_E09_RT_BC_103_Lig_BC_353-1,6.915545,9.941615,A549,Trametinib (GSK1120212),10000.0,nM,24.0,Trametinib (GSK1120212)_10000nM,true
F03_E09_RT_BC_204_Lig_BC_327-1,6.4144616,8.157328,A549,Trametinib (GSK1120212),10000.0,nM,24.0,Trametinib (GSK1120212)_10000nM,true
D07_E09_RT_BC_253_Lig_BC_131-1,2.7605062,3.8754838,A549,Trametinib (GSK1120212),10000.0,nM,24.0,Trametinib (GSK1120212)_10000nM,true
B12_F10_RT_BC_29_Lig_BC_114-1,7.0772276,10.115305,A549,Trametinib (GSK1120212),10000.0,nM,24.0,Trametinib (GSK1120212)_10000nM,true
A06_E09_RT_BC_89_Lig_BC_370-1,7.395201,9.4638195,A549,Trametinib (GSK1120212),10000.0,nM,24.0,Trametinib (GSK1120212)_10000nM,true
G02_F10_RT_BC_323_Lig_BC_224-1,5.400314,8.769918,A549,Trametinib (GSK1120212),10000.0,nM,24.0,Trametinib (GSK1120212)_10000nM,true
H01_E09_RT_BC_57_Lig_BC_195-1,5.3095593,8.450014,A549,Trametinib (GSK1120212),10000.0,nM,24.0,Trametinib (GSK1120212)_10000nM,true
D11_F10_RT_BC_218_Lig_BC_13-1,6.277286,8.494984,A549,Trametinib (GSK1120212),10000.0,nM,24.0,Trametinib (GSK1120212)_10000nM,true
D03_E09_RT_BC_290_Lig_BC_195-1,2.2996368,6.6243997,A549,Trametinib (GSK1120212),10000.0,nM,24.0,Trametinib (GSK1120212)_10000nM,true
E03_E09_RT_BC_259_Lig_BC_194-1,7.450688,9.412602,A549,Trametinib (GSK1120212),10000.0,nM,24.0,Trametinib (GSK1120212)_10000nM,true
F05_E09_RT_BC_17_Lig_BC_36-1,3.564123,9.842303,A549,Trametinib (GSK1120212),10000.0,nM,24.0,Trametinib (GSK1120212)_10000nM,true
E05_F10_RT_BC_30_Lig_BC_353-1,6.75711,8.67614,A549,Trametinib (GSK1120212),10000.0,nM,24.0,Trametinib (GSK1120212)_10000nM,true
G09_E09_RT_BC_277_Lig_BC_136-1,3.7363865,4.731109,A549,Trametinib (GSK1120212),10000.0,nM,24.0,Trametinib (GSK1120212)_10000nM,true
G07_E09_RT_BC_221_Lig_BC_58-1,4.546803,9.652334,A549,Trametinib (GSK1120212),10000.0,nM,24.0,Trametinib (GSK1120212)_10000nM,true
D06_E09_RT_BC_350_Lig_BC_137-1,7.251805,8.5287075,A549,Trametinib (GSK1120212),10000.0,nM,24.0,Trametinib (GSK1120212)_10000nM,true
H06_F10_RT_BC_82_Lig_BC_36-1,1.7316428,5.3367896,A549,Trametinib (GSK1120212),10000.0,nM,24.0,Trametinib (GSK1120212)_10000nM,true
G09_E09_RT_BC_317_Lig_BC_85-1,7.7615023,8.990078,A549,Trametinib (GSK1120212),10000.0,nM,24.0,Trametinib (GSK1120212)_10000nM,true
E08_F10_RT_BC_105_Lig_BC_342-1,6.7943497,8.735359,A549,Trametinib (GSK1120212),10000.0,nM,24.0,Trametinib (GSK1120212)_10000nM,true
A11_F10_RT_BC_339_Lig_BC_308-1,1.0813873,4.3628664,A549,Trametinib (GSK1120212),10000.0,nM,24.0,Trametinib (GSK1120212)_10000nM,true
D04_E09_RT_BC_216_Lig_BC_184-1,6.5515275,8.663925,A549,Trametinib (GSK1120212),10000.0,nM,24.0,Trametinib (GSK1120212)_10000nM,true
F07_F10_RT_BC_148_Lig_BC_204-1,5.3913393,9.362756,A549,Trametinib (GSK1120212),10000.0,nM,24.0,Trametinib (GSK1120212)_10000nM,true
A06_F10_RT_BC_268_Lig_BC_46-1,3.7336864,4.8451643,A549,Trametinib (GSK1120212),10000.0,nM,24.0,Trametinib (GSK1120212)_10000nM,true
B01_E09_RT_BC_353_Lig_BC_7-1,4.5210395,7.746719,A549,Trametinib (GSK1120212),10000.0,nM,24.0,Trametinib (GSK1120212)_10000nM,true
A11_F10_RT_BC_260_Lig_BC_278-1,4.2812114,8.579806,A549,Trametinib (GSK1120212),10000.0,nM,24.0,Trametinib (GSK1120212)_10000nM,true
G07_F10_RT_BC_309_Lig_BC_13-1,5.7661004,8.581262,A549,Trametinib (GSK1120212),10000.0,nM,24.0,Trametinib (GSK1120212)_10000nM,true
D05_E09_RT_BC_302_Lig_BC_181-1,3.6560543,9.983066,A549,Trametinib (GSK1120212),10000.0,nM,24.0,Trametinib (GSK1120212)_10000nM,true
C08_F10_RT_BC_228_Lig_BC_269-1,5.550736,9.160371,A549,Trametinib (GSK1120212),10000.0,nM,24.0,Trametinib (GSK1120212)_10000nM,true
F09_E09_RT_BC_146_Lig_BC_28-1,6.8510733,9.186694,A549,Trametinib (GSK1120212),10000.0,nM,24.0,Trametinib (GSK1120212)_10000nM,true
E06_F10_RT_BC_82_Lig_BC_26-1,7.2529335,8.878403,A549,Trametinib (GSK1120212),10000.0,nM,24.0,Trametinib (GSK1120212)_10000nM,true
C12_F10_RT_BC_240_Lig_BC_323-1,6.636367,8.969489,A549,Trametinib (GSK1120212),10000.0,nM,24.0,Trametinib (GSK1120212)_10000nM,true
E10_F10_RT_BC_325_Lig_BC_335-1,5.9624486,8.958995,A549,Trametinib (GSK1120212),10000.0,nM,24.0,Trametinib (GSK1120212)_10000nM,true
G07_F10_RT_BC_13_Lig_BC_280-1,7.467148,8.328009,A549,Trametinib (GSK1120212),10000.0,nM,24.0,Trametinib (GSK1120212)_10000nM,true
C04_E09_RT_BC_163_Lig_BC_319-1,8.532664,8.968288,A549,Trametinib (GSK1120212),10000.0,nM,24.0,Trametinib (GSK1120212)_10000nM,true
H10_F10_RT_BC_123_Lig_BC_106-1,5.311981,7.6554656,A549,Trametinib (GSK1120212),10000.0,nM,24.0,Trametinib (GSK1120212)_10000nM,true
original_loglinear_(+)-JQ1_10_53-2,7.693088,1.8922089,A549,(+)-JQ1,10.0,nM,24.0,(+)-JQ1_10nM,original_loglinear
original_loglinear_(+)-JQ1_10_90-2,9.4053755,5.394659,A549,(+)-JQ1,10.0,nM,24.0,(+)-JQ1_10nM,original_loglinear
original_loglinear_(+)-JQ1_10_18-2,3.876615,9.436602,A549,(+)-JQ1,10.0,nM,24.0,(+)-JQ1_10nM,original_loglinear
original_loglinear_(+)-JQ1_10_368-2,-0.17479599,8.140649,A549,(+)-JQ1,10.0,nM,24.0,(+)-JQ1_10nM,original_loglinear
original_loglinear_(+)-JQ1_10_240-2,4.9863253,6.567705,A549,(+)-JQ1,10.0,nM,24.0,(+)-JQ1_10nM,original_loglinear
original_loglinear_(+)-JQ1_10_284-2,4.491693,5.2554555,A549,(+)-JQ1,10.0,nM,24.0,(+)-JQ1_10nM,original_loglinear
original_loglinear_(+)-JQ1_10_234-2,3.4002852,7.461776,A549,(+)-JQ1,10.0,nM,24.0,(+)-JQ1_10nM,original_loglinear
original_loglinear_(+)-JQ1_10_301-2,4.574616,5.1280613,A549,(+)-JQ1,10.0,nM,24.0,(+)-JQ1_10nM,original_loglinear
original_loglinear_(+)-JQ1_10_77-2,0.9127449,7.353304,A549,(+)-JQ1,10.0,nM,24.0,(+)-JQ1_10nM,original_loglinear
original_loglinear_(+)-JQ1_10_238-2,6.6961155,1.7991838,A549,(+)-JQ1,10.0,nM,24.0,(+)-JQ1_10nM,original_loglinear
original_loglinear_(+)-JQ1_10_322-2,9.549674,8.008262,A549,(+)-JQ1,10.0,nM,24.0,(+)-JQ1_10nM,original_loglinear
original_loglinear_(+)-JQ1_10_361-2,4.5301514,6.3729496,A549,(+)-JQ1,10.0,nM,24.0,(+)-JQ1_10nM,original_loglinear
original_loglinear_(+)-JQ1_10_162-2,7.6777506,2.5743415,A549,(+)-JQ1,10.0,nM,24.0,(+)-JQ1_10nM,original_loglinear
original_loglinear_(+)-JQ1_10_252-2,10.786182,8.75292,A549,(+)-JQ1,10.0,nM,24.0,(+)-JQ1_10nM,original_loglinear
original_loglinear_(+)-JQ1_10_405-2,5.8422575,5.42817,A549,(+)-JQ1,10.0,nM,24.0,(+)-JQ1_10nM,original_loglinear
original_loglinear_(+)-JQ1_10_218-2,2.9766338,5.998903,A549,(+)-JQ1,10.0,nM,24.0,(+)-JQ1_10nM,original_loglinear
original_loglinear_(+)-JQ1_10_421-2,10.918203,8.649068,A549,(+)-JQ1,10.0,nM,24.0,(+)-JQ1_10nM,original_loglinear
original_loglinear_(+)-JQ1_10_140-2,2.820607,9.323548,A549,(+)-JQ1,10.0,nM,24.0,(+)-JQ1_10nM,original_loglinear
original_loglinear_(+)-JQ1_10_231-2,5.473942,5.6699457,A549,(+)-JQ1,10.0,nM,24.0,(+)-JQ1_10nM,original_loglinear
original_loglinear_(+)-JQ1_10_170-2,4.179613,8.198542,A549,(+)-JQ1,10.0,nM,24.0,(+)-JQ1_10nM,original_loglinear
original_loglinear_(+)-JQ1_10_250-2,9.363818,5.612295,A549,(+)-JQ1,10.0,nM,24.0,(+)-JQ1_10nM,original_loglinear
original_loglinear_(+)-JQ1_10_17-2,4.411058,8.920568,A549,(+)-JQ1,10.0,nM,24.0,(+)-JQ1_10nM,original_loglinear
original_loglinear_(+)-JQ1_10_84-2,5.4283714,10.065258,A549,(+)-JQ1,10.0,nM,24.0,(+)-JQ1_10nM,original_loglinear
original_loglinear_(+)-JQ1_10_226-2,5.4262567,1.9841993,A549,(+)-JQ1,10.0,nM,24.0,(+)-JQ1_10nM,original_loglinear
original_loglinear_(+)-JQ1_10_303-2,9.871461,5.9389863,A549,(+)-JQ1,10.0,nM,24.0,(+)-JQ1_10nM,original_loglinear
original_loglinear_(+)-JQ1_10_245-2,0.8880456,7.2499537,A549,(+)-JQ1,10.0,nM,24.0,(+)-JQ1_10nM,original_loglinear
original_loglinear_(+)-JQ1_10_463-2,5.063472,2.2424886,A549,(+)-JQ1,10.0,nM,24.0,(+)-JQ1_10nM,original_loglinear
original_loglinear_(+)-JQ1_10_253-2,7.5631237,7.5988812,A549,(+)-JQ1,10.0,nM,24.0,(+)-JQ1_10nM,original_loglinear
original_loglinear_(+)-JQ1_10_138-2,2.6302078,9.309495,A549,(+)-JQ1,10.0,nM,24.0,(+)-JQ1_10nM,original_loglinear
original_loglinear_(+)-JQ1_10_277-2,1.1476443,9.319517,A549,(+)-JQ1,10.0,nM,24.0,(+)-JQ1_10nM,original_loglinear
original_loglinear_(+)-JQ1_10_225-2,5.3279676,3.4380102,A549,(+)-JQ1,10.0,nM,24.0,(+)-JQ1_10nM,original_loglinear
original_loglinear_(+)-JQ1_10_466-2,6.7477703,4.229143,A549,(+)-JQ1,10.0,nM,24.0,(+)-JQ1_10nM,original_loglinear
original_loglinear_(+)-JQ1_10_143-2,8.439565,9.54321,A549,(+)-JQ1,10.0,nM,24.0,(+)-JQ1_10nM,original_loglinear
original_loglinear_(+)-JQ1_10_111-2,8.503673,5.0979414,A549,(+)-JQ1,10.0,nM,24.0,(+)-JQ1_10nM,original_loglinear
original_loglinear_(+)-JQ1_10_46-2,4.3568625,6.008114,A549,(+)-JQ1,10.0,nM,24.0,(+)-JQ1_10nM,original_loglinear
original_loglinear_(+)-JQ1_10_193-2,10.222514,6.7446957,A549,(+)-JQ1,10.0,nM,24.0,(+)-JQ1_10nM,original_loglinear
original_loglinear_(+)-JQ1_10_121-2,5.157624,10.507644,A549,(+)-JQ1,10.0,nM,24.0,(+)-JQ1_10nM,original_loglinear
original_loglinear_(+)-JQ1_10_407-2,5.3327017,4.2875867,A549,(+)-JQ1,10.0,nM,24.0,(+)-JQ1_10nM,original_loglinear
original_loglinear_(+)-JQ1_10_268-2,9.561799,5.0057836,A549,(+)-JQ1,10.0,nM,24.0,(+)-JQ1_10nM,original_loglinear
original_loglinear_(+)-JQ1_10_51-2,7.566657,2.6849885,A549,(+)-JQ1,10.0,nM,24.0,(+)-JQ1_10nM,original_loglinear
original_loglinear_(+)-JQ1_10_211-2,9.062417,8.358436,A549,(+)-JQ1,10.0,nM,24.0,(+)-JQ1_10nM,original_loglinear
original_loglinear_(+)-JQ1_10_313-2,2.5114894,3.609953,A549,(+)-JQ1,10.0,nM,24.0,(+)-JQ1_10nM,original_loglinear
original_loglinear_(+)-JQ1_10_387-2,5.4500504,6.6129937,A549,(+)-JQ1,10.0,nM,24.0,(+)-JQ1_10nM,original_loglinear
original_loglinear_(+)-JQ1_10_123-2,4.827779,6.9622407,A549,(+)-JQ1,10.0,nM,24.0,(+)-JQ1_10nM,original_loglinear
original_loglinear_(+)-JQ1_10_1-2,5.654352,8.272004,A549,(+)-JQ1,10.0,nM,24.0,(+)-JQ1_10nM,original_loglinear
original_loglinear_(+)-JQ1_10_353-2,4.672426,6.5685844,A549,(+)-JQ1,10.0,nM,24.0,(+)-JQ1_10nM,original_loglinear
original_loglinear_(+)-JQ1_10_9-2,4.8218265,7.750613,A549,(+)-JQ1,10.0,nM,24.0,(+)-JQ1_10nM,original_loglinear
original_loglinear_(+)-JQ1_10_101-2,3.2327073,8.556031,A549,(+)-JQ1,10.0,nM,24.0,(+)-JQ1_10nM,original_loglinear
original_loglinear_(+)-JQ1_10_272-2,9.43561,7.6309404,A549,(+)-JQ1,10.0,nM,24.0,(+)-JQ1_10nM,original_loglinear
original_loglinear_(+)-JQ1_10_344-2,6.711677,2.1546693,A549,(+)-JQ1,10.0,nM,24.0,(+)-JQ1_10nM,original_loglinear
original_loglinear_(+)-JQ1_10_202-2,11.366303,7.284562,A549,(+)-JQ1,10.0,nM,24.0,(+)-JQ1_10nM,original_loglinear
original_loglinear_(+)-JQ1_10_232-2,5.431044,3.2060645,A549,(+)-JQ1,10.0,nM,24.0,(+)-JQ1_10nM,original_loglinear
original_loglinear_(+)-JQ1_10_203-2,9.069529,4.660716,A549,(+)-JQ1,10.0,nM,24.0,(+)-JQ1_10nM,original_loglinear
original_loglinear_(+)-JQ1_10_425-2,8.021034,7.643865,A549,(+)-JQ1,10.0,nM,24.0,(+)-JQ1_10nM,original_loglinear
original_loglinear_(+)-JQ1_10_3-2,7.612226,4.1097474,A549,(+)-JQ1,10.0,nM,24.0,(+)-JQ1_10nM,original_loglinear
original_loglinear_(+)-JQ1_10_32-2,9.302675,8.534902,A549,(+)-JQ1,10.0,nM,24.0,(+)-JQ1_10nM,original_loglinear
original_loglinear_(+)-JQ1_10_222-2,3.5043218,6.1921897,A549,(+)-JQ1,10.0,nM,24.0,(+)-JQ1_10nM,original_loglinear
original_loglinear_(+)-JQ1_10_177-2,3.7250369,9.263143,A549,(+)-JQ1,10.0,nM,24.0,(+)-JQ1_10nM,original_loglinear
original_loglinear_(+)-JQ1_10_422-2,5.1305766,3.880095,A549,(+)-JQ1,10.0,nM,24.0,(+)-JQ1_10nM,original_loglinear
original_loglinear_(+)-JQ1_10_28-2,8.59149,7.2621927,A549,(+)-JQ1,10.0,nM,24.0,(+)-JQ1_10nM,original_loglinear
original_loglinear_(+)-JQ1_10_351-2,10.072045,3.5442388,A549,(+)-JQ1,10.0,nM,24.0,(+)-JQ1_10nM,original_loglinear
original_loglinear_(+)-JQ1_10_10-2,3.6344333,8.418613,A549,(+)-JQ1,10.0,nM,24.0,(+)-JQ1_10nM,original_loglinear
original_loglinear_(+)-JQ1_10_349-2,4.0791197,6.1560082,A549,(+)-JQ1,10.0,nM,24.0,(+)-JQ1_10nM,original_loglinear
original_loglinear_(+)-JQ1_10_147-2,8.149704,2.8908675,A549,(+)-JQ1,10.0,nM,24.0,(+)-JQ1_10nM,original_loglinear
original_loglinear_(+)-JQ1_10_389-2,2.35485,5.443464,A549,(+)-JQ1,10.0,nM,24.0,(+)-JQ1_10nM,original_loglinear
original_loglinear_(+)-JQ1_10_220-2,5.216333,6.957354,A549,(+)-JQ1,10.0,nM,24.0,(+)-JQ1_10nM,original_loglinear
original_loglinear_(+)-JQ1_10_287-2,9.182237,9.032557,A549,(+)-JQ1,10.0,nM,24.0,(+)-JQ1_10nM,original_loglinear
original_loglinear_(+)-JQ1_10_491-2,11.242449,7.8244796,A549,(+)-JQ1,10.0,nM,24.0,(+)-JQ1_10nM,original_loglinear
original_loglinear_(+)-JQ1_10_132-2,4.8951154,6.652081,A549,(+)-JQ1,10.0,nM,24.0,(+)-JQ1_10nM,original_loglinear
original_loglinear_(+)-JQ1_10_126-2,8.668224,3.9841282,A549,(+)-JQ1,10.0,nM,24.0,(+)-JQ1_10nM,original_loglinear
original_loglinear_(+)-JQ1_10_20-2,6.559236,5.306024,A549,(+)-JQ1,10.0,nM,24.0,(+)-JQ1_10nM,original_loglinear
original_loglinear_(+)-JQ1_10_112-2,7.3302584,4.459103,A549,(+)-JQ1,10.0,nM,24.0,(+)-JQ1_10nM,original_loglinear
original_loglinear_(+)-JQ1_10_393-2,3.7904434,3.7965994,A549,(+)-JQ1,10.0,nM,24.0,(+)-JQ1_10nM,original_loglinear
original_loglinear_(+)-JQ1_10_176-2,6.098505,3.5538738,A549,(+)-JQ1,10.0,nM,24.0,(+)-JQ1_10nM,original_loglinear
original_loglinear_(+)-JQ1_10_52-2,2.0395443,5.6602073,A549,(+)-JQ1,10.0,nM,24.0,(+)-JQ1_10nM,original_loglinear
original_loglinear_(+)-JQ1_10_356-2,10.471825,6.8478107,A549,(+)-JQ1,10.0,nM,24.0,(+)-JQ1_10nM,original_loglinear
original_loglinear_(+)-JQ1_10_117-2,4.57892,10.495957,A549,(+)-JQ1,10.0,nM,24.0,(+)-JQ1_10nM,original_loglinear
original_loglinear_(+)-JQ1_10_54-2,9.425563,5.545181,A549,(+)-JQ1,10.0,nM,24.0,(+)-JQ1_10nM,original_loglinear
original_loglinear_(+)-JQ1_10_30-2,1.9721448,6.33521,A549,(+)-JQ1,10.0,nM,24.0,(+)-JQ1_10nM,original_loglinear
original_loglinear_(+)-JQ1_10_477-2,7.09066,7.3603935,A549,(+)-JQ1,10.0,nM,24.0,(+)-JQ1_10nM,original_loglinear
original_loglinear_(+)-JQ1_10_358-2,9.485933,3.7188315,A549,(+)-JQ1,10.0,nM,24.0,(+)-JQ1_10nM,original_loglinear
original_loglinear_(+)-JQ1_10_291-2,5.2855906,10.519937,A549,(+)-JQ1,10.0,nM,24.0,(+)-JQ1_10nM,original_loglinear
original_loglinear_(+)-JQ1_10_149-2,1.1685929,5.0884814,A549,(+)-JQ1,10.0,nM,24.0,(+)-JQ1_10nM,original_loglinear
original_loglinear_(+)-JQ1_10_371-2,8.7008,3.0986545,A549,(+)-JQ1,10.0,nM,24.0,(+)-JQ1_10nM,original_loglinear
original_loglinear_(+)-JQ1_10_178-2,8.659473,9.567449,A549,(+)-JQ1,10.0,nM,24.0,(+)-JQ1_10nM,original_loglinear
original_loglinear_(+)-JQ1_10_270-2,5.394896,2.9598675,A549,(+)-JQ1,10.0,nM,24.0,(+)-JQ1_10nM,original_loglinear
original_loglinear_(+)-JQ1_10_148-2,-0.43416494,7.696584,A549,(+)-JQ1,10.0,nM,24.0,(+)-JQ1_10nM,original_loglinear
original_loglinear_(+)-JQ1_10_69-2,2.371818,7.1637692,A549,(+)-JQ1,10.0,nM,24.0,(+)-JQ1_10nM,original_loglinear
original_loglinear_(+)-JQ1_10_454-2,10.325368,3.343531,A549,(+)-JQ1,10.0,nM,24.0,(+)-JQ1_10nM,original_loglinear
original_loglinear_(+)-JQ1_10_418-2,3.9351714,8.063771,A549,(+)-JQ1,10.0,nM,24.0,(+)-JQ1_10nM,original_loglinear
original_loglinear_(+)-JQ1_10_399-2,1.8327619,8.646808,A549,(+)-JQ1,10.0,nM,24.0,(+)-JQ1_10nM,original_loglinear
original_loglinear_(+)-JQ1_10_82-2,6.8629327,4.056458,A549,(+)-JQ1,10.0,nM,24.0,(+)-JQ1_10nM,original_loglinear
original_loglinear_(+)-JQ1_10_321-2,5.822391,2.6626768,A549,(+)-JQ1,10.0,nM,24.0,(+)-JQ1_10nM,original_loglinear
original_loglinear_(+)-JQ1_10_451-2,2.05655,5.0975776,A549,(+)-JQ1,10.0,nM,24.0,(+)-JQ1_10nM,original_loglinear
original_loglinear_(+)-JQ1_10_249-2,9.210579,9.566296,A549,(+)-JQ1,10.0,nM,24.0,(+)-JQ1_10nM,original_loglinear
original_loglinear_(+)-JQ1_10_199-2,6.6359715,4.675781,A549,(+)-JQ1,10.0,nM,24.0,(+)-JQ1_10nM,original_loglinear
original_loglinear_(+)-JQ1_10_15-2,6.3952866,10.297804,A549,(+)-JQ1,10.0,nM,24.0,(+)-JQ1_10nM,original_loglinear
original_loglinear_(+)-JQ1_10_386-2,8.059195,3.5602188,A549,(+)-JQ1,10.0,nM,24.0,(+)-JQ1_10nM,original_loglinear
original_loglinear_(+)-JQ1_10_172-2,6.2644153,7.711422,A549,(+)-JQ1,10.0,nM,24.0,(+)-JQ1_10nM,original_loglinear
original_loglinear_(+)-JQ1_10_377-2,8.080111,3.6082668,A549,(+)-JQ1,10.0,nM,24.0,(+)-JQ1_10nM,original_loglinear
original_loglinear_(+)-JQ1_10_55-2,1.8645967,8.390821,A549,(+)-JQ1,10.0,nM,24.0,(+)-JQ1_10nM,original_loglinear
original_loglinear_(+)-JQ1_10_40-2,6.109211,7.346326,A549,(+)-JQ1,10.0,nM,24.0,(+)-JQ1_10nM,original_loglinear
original_loglinear_(+)-JQ1_10_11-2,8.313007,5.1641803,A549,(+)-JQ1,10.0,nM,24.0,(+)-JQ1_10nM,original_loglinear
original_loglinear_(+)-JQ1_10_233-2,3.142968,7.91985,A549,(+)-JQ1,10.0,nM,24.0,(+)-JQ1_10nM,original_loglinear
original_loglinear_(+)-JQ1_10_341-2,10.909886,3.677974,A549,(+)-JQ1,10.0,nM,24.0,(+)-JQ1_10nM,original_loglinear
original_loglinear_(+)-JQ1_10_254-2,4.7563987,7.262234,A549,(+)-JQ1,10.0,nM,24.0,(+)-JQ1_10nM,original_loglinear
original_loglinear_(+)-JQ1_10_316-2,7.8441834,7.1173778,A549,(+)-JQ1,10.0,nM,24.0,(+)-JQ1_10nM,original_loglinear
original_loglinear_(+)-JQ1_10_441-2,7.8561087,6.756887,A549,(+)-JQ1,10.0,nM,24.0,(+)-JQ1_10nM,original_loglinear
original_loglinear_(+)-JQ1_10_355-2,6.12376,2.8434036,A549,(+)-JQ1,10.0,nM,24.0,(+)-JQ1_10nM,original_loglinear
original_loglinear_(+)-JQ1_10_298-2,9.759568,6.939108,A549,(+)-JQ1,10.0,nM,24.0,(+)-JQ1_10nM,original_loglinear
original_loglinear_(+)-JQ1_100_461-2,8.673932,3.313464,A549,(+)-JQ1,100.0,nM,24.0,(+)-JQ1_100nM,original_loglinear
original_loglinear_(+)-JQ1_100_323-2,6.234996,2.9834425,A549,(+)-JQ1,100.0,nM,24.0,(+)-JQ1_100nM,original_loglinear
original_loglinear_(+)-JQ1_100_119-2,1.9690595,5.9796944,A549,(+)-JQ1,100.0,nM,24.0,(+)-JQ1_100nM,original_loglinear
original_loglinear_(+)-JQ1_100_446-2,5.754103,5.905664,A549,(+)-JQ1,100.0,nM,24.0,(+)-JQ1_100nM,original_loglinear
original_loglinear_(+)-JQ1_100_470-2,5.9406333,4.6243362,A549,(+)-JQ1,100.0,nM,24.0,(+)-JQ1_100nM,original_loglinear
original_loglinear_(+)-JQ1_100_189-2,5.5352836,10.153388,A549,(+)-JQ1,100.0,nM,24.0,(+)-JQ1_100nM,original_loglinear
original_loglinear_(+)-JQ1_100_124-2,3.1228929,4.4456186,A549,(+)-JQ1,100.0,nM,24.0,(+)-JQ1_100nM,original_loglinear
original_loglinear_(+)-JQ1_100_226-2,4.953472,2.2250025,A549,(+)-JQ1,100.0,nM,24.0,(+)-JQ1_100nM,original_loglinear
original_loglinear_(+)-JQ1_100_405-2,5.3386045,5.586548,A549,(+)-JQ1,100.0,nM,24.0,(+)-JQ1_100nM,original_loglinear
original_loglinear_(+)-JQ1_100_485-2,5.4370217,7.1385174,A549,(+)-JQ1,100.0,nM,24.0,(+)-JQ1_100nM,original_loglinear
original_loglinear_(+)-JQ1_100_111-2,7.95455,5.3903894,A549,(+)-JQ1,100.0,nM,24.0,(+)-JQ1_100nM,original_loglinear
original_loglinear_(+)-JQ1_100_134-2,4.65145,7.660149,A549,(+)-JQ1,100.0,nM,24.0,(+)-JQ1_100nM,original_loglinear
original_loglinear_(+)-JQ1_100_92-2,7.817046,2.6753378,A549,(+)-JQ1,100.0,nM,24.0,(+)-JQ1_100nM,original_loglinear
original_loglinear_(+)-JQ1_100_3-2,7.1563177,4.215379,A549,(+)-JQ1,100.0,nM,24.0,(+)-JQ1_100nM,original_loglinear
original_loglinear_(+)-JQ1_100_468-2,8.557598,4.4224286,A549,(+)-JQ1,100.0,nM,24.0,(+)-JQ1_100nM,original_loglinear
original_loglinear_(+)-JQ1_100_489-2,6.2691216,7.0705047,A549,(+)-JQ1,100.0,nM,24.0,(+)-JQ1_100nM,original_loglinear
original_loglinear_(+)-JQ1_100_192-2,4.472653,4.250138,A549,(+)-JQ1,100.0,nM,24.0,(+)-JQ1_100nM,original_loglinear
original_loglinear_(+)-JQ1_100_474-2,-0.4826119,8.895069,A549,(+)-JQ1,100.0,nM,24.0,(+)-JQ1_100nM,original_loglinear
original_loglinear_(+)-JQ1_100_381-2,0.3225187,7.4787884,A549,(+)-JQ1,100.0,nM,24.0,(+)-JQ1_100nM,original_loglinear
original_loglinear_(+)-JQ1_100_144-2,8.248475,9.918312,A549,(+)-JQ1,100.0,nM,24.0,(+)-JQ1_100nM,original_loglinear
original_loglinear_(+)-JQ1_100_426-2,3.7596889,3.8752437,A549,(+)-JQ1,100.0,nM,24.0,(+)-JQ1_100nM,original_loglinear
original_loglinear_(+)-JQ1_100_202-2,11.035316,7.1673055,A549,(+)-JQ1,100.0,nM,24.0,(+)-JQ1_100nM,original_loglinear
original_loglinear_(+)-JQ1_100_320-2,1.9209437,6.475665,A549,(+)-JQ1,100.0,nM,24.0,(+)-JQ1_100nM,original_loglinear
original_loglinear_(+)-JQ1_100_188-2,7.249271,4.8009367,A549,(+)-JQ1,100.0,nM,24.0,(+)-JQ1_100nM,original_loglinear
original_loglinear_(+)-JQ1_100_23-2,0.8008244,4.8729095,A549,(+)-JQ1,100.0,nM,24.0,(+)-JQ1_100nM,original_loglinear
original_loglinear_(+)-JQ1_100_392-2,-0.03604223,6.871103,A549,(+)-JQ1,100.0,nM,24.0,(+)-JQ1_100nM,original_loglinear
original_loglinear_(+)-JQ1_100_103-2,4.415481,4.1157007,A549,(+)-JQ1,100.0,nM,24.0,(+)-JQ1_100nM,original_loglinear
original_loglinear_(+)-JQ1_100_32-2,9.144957,8.304356,A549,(+)-JQ1,100.0,nM,24.0,(+)-JQ1_100nM,original_loglinear
original_loglinear_(+)-JQ1_100_67-2,5.0922527,4.6441636,A549,(+)-JQ1,100.0,nM,24.0,(+)-JQ1_100nM,original_loglinear
original_loglinear_(+)-JQ1_100_99-2,5.343055,9.731141,A549,(+)-JQ1,100.0,nM,24.0,(+)-JQ1_100nM,original_loglinear
original_loglinear_(+)-JQ1_100_375-2,5.9665575,10.3087635,A549,(+)-JQ1,100.0,nM,24.0,(+)-JQ1_100nM,original_loglinear
original_loglinear_(+)-JQ1_100_17-2,3.6308765,8.704785,A549,(+)-JQ1,100.0,nM,24.0,(+)-JQ1_100nM,original_loglinear
original_loglinear_(+)-JQ1_100_156-2,7.9225883,6.8837075,A549,(+)-JQ1,100.0,nM,24.0,(+)-JQ1_100nM,original_loglinear
original_loglinear_(+)-JQ1_100_169-2,6.97565,2.95773,A549,(+)-JQ1,100.0,nM,24.0,(+)-JQ1_100nM,original_loglinear
original_loglinear_(+)-JQ1_100_302-2,5.3921137,10.349157,A549,(+)-JQ1,100.0,nM,24.0,(+)-JQ1_100nM,original_loglinear
original_loglinear_(+)-JQ1_100_464-2,1.8188356,6.5513635,A549,(+)-JQ1,100.0,nM,24.0,(+)-JQ1_100nM,original_loglinear
original_loglinear_(+)-JQ1_100_116-2,2.8604045,9.782814,A549,(+)-JQ1,100.0,nM,24.0,(+)-JQ1_100nM,original_loglinear
original_loglinear_(+)-JQ1_100_127-2,10.062646,8.228896,A549,(+)-JQ1,100.0,nM,24.0,(+)-JQ1_100nM,original_loglinear
original_loglinear_(+)-JQ1_100_325-2,8.017739,6.937305,A549,(+)-JQ1,100.0,nM,24.0,(+)-JQ1_100nM,original_loglinear
original_loglinear_(+)-JQ1_100_105-2,7.111342,5.970332,A549,(+)-JQ1,100.0,nM,24.0,(+)-JQ1_100nM,original_loglinear
original_loglinear_(+)-JQ1_100_142-2,5.7271447,2.8032827,A549,(+)-JQ1,100.0,nM,24.0,(+)-JQ1_100nM,original_loglinear
original_loglinear_(+)-JQ1_100_7-2,10.265475,8.743964,A549,(+)-JQ1,100.0,nM,24.0,(+)-JQ1_100nM,original_loglinear
original_loglinear_(+)-JQ1_100_329-2,2.035542,4.954456,A549,(+)-JQ1,100.0,nM,24.0,(+)-JQ1_100nM,original_loglinear
original_loglinear_(+)-JQ1_100_447-2,1.7448354,4.7000313,A549,(+)-JQ1,100.0,nM,24.0,(+)-JQ1_100nM,original_loglinear
original_loglinear_(+)-JQ1_100_230-2,10.661255,7.0074162,A549,(+)-JQ1,100.0,nM,24.0,(+)-JQ1_100nM,original_loglinear
original_loglinear_(+)-JQ1_100_41-2,10.360162,8.282,A549,(+)-JQ1,100.0,nM,24.0,(+)-JQ1_100nM,original_loglinear
original_loglinear_(+)-JQ1_100_20-2,6.198467,5.183462,A549,(+)-JQ1,100.0,nM,24.0,(+)-JQ1_100nM,original_loglinear
original_loglinear_(+)-JQ1_100_107-2,8.685147,6.9298973,A549,(+)-JQ1,100.0,nM,24.0,(+)-JQ1_100nM,original_loglinear
original_loglinear_(+)-JQ1_100_448-2,5.89673,9.461781,A549,(+)-JQ1,100.0,nM,24.0,(+)-JQ1_100nM,original_loglinear
original_loglinear_(+)-JQ1_100_85-2,2.438879,6.954296,A549,(+)-JQ1,100.0,nM,24.0,(+)-JQ1_100nM,original_loglinear
original_loglinear_(+)-JQ1_100_424-2,6.6848497,3.2496715,A549,(+)-JQ1,100.0,nM,24.0,(+)-JQ1_100nM,original_loglinear
original_loglinear_(+)-JQ1_100_242-2,6.7532,3.305752,A549,(+)-JQ1,100.0,nM,24.0,(+)-JQ1_100nM,original_loglinear
original_loglinear_(+)-JQ1_100_400-2,10.079501,8.698142,A549,(+)-JQ1,100.0,nM,24.0,(+)-JQ1_100nM,original_loglinear
original_loglinear_(+)-JQ1_100_265-2,10.341915,3.695089,A549,(+)-JQ1,100.0,nM,24.0,(+)-JQ1_100nM,original_loglinear
original_loglinear_(+)-JQ1_100_109-2,2.4148953,3.8144655,A549,(+)-JQ1,100.0,nM,24.0,(+)-JQ1_100nM,original_loglinear
original_loglinear_(+)-JQ1_100_50-2,6.3387027,7.020154,A549,(+)-JQ1,100.0,nM,24.0,(+)-JQ1_100nM,original_loglinear
original_loglinear_(+)-JQ1_100_428-2,4.6716557,2.7235742,A549,(+)-JQ1,100.0,nM,24.0,(+)-JQ1_100nM,original_loglinear
original_loglinear_(+)-JQ1_100_149-2,0.7939521,5.2237945,A549,(+)-JQ1,100.0,nM,24.0,(+)-JQ1_100nM,original_loglinear
original_loglinear_(+)-JQ1_100_391-2,2.0881538,5.6009417,A549,(+)-JQ1,100.0,nM,24.0,(+)-JQ1_100nM,original_loglinear
original_loglinear_(+)-JQ1_100_183-2,5.5195208,6.6795216,A549,(+)-JQ1,100.0,nM,24.0,(+)-JQ1_100nM,original_loglinear
original_loglinear_(+)-JQ1_100_306-2,9.739873,9.214359,A549,(+)-JQ1,100.0,nM,24.0,(+)-JQ1_100nM,original_loglinear
original_loglinear_(+)-JQ1_100_335-2,4.129201,9.023932,A549,(+)-JQ1,100.0,nM,24.0,(+)-JQ1_100nM,original_loglinear
original_loglinear_(+)-JQ1_100_175-2,8.501949,8.968124,A549,(+)-JQ1,100.0,nM,24.0,(+)-JQ1_100nM,original_loglinear
original_loglinear_(+)-JQ1_100_311-2,4.8551974,9.797244,A549,(+)-JQ1,100.0,nM,24.0,(+)-JQ1_100nM,original_loglinear
original_loglinear_(+)-JQ1_100_419-2,7.161951,6.3571286,A549,(+)-JQ1,100.0,nM,24.0,(+)-JQ1_100nM,original_loglinear
original_loglinear_(+)-JQ1_100_494-2,6.064783,9.745877,A549,(+)-JQ1,100.0,nM,24.0,(+)-JQ1_100nM,original_loglinear
original_loglinear_(+)-JQ1_100_30-2,1.4599539,6.783473,A549,(+)-JQ1,100.0,nM,24.0,(+)-JQ1_100nM,original_loglinear
original_loglinear_(+)-JQ1_100_114-2,3.8846211,9.219028,A549,(+)-JQ1,100.0,nM,24.0,(+)-JQ1_100nM,original_loglinear
original_loglinear_(+)-JQ1_100_310-2,9.220923,9.448081,A549,(+)-JQ1,100.0,nM,24.0,(+)-JQ1_100nM,original_loglinear
original_loglinear_(+)-JQ1_100_442-2,6.598626,4.6573462,A549,(+)-JQ1,100.0,nM,24.0,(+)-JQ1_100nM,original_loglinear
original_loglinear_(+)-JQ1_100_453-2,10.233408,3.2992382,A549,(+)-JQ1,100.0,nM,24.0,(+)-JQ1_100nM,original_loglinear
original_loglinear_(+)-JQ1_100_4-2,3.1563954,9.167442,A549,(+)-JQ1,100.0,nM,24.0,(+)-JQ1_100nM,original_loglinear
original_loglinear_(+)-JQ1_100_389-2,2.2908473,5.2696147,A549,(+)-JQ1,100.0,nM,24.0,(+)-JQ1_100nM,original_loglinear
original_loglinear_(+)-JQ1_100_216-2,6.2354536,6.521929,A549,(+)-JQ1,100.0,nM,24.0,(+)-JQ1_100nM,original_loglinear
original_loglinear_(+)-JQ1_100_346-2,8.979582,8.723952,A549,(+)-JQ1,100.0,nM,24.0,(+)-JQ1_100nM,original_loglinear
original_loglinear_(+)-JQ1_100_445-2,2.4119081,3.4835548,A549,(+)-JQ1,100.0,nM,24.0,(+)-JQ1_100nM,original_loglinear
original_loglinear_(+)-JQ1_100_415-2,2.5977097,6.9304605,A549,(+)-JQ1,100.0,nM,24.0,(+)-JQ1_100nM,original_loglinear
original_loglinear_(+)-JQ1_100_482-2,1.5453199,6.164874,A549,(+)-JQ1,100.0,nM,24.0,(+)-JQ1_100nM,original_loglinear
original_loglinear_(+)-JQ1_100_59-2,3.08149,3.0605776,A549,(+)-JQ1,100.0,nM,24.0,(+)-JQ1_100nM,original_loglinear
original_loglinear_(+)-JQ1_100_362-2,2.3736033,8.55513,A549,(+)-JQ1,100.0,nM,24.0,(+)-JQ1_100nM,original_loglinear
original_loglinear_(+)-JQ1_100_191-2,7.50621,1.8537552,A549,(+)-JQ1,100.0,nM,24.0,(+)-JQ1_100nM,original_loglinear
original_loglinear_(+)-JQ1_100_60-2,7.7687497,3.2810779,A549,(+)-JQ1,100.0,nM,24.0,(+)-JQ1_100nM,original_loglinear
original_loglinear_(+)-JQ1_100_368-2,-0.3053412,8.160798,A549,(+)-JQ1,100.0,nM,24.0,(+)-JQ1_100nM,original_loglinear
original_loglinear_(+)-JQ1_100_70-2,4.989812,9.09522,A549,(+)-JQ1,100.0,nM,24.0,(+)-JQ1_100nM,original_loglinear
original_loglinear_(+)-JQ1_100_201-2,7.310511,7.0062895,A549,(+)-JQ1,100.0,nM,24.0,(+)-JQ1_100nM,original_loglinear
original_loglinear_(+)-JQ1_100_154-2,4.010889,7.629556,A549,(+)-JQ1,100.0,nM,24.0,(+)-JQ1_100nM,original_loglinear
original_loglinear_(+)-JQ1_100_394-2,-0.4707032,8.798103,A549,(+)-JQ1,100.0,nM,24.0,(+)-JQ1_100nM,original_loglinear
original_loglinear_(+)-JQ1_100_235-2,4.7638674,8.807311,A549,(+)-JQ1,100.0,nM,24.0,(+)-JQ1_100nM,original_loglinear
original_loglinear_(+)-JQ1_100_1-2,5.0643563,8.023265,A549,(+)-JQ1,100.0,nM,24.0,(+)-JQ1_100nM,original_loglinear
original_loglinear_(+)-JQ1_100_407-2,5.0071845,4.482517,A549,(+)-JQ1,100.0,nM,24.0,(+)-JQ1_100nM,original_loglinear
original_loglinear_(+)-JQ1_100_348-2,5.8057346,5.577548,A549,(+)-JQ1,100.0,nM,24.0,(+)-JQ1_100nM,original_loglinear
original_loglinear_(+)-JQ1_100_55-2,1.2305872,7.905604,A549,(+)-JQ1,100.0,nM,24.0,(+)-JQ1_100nM,original_loglinear
original_loglinear_(+)-JQ1_100_305-2,5.9967303,6.7588224,A549,(+)-JQ1,100.0,nM,24.0,(+)-JQ1_100nM,original_loglinear
original_loglinear_(+)-JQ1_100_443-2,8.069152,6.238252,A549,(+)-JQ1,100.0,nM,24.0,(+)-JQ1_100nM,original_loglinear
original_loglinear_(+)-JQ1_100_164-2,4.6417522,9.271757,A549,(+)-JQ1,100.0,nM,24.0,(+)-JQ1_100nM,original_loglinear
original_loglinear_(+)-JQ1_100_349-2,3.4614155,6.007609,A549,(+)-JQ1,100.0,nM,24.0,(+)-JQ1_100nM,original_loglinear
original_loglinear_(+)-JQ1_100_193-2,10.065823,6.743364,A549,(+)-JQ1,100.0,nM,24.0,(+)-JQ1_100nM,original_loglinear
original_loglinear_(+)-JQ1_100_387-2,5.035347,6.773901,A549,(+)-JQ1,100.0,nM,24.0,(+)-JQ1_100nM,original_loglinear
original_loglinear_(+)-JQ1_100_187-2,2.612763,6.297375,A549,(+)-JQ1,100.0,nM,24.0,(+)-JQ1_100nM,original_loglinear
original_loglinear_(+)-JQ1_100_317-2,9.508013,5.1404552,A549,(+)-JQ1,100.0,nM,24.0,(+)-JQ1_100nM,original_loglinear
original_loglinear_(+)-JQ1_100_377-2,7.615483,3.5281782,A549,(+)-JQ1,100.0,nM,24.0,(+)-JQ1_100nM,original_loglinear
original_loglinear_(+)-JQ1_100_382-2,3.842329,5.2938876,A549,(+)-JQ1,100.0,nM,24.0,(+)-JQ1_100nM,original_loglinear
original_loglinear_(+)-JQ1_100_102-2,2.1777918,6.1030746,A549,(+)-JQ1,100.0,nM,24.0,(+)-JQ1_100nM,original_loglinear
original_loglinear_(+)-JQ1_100_100-2,2.592407,7.0482407,A549,(+)-JQ1,100.0,nM,24.0,(+)-JQ1_100nM,original_loglinear
original_loglinear_(+)-JQ1_100_263-2,4.961461,10.449429,A549,(+)-JQ1,100.0,nM,24.0,(+)-JQ1_100nM,original_loglinear
original_loglinear_(+)-JQ1_100_26-2,7.323656,7.3346853,A549,(+)-JQ1,100.0,nM,24.0,(+)-JQ1_100nM,original_loglinear
original_loglinear_(+)-JQ1_100_112-2,7.0551333,4.5211086,A549,(+)-JQ1,100.0,nM,24.0,(+)-JQ1_100nM,original_loglinear
original_loglinear_(+)-JQ1_100_212-2,4.1789837,9.590718,A549,(+)-JQ1,100.0,nM,24.0,(+)-JQ1_100nM,original_loglinear
original_loglinear_(+)-JQ1_100_411-2,6.62239,7.0111723,A549,(+)-JQ1,100.0,nM,24.0,(+)-JQ1_100nM,original_loglinear
original_loglinear_(+)-JQ1_100_118-2,3.9737022,5.6192603,A549,(+)-JQ1,100.0,nM,24.0,(+)-JQ1_100nM,original_loglinear
original_loglinear_(+)-JQ1_1000_452-2,3.8348262,2.6985705,A549,(+)-JQ1,1000.0,nM,24.0,(+)-JQ1_1000nM,original_loglinear
original_loglinear_(+)-JQ1_1000_94-2,4.372981,4.5677614,A549,(+)-JQ1,1000.0,nM,24.0,(+)-JQ1_1000nM,original_loglinear
original_loglinear_(+)-JQ1_1000_449-2,9.000207,7.104225,A549,(+)-JQ1,1000.0,nM,24.0,(+)-JQ1_1000nM,original_loglinear
original_loglinear_(+)-JQ1_1000_254-2,2.820595,7.261337,A549,(+)-JQ1,1000.0,nM,24.0,(+)-JQ1_1000nM,original_loglinear
original_loglinear_(+)-JQ1_1000_194-2,6.366561,6.7120433,A549,(+)-JQ1,1000.0,nM,24.0,(+)-JQ1_1000nM,original_loglinear
original_loglinear_(+)-JQ1_1000_126-2,7.556688,4.261515,A549,(+)-JQ1,1000.0,nM,24.0,(+)-JQ1_1000nM,original_loglinear
original_loglinear_(+)-JQ1_1000_421-2,9.977104,8.787094,A549,(+)-JQ1,1000.0,nM,24.0,(+)-JQ1_1000nM,original_loglinear
original_loglinear_(+)-JQ1_1000_84-2,4.1110334,9.339058,A549,(+)-JQ1,1000.0,nM,24.0,(+)-JQ1_1000nM,original_loglinear
original_loglinear_(+)-JQ1_1000_192-2,3.9488964,4.420533,A549,(+)-JQ1,1000.0,nM,24.0,(+)-JQ1_1000nM,original_loglinear
original_loglinear_(+)-JQ1_1000_282-2,1.3767058,7.890729,A549,(+)-JQ1,1000.0,nM,24.0,(+)-JQ1_1000nM,original_loglinear
original_loglinear_(+)-JQ1_1000_2-2,2.7455487,9.907672,A549,(+)-JQ1,1000.0,nM,24.0,(+)-JQ1_1000nM,original_loglinear
original_loglinear_(+)-JQ1_1000_470-2,5.613229,4.822284,A549,(+)-JQ1,1000.0,nM,24.0,(+)-JQ1_1000nM,original_loglinear
original_loglinear_(+)-JQ1_1000_211-2,8.155871,7.807604,A549,(+)-JQ1,1000.0,nM,24.0,(+)-JQ1_1000nM,original_loglinear
original_loglinear_(+)-JQ1_1000_357-2,6.5156813,5.9653006,A549,(+)-JQ1,1000.0,nM,24.0,(+)-JQ1_1000nM,original_loglinear
original_loglinear_(+)-JQ1_1000_474-2,-0.75817746,8.654197,A549,(+)-JQ1,1000.0,nM,24.0,(+)-JQ1_1000nM,original_loglinear
original_loglinear_(+)-JQ1_1000_270-2,4.5562973,3.3009944,A549,(+)-JQ1,1000.0,nM,24.0,(+)-JQ1_1000nM,original_loglinear
original_loglinear_(+)-JQ1_1000_463-2,2.8731315,3.2823567,A549,(+)-JQ1,1000.0,nM,24.0,(+)-JQ1_1000nM,original_loglinear
original_loglinear_(+)-JQ1_1000_378-2,1.8125373,7.212482,A549,(+)-JQ1,1000.0,nM,24.0,(+)-JQ1_1000nM,original_loglinear
original_loglinear_(+)-JQ1_1000_440-2,7.6860065,5.8504977,A549,(+)-JQ1,1000.0,nM,24.0,(+)-JQ1_1000nM,original_loglinear
original_loglinear_(+)-JQ1_1000_123-2,3.0364716,6.812582,A549,(+)-JQ1,1000.0,nM,24.0,(+)-JQ1_1000nM,original_loglinear
original_loglinear_(+)-JQ1_1000_471-2,3.49635,4.6147785,A549,(+)-JQ1,1000.0,nM,24.0,(+)-JQ1_1000nM,original_loglinear
original_loglinear_(+)-JQ1_1000_129-2,0.67095166,8.92129,A549,(+)-JQ1,1000.0,nM,24.0,(+)-JQ1_1000nM,original_loglinear
original_loglinear_(+)-JQ1_1000_85-2,1.304599,7.0474834,A549,(+)-JQ1,1000.0,nM,24.0,(+)-JQ1_1000nM,original_loglinear
original_loglinear_(+)-JQ1_1000_309-2,4.3209987,4.515354,A549,(+)-JQ1,1000.0,nM,24.0,(+)-JQ1_1000nM,original_loglinear
original_loglinear_(+)-JQ1_1000_231-2,4.688007,5.8965497,A549,(+)-JQ1,1000.0,nM,24.0,(+)-JQ1_1000nM,original_loglinear
original_loglinear_(+)-JQ1_1000_132-2,3.2323556,6.676217,A549,(+)-JQ1,1000.0,nM,24.0,(+)-JQ1_1000nM,original_loglinear
original_loglinear_(+)-JQ1_1000_273-2,3.0001938,5.8265376,A549,(+)-JQ1,1000.0,nM,24.0,(+)-JQ1_1000nM,original_loglinear
original_loglinear_(+)-JQ1_1000_234-2,2.5086074,7.4201508,A549,(+)-JQ1,1000.0,nM,24.0,(+)-JQ1_1000nM,original_loglinear
original_loglinear_(+)-JQ1_1000_88-2,3.734868,4.388779,A549,(+)-JQ1,1000.0,nM,24.0,(+)-JQ1_1000nM,original_loglinear
original_loglinear_(+)-JQ1_1000_418-2,2.8596709,7.531229,A549,(+)-JQ1,1000.0,nM,24.0,(+)-JQ1_1000nM,original_loglinear
original_loglinear_(+)-JQ1_1000_19-2,5.4970636,2.2447379,A549,(+)-JQ1,1000.0,nM,24.0,(+)-JQ1_1000nM,original_loglinear
original_loglinear_(+)-JQ1_1000_366-2,9.395405,7.0846453,A549,(+)-JQ1,1000.0,nM,24.0,(+)-JQ1_1000nM,original_loglinear
original_loglinear_(+)-JQ1_1000_490-2,0.5384938,8.321778,A549,(+)-JQ1,1000.0,nM,24.0,(+)-JQ1_1000nM,original_loglinear
original_loglinear_(+)-JQ1_1000_53-2,7.2583423,1.7709042,A549,(+)-JQ1,1000.0,nM,24.0,(+)-JQ1_1000nM,original_loglinear
original_loglinear_(+)-JQ1_1000_387-2,4.772022,6.783144,A549,(+)-JQ1,1000.0,nM,24.0,(+)-JQ1_1000nM,original_loglinear
original_loglinear_(+)-JQ1_1000_266-2,1.3650068,6.8689685,A549,(+)-JQ1,1000.0,nM,24.0,(+)-JQ1_1000nM,original_loglinear
original_loglinear_(+)-JQ1_1000_272-2,8.410618,7.2114377,A549,(+)-JQ1,1000.0,nM,24.0,(+)-JQ1_1000nM,original_loglinear
original_loglinear_(+)-JQ1_1000_21-2,9.176557,3.5714183,A549,(+)-JQ1,1000.0,nM,24.0,(+)-JQ1_1000nM,original_loglinear
original_loglinear_(+)-JQ1_1000_332-2,7.5650325,7.5609956,A549,(+)-JQ1,1000.0,nM,24.0,(+)-JQ1_1000nM,original_loglinear
original_loglinear_(+)-JQ1_1000_207-2,-0.7605096,7.606504,A549,(+)-JQ1,1000.0,nM,24.0,(+)-JQ1_1000nM,original_loglinear
original_loglinear_(+)-JQ1_1000_245-2,0.2537555,7.2191043,A549,(+)-JQ1,1000.0,nM,24.0,(+)-JQ1_1000nM,original_loglinear
original_loglinear_(+)-JQ1_1000_342-2,6.710382,10.2811,A549,(+)-JQ1,1000.0,nM,24.0,(+)-JQ1_1000nM,original_loglinear
original_loglinear_(+)-JQ1_1000_425-2,5.7122564,7.5735426,A549,(+)-JQ1,1000.0,nM,24.0,(+)-JQ1_1000nM,original_loglinear
original_loglinear_(+)-JQ1_1000_363-2,5.656158,7.674823,A549,(+)-JQ1,1000.0,nM,24.0,(+)-JQ1_1000nM,original_loglinear
original_loglinear_(+)-JQ1_1000_232-2,4.4879956,3.584926,A549,(+)-JQ1,1000.0,nM,24.0,(+)-JQ1_1000nM,original_loglinear
original_loglinear_(+)-JQ1_1000_46-2,3.3049955,6.0448446,A549,(+)-JQ1,1000.0,nM,24.0,(+)-JQ1_1000nM,original_loglinear
original_loglinear_(+)-JQ1_1000_477-2,6.1488132,7.1231194,A549,(+)-JQ1,1000.0,nM,24.0,(+)-JQ1_1000nM,original_loglinear
original_loglinear_(+)-JQ1_1000_190-2,4.252099,8.586892,A549,(+)-JQ1,1000.0,nM,24.0,(+)-JQ1_1000nM,original_loglinear
original_loglinear_(+)-JQ1_1000_333-2,0.05480599,6.3293347,A549,(+)-JQ1,1000.0,nM,24.0,(+)-JQ1_1000nM,original_loglinear
original_loglinear_(+)-JQ1_1000_183-2,4.9824333,6.684257,A549,(+)-JQ1,1000.0,nM,24.0,(+)-JQ1_1000nM,original_loglinear
original_loglinear_(+)-JQ1_1000_215-2,5.4915495,1.9553462,A549,(+)-JQ1,1000.0,nM,24.0,(+)-JQ1_1000nM,original_loglinear
original_loglinear_(+)-JQ1_1000_121-2,3.843339,9.80896,A549,(+)-JQ1,1000.0,nM,24.0,(+)-JQ1_1000nM,original_loglinear
original_loglinear_(+)-JQ1_1000_235-2,4.295474,8.76286,A549,(+)-JQ1,1000.0,nM,24.0,(+)-JQ1_1000nM,original_loglinear
original_loglinear_(+)-JQ1_1000_386-2,6.8741407,3.5939274,A549,(+)-JQ1,1000.0,nM,24.0,(+)-JQ1_1000nM,original_loglinear
original_loglinear_(+)-JQ1_1000_7-2,9.895915,8.593703,A549,(+)-JQ1,1000.0,nM,24.0,(+)-JQ1_1000nM,original_loglinear
original_loglinear_(+)-JQ1_1000_184-2,6.7609563,1.9887327,A549,(+)-JQ1,1000.0,nM,24.0,(+)-JQ1_1000nM,original_loglinear
original_loglinear_(+)-JQ1_1000_78-2,6.6825395,7.313034,A549,(+)-JQ1,1000.0,nM,24.0,(+)-JQ1_1000nM,original_loglinear
original_loglinear_(+)-JQ1_1000_156-2,7.3475423,6.6637745,A549,(+)-JQ1,1000.0,nM,24.0,(+)-JQ1_1000nM,original_loglinear
original_loglinear_(+)-JQ1_1000_492-2,5.7731857,5.656077,A549,(+)-JQ1,1000.0,nM,24.0,(+)-JQ1_1000nM,original_loglinear
original_loglinear_(+)-JQ1_1000_79-2,3.5545871,5.0063334,A549,(+)-JQ1,1000.0,nM,24.0,(+)-JQ1_1000nM,original_loglinear
original_loglinear_(+)-JQ1_1000_145-2,8.702021,8.014368,A549,(+)-JQ1,1000.0,nM,24.0,(+)-JQ1_1000nM,original_loglinear
original_loglinear_(+)-JQ1_1000_327-2,8.573637,4.3729444,A549,(+)-JQ1,1000.0,nM,24.0,(+)-JQ1_1000nM,original_loglinear
original_loglinear_(+)-JQ1_1000_81-2,2.1723692,5.574445,A549,(+)-JQ1,1000.0,nM,24.0,(+)-JQ1_1000nM,original_loglinear
original_loglinear_(+)-JQ1_1000_404-2,8.77238,7.276424,A549,(+)-JQ1,1000.0,nM,24.0,(+)-JQ1_1000nM,original_loglinear
original_loglinear_(+)-JQ1_1000_287-2,8.763152,8.649146,A549,(+)-JQ1,1000.0,nM,24.0,(+)-JQ1_1000nM,original_loglinear
original_loglinear_(+)-JQ1_1000_434-2,9.614441,8.4347315,A549,(+)-JQ1,1000.0,nM,24.0,(+)-JQ1_1000nM,original_loglinear
original_loglinear_(+)-JQ1_1000_134-2,3.6106398,7.7044315,A549,(+)-JQ1,1000.0,nM,24.0,(+)-JQ1_1000nM,original_loglinear
original_loglinear_(+)-JQ1_1000_34-2,1.7248695,7.2899904,A549,(+)-JQ1,1000.0,nM,24.0,(+)-JQ1_1000nM,original_loglinear
original_loglinear_(+)-JQ1_1000_355-2,5.4318085,3.296748,A549,(+)-JQ1,1000.0,nM,24.0,(+)-JQ1_1000nM,original_loglinear
original_loglinear_(+)-JQ1_1000_392-2,-0.4209911,7.12299,A549,(+)-JQ1,1000.0,nM,24.0,(+)-JQ1_1000nM,original_loglinear
original_loglinear_(+)-JQ1_1000_436-2,1.1228784,5.858551,A549,(+)-JQ1,1000.0,nM,24.0,(+)-JQ1_1000nM,original_loglinear
original_loglinear_(+)-JQ1_1000_289-2,7.1174192,6.685752,A549,(+)-JQ1,1000.0,nM,24.0,(+)-JQ1_1000nM,original_loglinear
original_loglinear_(+)-JQ1_1000_169-2,6.6328425,3.1504226,A549,(+)-JQ1,1000.0,nM,24.0,(+)-JQ1_1000nM,original_loglinear
original_loglinear_(+)-JQ1_1000_259-2,0.82404566,7.914773,A549,(+)-JQ1,1000.0,nM,24.0,(+)-JQ1_1000nM,original_loglinear
original_loglinear_(+)-JQ1_1000_396-2,-0.844661,8.275098,A549,(+)-JQ1,1000.0,nM,24.0,(+)-JQ1_1000nM,original_loglinear
original_loglinear_(+)-JQ1_1000_352-2,5.03232,7.091307,A549,(+)-JQ1,1000.0,nM,24.0,(+)-JQ1_1000nM,original_loglinear
original_loglinear_(+)-JQ1_1000_24-2,5.456064,5.8507156,A549,(+)-JQ1,1000.0,nM,24.0,(+)-JQ1_1000nM,original_loglinear
original_loglinear_(+)-JQ1_1000_493-2,7.892243,8.066183,A549,(+)-JQ1,1000.0,nM,24.0,(+)-JQ1_1000nM,original_loglinear
original_loglinear_(+)-JQ1_1000_391-2,1.9053642,5.6258225,A549,(+)-JQ1,1000.0,nM,24.0,(+)-JQ1_1000nM,original_loglinear
original_loglinear_(+)-JQ1_1000_426-2,3.4459872,4.1856084,A549,(+)-JQ1,1000.0,nM,24.0,(+)-JQ1_1000nM,original_loglinear
original_loglinear_(+)-JQ1_1000_62-2,1.0122869,4.7075796,A549,(+)-JQ1,1000.0,nM,24.0,(+)-JQ1_1000nM,original_loglinear
original_loglinear_(+)-JQ1_1000_453-2,9.947983,3.3455126,A549,(+)-JQ1,1000.0,nM,24.0,(+)-JQ1_1000nM,original_loglinear
original_loglinear_(+)-JQ1_1000_127-2,9.824449,8.328013,A549,(+)-JQ1,1000.0,nM,24.0,(+)-JQ1_1000nM,original_loglinear
original_loglinear_(+)-JQ1_1000_196-2,-0.35599267,7.5905795,A549,(+)-JQ1,1000.0,nM,24.0,(+)-JQ1_1000nM,original_loglinear
original_loglinear_(+)-JQ1_1000_151-2,3.73022,10.099284,A549,(+)-JQ1,1000.0,nM,24.0,(+)-JQ1_1000nM,original_loglinear
original_loglinear_(+)-JQ1_1000_152-2,5.7552066,10.247764,A549,(+)-JQ1,1000.0,nM,24.0,(+)-JQ1_1000nM,original_loglinear
original_loglinear_(+)-JQ1_1000_383-2,3.040094,5.2766514,A549,(+)-JQ1,1000.0,nM,24.0,(+)-JQ1_1000nM,original_loglinear
original_loglinear_(+)-JQ1_1000_411-2,6.290408,7.006118,A549,(+)-JQ1,1000.0,nM,24.0,(+)-JQ1_1000nM,original_loglinear
original_loglinear_(+)-JQ1_1000_487-2,6.0661454,6.6028914,A549,(+)-JQ1,1000.0,nM,24.0,(+)-JQ1_1000nM,original_loglinear
original_loglinear_(+)-JQ1_1000_473-2,9.072801,5.800518,A549,(+)-JQ1,1000.0,nM,24.0,(+)-JQ1_1000nM,original_loglinear
original_loglinear_(+)-JQ1_1000_122-2,2.430462,5.899967,A549,(+)-JQ1,1000.0,nM,24.0,(+)-JQ1_1000nM,original_loglinear
original_loglinear_(+)-JQ1_1000_244-2,2.3507326,6.438034,A549,(+)-JQ1,1000.0,nM,24.0,(+)-JQ1_1000nM,original_loglinear
original_loglinear_(+)-JQ1_1000_233-2,1.078311,7.1786895,A549,(+)-JQ1,1000.0,nM,24.0,(+)-JQ1_1000nM,original_loglinear
original_loglinear_(+)-JQ1_1000_147-2,7.5542183,3.018074,A549,(+)-JQ1,1000.0,nM,24.0,(+)-JQ1_1000nM,original_loglinear
original_loglinear_(+)-JQ1_1000_93-2,6.596101,5.9145656,A549,(+)-JQ1,1000.0,nM,24.0,(+)-JQ1_1000nM,original_loglinear
original_loglinear_(+)-JQ1_1000_422-2,3.599145,4.36786,A549,(+)-JQ1,1000.0,nM,24.0,(+)-JQ1_1000nM,original_loglinear
original_loglinear_(+)-JQ1_1000_320-2,1.3874407,7.1195483,A549,(+)-JQ1,1000.0,nM,24.0,(+)-JQ1_1000nM,original_loglinear
original_loglinear_(+)-JQ1_1000_317-2,9.216146,5.229666,A549,(+)-JQ1,1000.0,nM,24.0,(+)-JQ1_1000nM,original_loglinear
original_loglinear_(+)-JQ1_1000_55-2,0.6024739,7.6994395,A549,(+)-JQ1,1000.0,nM,24.0,(+)-JQ1_1000nM,original_loglinear
original_loglinear_(+)-JQ1_1000_430-2,8.709298,4.255454,A549,(+)-JQ1,1000.0,nM,24.0,(+)-JQ1_1000nM,original_loglinear
original_loglinear_(+)-JQ1_1000_20-2,5.984593,5.2785697,A549,(+)-JQ1,1000.0,nM,24.0,(+)-JQ1_1000nM,original_loglinear
original_loglinear_(+)-JQ1_1000_429-2,1.1955776,4.4892926,A549,(+)-JQ1,1000.0,nM,24.0,(+)-JQ1_1000nM,original_loglinear
original_loglinear_(+)-JQ1_1000_372-2,1.603924,9.210481,A549,(+)-JQ1,1000.0,nM,24.0,(+)-JQ1_1000nM,original_loglinear
original_loglinear_(+)-JQ1_1000_344-2,6.034215,2.1592433,A549,(+)-JQ1,1000.0,nM,24.0,(+)-JQ1_1000nM,original_loglinear
original_loglinear_(+)-JQ1_1000_323-2,5.8742666,3.0957434,A549,(+)-JQ1,1000.0,nM,24.0,(+)-JQ1_1000nM,original_loglinear
original_loglinear_(+)-JQ1_1000_212-2,3.849083,9.4857,A549,(+)-JQ1,1000.0,nM,24.0,(+)-JQ1_1000nM,original_loglinear
original_loglinear_(+)-JQ1_1000_389-2,2.1412418,5.0999384,A549,(+)-JQ1,1000.0,nM,24.0,(+)-JQ1_1000nM,original_loglinear
original_loglinear_(+)-JQ1_1000_330-2,4.917066,7.0734196,A549,(+)-JQ1,1000.0,nM,24.0,(+)-JQ1_1000nM,original_loglinear
original_loglinear_(+)-JQ1_1000_26-2,6.609139,7.4389157,A549,(+)-JQ1,1000.0,nM,24.0,(+)-JQ1_1000nM,original_loglinear
original_loglinear_(+)-JQ1_1000_247-2,9.437062,3.4725025,A549,(+)-JQ1,1000.0,nM,24.0,(+)-JQ1_1000nM,original_loglinear
original_loglinear_(+)-JQ1_10000_415-2,0.87535506,6.926607,A549,(+)-JQ1,10000.0,nM,24.0,(+)-JQ1_10000nM,original_loglinear
original_loglinear_(+)-JQ1_10000_12-2,5.9278746,7.102575,A549,(+)-JQ1,10000.0,nM,24.0,(+)-JQ1_10000nM,original_loglinear
original_loglinear_(+)-JQ1_10000_425-2,5.575223,7.601053,A549,(+)-JQ1,10000.0,nM,24.0,(+)-JQ1_10000nM,original_loglinear
original_loglinear_(+)-JQ1_10000_205-2,4.632093,6.4375815,A549,(+)-JQ1,10000.0,nM,24.0,(+)-JQ1_10000nM,original_loglinear
original_loglinear_(+)-JQ1_10000_294-2,2.6245782,5.9284434,A549,(+)-JQ1,10000.0,nM,24.0,(+)-JQ1_10000nM,original_loglinear
original_loglinear_(+)-JQ1_10000_432-2,4.3906794,4.6105027,A549,(+)-JQ1,10000.0,nM,24.0,(+)-JQ1_10000nM,original_loglinear
original_loglinear_(+)-JQ1_10000_245-2,-0.20317373,7.265302,A549,(+)-JQ1,10000.0,nM,24.0,(+)-JQ1_10000nM,original_loglinear
original_loglinear_(+)-JQ1_10000_65-2,6.6435704,6.293883,A549,(+)-JQ1,10000.0,nM,24.0,(+)-JQ1_10000nM,original_loglinear
original_loglinear_(+)-JQ1_10000_450-2,5.172887,5.079632,A549,(+)-JQ1,10000.0,nM,24.0,(+)-JQ1_10000nM,original_loglinear
original_loglinear_(+)-JQ1_10000_498-2,2.9337354,7.32117,A549,(+)-JQ1,10000.0,nM,24.0,(+)-JQ1_10000nM,original_loglinear
original_loglinear_(+)-JQ1_10000_34-2,1.4657693,7.3094854,A549,(+)-JQ1,10000.0,nM,24.0,(+)-JQ1_10000nM,original_loglinear
original_loglinear_(+)-JQ1_10000_406-2,4.11832,3.1602905,A549,(+)-JQ1,10000.0,nM,24.0,(+)-JQ1_10000nM,original_loglinear
original_loglinear_(+)-JQ1_10000_490-2,0.041406944,8.174055,A549,(+)-JQ1,10000.0,nM,24.0,(+)-JQ1_10000nM,original_loglinear
original_loglinear_(+)-JQ1_10000_163-2,2.9477708,8.307079,A549,(+)-JQ1,10000.0,nM,24.0,(+)-JQ1_10000nM,original_loglinear
original_loglinear_(+)-JQ1_10000_428-2,4.0374985,3.0297163,A549,(+)-JQ1,10000.0,nM,24.0,(+)-JQ1_10000nM,original_loglinear
original_loglinear_(+)-JQ1_10000_111-2,6.4644904,6.7917857,A549,(+)-JQ1,10000.0,nM,24.0,(+)-JQ1_10000nM,original_loglinear
original_loglinear_(+)-JQ1_10000_442-2,2.870542,4.8957343,A549,(+)-JQ1,10000.0,nM,24.0,(+)-JQ1_10000nM,original_loglinear
original_loglinear_(+)-JQ1_10000_383-2,1.8690557,5.284709,A549,(+)-JQ1,10000.0,nM,24.0,(+)-JQ1_10000nM,original_loglinear
original_loglinear_(+)-JQ1_10000_360-2,6.430943,1.9372118,A549,(+)-JQ1,10000.0,nM,24.0,(+)-JQ1_10000nM,original_loglinear
original_loglinear_(+)-JQ1_10000_118-2,3.099701,5.695702,A549,(+)-JQ1,10000.0,nM,24.0,(+)-JQ1_10000nM,original_loglinear
original_loglinear_(+)-JQ1_10000_18-2,1.8839966,8.527181,A549,(+)-JQ1,10000.0,nM,24.0,(+)-JQ1_10000nM,original_loglinear
original_loglinear_(+)-JQ1_10000_82-2,2.3768554,5.345215,A549,(+)-JQ1,10000.0,nM,24.0,(+)-JQ1_10000nM,original_loglinear
original_loglinear_(+)-JQ1_10000_44-2,5.4556336,7.937833,A549,(+)-JQ1,10000.0,nM,24.0,(+)-JQ1_10000nM,original_loglinear
original_loglinear_(+)-JQ1_10000_422-2,3.1588137,4.450632,A549,(+)-JQ1,10000.0,nM,24.0,(+)-JQ1_10000nM,original_loglinear
original_loglinear_(+)-JQ1_10000_142-2,5.166272,2.972723,A549,(+)-JQ1,10000.0,nM,24.0,(+)-JQ1_10000nM,original_loglinear
original_loglinear_(+)-JQ1_10000_397-2,6.0236707,8.210474,A549,(+)-JQ1,10000.0,nM,24.0,(+)-JQ1_10000nM,original_loglinear
original_loglinear_(+)-JQ1_10000_449-2,8.720718,6.886909,A549,(+)-JQ1,10000.0,nM,24.0,(+)-JQ1_10000nM,original_loglinear
original_loglinear_(+)-JQ1_10000_158-2,2.0891948,7.044575,A549,(+)-JQ1,10000.0,nM,24.0,(+)-JQ1_10000nM,original_loglinear
original_loglinear_(+)-JQ1_10000_84-2,3.7288082,9.095498,A549,(+)-JQ1,10000.0,nM,24.0,(+)-JQ1_10000nM,original_loglinear
original_loglinear_(+)-JQ1_10000_92-2,6.8502474,2.9581861,A549,(+)-JQ1,10000.0,nM,24.0,(+)-JQ1_10000nM,original_loglinear
original_loglinear_(+)-JQ1_10000_467-2,5.0508595,7.288776,A549,(+)-JQ1,10000.0,nM,24.0,(+)-JQ1_10000nM,original_loglinear
original_loglinear_(+)-JQ1_10000_334-2,0.71113396,6.1015944,A549,(+)-JQ1,10000.0,nM,24.0,(+)-JQ1_10000nM,original_loglinear
original_loglinear_(+)-JQ1_10000_75-2,5.884505,9.93711,A549,(+)-JQ1,10000.0,nM,24.0,(+)-JQ1_10000nM,original_loglinear
original_loglinear_(+)-JQ1_10000_146-2,2.7729037,6.962419,A549,(+)-JQ1,10000.0,nM,24.0,(+)-JQ1_10000nM,original_loglinear
original_loglinear_(+)-JQ1_10000_168-2,0.406139,6.412817,A549,(+)-JQ1,10000.0,nM,24.0,(+)-JQ1_10000nM,original_loglinear
original_loglinear_(+)-JQ1_10000_50-2,4.609489,7.6854067,A549,(+)-JQ1,10000.0,nM,24.0,(+)-JQ1_10000nM,original_loglinear
original_loglinear_(+)-JQ1_10000_109-2,1.3857716,4.8102674,A549,(+)-JQ1,10000.0,nM,24.0,(+)-JQ1_10000nM,original_loglinear
original_loglinear_(+)-JQ1_10000_9-2,1.1859996,6.0744815,A549,(+)-JQ1,10000.0,nM,24.0,(+)-JQ1_10000nM,original_loglinear
original_loglinear_(+)-JQ1_10000_438-2,7.872771,5.661906,A549,(+)-JQ1,10000.0,nM,24.0,(+)-JQ1_10000nM,original_loglinear
original_loglinear_(+)-JQ1_10000_308-2,5.95916,3.728251,A549,(+)-JQ1,10000.0,nM,24.0,(+)-JQ1_10000nM,original_loglinear
original_loglinear_(+)-JQ1_10000_234-2,2.0341117,7.3396664,A549,(+)-JQ1,10000.0,nM,24.0,(+)-JQ1_10000nM,original_loglinear
original_loglinear_(+)-JQ1_10000_213-2,9.362694,8.083954,A549,(+)-JQ1,10000.0,nM,24.0,(+)-JQ1_10000nM,original_loglinear
original_loglinear_(+)-JQ1_10000_193-2,9.571374,6.6288433,A549,(+)-JQ1,10000.0,nM,24.0,(+)-JQ1_10000nM,original_loglinear
original_loglinear_(+)-JQ1_10000_102-2,0.8510237,7.3368564,A549,(+)-JQ1,10000.0,nM,24.0,(+)-JQ1_10000nM,original_loglinear
original_loglinear_(+)-JQ1_10000_263-2,3.527425,9.161584,A549,(+)-JQ1,10000.0,nM,24.0,(+)-JQ1_10000nM,original_loglinear
original_loglinear_(+)-JQ1_10000_328-2,10.679423,6.8011055,A549,(+)-JQ1,10000.0,nM,24.0,(+)-JQ1_10000nM,original_loglinear
original_loglinear_(+)-JQ1_10000_250-2,6.977534,7.450662,A549,(+)-JQ1,10000.0,nM,24.0,(+)-JQ1_10000nM,original_loglinear
original_loglinear_(+)-JQ1_10000_230-2,9.933181,6.9733396,A549,(+)-JQ1,10000.0,nM,24.0,(+)-JQ1_10000nM,original_loglinear
original_loglinear_(+)-JQ1_10000_277-2,-0.8179318,8.603986,A549,(+)-JQ1,10000.0,nM,24.0,(+)-JQ1_10000nM,original_loglinear
original_loglinear_(+)-JQ1_10000_279-2,6.4875264,7.093173,A549,(+)-JQ1,10000.0,nM,24.0,(+)-JQ1_10000nM,original_loglinear
original_loglinear_(+)-JQ1_10000_243-2,6.629718,5.6765866,A549,(+)-JQ1,10000.0,nM,24.0,(+)-JQ1_10000nM,original_loglinear
original_loglinear_(+)-JQ1_10000_326-2,4.2654524,7.4451594,A549,(+)-JQ1,10000.0,nM,24.0,(+)-JQ1_10000nM,original_loglinear
original_loglinear_(+)-JQ1_10000_63-2,3.0514016,4.481708,A549,(+)-JQ1,10000.0,nM,24.0,(+)-JQ1_10000nM,original_loglinear
original_loglinear_(+)-JQ1_10000_315-2,6.4140563,7.2920732,A549,(+)-JQ1,10000.0,nM,24.0,(+)-JQ1_10000nM,original_loglinear
original_loglinear_(+)-JQ1_10000_8-2,0.8831251,7.817025,A549,(+)-JQ1,10000.0,nM,24.0,(+)-JQ1_10000nM,original_loglinear
original_loglinear_(+)-JQ1_10000_59-2,1.5891953,4.257363,A549,(+)-JQ1,10000.0,nM,24.0,(+)-JQ1_10000nM,original_loglinear
original_loglinear_(+)-JQ1_10000_377-2,6.6294565,3.5867355,A549,(+)-JQ1,10000.0,nM,24.0,(+)-JQ1_10000nM,original_loglinear
original_loglinear_(+)-JQ1_10000_17-2,1.3782542,7.8583703,A549,(+)-JQ1,10000.0,nM,24.0,(+)-JQ1_10000nM,original_loglinear
original_loglinear_(+)-JQ1_10000_54-2,7.009108,7.3650246,A549,(+)-JQ1,10000.0,nM,24.0,(+)-JQ1_10000nM,original_loglinear
original_loglinear_(+)-JQ1_10000_174-2,0.31361318,7.561723,A549,(+)-JQ1,10000.0,nM,24.0,(+)-JQ1_10000nM,original_loglinear
original_loglinear_(+)-JQ1_10000_123-2,2.7970524,6.704003,A549,(+)-JQ1,10000.0,nM,24.0,(+)-JQ1_10000nM,original_loglinear
original_loglinear_(+)-JQ1_10000_252-2,9.339512,8.272252,A549,(+)-JQ1,10000.0,nM,24.0,(+)-JQ1_10000nM,original_loglinear
original_loglinear_(+)-JQ1_10000_475-2,9.692365,8.5209675,A549,(+)-JQ1,10000.0,nM,24.0,(+)-JQ1_10000nM,original_loglinear
original_loglinear_(+)-JQ1_10000_242-2,5.872798,3.5975292,A549,(+)-JQ1,10000.0,nM,24.0,(+)-JQ1_10000nM,original_loglinear
original_loglinear_(+)-JQ1_10000_61-2,3.8387356,9.049547,A549,(+)-JQ1,10000.0,nM,24.0,(+)-JQ1_10000nM,original_loglinear
original_loglinear_(+)-JQ1_10000_381-2,-0.6870645,7.5856156,A549,(+)-JQ1,10000.0,nM,24.0,(+)-JQ1_10000nM,original_loglinear
original_loglinear_(+)-JQ1_10000_461-2,7.93581,3.38865,A549,(+)-JQ1,10000.0,nM,24.0,(+)-JQ1_10000nM,original_loglinear
original_loglinear_(+)-JQ1_10000_300-2,4.2718735,3.226623,A549,(+)-JQ1,10000.0,nM,24.0,(+)-JQ1_10000nM,original_loglinear
original_loglinear_(+)-JQ1_10000_70-2,3.0865972,8.838475,A549,(+)-JQ1,10000.0,nM,24.0,(+)-JQ1_10000nM,original_loglinear
original_loglinear_(+)-JQ1_10000_21-2,8.625985,3.5786438,A549,(+)-JQ1,10000.0,nM,24.0,(+)-JQ1_10000nM,original_loglinear
original_loglinear_(+)-JQ1_10000_32-2,8.542095,7.78168,A549,(+)-JQ1,10000.0,nM,24.0,(+)-JQ1_10000nM,original_loglinear
original_loglinear_(+)-JQ1_10000_195-2,0.7180778,6.364006,A549,(+)-JQ1,10000.0,nM,24.0,(+)-JQ1_10000nM,original_loglinear
original_loglinear_(+)-JQ1_10000_159-2,6.439739,7.4107647,A549,(+)-JQ1,10000.0,nM,24.0,(+)-JQ1_10000nM,original_loglinear
original_loglinear_(+)-JQ1_10000_464-2,0.63561434,6.4751067,A549,(+)-JQ1,10000.0,nM,24.0,(+)-JQ1_10000nM,original_loglinear
original_loglinear_(+)-JQ1_10000_365-2,6.2420187,6.36386,A549,(+)-JQ1,10000.0,nM,24.0,(+)-JQ1_10000nM,original_loglinear
original_loglinear_(+)-JQ1_10000_363-2,5.2489834,7.55423,A549,(+)-JQ1,10000.0,nM,24.0,(+)-JQ1_10000nM,original_loglinear
original_loglinear_(+)-JQ1_10000_192-2,3.434794,4.6412234,A549,(+)-JQ1,10000.0,nM,24.0,(+)-JQ1_10000nM,original_loglinear
original_loglinear_(+)-JQ1_10000_173-2,5.681851,5.661093,A549,(+)-JQ1,10000.0,nM,24.0,(+)-JQ1_10000nM,original_loglinear
original_loglinear_(+)-JQ1_10000_43-2,6.2201285,8.309675,A549,(+)-JQ1,10000.0,nM,24.0,(+)-JQ1_10000nM,original_loglinear
original_loglinear_(+)-JQ1_10000_474-2,-0.9371113,8.413072,A549,(+)-JQ1,10000.0,nM,24.0,(+)-JQ1_10000nM,original_loglinear
original_loglinear_(+)-JQ1_10000_57-2,0.6907542,9.040363,A549,(+)-JQ1,10000.0,nM,24.0,(+)-JQ1_10000nM,original_loglinear
original_loglinear_(+)-JQ1_10000_319-2,1.8177167,8.159424,A549,(+)-JQ1,10000.0,nM,24.0,(+)-JQ1_10000nM,original_loglinear
original_loglinear_(+)-JQ1_10000_265-2,10.016199,3.8612583,A549,(+)-JQ1,10000.0,nM,24.0,(+)-JQ1_10000nM,original_loglinear
original_loglinear_(+)-JQ1_10000_398-2,3.5153158,4.2149043,A549,(+)-JQ1,10000.0,nM,24.0,(+)-JQ1_10000nM,original_loglinear
original_loglinear_(+)-JQ1_10000_408-2,-0.89568514,7.2402306,A549,(+)-JQ1,10000.0,nM,24.0,(+)-JQ1_10000nM,original_loglinear
original_loglinear_(+)-JQ1_10000_362-2,0.97889066,7.512012,A549,(+)-JQ1,10000.0,nM,24.0,(+)-JQ1_10000nM,original_loglinear
original_loglinear_(+)-JQ1_10000_217-2,2.7855675,6.8905063,A549,(+)-JQ1,10000.0,nM,24.0,(+)-JQ1_10000nM,original_loglinear
original_loglinear_(+)-JQ1_10000_418-2,2.2018757,7.258268,A549,(+)-JQ1,10000.0,nM,24.0,(+)-JQ1_10000nM,original_loglinear
original_loglinear_(+)-JQ1_10000_79-2,3.2674212,5.096414,A549,(+)-JQ1,10000.0,nM,24.0,(+)-JQ1_10000nM,original_loglinear
original_loglinear_(+)-JQ1_10000_53-2,7.0755873,1.7734267,A549,(+)-JQ1,10000.0,nM,24.0,(+)-JQ1_10000nM,original_loglinear
original_loglinear_(+)-JQ1_10000_38-2,7.673808,7.9268403,A549,(+)-JQ1,10000.0,nM,24.0,(+)-JQ1_10000nM,original_loglinear
original_loglinear_(+)-JQ1_10000_100-2,1.0013783,6.9389973,A549,(+)-JQ1,10000.0,nM,24.0,(+)-JQ1_10000nM,original_loglinear
original_loglinear_(+)-JQ1_10000_87-2,3.5871184,6.00422,A549,(+)-JQ1,10000.0,nM,24.0,(+)-JQ1_10000nM,original_loglinear
original_loglinear_(+)-JQ1_10000_468-2,8.205405,4.497244,A549,(+)-JQ1,10000.0,nM,24.0,(+)-JQ1_10000nM,original_loglinear
original_loglinear_(+)-JQ1_10000_341-2,10.655988,3.699776,A549,(+)-JQ1,10000.0,nM,24.0,(+)-JQ1_10000nM,original_loglinear
original_loglinear_(+)-JQ1_10000_74-2,3.2051299,4.614389,A549,(+)-JQ1,10000.0,nM,24.0,(+)-JQ1_10000nM,original_loglinear
original_loglinear_(+)-JQ1_10000_388-2,10.205975,8.132596,A549,(+)-JQ1,10000.0,nM,24.0,(+)-JQ1_10000nM,original_loglinear
original_loglinear_(+)-JQ1_10000_481-2,6.0908556,7.2122,A549,(+)-JQ1,10000.0,nM,24.0,(+)-JQ1_10000nM,original_loglinear
original_loglinear_(+)-JQ1_10000_164-2,4.0134487,8.936381,A549,(+)-JQ1,10000.0,nM,24.0,(+)-JQ1_10000nM,original_loglinear
original_loglinear_(+)-JQ1_10000_101-2,1.0039777,7.154575,A549,(+)-JQ1,10000.0,nM,24.0,(+)-JQ1_10000nM,original_loglinear
original_loglinear_(+)-JQ1_10000_96-2,2.9092977,9.654164,A549,(+)-JQ1,10000.0,nM,24.0,(+)-JQ1_10000nM,original_loglinear
original_loglinear_(+)-JQ1_10000_314-2,0.6028276,6.053944,A549,(+)-JQ1,10000.0,nM,24.0,(+)-JQ1_10000nM,original_loglinear
original_loglinear_(+)-JQ1_10000_445-2,1.3630314,4.431994,A549,(+)-JQ1,10000.0,nM,24.0,(+)-JQ1_10000nM,original_loglinear
original_loglinear_(+)-JQ1_10000_352-2,4.37313,6.86411,A549,(+)-JQ1,10000.0,nM,24.0,(+)-JQ1_10000nM,original_loglinear
original_loglinear_(+)-JQ1_10000_376-2,0.7034954,6.7266235,A549,(+)-JQ1,10000.0,nM,24.0,(+)-JQ1_10000nM,original_loglinear
original_loglinear_(+)-JQ1_10000_368-2,-0.8011757,7.7988048,A549,(+)-JQ1,10000.0,nM,24.0,(+)-JQ1_10000nM,original_loglinear
original_loglinear_(+)-JQ1_10000_167-2,2.5680923,9.518326,A549,(+)-JQ1,10000.0,nM,24.0,(+)-JQ1_10000nM,original_loglinear
original_loglinear_(+)-JQ1_10000_103-2,3.384006,4.444451,A549,(+)-JQ1,10000.0,nM,24.0,(+)-JQ1_10000nM,original_loglinear
original_loglinear_(+)-JQ1_10000_288-2,0.20219141,7.313602,A549,(+)-JQ1,10000.0,nM,24.0,(+)-JQ1_10000nM,original_loglinear
original_loglinear_(+)-JQ1_10000_307-2,4.7561164,6.8881645,A549,(+)-JQ1,10000.0,nM,24.0,(+)-JQ1_10000nM,original_loglinear
original_loglinear_Trametinib (GSK1120212)_10_335-2,4.903505,9.501024,A549,Trametinib (GSK1120212),10.0,nM,24.0,Trametinib (GSK1120212)_10nM,original_loglinear
original_loglinear_Trametinib (GSK1120212)_10_361-2,4.4571753,6.521772,A549,Trametinib (GSK1120212),10.0,nM,24.0,Trametinib (GSK1120212)_10nM,original_loglinear
original_loglinear_Trametinib (GSK1120212)_10_210-2,6.3134036,5.321936,A549,Trametinib (GSK1120212),10.0,nM,24.0,Trametinib (GSK1120212)_10nM,original_loglinear
original_loglinear_Trametinib (GSK1120212)_10_437-2,2.3631277,8.554118,A549,Trametinib (GSK1120212),10.0,nM,24.0,Trametinib (GSK1120212)_10nM,original_loglinear
original_loglinear_Trametinib (GSK1120212)_10_419-2,8.089535,6.663977,A549,Trametinib (GSK1120212),10.0,nM,24.0,Trametinib (GSK1120212)_10nM,original_loglinear
original_loglinear_Trametinib (GSK1120212)_10_6-2,1.3343257,5.652799,A549,Trametinib (GSK1120212),10.0,nM,24.0,Trametinib (GSK1120212)_10nM,original_loglinear
original_loglinear_Trametinib (GSK1120212)_10_201-2,9.232031,5.722929,A549,Trametinib (GSK1120212),10.0,nM,24.0,Trametinib (GSK1120212)_10nM,original_loglinear
original_loglinear_Trametinib (GSK1120212)_10_41-2,10.588363,8.576148,A549,Trametinib (GSK1120212),10.0,nM,24.0,Trametinib (GSK1120212)_10nM,original_loglinear
original_loglinear_Trametinib (GSK1120212)_10_499-2,5.2843256,10.329844,A549,Trametinib (GSK1120212),10.0,nM,24.0,Trametinib (GSK1120212)_10nM,original_loglinear
original_loglinear_Trametinib (GSK1120212)_10_428-2,5.072288,2.6486297,A549,Trametinib (GSK1120212),10.0,nM,24.0,Trametinib (GSK1120212)_10nM,original_loglinear
original_loglinear_Trametinib (GSK1120212)_10_295-2,9.3854885,3.1213994,A549,Trametinib (GSK1120212),10.0,nM,24.0,Trametinib (GSK1120212)_10nM,original_loglinear
original_loglinear_Trametinib (GSK1120212)_10_3-2,7.951526,4.133153,A549,Trametinib (GSK1120212),10.0,nM,24.0,Trametinib (GSK1120212)_10nM,original_loglinear
original_loglinear_Trametinib (GSK1120212)_10_481-2,8.659889,6.008055,A549,Trametinib (GSK1120212),10.0,nM,24.0,Trametinib (GSK1120212)_10nM,original_loglinear
original_loglinear_Trametinib (GSK1120212)_10_141-2,2.2581587,4.1528716,A549,Trametinib (GSK1120212),10.0,nM,24.0,Trametinib (GSK1120212)_10nM,original_loglinear
original_loglinear_Trametinib (GSK1120212)_10_117-2,4.3260746,10.446299,A549,Trametinib (GSK1120212),10.0,nM,24.0,Trametinib (GSK1120212)_10nM,original_loglinear
original_loglinear_Trametinib (GSK1120212)_10_98-2,1.7133375,9.634309,A549,Trametinib (GSK1120212),10.0,nM,24.0,Trametinib (GSK1120212)_10nM,original_loglinear
original_loglinear_Trametinib (GSK1120212)_10_398-2,4.7595997,3.3631692,A549,Trametinib (GSK1120212),10.0,nM,24.0,Trametinib (GSK1120212)_10nM,original_loglinear
original_loglinear_Trametinib (GSK1120212)_10_427-2,7.833435,9.653228,A549,Trametinib (GSK1120212),10.0,nM,24.0,Trametinib (GSK1120212)_10nM,original_loglinear
original_loglinear_Trametinib (GSK1120212)_10_14-2,-0.83481187,7.234071,A549,Trametinib (GSK1120212),10.0,nM,24.0,Trametinib (GSK1120212)_10nM,original_loglinear
original_loglinear_Trametinib (GSK1120212)_10_199-2,6.9077606,4.766941,A549,Trametinib (GSK1120212),10.0,nM,24.0,Trametinib (GSK1120212)_10nM,original_loglinear
original_loglinear_Trametinib (GSK1120212)_10_319-2,5.5976944,8.271315,A549,Trametinib (GSK1120212),10.0,nM,24.0,Trametinib (GSK1120212)_10nM,original_loglinear
original_loglinear_Trametinib (GSK1120212)_10_251-2,7.1175814,5.6821766,A549,Trametinib (GSK1120212),10.0,nM,24.0,Trametinib (GSK1120212)_10nM,original_loglinear
original_loglinear_Trametinib (GSK1120212)_10_174-2,3.5760326,8.454922,A549,Trametinib (GSK1120212),10.0,nM,24.0,Trametinib (GSK1120212)_10nM,original_loglinear
original_loglinear_Trametinib (GSK1120212)_10_306-2,10.4051285,9.214048,A549,Trametinib (GSK1120212),10.0,nM,24.0,Trametinib (GSK1120212)_10nM,original_loglinear
original_loglinear_Trametinib (GSK1120212)_10_95-2,1.9204228,4.155079,A549,Trametinib (GSK1120212),10.0,nM,24.0,Trametinib (GSK1120212)_10nM,original_loglinear
original_loglinear_Trametinib (GSK1120212)_10_9-2,4.7528467,7.7877874,A549,Trametinib (GSK1120212),10.0,nM,24.0,Trametinib (GSK1120212)_10nM,original_loglinear
original_loglinear_Trametinib (GSK1120212)_10_56-2,7.966219,6.590335,A549,Trametinib (GSK1120212),10.0,nM,24.0,Trametinib (GSK1120212)_10nM,original_loglinear
original_loglinear_Trametinib (GSK1120212)_10_161-2,4.96564,9.82069,A549,Trametinib (GSK1120212),10.0,nM,24.0,Trametinib (GSK1120212)_10nM,original_loglinear
original_loglinear_Trametinib (GSK1120212)_10_115-2,7.818126,6.478374,A549,Trametinib (GSK1120212),10.0,nM,24.0,Trametinib (GSK1120212)_10nM,original_loglinear
original_loglinear_Trametinib (GSK1120212)_10_405-2,5.9599175,5.482197,A549,Trametinib (GSK1120212),10.0,nM,24.0,Trametinib (GSK1120212)_10nM,original_loglinear
original_loglinear_Trametinib (GSK1120212)_10_109-2,2.848718,3.3507872,A549,Trametinib (GSK1120212),10.0,nM,24.0,Trametinib (GSK1120212)_10nM,original_loglinear
original_loglinear_Trametinib (GSK1120212)_10_263-2,5.332038,10.751547,A549,Trametinib (GSK1120212),10.0,nM,24.0,Trametinib (GSK1120212)_10nM,original_loglinear
original_loglinear_Trametinib (GSK1120212)_10_404-2,9.353427,7.9154763,A549,Trametinib (GSK1120212),10.0,nM,24.0,Trametinib (GSK1120212)_10nM,original_loglinear
original_loglinear_Trametinib (GSK1120212)_10_93-2,7.8036284,6.242419,A549,Trametinib (GSK1120212),10.0,nM,24.0,Trametinib (GSK1120212)_10nM,original_loglinear
original_loglinear_Trametinib (GSK1120212)_10_158-2,4.0566297,7.2881145,A549,Trametinib (GSK1120212),10.0,nM,24.0,Trametinib (GSK1120212)_10nM,original_loglinear
original_loglinear_Trametinib (GSK1120212)_10_133-2,10.483967,9.17021,A549,Trametinib (GSK1120212),10.0,nM,24.0,Trametinib (GSK1120212)_10nM,original_loglinear
original_loglinear_Trametinib (GSK1120212)_10_159-2,9.119771,5.648546,A549,Trametinib (GSK1120212),10.0,nM,24.0,Trametinib (GSK1120212)_10nM,original_loglinear
original_loglinear_Trametinib (GSK1120212)_10_204-2,5.706503,5.1163583,A549,Trametinib (GSK1120212),10.0,nM,24.0,Trametinib (GSK1120212)_10nM,original_loglinear
original_loglinear_Trametinib (GSK1120212)_10_462-2,8.04652,7.910609,A549,Trametinib (GSK1120212),10.0,nM,24.0,Trametinib (GSK1120212)_10nM,original_loglinear
original_loglinear_Trametinib (GSK1120212)_10_449-2,9.711133,7.404543,A549,Trametinib (GSK1120212),10.0,nM,24.0,Trametinib (GSK1120212)_10nM,original_loglinear
original_loglinear_Trametinib (GSK1120212)_10_106-2,8.342255,2.8092422,A549,Trametinib (GSK1120212),10.0,nM,24.0,Trametinib (GSK1120212)_10nM,original_loglinear
original_loglinear_Trametinib (GSK1120212)_10_303-2,9.904495,6.10103,A549,Trametinib (GSK1120212),10.0,nM,24.0,Trametinib (GSK1120212)_10nM,original_loglinear
original_loglinear_Trametinib (GSK1120212)_10_227-2,2.5942154,8.831969,A549,Trametinib (GSK1120212),10.0,nM,24.0,Trametinib (GSK1120212)_10nM,original_loglinear
original_loglinear_Trametinib (GSK1120212)_10_239-2,6.6524296,7.1385136,A549,Trametinib (GSK1120212),10.0,nM,24.0,Trametinib (GSK1120212)_10nM,original_loglinear
original_loglinear_Trametinib (GSK1120212)_10_358-2,9.6451025,3.6853602,A549,Trametinib (GSK1120212),10.0,nM,24.0,Trametinib (GSK1120212)_10nM,original_loglinear
original_loglinear_Trametinib (GSK1120212)_10_476-2,2.8360293,6.40836,A549,Trametinib (GSK1120212),10.0,nM,24.0,Trametinib (GSK1120212)_10nM,original_loglinear
original_loglinear_Trametinib (GSK1120212)_10_185-2,1.9942492,6.9741015,A549,Trametinib (GSK1120212),10.0,nM,24.0,Trametinib (GSK1120212)_10nM,original_loglinear
original_loglinear_Trametinib (GSK1120212)_10_26-2,8.049945,7.4465075,A549,Trametinib (GSK1120212),10.0,nM,24.0,Trametinib (GSK1120212)_10nM,original_loglinear
original_loglinear_Trametinib (GSK1120212)_10_313-2,2.5099034,3.5324547,A549,Trametinib (GSK1120212),10.0,nM,24.0,Trametinib (GSK1120212)_10nM,original_loglinear
original_loglinear_Trametinib (GSK1120212)_10_252-2,10.888143,8.811105,A549,Trametinib (GSK1120212),10.0,nM,24.0,Trametinib (GSK1120212)_10nM,original_loglinear
original_loglinear_Trametinib (GSK1120212)_10_382-2,4.4447093,5.230828,A549,Trametinib (GSK1120212),10.0,nM,24.0,Trametinib (GSK1120212)_10nM,original_loglinear
original_loglinear_Trametinib (GSK1120212)_10_355-2,6.2254367,2.952298,A549,Trametinib (GSK1120212),10.0,nM,24.0,Trametinib (GSK1120212)_10nM,original_loglinear
original_loglinear_Trametinib (GSK1120212)_10_371-2,8.892676,3.1885452,A549,Trametinib (GSK1120212),10.0,nM,24.0,Trametinib (GSK1120212)_10nM,original_loglinear
original_loglinear_Trametinib (GSK1120212)_10_27-2,6.795339,10.515865,A549,Trametinib (GSK1120212),10.0,nM,24.0,Trametinib (GSK1120212)_10nM,original_loglinear
original_loglinear_Trametinib (GSK1120212)_10_32-2,9.45792,8.758739,A549,Trametinib (GSK1120212),10.0,nM,24.0,Trametinib (GSK1120212)_10nM,original_loglinear
original_loglinear_Trametinib (GSK1120212)_10_116-2,3.4147067,10.353872,A549,Trametinib (GSK1120212),10.0,nM,24.0,Trametinib (GSK1120212)_10nM,original_loglinear
original_loglinear_Trametinib (GSK1120212)_10_349-2,4.368292,6.288347,A549,Trametinib (GSK1120212),10.0,nM,24.0,Trametinib (GSK1120212)_10nM,original_loglinear
original_loglinear_Trametinib (GSK1120212)_10_178-2,8.766391,9.674791,A549,Trametinib (GSK1120212),10.0,nM,24.0,Trametinib (GSK1120212)_10nM,original_loglinear
original_loglinear_Trametinib (GSK1120212)_10_346-2,9.143688,9.109536,A549,Trametinib (GSK1120212),10.0,nM,24.0,Trametinib (GSK1120212)_10nM,original_loglinear
original_loglinear_Trametinib (GSK1120212)_10_120-2,8.207611,4.452665,A549,Trametinib (GSK1120212),10.0,nM,24.0,Trametinib (GSK1120212)_10nM,original_loglinear
original_loglinear_Trametinib (GSK1120212)_10_215-2,6.356757,1.9171722,A549,Trametinib (GSK1120212),10.0,nM,24.0,Trametinib (GSK1120212)_10nM,original_loglinear
original_loglinear_Trametinib (GSK1120212)_10_383-2,3.8486648,5.167424,A549,Trametinib (GSK1120212),10.0,nM,24.0,Trametinib (GSK1120212)_10nM,original_loglinear
original_loglinear_Trametinib (GSK1120212)_10_224-2,1.5469031,8.632902,A549,Trametinib (GSK1120212),10.0,nM,24.0,Trametinib (GSK1120212)_10nM,original_loglinear
original_loglinear_Trametinib (GSK1120212)_10_343-2,8.262026,3.9945989,A549,Trametinib (GSK1120212),10.0,nM,24.0,Trametinib (GSK1120212)_10nM,original_loglinear
original_loglinear_Trametinib (GSK1120212)_10_255-2,9.530704,8.203554,A549,Trametinib (GSK1120212),10.0,nM,24.0,Trametinib (GSK1120212)_10nM,original_loglinear
original_loglinear_Trametinib (GSK1120212)_10_416-2,11.080253,8.228574,A549,Trametinib (GSK1120212),10.0,nM,24.0,Trametinib (GSK1120212)_10nM,original_loglinear
original_loglinear_Trametinib (GSK1120212)_10_90-2,9.547971,5.291341,A549,Trametinib (GSK1120212),10.0,nM,24.0,Trametinib (GSK1120212)_10nM,original_loglinear
original_loglinear_Trametinib (GSK1120212)_10_442-2,6.936169,4.484337,A549,Trametinib (GSK1120212),10.0,nM,24.0,Trametinib (GSK1120212)_10nM,original_loglinear
original_loglinear_Trametinib (GSK1120212)_10_377-2,8.201823,3.611132,A549,Trametinib (GSK1120212),10.0,nM,24.0,Trametinib (GSK1120212)_10nM,original_loglinear
original_loglinear_Trametinib (GSK1120212)_10_80-2,10.759569,3.3561976,A549,Trametinib (GSK1120212),10.0,nM,24.0,Trametinib (GSK1120212)_10nM,original_loglinear
original_loglinear_Trametinib (GSK1120212)_10_7-2,10.961611,8.68723,A549,Trametinib (GSK1120212),10.0,nM,24.0,Trametinib (GSK1120212)_10nM,original_loglinear
original_loglinear_Trametinib (GSK1120212)_10_192-2,5.0895977,3.9127257,A549,Trametinib (GSK1120212),10.0,nM,24.0,Trametinib (GSK1120212)_10nM,original_loglinear
original_loglinear_Trametinib (GSK1120212)_10_439-2,9.7202635,5.4575033,A549,Trametinib (GSK1120212),10.0,nM,24.0,Trametinib (GSK1120212)_10nM,original_loglinear
original_loglinear_Trametinib (GSK1120212)_10_219-2,5.373123,4.7636685,A549,Trametinib (GSK1120212),10.0,nM,24.0,Trametinib (GSK1120212)_10nM,original_loglinear
original_loglinear_Trametinib (GSK1120212)_10_193-2,10.171318,6.793157,A549,Trametinib (GSK1120212),10.0,nM,24.0,Trametinib (GSK1120212)_10nM,original_loglinear
original_loglinear_Trametinib (GSK1120212)_10_190-2,5.3269567,9.068574,A549,Trametinib (GSK1120212),10.0,nM,24.0,Trametinib (GSK1120212)_10nM,original_loglinear
original_loglinear_Trametinib (GSK1120212)_10_181-2,10.613555,7.5793915,A549,Trametinib (GSK1120212),10.0,nM,24.0,Trametinib (GSK1120212)_10nM,original_loglinear
original_loglinear_Trametinib (GSK1120212)_10_408-2,-0.96119326,7.22518,A549,Trametinib (GSK1120212),10.0,nM,24.0,Trametinib (GSK1120212)_10nM,original_loglinear
original_loglinear_Trametinib (GSK1120212)_10_352-2,7.4252286,7.085567,A549,Trametinib (GSK1120212),10.0,nM,24.0,Trametinib (GSK1120212)_10nM,original_loglinear
original_loglinear_Trametinib (GSK1120212)_10_122-2,3.3925204,6.2438326,A549,Trametinib (GSK1120212),10.0,nM,24.0,Trametinib (GSK1120212)_10nM,original_loglinear
original_loglinear_Trametinib (GSK1120212)_10_100-2,3.5521336,7.505858,A549,Trametinib (GSK1120212),10.0,nM,24.0,Trametinib (GSK1120212)_10nM,original_loglinear
original_loglinear_Trametinib (GSK1120212)_10_389-2,2.3354228,5.6471305,A549,Trametinib (GSK1120212),10.0,nM,24.0,Trametinib (GSK1120212)_10nM,original_loglinear
original_loglinear_Trametinib (GSK1120212)_10_156-2,8.206073,7.025203,A549,Trametinib (GSK1120212),10.0,nM,24.0,Trametinib (GSK1120212)_10nM,original_loglinear
original_loglinear_Trametinib (GSK1120212)_10_54-2,9.480062,5.683059,A549,Trametinib (GSK1120212),10.0,nM,24.0,Trametinib (GSK1120212)_10nM,original_loglinear
original_loglinear_Trametinib (GSK1120212)_10_489-2,6.9616833,6.7383027,A549,Trametinib (GSK1120212),10.0,nM,24.0,Trametinib (GSK1120212)_10nM,original_loglinear
original_loglinear_Trametinib (GSK1120212)_10_316-2,7.848235,7.1516013,A549,Trametinib (GSK1120212),10.0,nM,24.0,Trametinib (GSK1120212)_10nM,original_loglinear
original_loglinear_Trametinib (GSK1120212)_10_308-2,7.548508,3.2928734,A549,Trametinib (GSK1120212),10.0,nM,24.0,Trametinib (GSK1120212)_10nM,original_loglinear
original_loglinear_Trametinib (GSK1120212)_10_46-2,4.453566,6.113781,A549,Trametinib (GSK1120212),10.0,nM,24.0,Trametinib (GSK1120212)_10nM,original_loglinear
original_loglinear_Trametinib (GSK1120212)_10_483-2,4.6546783,6.692698,A549,Trametinib (GSK1120212),10.0,nM,24.0,Trametinib (GSK1120212)_10nM,original_loglinear
original_loglinear_Trametinib (GSK1120212)_10_451-2,2.2787938,5.320811,A549,Trametinib (GSK1120212),10.0,nM,24.0,Trametinib (GSK1120212)_10nM,original_loglinear
original_loglinear_Trametinib (GSK1120212)_10_162-2,7.8908362,2.5619626,A549,Trametinib (GSK1120212),10.0,nM,24.0,Trametinib (GSK1120212)_10nM,original_loglinear
original_loglinear_Trametinib (GSK1120212)_10_469-2,-0.026550915,7.838924,A549,Trametinib (GSK1120212),10.0,nM,24.0,Trametinib (GSK1120212)_10nM,original_loglinear
original_loglinear_Trametinib (GSK1120212)_10_423-2,7.5744357,2.4936178,A549,Trametinib (GSK1120212),10.0,nM,24.0,Trametinib (GSK1120212)_10nM,original_loglinear
original_loglinear_Trametinib (GSK1120212)_10_220-2,5.38715,6.7904663,A549,Trametinib (GSK1120212),10.0,nM,24.0,Trametinib (GSK1120212)_10nM,original_loglinear
original_loglinear_Trametinib (GSK1120212)_10_315-2,9.255513,5.4740396,A549,Trametinib (GSK1120212),10.0,nM,24.0,Trametinib (GSK1120212)_10nM,original_loglinear
original_loglinear_Trametinib (GSK1120212)_10_345-2,8.051174,7.307,A549,Trametinib (GSK1120212),10.0,nM,24.0,Trametinib (GSK1120212)_10nM,original_loglinear
original_loglinear_Trametinib (GSK1120212)_10_70-2,5.594425,9.557673,A549,Trametinib (GSK1120212),10.0,nM,24.0,Trametinib (GSK1120212)_10nM,original_loglinear
original_loglinear_Trametinib (GSK1120212)_10_330-2,7.4512124,6.956395,A549,Trametinib (GSK1120212),10.0,nM,24.0,Trametinib (GSK1120212)_10nM,original_loglinear
original_loglinear_Trametinib (GSK1120212)_10_85-2,3.4542902,7.498961,A549,Trametinib (GSK1120212),10.0,nM,24.0,Trametinib (GSK1120212)_10nM,original_loglinear
original_loglinear_Trametinib (GSK1120212)_10_301-2,4.5872664,5.227795,A549,Trametinib (GSK1120212),10.0,nM,24.0,Trametinib (GSK1120212)_10nM,original_loglinear
original_loglinear_Trametinib (GSK1120212)_10_435-2,4.19323,4.3580313,A549,Trametinib (GSK1120212),10.0,nM,24.0,Trametinib (GSK1120212)_10nM,original_loglinear
original_loglinear_Trametinib (GSK1120212)_10_136-2,3.0795794,7.7604656,A549,Trametinib (GSK1120212),10.0,nM,24.0,Trametinib (GSK1120212)_10nM,original_loglinear
original_loglinear_Trametinib (GSK1120212)_10_97-2,5.308277,10.296772,A549,Trametinib (GSK1120212),10.0,nM,24.0,Trametinib (GSK1120212)_10nM,original_loglinear
original_loglinear_Trametinib (GSK1120212)_10_168-2,2.4041693,7.6384916,A549,Trametinib (GSK1120212),10.0,nM,24.0,Trametinib (GSK1120212)_10nM,original_loglinear
original_loglinear_Trametinib (GSK1120212)_10_15-2,6.516899,10.358766,A549,Trametinib (GSK1120212),10.0,nM,24.0,Trametinib (GSK1120212)_10nM,original_loglinear
original_loglinear_Trametinib (GSK1120212)_10_494-2,6.7947187,9.822853,A549,Trametinib (GSK1120212),10.0,nM,24.0,Trametinib (GSK1120212)_10nM,original_loglinear
original_loglinear_Trametinib (GSK1120212)_10_365-2,8.128333,4.757023,A549,Trametinib (GSK1120212),10.0,nM,24.0,Trametinib (GSK1120212)_10nM,original_loglinear
original_loglinear_Trametinib (GSK1120212)_10_60-2,8.353329,3.3298151,A549,Trametinib (GSK1120212),10.0,nM,24.0,Trametinib (GSK1120212)_10nM,original_loglinear
original_loglinear_Trametinib (GSK1120212)_10_482-2,1.8266109,6.0748415,A549,Trametinib (GSK1120212),10.0,nM,24.0,Trametinib (GSK1120212)_10nM,original_loglinear
original_loglinear_Trametinib (GSK1120212)_10_400-2,10.588792,8.69578,A549,Trametinib (GSK1120212),10.0,nM,24.0,Trametinib (GSK1120212)_10nM,original_loglinear
original_loglinear_Trametinib (GSK1120212)_100_200-2,3.4458857,8.360557,A549,Trametinib (GSK1120212),100.0,nM,24.0,Trametinib (GSK1120212)_100nM,original_loglinear
original_loglinear_Trametinib (GSK1120212)_100_461-2,8.878797,3.400623,A549,Trametinib (GSK1120212),100.0,nM,24.0,Trametinib (GSK1120212)_100nM,original_loglinear
original_loglinear_Trametinib (GSK1120212)_100_464-2,2.2562132,6.836283,A549,Trametinib (GSK1120212),100.0,nM,24.0,Trametinib (GSK1120212)_100nM,original_loglinear
original_loglinear_Trametinib (GSK1120212)_100_256-2,5.707824,9.991016,A549,Trametinib (GSK1120212),100.0,nM,24.0,Trametinib (GSK1120212)_100nM,original_loglinear
original_loglinear_Trametinib (GSK1120212)_100_457-2,7.9754624,6.0749106,A549,Trametinib (GSK1120212),100.0,nM,24.0,Trametinib (GSK1120212)_100nM,original_loglinear
original_loglinear_Trametinib (GSK1120212)_100_391-2,2.4254484,5.6097517,A549,Trametinib (GSK1120212),100.0,nM,24.0,Trametinib (GSK1120212)_100nM,original_loglinear
original_loglinear_Trametinib (GSK1120212)_100_378-2,2.6666687,7.9418764,A549,Trametinib (GSK1120212),100.0,nM,24.0,Trametinib (GSK1120212)_100nM,original_loglinear
original_loglinear_Trametinib (GSK1120212)_100_312-2,10.92761,7.5208006,A549,Trametinib (GSK1120212),100.0,nM,24.0,Trametinib (GSK1120212)_100nM,original_loglinear
original_loglinear_Trametinib (GSK1120212)_100_372-2,2.0054278,9.782858,A549,Trametinib (GSK1120212),100.0,nM,24.0,Trametinib (GSK1120212)_100nM,original_loglinear
original_loglinear_Trametinib (GSK1120212)_100_91-2,5.7900834,2.5047224,A549,Trametinib (GSK1120212),100.0,nM,24.0,Trametinib (GSK1120212)_100nM,original_loglinear
original_loglinear_Trametinib (GSK1120212)_100_469-2,-0.21745352,8.144912,A549,Trametinib (GSK1120212),100.0,nM,24.0,Trametinib (GSK1120212)_100nM,original_loglinear
original_loglinear_Trametinib (GSK1120212)_100_24-2,6.4337687,5.737652,A549,Trametinib (GSK1120212),100.0,nM,24.0,Trametinib (GSK1120212)_100nM,original_loglinear
original_loglinear_Trametinib (GSK1120212)_100_470-2,6.144112,4.956654,A549,Trametinib (GSK1120212),100.0,nM,24.0,Trametinib (GSK1120212)_100nM,original_loglinear
original_loglinear_Trametinib (GSK1120212)_100_279-2,9.028678,5.461485,A549,Trametinib (GSK1120212),100.0,nM,24.0,Trametinib (GSK1120212)_100nM,original_loglinear
original_loglinear_Trametinib (GSK1120212)_100_74-2,5.0506544,4.280184,A549,Trametinib (GSK1120212),100.0,nM,24.0,Trametinib (GSK1120212)_100nM,original_loglinear
original_loglinear_Trametinib (GSK1120212)_100_467-2,6.4167194,7.710668,A549,Trametinib (GSK1120212),100.0,nM,24.0,Trametinib (GSK1120212)_100nM,original_loglinear
original_loglinear_Trametinib (GSK1120212)_100_271-2,3.993714,10.235382,A549,Trametinib (GSK1120212),100.0,nM,24.0,Trametinib (GSK1120212)_100nM,original_loglinear
original_loglinear_Trametinib (GSK1120212)_100_180-2,5.6823688,2.151685,A549,Trametinib (GSK1120212),100.0,nM,24.0,Trametinib (GSK1120212)_100nM,original_loglinear
original_loglinear_Trametinib (GSK1120212)_100_284-2,4.3065157,5.543987,A549,Trametinib (GSK1120212),100.0,nM,24.0,Trametinib (GSK1120212)_100nM,original_loglinear
original_loglinear_Trametinib (GSK1120212)_100_466-2,6.587148,4.4846416,A549,Trametinib (GSK1120212),100.0,nM,24.0,Trametinib (GSK1120212)_100nM,original_loglinear
original_loglinear_Trametinib (GSK1120212)_100_4-2,3.5822616,9.670355,A549,Trametinib (GSK1120212),100.0,nM,24.0,Trametinib (GSK1120212)_100nM,original_loglinear
original_loglinear_Trametinib (GSK1120212)_100_275-2,5.4887495,3.1903553,A549,Trametinib (GSK1120212),100.0,nM,24.0,Trametinib (GSK1120212)_100nM,original_loglinear
original_loglinear_Trametinib (GSK1120212)_100_331-2,3.9938385,5.120893,A549,Trametinib (GSK1120212),100.0,nM,24.0,Trametinib (GSK1120212)_100nM,original_loglinear
original_loglinear_Trametinib (GSK1120212)_100_167-2,3.9044352,10.477311,A549,Trametinib (GSK1120212),100.0,nM,24.0,Trametinib (GSK1120212)_100nM,original_loglinear
original_loglinear_Trametinib (GSK1120212)_100_222-2,3.3520384,6.9601307,A549,Trametinib (GSK1120212),100.0,nM,24.0,Trametinib (GSK1120212)_100nM,original_loglinear
original_loglinear_Trametinib (GSK1120212)_100_121-2,4.7633924,10.620213,A549,Trametinib (GSK1120212),100.0,nM,24.0,Trametinib (GSK1120212)_100nM,original_loglinear
original_loglinear_Trametinib (GSK1120212)_100_1-2,5.1662836,8.829744,A549,Trametinib (GSK1120212),100.0,nM,24.0,Trametinib (GSK1120212)_100nM,original_loglinear
original_loglinear_Trametinib (GSK1120212)_100_267-2,6.2628045,10.461959,A549,Trametinib (GSK1120212),100.0,nM,24.0,Trametinib (GSK1120212)_100nM,original_loglinear
original_loglinear_Trametinib (GSK1120212)_100_297-2,1.9570105,7.6265583,A549,Trametinib (GSK1120212),100.0,nM,24.0,Trametinib (GSK1120212)_100nM,original_loglinear
original_loglinear_Trametinib (GSK1120212)_100_313-2,2.326687,3.7153442,A549,Trametinib (GSK1120212),100.0,nM,24.0,Trametinib (GSK1120212)_100nM,original_loglinear
original_loglinear_Trametinib (GSK1120212)_100_415-2,3.4712636,7.775374,A549,Trametinib (GSK1120212),100.0,nM,24.0,Trametinib (GSK1120212)_100nM,original_loglinear
original_loglinear_Trametinib (GSK1120212)_100_27-2,6.1402016,10.57548,A549,Trametinib (GSK1120212),100.0,nM,24.0,Trametinib (GSK1120212)_100nM,original_loglinear
original_loglinear_Trametinib (GSK1120212)_100_364-2,10.370455,3.4701595,A549,Trametinib (GSK1120212),100.0,nM,24.0,Trametinib (GSK1120212)_100nM,original_loglinear
original_loglinear_Trametinib (GSK1120212)_100_201-2,9.057153,5.9055634,A549,Trametinib (GSK1120212),100.0,nM,24.0,Trametinib (GSK1120212)_100nM,original_loglinear
original_loglinear_Trametinib (GSK1120212)_100_301-2,4.340903,5.181072,A549,Trametinib (GSK1120212),100.0,nM,24.0,Trametinib (GSK1120212)_100nM,original_loglinear
original_loglinear_Trametinib (GSK1120212)_100_217-2,3.8114665,6.8281097,A549,Trametinib (GSK1120212),100.0,nM,24.0,Trametinib (GSK1120212)_100nM,original_loglinear
original_loglinear_Trametinib (GSK1120212)_100_448-2,5.5077367,9.875653,A549,Trametinib (GSK1120212),100.0,nM,24.0,Trametinib (GSK1120212)_100nM,original_loglinear
original_loglinear_Trametinib (GSK1120212)_100_107-2,8.73906,7.008734,A549,Trametinib (GSK1120212),100.0,nM,24.0,Trametinib (GSK1120212)_100nM,original_loglinear
original_loglinear_Trametinib (GSK1120212)_100_229-2,7.054551,2.6044316,A549,Trametinib (GSK1120212),100.0,nM,24.0,Trametinib (GSK1120212)_100nM,original_loglinear
original_loglinear_Trametinib (GSK1120212)_100_5-2,10.961825,3.5716388,A549,Trametinib (GSK1120212),100.0,nM,24.0,Trametinib (GSK1120212)_100nM,original_loglinear
original_loglinear_Trametinib (GSK1120212)_100_270-2,5.3376226,3.0704043,A549,Trametinib (GSK1120212),100.0,nM,24.0,Trametinib (GSK1120212)_100nM,original_loglinear
original_loglinear_Trametinib (GSK1120212)_100_102-2,2.4404297,6.225198,A549,Trametinib (GSK1120212),100.0,nM,24.0,Trametinib (GSK1120212)_100nM,original_loglinear
original_loglinear_Trametinib (GSK1120212)_100_160-2,9.55024,8.671038,A549,Trametinib (GSK1120212),100.0,nM,24.0,Trametinib (GSK1120212)_100nM,original_loglinear
original_loglinear_Trametinib (GSK1120212)_100_157-2,-0.11161027,7.7714105,A549,Trametinib (GSK1120212),100.0,nM,24.0,Trametinib (GSK1120212)_100nM,original_loglinear
original_loglinear_Trametinib (GSK1120212)_100_130-2,2.3561475,5.6235347,A549,Trametinib (GSK1120212),100.0,nM,24.0,Trametinib (GSK1120212)_100nM,original_loglinear
original_loglinear_Trametinib (GSK1120212)_100_398-2,4.701755,3.6234832,A549,Trametinib (GSK1120212),100.0,nM,24.0,Trametinib (GSK1120212)_100nM,original_loglinear
original_loglinear_Trametinib (GSK1120212)_100_254-2,4.420272,7.4170575,A549,Trametinib (GSK1120212),100.0,nM,24.0,Trametinib (GSK1120212)_100nM,original_loglinear
original_loglinear_Trametinib (GSK1120212)_100_468-2,8.72538,4.516566,A549,Trametinib (GSK1120212),100.0,nM,24.0,Trametinib (GSK1120212)_100nM,original_loglinear
original_loglinear_Trametinib (GSK1120212)_100_17-2,4.1775846,8.79461,A549,Trametinib (GSK1120212),100.0,nM,24.0,Trametinib (GSK1120212)_100nM,original_loglinear
original_loglinear_Trametinib (GSK1120212)_100_327-2,9.080624,4.3204875,A549,Trametinib (GSK1120212),100.0,nM,24.0,Trametinib (GSK1120212)_100nM,original_loglinear
original_loglinear_Trametinib (GSK1120212)_100_58-2,4.504517,8.195486,A549,Trametinib (GSK1120212),100.0,nM,24.0,Trametinib (GSK1120212)_100nM,original_loglinear
original_loglinear_Trametinib (GSK1120212)_100_287-2,9.062372,9.116176,A549,Trametinib (GSK1120212),100.0,nM,24.0,Trametinib (GSK1120212)_100nM,original_loglinear
original_loglinear_Trametinib (GSK1120212)_100_116-2,2.9966912,10.185882,A549,Trametinib (GSK1120212),100.0,nM,24.0,Trametinib (GSK1120212)_100nM,original_loglinear
original_loglinear_Trametinib (GSK1120212)_100_307-2,7.497053,6.9274993,A549,Trametinib (GSK1120212),100.0,nM,24.0,Trametinib (GSK1120212)_100nM,original_loglinear
original_loglinear_Trametinib (GSK1120212)_100_197-2,11.196795,7.426492,A549,Trametinib (GSK1120212),100.0,nM,24.0,Trametinib (GSK1120212)_100nM,original_loglinear
original_loglinear_Trametinib (GSK1120212)_100_60-2,8.1228895,3.4611533,A549,Trametinib (GSK1120212),100.0,nM,24.0,Trametinib (GSK1120212)_100nM,original_loglinear
original_loglinear_Trametinib (GSK1120212)_100_268-2,9.604442,5.075867,A549,Trametinib (GSK1120212),100.0,nM,24.0,Trametinib (GSK1120212)_100nM,original_loglinear
original_loglinear_Trametinib (GSK1120212)_100_292-2,7.2620997,3.4424458,A549,Trametinib (GSK1120212),100.0,nM,24.0,Trametinib (GSK1120212)_100nM,original_loglinear
original_loglinear_Trametinib (GSK1120212)_100_220-2,5.1839995,6.7408237,A549,Trametinib (GSK1120212),100.0,nM,24.0,Trametinib (GSK1120212)_100nM,original_loglinear
original_loglinear_Trametinib (GSK1120212)_100_339-2,7.5365534,2.6737957,A549,Trametinib (GSK1120212),100.0,nM,24.0,Trametinib (GSK1120212)_100nM,original_loglinear
original_loglinear_Trametinib (GSK1120212)_100_155-2,8.685849,6.108693,A549,Trametinib (GSK1120212),100.0,nM,24.0,Trametinib (GSK1120212)_100nM,original_loglinear
original_loglinear_Trametinib (GSK1120212)_100_208-2,2.6597824,3.8720415,A549,Trametinib (GSK1120212),100.0,nM,24.0,Trametinib (GSK1120212)_100nM,original_loglinear
original_loglinear_Trametinib (GSK1120212)_100_66-2,6.0770082,5.303874,A549,Trametinib (GSK1120212),100.0,nM,24.0,Trametinib (GSK1120212)_100nM,original_loglinear
original_loglinear_Trametinib (GSK1120212)_100_176-2,6.436167,3.445586,A549,Trametinib (GSK1120212),100.0,nM,24.0,Trametinib (GSK1120212)_100nM,original_loglinear
original_loglinear_Trametinib (GSK1120212)_100_262-2,5.5873847,6.051382,A549,Trametinib (GSK1120212),100.0,nM,24.0,Trametinib (GSK1120212)_100nM,original_loglinear
original_loglinear_Trametinib (GSK1120212)_100_474-2,-0.32479843,8.992877,A549,Trametinib (GSK1120212),100.0,nM,24.0,Trametinib (GSK1120212)_100nM,original_loglinear
original_loglinear_Trametinib (GSK1120212)_100_195-2,3.0765285,5.7463746,A549,Trametinib (GSK1120212),100.0,nM,24.0,Trametinib (GSK1120212)_100nM,original_loglinear
original_loglinear_Trametinib (GSK1120212)_100_278-2,2.198504,9.908239,A549,Trametinib (GSK1120212),100.0,nM,24.0,Trametinib (GSK1120212)_100nM,original_loglinear
original_loglinear_Trametinib (GSK1120212)_100_123-2,4.6897535,7.016445,A549,Trametinib (GSK1120212),100.0,nM,24.0,Trametinib (GSK1120212)_100nM,original_loglinear
original_loglinear_Trametinib (GSK1120212)_100_125-2,2.5530415,7.3827066,A549,Trametinib (GSK1120212),100.0,nM,24.0,Trametinib (GSK1120212)_100nM,original_loglinear
original_loglinear_Trametinib (GSK1120212)_100_400-2,10.165368,8.821503,A549,Trametinib (GSK1120212),100.0,nM,24.0,Trametinib (GSK1120212)_100nM,original_loglinear
original_loglinear_Trametinib (GSK1120212)_100_249-2,8.929401,9.496835,A549,Trametinib (GSK1120212),100.0,nM,24.0,Trametinib (GSK1120212)_100nM,original_loglinear
original_loglinear_Trametinib (GSK1120212)_100_21-2,9.798076,3.1433725,A549,Trametinib (GSK1120212),100.0,nM,24.0,Trametinib (GSK1120212)_100nM,original_loglinear
original_loglinear_Trametinib (GSK1120212)_100_252-2,10.63506,8.757112,A549,Trametinib (GSK1120212),100.0,nM,24.0,Trametinib (GSK1120212)_100nM,original_loglinear
original_loglinear_Trametinib (GSK1120212)_100_365-2,8.011395,4.9770837,A549,Trametinib (GSK1120212),100.0,nM,24.0,Trametinib (GSK1120212)_100nM,original_loglinear
original_loglinear_Trametinib (GSK1120212)_100_308-2,7.5772924,3.442914,A549,Trametinib (GSK1120212),100.0,nM,24.0,Trametinib (GSK1120212)_100nM,original_loglinear
original_loglinear_Trametinib (GSK1120212)_100_343-2,7.993332,4.050431,A549,Trametinib (GSK1120212),100.0,nM,24.0,Trametinib (GSK1120212)_100nM,original_loglinear
original_loglinear_Trametinib (GSK1120212)_100_422-2,5.1874924,4.1805897,A549,Trametinib (GSK1120212),100.0,nM,24.0,Trametinib (GSK1120212)_100nM,original_loglinear
original_loglinear_Trametinib (GSK1120212)_100_146-2,3.6755786,7.049531,A549,Trametinib (GSK1120212),100.0,nM,24.0,Trametinib (GSK1120212)_100nM,original_loglinear
original_loglinear_Trametinib (GSK1120212)_100_126-2,8.758246,3.957778,A549,Trametinib (GSK1120212),100.0,nM,24.0,Trametinib (GSK1120212)_100nM,original_loglinear
original_loglinear_Trametinib (GSK1120212)_100_34-2,2.644463,7.5990233,A549,Trametinib (GSK1120212),100.0,nM,24.0,Trametinib (GSK1120212)_100nM,original_loglinear
original_loglinear_Trametinib (GSK1120212)_100_493-2,8.860173,9.059573,A549,Trametinib (GSK1120212),100.0,nM,24.0,Trametinib (GSK1120212)_100nM,original_loglinear
original_loglinear_Trametinib (GSK1120212)_100_189-2,5.6661673,10.494401,A549,Trametinib (GSK1120212),100.0,nM,24.0,Trametinib (GSK1120212)_100nM,original_loglinear
original_loglinear_Trametinib (GSK1120212)_100_26-2,8.018236,7.3683996,A549,Trametinib (GSK1120212),100.0,nM,24.0,Trametinib (GSK1120212)_100nM,original_loglinear
original_loglinear_Trametinib (GSK1120212)_100_492-2,6.375419,5.4686604,A549,Trametinib (GSK1120212),100.0,nM,24.0,Trametinib (GSK1120212)_100nM,original_loglinear
original_loglinear_Trametinib (GSK1120212)_100_9-2,4.533069,7.7896423,A549,Trametinib (GSK1120212),100.0,nM,24.0,Trametinib (GSK1120212)_100nM,original_loglinear
original_loglinear_Trametinib (GSK1120212)_100_23-2,0.9284084,4.6972504,A549,Trametinib (GSK1120212),100.0,nM,24.0,Trametinib (GSK1120212)_100nM,original_loglinear
original_loglinear_Trametinib (GSK1120212)_100_418-2,3.686217,8.416005,A549,Trametinib (GSK1120212),100.0,nM,24.0,Trametinib (GSK1120212)_100nM,original_loglinear
original_loglinear_Trametinib (GSK1120212)_100_84-2,5.1246905,10.456227,A549,Trametinib (GSK1120212),100.0,nM,24.0,Trametinib (GSK1120212)_100nM,original_loglinear
original_loglinear_Trametinib (GSK1120212)_100_215-2,6.128538,1.9758214,A549,Trametinib (GSK1120212),100.0,nM,24.0,Trametinib (GSK1120212)_100nM,original_loglinear
original_loglinear_Trametinib (GSK1120212)_100_22-2,3.9368293,7.4674883,A549,Trametinib (GSK1120212),100.0,nM,24.0,Trametinib (GSK1120212)_100nM,original_loglinear
original_loglinear_Trametinib (GSK1120212)_100_265-2,10.617042,3.5666337,A549,Trametinib (GSK1120212),100.0,nM,24.0,Trametinib (GSK1120212)_100nM,original_loglinear
original_loglinear_Trametinib (GSK1120212)_100_487-2,7.7021794,6.5942893,A549,Trametinib (GSK1120212),100.0,nM,24.0,Trametinib (GSK1120212)_100nM,original_loglinear
original_loglinear_Trametinib (GSK1120212)_100_233-2,2.7056236,8.097057,A549,Trametinib (GSK1120212),100.0,nM,24.0,Trametinib (GSK1120212)_100nM,original_loglinear
original_loglinear_Trametinib (GSK1120212)_100_462-2,7.7343335,7.7897434,A549,Trametinib (GSK1120212),100.0,nM,24.0,Trametinib (GSK1120212)_100nM,original_loglinear
original_loglinear_Trametinib (GSK1120212)_100_78-2,7.7074013,7.696659,A549,Trametinib (GSK1120212),100.0,nM,24.0,Trametinib (GSK1120212)_100nM,original_loglinear
original_loglinear_Trametinib (GSK1120212)_100_188-2,7.835667,5.1835527,A549,Trametinib (GSK1120212),100.0,nM,24.0,Trametinib (GSK1120212)_100nM,original_loglinear
original_loglinear_Trametinib (GSK1120212)_100_259-2,2.1656237,7.940883,A549,Trametinib (GSK1120212),100.0,nM,24.0,Trametinib (GSK1120212)_100nM,original_loglinear
original_loglinear_Trametinib (GSK1120212)_100_104-2,11.37152,7.603562,A549,Trametinib (GSK1120212),100.0,nM,24.0,Trametinib (GSK1120212)_100nM,original_loglinear
original_loglinear_Trametinib (GSK1120212)_100_191-2,7.625825,1.9308668,A549,Trametinib (GSK1120212),100.0,nM,24.0,Trametinib (GSK1120212)_100nM,original_loglinear
original_loglinear_Trametinib (GSK1120212)_100_117-2,3.9277725,10.1611595,A549,Trametinib (GSK1120212),100.0,nM,24.0,Trametinib (GSK1120212)_100nM,original_loglinear
original_loglinear_Trametinib (GSK1120212)_100_186-2,8.161167,6.9726915,A549,Trametinib (GSK1120212),100.0,nM,24.0,Trametinib (GSK1120212)_100nM,original_loglinear
original_loglinear_Trametinib (GSK1120212)_100_477-2,7.3293633,7.4666185,A549,Trametinib (GSK1120212),100.0,nM,24.0,Trametinib (GSK1120212)_100nM,original_loglinear
original_loglinear_Trametinib (GSK1120212)_100_7-2,10.85029,8.737853,A549,Trametinib (GSK1120212),100.0,nM,24.0,Trametinib (GSK1120212)_100nM,original_loglinear
original_loglinear_Trametinib (GSK1120212)_100_290-2,8.413075,3.320857,A549,Trametinib (GSK1120212),100.0,nM,24.0,Trametinib (GSK1120212)_100nM,original_loglinear
original_loglinear_Trametinib (GSK1120212)_100_87-2,4.740946,6.155953,A549,Trametinib (GSK1120212),100.0,nM,24.0,Trametinib (GSK1120212)_100nM,original_loglinear
original_loglinear_Trametinib (GSK1120212)_100_67-2,5.423274,5.0345917,A549,Trametinib (GSK1120212),100.0,nM,24.0,Trametinib (GSK1120212)_100nM,original_loglinear
original_loglinear_Trametinib (GSK1120212)_100_403-2,2.6896489,3.4912965,A549,Trametinib (GSK1120212),100.0,nM,24.0,Trametinib (GSK1120212)_100nM,original_loglinear
original_loglinear_Trametinib (GSK1120212)_100_425-2,7.829586,7.5840273,A549,Trametinib (GSK1120212),100.0,nM,24.0,Trametinib (GSK1120212)_100nM,original_loglinear
original_loglinear_Trametinib (GSK1120212)_100_305-2,6.2167177,6.943061,A549,Trametinib (GSK1120212),100.0,nM,24.0,Trametinib (GSK1120212)_100nM,original_loglinear
original_loglinear_Trametinib (GSK1120212)_1000_38-2,9.639573,9.490812,A549,Trametinib (GSK1120212),1000.0,nM,24.0,Trametinib (GSK1120212)_1000nM,original_loglinear
original_loglinear_Trametinib (GSK1120212)_1000_433-2,5.138981,10.267676,A549,Trametinib (GSK1120212),1000.0,nM,24.0,Trametinib (GSK1120212)_1000nM,original_loglinear
original_loglinear_Trametinib (GSK1120212)_1000_136-2,2.428202,8.099997,A549,Trametinib (GSK1120212),1000.0,nM,24.0,Trametinib (GSK1120212)_1000nM,original_loglinear
original_loglinear_Trametinib (GSK1120212)_1000_129-2,0.7850924,9.207164,A549,Trametinib (GSK1120212),1000.0,nM,24.0,Trametinib (GSK1120212)_1000nM,original_loglinear
original_loglinear_Trametinib (GSK1120212)_1000_274-2,2.413432,9.687054,A549,Trametinib (GSK1120212),1000.0,nM,24.0,Trametinib (GSK1120212)_1000nM,original_loglinear
original_loglinear_Trametinib (GSK1120212)_1000_493-2,8.675983,9.073963,A549,Trametinib (GSK1120212),1000.0,nM,24.0,Trametinib (GSK1120212)_1000nM,original_loglinear
original_loglinear_Trametinib (GSK1120212)_1000_170-2,3.2390661,8.318282,A549,Trametinib (GSK1120212),1000.0,nM,24.0,Trametinib (GSK1120212)_1000nM,original_loglinear
original_loglinear_Trametinib (GSK1120212)_1000_404-2,8.983268,7.461812,A549,Trametinib (GSK1120212),1000.0,nM,24.0,Trametinib (GSK1120212)_1000nM,original_loglinear
original_loglinear_Trametinib (GSK1120212)_1000_340-2,10.675574,8.816369,A549,Trametinib (GSK1120212),1000.0,nM,24.0,Trametinib (GSK1120212)_1000nM,original_loglinear
original_loglinear_Trametinib (GSK1120212)_1000_207-2,-0.7580878,8.533512,A549,Trametinib (GSK1120212),1000.0,nM,24.0,Trametinib (GSK1120212)_1000nM,original_loglinear
original_loglinear_Trametinib (GSK1120212)_1000_240-2,4.53711,6.56463,A549,Trametinib (GSK1120212),1000.0,nM,24.0,Trametinib (GSK1120212)_1000nM,original_loglinear
original_loglinear_Trametinib (GSK1120212)_1000_263-2,4.430407,10.382055,A549,Trametinib (GSK1120212),1000.0,nM,24.0,Trametinib (GSK1120212)_1000nM,original_loglinear
original_loglinear_Trametinib (GSK1120212)_1000_306-2,9.347545,9.185938,A549,Trametinib (GSK1120212),1000.0,nM,24.0,Trametinib (GSK1120212)_1000nM,original_loglinear
original_loglinear_Trametinib (GSK1120212)_1000_29-2,-0.19506958,8.042042,A549,Trametinib (GSK1120212),1000.0,nM,24.0,Trametinib (GSK1120212)_1000nM,original_loglinear
original_loglinear_Trametinib (GSK1120212)_1000_380-2,1.8934816,7.692793,A549,Trametinib (GSK1120212),1000.0,nM,24.0,Trametinib (GSK1120212)_1000nM,original_loglinear
original_loglinear_Trametinib (GSK1120212)_1000_333-2,0.49619085,5.924174,A549,Trametinib (GSK1120212),1000.0,nM,24.0,Trametinib (GSK1120212)_1000nM,original_loglinear
original_loglinear_Trametinib (GSK1120212)_1000_285-2,10.983964,7.3208146,A549,Trametinib (GSK1120212),1000.0,nM,24.0,Trametinib (GSK1120212)_1000nM,original_loglinear
original_loglinear_Trametinib (GSK1120212)_1000_314-2,3.2852101,5.875316,A549,Trametinib (GSK1120212),1000.0,nM,24.0,Trametinib (GSK1120212)_1000nM,original_loglinear
original_loglinear_Trametinib (GSK1120212)_1000_342-2,6.7559476,10.374767,A549,Trametinib (GSK1120212),1000.0,nM,24.0,Trametinib (GSK1120212)_1000nM,original_loglinear
original_loglinear_Trametinib (GSK1120212)_1000_39-2,6.493555,3.9161932,A549,Trametinib (GSK1120212),1000.0,nM,24.0,Trametinib (GSK1120212)_1000nM,original_loglinear
original_loglinear_Trametinib (GSK1120212)_1000_358-2,9.8299,3.701157,A549,Trametinib (GSK1120212),1000.0,nM,24.0,Trametinib (GSK1120212)_1000nM,original_loglinear
original_loglinear_Trametinib (GSK1120212)_1000_383-2,3.5732288,5.354244,A549,Trametinib (GSK1120212),1000.0,nM,24.0,Trametinib (GSK1120212)_1000nM,original_loglinear
original_loglinear_Trametinib (GSK1120212)_1000_113-2,8.884197,8.537983,A549,Trametinib (GSK1120212),1000.0,nM,24.0,Trametinib (GSK1120212)_1000nM,original_loglinear
original_loglinear_Trametinib (GSK1120212)_1000_137-2,3.5167532,9.560407,A549,Trametinib (GSK1120212),1000.0,nM,24.0,Trametinib (GSK1120212)_1000nM,original_loglinear
original_loglinear_Trametinib (GSK1120212)_1000_457-2,7.5576158,5.9855385,A549,Trametinib (GSK1120212),1000.0,nM,24.0,Trametinib (GSK1120212)_1000nM,original_loglinear
original_loglinear_Trametinib (GSK1120212)_1000_320-2,1.4402136,8.243507,A549,Trametinib (GSK1120212),1000.0,nM,24.0,Trametinib (GSK1120212)_1000nM,original_loglinear
original_loglinear_Trametinib (GSK1120212)_1000_63-2,6.5360775,4.7349415,A549,Trametinib (GSK1120212),1000.0,nM,24.0,Trametinib (GSK1120212)_1000nM,original_loglinear
original_loglinear_Trametinib (GSK1120212)_1000_438-2,8.839322,4.927224,A549,Trametinib (GSK1120212),1000.0,nM,24.0,Trametinib (GSK1120212)_1000nM,original_loglinear
original_loglinear_Trametinib (GSK1120212)_1000_258-2,0.75212115,8.557155,A549,Trametinib (GSK1120212),1000.0,nM,24.0,Trametinib (GSK1120212)_1000nM,original_loglinear
original_loglinear_Trametinib (GSK1120212)_1000_44-2,5.571435,8.375933,A549,Trametinib (GSK1120212),1000.0,nM,24.0,Trametinib (GSK1120212)_1000nM,original_loglinear
original_loglinear_Trametinib (GSK1120212)_1000_206-2,4.6519327,6.4812512,A549,Trametinib (GSK1120212),1000.0,nM,24.0,Trametinib (GSK1120212)_1000nM,original_loglinear
original_loglinear_Trametinib (GSK1120212)_1000_312-2,10.854788,7.3202777,A549,Trametinib (GSK1120212),1000.0,nM,24.0,Trametinib (GSK1120212)_1000nM,original_loglinear
original_loglinear_Trametinib (GSK1120212)_1000_426-2,5.041066,3.93052,A549,Trametinib (GSK1120212),1000.0,nM,24.0,Trametinib (GSK1120212)_1000nM,original_loglinear
original_loglinear_Trametinib (GSK1120212)_1000_133-2,9.664809,9.164748,A549,Trametinib (GSK1120212),1000.0,nM,24.0,Trametinib (GSK1120212)_1000nM,original_loglinear
original_loglinear_Trametinib (GSK1120212)_1000_468-2,8.561169,4.487056,A549,Trametinib (GSK1120212),1000.0,nM,24.0,Trametinib (GSK1120212)_1000nM,original_loglinear
original_loglinear_Trametinib (GSK1120212)_1000_146-2,3.3638453,7.1361837,A549,Trametinib (GSK1120212),1000.0,nM,24.0,Trametinib (GSK1120212)_1000nM,original_loglinear
original_loglinear_Trametinib (GSK1120212)_1000_228-2,8.721431,7.0693154,A549,Trametinib (GSK1120212),1000.0,nM,24.0,Trametinib (GSK1120212)_1000nM,original_loglinear
original_loglinear_Trametinib (GSK1120212)_1000_214-2,9.334816,7.8478084,A549,Trametinib (GSK1120212),1000.0,nM,24.0,Trametinib (GSK1120212)_1000nM,original_loglinear
original_loglinear_Trametinib (GSK1120212)_1000_387-2,4.6491523,6.973245,A549,Trametinib (GSK1120212),1000.0,nM,24.0,Trametinib (GSK1120212)_1000nM,original_loglinear
original_loglinear_Trametinib (GSK1120212)_1000_276-2,10.49901,7.1853833,A549,Trametinib (GSK1120212),1000.0,nM,24.0,Trametinib (GSK1120212)_1000nM,original_loglinear
original_loglinear_Trametinib (GSK1120212)_1000_104-2,11.296837,7.5179753,A549,Trametinib (GSK1120212),1000.0,nM,24.0,Trametinib (GSK1120212)_1000nM,original_loglinear
original_loglinear_Trametinib (GSK1120212)_1000_222-2,2.9502091,7.395917,A549,Trametinib (GSK1120212),1000.0,nM,24.0,Trametinib (GSK1120212)_1000nM,original_loglinear
original_loglinear_Trametinib (GSK1120212)_1000_399-2,0.80072397,8.962183,A549,Trametinib (GSK1120212),1000.0,nM,24.0,Trametinib (GSK1120212)_1000nM,original_loglinear
original_loglinear_Trametinib (GSK1120212)_1000_316-2,7.454999,6.8139663,A549,Trametinib (GSK1120212),1000.0,nM,24.0,Trametinib (GSK1120212)_1000nM,original_loglinear
original_loglinear_Trametinib (GSK1120212)_1000_62-2,1.7610804,4.3985753,A549,Trametinib (GSK1120212),1000.0,nM,24.0,Trametinib (GSK1120212)_1000nM,original_loglinear
original_loglinear_Trametinib (GSK1120212)_1000_203-2,8.9987955,5.1483264,A549,Trametinib (GSK1120212),1000.0,nM,24.0,Trametinib (GSK1120212)_1000nM,original_loglinear
original_loglinear_Trametinib (GSK1120212)_1000_424-2,7.1982718,3.2465293,A549,Trametinib (GSK1120212),1000.0,nM,24.0,Trametinib (GSK1120212)_1000nM,original_loglinear
original_loglinear_Trametinib (GSK1120212)_1000_279-2,8.845205,5.637431,A549,Trametinib (GSK1120212),1000.0,nM,24.0,Trametinib (GSK1120212)_1000nM,original_loglinear
original_loglinear_Trametinib (GSK1120212)_1000_139-2,8.499586,6.9433136,A549,Trametinib (GSK1120212),1000.0,nM,24.0,Trametinib (GSK1120212)_1000nM,original_loglinear
original_loglinear_Trametinib (GSK1120212)_1000_243-2,7.0711026,5.6725564,A549,Trametinib (GSK1120212),1000.0,nM,24.0,Trametinib (GSK1120212)_1000nM,original_loglinear
original_loglinear_Trametinib (GSK1120212)_1000_238-2,6.3620806,1.8064603,A549,Trametinib (GSK1120212),1000.0,nM,24.0,Trametinib (GSK1120212)_1000nM,original_loglinear
original_loglinear_Trametinib (GSK1120212)_1000_123-2,4.626042,6.979831,A549,Trametinib (GSK1120212),1000.0,nM,24.0,Trametinib (GSK1120212)_1000nM,original_loglinear
original_loglinear_Trametinib (GSK1120212)_1000_361-2,4.172701,6.18005,A549,Trametinib (GSK1120212),1000.0,nM,24.0,Trametinib (GSK1120212)_1000nM,original_loglinear
original_loglinear_Trametinib (GSK1120212)_1000_406-2,4.860013,3.1387033,A549,Trametinib (GSK1120212),1000.0,nM,24.0,Trametinib (GSK1120212)_1000nM,original_loglinear
original_loglinear_Trametinib (GSK1120212)_1000_463-2,4.01684,3.6462572,A549,Trametinib (GSK1120212),1000.0,nM,24.0,Trametinib (GSK1120212)_1000nM,original_loglinear
original_loglinear_Trametinib (GSK1120212)_1000_196-2,-0.08734711,8.12475,A549,Trametinib (GSK1120212),1000.0,nM,24.0,Trametinib (GSK1120212)_1000nM,original_loglinear
original_loglinear_Trametinib (GSK1120212)_1000_217-2,3.0916493,7.2425327,A549,Trametinib (GSK1120212),1000.0,nM,24.0,Trametinib (GSK1120212)_1000nM,original_loglinear
original_loglinear_Trametinib (GSK1120212)_1000_369-2,7.6425214,2.7061589,A549,Trametinib (GSK1120212),1000.0,nM,24.0,Trametinib (GSK1120212)_1000nM,original_loglinear
original_loglinear_Trametinib (GSK1120212)_1000_174-2,2.1290648,9.131566,A549,Trametinib (GSK1120212),1000.0,nM,24.0,Trametinib (GSK1120212)_1000nM,original_loglinear
original_loglinear_Trametinib (GSK1120212)_1000_249-2,8.661316,9.359101,A549,Trametinib (GSK1120212),1000.0,nM,24.0,Trametinib (GSK1120212)_1000nM,original_loglinear
original_loglinear_Trametinib (GSK1120212)_1000_372-2,1.4263703,9.814138,A549,Trametinib (GSK1120212),1000.0,nM,24.0,Trametinib (GSK1120212)_1000nM,original_loglinear
original_loglinear_Trametinib (GSK1120212)_1000_356-2,10.013179,6.7366166,A549,Trametinib (GSK1120212),1000.0,nM,24.0,Trametinib (GSK1120212)_1000nM,original_loglinear
original_loglinear_Trametinib (GSK1120212)_1000_45-2,4.778889,8.111175,A549,Trametinib (GSK1120212),1000.0,nM,24.0,Trametinib (GSK1120212)_1000nM,original_loglinear
original_loglinear_Trametinib (GSK1120212)_1000_195-2,2.9320142,6.2275586,A549,Trametinib (GSK1120212),1000.0,nM,24.0,Trametinib (GSK1120212)_1000nM,original_loglinear
original_loglinear_Trametinib (GSK1120212)_1000_434-2,9.760409,8.419978,A549,Trametinib (GSK1120212),1000.0,nM,24.0,Trametinib (GSK1120212)_1000nM,original_loglinear
original_loglinear_Trametinib (GSK1120212)_1000_5-2,10.924506,3.5392838,A549,Trametinib (GSK1120212),1000.0,nM,24.0,Trametinib (GSK1120212)_1000nM,original_loglinear
original_loglinear_Trametinib (GSK1120212)_1000_21-2,9.675355,3.2506297,A549,Trametinib (GSK1120212),1000.0,nM,24.0,Trametinib (GSK1120212)_1000nM,original_loglinear
original_loglinear_Trametinib (GSK1120212)_1000_193-2,9.901269,6.7374845,A549,Trametinib (GSK1120212),1000.0,nM,24.0,Trametinib (GSK1120212)_1000nM,original_loglinear
original_loglinear_Trametinib (GSK1120212)_1000_122-2,3.374189,6.538424,A549,Trametinib (GSK1120212),1000.0,nM,24.0,Trametinib (GSK1120212)_1000nM,original_loglinear
original_loglinear_Trametinib (GSK1120212)_1000_353-2,4.2026706,6.46703,A549,Trametinib (GSK1120212),1000.0,nM,24.0,Trametinib (GSK1120212)_1000nM,original_loglinear
original_loglinear_Trametinib (GSK1120212)_1000_72-2,-0.10150449,8.91805,A549,Trametinib (GSK1120212),1000.0,nM,24.0,Trametinib (GSK1120212)_1000nM,original_loglinear
original_loglinear_Trametinib (GSK1120212)_1000_26-2,7.8167677,7.199606,A549,Trametinib (GSK1120212),1000.0,nM,24.0,Trametinib (GSK1120212)_1000nM,original_loglinear
original_loglinear_Trametinib (GSK1120212)_1000_88-2,3.8174222,5.7305036,A549,Trametinib (GSK1120212),1000.0,nM,24.0,Trametinib (GSK1120212)_1000nM,original_loglinear
original_loglinear_Trametinib (GSK1120212)_1000_255-2,9.346639,8.527797,A549,Trametinib (GSK1120212),1000.0,nM,24.0,Trametinib (GSK1120212)_1000nM,original_loglinear
original_loglinear_Trametinib (GSK1120212)_1000_326-2,6.3981895,6.9002376,A549,Trametinib (GSK1120212),1000.0,nM,24.0,Trametinib (GSK1120212)_1000nM,original_loglinear
original_loglinear_Trametinib (GSK1120212)_1000_52-2,1.6879072,6.6775184,A549,Trametinib (GSK1120212),1000.0,nM,24.0,Trametinib (GSK1120212)_1000nM,original_loglinear
original_loglinear_Trametinib (GSK1120212)_1000_171-2,2.2077558,4.4329863,A549,Trametinib (GSK1120212),1000.0,nM,24.0,Trametinib (GSK1120212)_1000nM,original_loglinear
original_loglinear_Trametinib (GSK1120212)_1000_106-2,8.175669,2.8268027,A549,Trametinib (GSK1120212),1000.0,nM,24.0,Trametinib (GSK1120212)_1000nM,original_loglinear
original_loglinear_Trametinib (GSK1120212)_1000_117-2,2.8084085,9.775917,A549,Trametinib (GSK1120212),1000.0,nM,24.0,Trametinib (GSK1120212)_1000nM,original_loglinear
original_loglinear_Trametinib (GSK1120212)_1000_84-2,4.599257,10.527784,A549,Trametinib (GSK1120212),1000.0,nM,24.0,Trametinib (GSK1120212)_1000nM,original_loglinear
original_loglinear_Trametinib (GSK1120212)_1000_475-2,10.868202,8.8857,A549,Trametinib (GSK1120212),1000.0,nM,24.0,Trametinib (GSK1120212)_1000nM,original_loglinear
original_loglinear_Trametinib (GSK1120212)_1000_273-2,3.9389236,5.994998,A549,Trametinib (GSK1120212),1000.0,nM,24.0,Trametinib (GSK1120212)_1000nM,original_loglinear
original_loglinear_Trametinib (GSK1120212)_1000_250-2,9.176738,5.8399677,A549,Trametinib (GSK1120212),1000.0,nM,24.0,Trametinib (GSK1120212)_1000nM,original_loglinear
original_loglinear_Trametinib (GSK1120212)_1000_152-2,5.856008,10.739461,A549,Trametinib (GSK1120212),1000.0,nM,24.0,Trametinib (GSK1120212)_1000nM,original_loglinear
original_loglinear_Trametinib (GSK1120212)_1000_148-2,-0.9128198,8.478045,A549,Trametinib (GSK1120212),1000.0,nM,24.0,Trametinib (GSK1120212)_1000nM,original_loglinear
original_loglinear_Trametinib (GSK1120212)_1000_471-2,4.0796094,5.5010633,A549,Trametinib (GSK1120212),1000.0,nM,24.0,Trametinib (GSK1120212)_1000nM,original_loglinear
original_loglinear_Trametinib (GSK1120212)_1000_283-2,8.008987,3.6611056,A549,Trametinib (GSK1120212),1000.0,nM,24.0,Trametinib (GSK1120212)_1000nM,original_loglinear
original_loglinear_Trametinib (GSK1120212)_1000_218-2,2.6794403,7.680688,A549,Trametinib (GSK1120212),1000.0,nM,24.0,Trametinib (GSK1120212)_1000nM,original_loglinear
original_loglinear_Trametinib (GSK1120212)_1000_187-2,3.0757053,7.3096366,A549,Trametinib (GSK1120212),1000.0,nM,24.0,Trametinib (GSK1120212)_1000nM,original_loglinear
original_loglinear_Trametinib (GSK1120212)_1000_131-2,1.8652991,9.264549,A549,Trametinib (GSK1120212),1000.0,nM,24.0,Trametinib (GSK1120212)_1000nM,original_loglinear
original_loglinear_Trametinib (GSK1120212)_1000_385-2,6.6844444,5.5738974,A549,Trametinib (GSK1120212),1000.0,nM,24.0,Trametinib (GSK1120212)_1000nM,original_loglinear
original_loglinear_Trametinib (GSK1120212)_1000_309-2,4.8423505,4.648309,A549,Trametinib (GSK1120212),1000.0,nM,24.0,Trametinib (GSK1120212)_1000nM,original_loglinear
original_loglinear_Trametinib (GSK1120212)_1000_402-2,10.742036,8.3170595,A549,Trametinib (GSK1120212),1000.0,nM,24.0,Trametinib (GSK1120212)_1000nM,original_loglinear
original_loglinear_Trametinib (GSK1120212)_1000_211-2,8.952736,7.9594197,A549,Trametinib (GSK1120212),1000.0,nM,24.0,Trametinib (GSK1120212)_1000nM,original_loglinear
original_loglinear_Trametinib (GSK1120212)_1000_456-2,8.23747,5.037608,A549,Trametinib (GSK1120212),1000.0,nM,24.0,Trametinib (GSK1120212)_1000nM,original_loglinear
original_loglinear_Trametinib (GSK1120212)_1000_46-2,3.6859365,6.3653045,A549,Trametinib (GSK1120212),1000.0,nM,24.0,Trametinib (GSK1120212)_1000nM,original_loglinear
original_loglinear_Trametinib (GSK1120212)_1000_198-2,2.5173798,9.349919,A549,Trametinib (GSK1120212),1000.0,nM,24.0,Trametinib (GSK1120212)_1000nM,original_loglinear
original_loglinear_Trametinib (GSK1120212)_1000_281-2,8.744285,8.103601,A549,Trametinib (GSK1120212),1000.0,nM,24.0,Trametinib (GSK1120212)_1000nM,original_loglinear
original_loglinear_Trametinib (GSK1120212)_1000_168-2,1.9667379,7.7523236,A549,Trametinib (GSK1120212),1000.0,nM,24.0,Trametinib (GSK1120212)_1000nM,original_loglinear
original_loglinear_Trametinib (GSK1120212)_1000_275-2,5.213143,3.4825037,A549,Trametinib (GSK1120212),1000.0,nM,24.0,Trametinib (GSK1120212)_1000nM,original_loglinear
original_loglinear_Trametinib (GSK1120212)_1000_190-2,4.481872,9.19078,A549,Trametinib (GSK1120212),1000.0,nM,24.0,Trametinib (GSK1120212)_1000nM,original_loglinear
original_loglinear_Trametinib (GSK1120212)_1000_321-2,5.515987,2.7293742,A549,Trametinib (GSK1120212),1000.0,nM,24.0,Trametinib (GSK1120212)_1000nM,original_loglinear
original_loglinear_Trametinib (GSK1120212)_1000_398-2,4.580602,3.8031101,A549,Trametinib (GSK1120212),1000.0,nM,24.0,Trametinib (GSK1120212)_1000nM,original_loglinear
original_loglinear_Trametinib (GSK1120212)_1000_391-2,2.4210038,5.8188143,A549,Trametinib (GSK1120212),1000.0,nM,24.0,Trametinib (GSK1120212)_1000nM,original_loglinear
original_loglinear_Trametinib (GSK1120212)_1000_80-2,10.61371,3.277058,A549,Trametinib (GSK1120212),1000.0,nM,24.0,Trametinib (GSK1120212)_1000nM,original_loglinear
original_loglinear_Trametinib (GSK1120212)_1000_246-2,4.0086565,4.3280044,A549,Trametinib (GSK1120212),1000.0,nM,24.0,Trametinib (GSK1120212)_1000nM,original_loglinear
original_loglinear_Trametinib (GSK1120212)_1000_365-2,7.812737,5.234957,A549,Trametinib (GSK1120212),1000.0,nM,24.0,Trametinib (GSK1120212)_1000nM,original_loglinear
original_loglinear_Trametinib (GSK1120212)_1000_293-2,11.424797,7.725646,A549,Trametinib (GSK1120212),1000.0,nM,24.0,Trametinib (GSK1120212)_1000nM,original_loglinear
original_loglinear_Trametinib (GSK1120212)_1000_134-2,4.5581646,7.892663,A549,Trametinib (GSK1120212),1000.0,nM,24.0,Trametinib (GSK1120212)_1000nM,original_loglinear
original_loglinear_Trametinib (GSK1120212)_1000_10-2,2.5932574,9.069689,A549,Trametinib (GSK1120212),1000.0,nM,24.0,Trametinib (GSK1120212)_1000nM,original_loglinear
original_loglinear_Trametinib (GSK1120212)_10000_340-2,10.41016,9.125162,A549,Trametinib (GSK1120212),10000.0,nM,24.0,Trametinib (GSK1120212)_10000nM,original_loglinear
original_loglinear_Trametinib (GSK1120212)_10000_245-2,0.60247093,7.8207464,A549,Trametinib (GSK1120212),10000.0,nM,24.0,Trametinib (GSK1120212)_10000nM,original_loglinear
original_loglinear_Trametinib (GSK1120212)_10000_174-2,1.4503714,9.091064,A549,Trametinib (GSK1120212),10000.0,nM,24.0,Trametinib (GSK1120212)_10000nM,original_loglinear
original_loglinear_Trametinib (GSK1120212)_10000_308-2,7.1477437,3.9351854,A549,Trametinib (GSK1120212),10000.0,nM,24.0,Trametinib (GSK1120212)_10000nM,original_loglinear
original_loglinear_Trametinib (GSK1120212)_10000_365-2,7.5020204,5.383763,A549,Trametinib (GSK1120212),10000.0,nM,24.0,Trametinib (GSK1120212)_10000nM,original_loglinear
original_loglinear_Trametinib (GSK1120212)_10000_252-2,10.121955,8.224321,A549,Trametinib (GSK1120212),10000.0,nM,24.0,Trametinib (GSK1120212)_10000nM,original_loglinear
original_loglinear_Trametinib (GSK1120212)_10000_46-2,3.3422625,6.3681655,A549,Trametinib (GSK1120212),10000.0,nM,24.0,Trametinib (GSK1120212)_10000nM,original_loglinear
original_loglinear_Trametinib (GSK1120212)_10000_242-2,7.1622543,3.6780674,A549,Trametinib (GSK1120212),10000.0,nM,24.0,Trametinib (GSK1120212)_10000nM,original_loglinear
original_loglinear_Trametinib (GSK1120212)_10000_460-2,5.23221,2.3539364,A549,Trametinib (GSK1120212),10000.0,nM,24.0,Trametinib (GSK1120212)_10000nM,original_loglinear
original_loglinear_Trametinib (GSK1120212)_10000_249-2,8.325036,9.372979,A549,Trametinib (GSK1120212),10000.0,nM,24.0,Trametinib (GSK1120212)_10000nM,original_loglinear
original_loglinear_Trametinib (GSK1120212)_10000_193-2,9.74141,6.795545,A549,Trametinib (GSK1120212),10000.0,nM,24.0,Trametinib (GSK1120212)_10000nM,original_loglinear
original_loglinear_Trametinib (GSK1120212)_10000_236-2,11.1832695,8.214544,A549,Trametinib (GSK1120212),10000.0,nM,24.0,Trametinib (GSK1120212)_10000nM,original_loglinear
original_loglinear_Trametinib (GSK1120212)_10000_48-2,4.0116434,4.692999,A549,Trametinib (GSK1120212),10000.0,nM,24.0,Trametinib (GSK1120212)_10000nM,original_loglinear
original_loglinear_Trametinib (GSK1120212)_10000_181-2,9.247025,7.5200586,A549,Trametinib (GSK1120212),10000.0,nM,24.0,Trametinib (GSK1120212)_10000nM,original_loglinear
original_loglinear_Trametinib (GSK1120212)_10000_146-2,2.9033628,7.3759127,A549,Trametinib (GSK1120212),10000.0,nM,24.0,Trametinib (GSK1120212)_10000nM,original_loglinear
original_loglinear_Trametinib (GSK1120212)_10000_366-2,9.436118,7.1146517,A549,Trametinib (GSK1120212),10000.0,nM,24.0,Trametinib (GSK1120212)_10000nM,original_loglinear
original_loglinear_Trametinib (GSK1120212)_10000_395-2,4.68332,6.6082335,A549,Trametinib (GSK1120212),10000.0,nM,24.0,Trametinib (GSK1120212)_10000nM,original_loglinear
original_loglinear_Trametinib (GSK1120212)_10000_14-2,-0.80308896,7.3499346,A549,Trametinib (GSK1120212),10000.0,nM,24.0,Trametinib (GSK1120212)_10000nM,original_loglinear
original_loglinear_Trametinib (GSK1120212)_10000_266-2,1.8965561,7.8922286,A549,Trametinib (GSK1120212),10000.0,nM,24.0,Trametinib (GSK1120212)_10000nM,original_loglinear
original_loglinear_Trametinib (GSK1120212)_10000_128-2,6.1332684,5.452322,A549,Trametinib (GSK1120212),10000.0,nM,24.0,Trametinib (GSK1120212)_10000nM,original_loglinear
original_loglinear_Trametinib (GSK1120212)_10000_132-2,3.7415793,6.9894843,A549,Trametinib (GSK1120212),10000.0,nM,24.0,Trametinib (GSK1120212)_10000nM,original_loglinear
original_loglinear_Trametinib (GSK1120212)_10000_496-2,1.9505693,7.588581,A549,Trametinib (GSK1120212),10000.0,nM,24.0,Trametinib (GSK1120212)_10000nM,original_loglinear
original_loglinear_Trametinib (GSK1120212)_10000_303-2,9.554212,9.542856,A549,Trametinib (GSK1120212),10000.0,nM,24.0,Trametinib (GSK1120212)_10000nM,original_loglinear
original_loglinear_Trametinib (GSK1120212)_10000_113-2,8.295196,8.397355,A549,Trametinib (GSK1120212),10000.0,nM,24.0,Trametinib (GSK1120212)_10000nM,original_loglinear
original_loglinear_Trametinib (GSK1120212)_10000_53-2,7.525363,1.8555725,A549,Trametinib (GSK1120212),10000.0,nM,24.0,Trametinib (GSK1120212)_10000nM,original_loglinear
original_loglinear_Trametinib (GSK1120212)_10000_59-2,2.4266107,3.3380523,A549,Trametinib (GSK1120212),10000.0,nM,24.0,Trametinib (GSK1120212)_10000nM,original_loglinear
original_loglinear_Trametinib (GSK1120212)_10000_23-2,0.6765552,5.1553802,A549,Trametinib (GSK1120212),10000.0,nM,24.0,Trametinib (GSK1120212)_10000nM,original_loglinear
original_loglinear_Trametinib (GSK1120212)_10000_383-2,3.3730931,5.429682,A549,Trametinib (GSK1120212),10000.0,nM,24.0,Trametinib (GSK1120212)_10000nM,original_loglinear
original_loglinear_Trametinib (GSK1120212)_10000_465-2,10.247964,7.5100408,A549,Trametinib (GSK1120212),10000.0,nM,24.0,Trametinib (GSK1120212)_10000nM,original_loglinear
original_loglinear_Trametinib (GSK1120212)_10000_441-2,6.38439,6.292519,A549,Trametinib (GSK1120212),10000.0,nM,24.0,Trametinib (GSK1120212)_10000nM,original_loglinear
original_loglinear_Trametinib (GSK1120212)_10000_349-2,3.5161464,6.3732405,A549,Trametinib (GSK1120212),10000.0,nM,24.0,Trametinib (GSK1120212)_10000nM,original_loglinear
original_loglinear_Trametinib (GSK1120212)_10000_99-2,4.585291,10.316915,A549,Trametinib (GSK1120212),10000.0,nM,24.0,Trametinib (GSK1120212)_10000nM,original_loglinear
original_loglinear_Trametinib (GSK1120212)_10000_451-2,1.3193372,6.9843826,A549,Trametinib (GSK1120212),10000.0,nM,24.0,Trametinib (GSK1120212)_10000nM,original_loglinear
original_loglinear_Trametinib (GSK1120212)_10000_41-2,10.036509,8.072442,A549,Trametinib (GSK1120212),10000.0,nM,24.0,Trametinib (GSK1120212)_10000nM,original_loglinear
original_loglinear_Trametinib (GSK1120212)_10000_364-2,10.235619,3.3673937,A549,Trametinib (GSK1120212),10000.0,nM,24.0,Trametinib (GSK1120212)_10000nM,original_loglinear
original_loglinear_Trametinib (GSK1120212)_10000_336-2,2.1184905,5.8214765,A549,Trametinib (GSK1120212),10000.0,nM,24.0,Trametinib (GSK1120212)_10000nM,original_loglinear
original_loglinear_Trametinib (GSK1120212)_10000_95-2,0.9879309,4.981859,A549,Trametinib (GSK1120212),10000.0,nM,24.0,Trametinib (GSK1120212)_10000nM,original_loglinear
original_loglinear_Trametinib (GSK1120212)_10000_398-2,4.313472,4.286286,A549,Trametinib (GSK1120212),10000.0,nM,24.0,Trametinib (GSK1120212)_10000nM,original_loglinear
original_loglinear_Trametinib (GSK1120212)_10000_183-2,4.8724136,6.5119495,A549,Trametinib (GSK1120212),10000.0,nM,24.0,Trametinib (GSK1120212)_10000nM,original_loglinear
original_loglinear_Trametinib (GSK1120212)_10000_375-2,5.258489,10.70745,A549,Trametinib (GSK1120212),10000.0,nM,24.0,Trametinib (GSK1120212)_10000nM,original_loglinear
original_loglinear_Trametinib (GSK1120212)_10000_65-2,8.173099,6.7308745,A549,Trametinib (GSK1120212),10000.0,nM,24.0,Trametinib (GSK1120212)_10000nM,original_loglinear
original_loglinear_Trametinib (GSK1120212)_10000_190-2,3.9311957,9.110595,A549,Trametinib (GSK1120212),10000.0,nM,24.0,Trametinib (GSK1120212)_10000nM,original_loglinear
original_loglinear_Trametinib (GSK1120212)_10000_175-2,7.906176,8.069869,A549,Trametinib (GSK1120212),10000.0,nM,24.0,Trametinib (GSK1120212)_10000nM,original_loglinear
original_loglinear_Trametinib (GSK1120212)_10000_168-2,1.6875606,7.874397,A549,Trametinib (GSK1120212),10000.0,nM,24.0,Trametinib (GSK1120212)_10000nM,original_loglinear
original_loglinear_Trametinib (GSK1120212)_10000_102-2,1.5889004,8.311066,A549,Trametinib (GSK1120212),10000.0,nM,24.0,Trametinib (GSK1120212)_10000nM,original_loglinear
original_loglinear_Trametinib (GSK1120212)_10000_440-2,7.2388306,5.8446803,A549,Trametinib (GSK1120212),10000.0,nM,24.0,Trametinib (GSK1120212)_10000nM,original_loglinear
original_loglinear_Trametinib (GSK1120212)_10000_137-2,2.7468517,9.471789,A549,Trametinib (GSK1120212),10000.0,nM,24.0,Trametinib (GSK1120212)_10000nM,original_loglinear
original_loglinear_Trametinib (GSK1120212)_10000_71-2,4.8382673,9.30323,A549,Trametinib (GSK1120212),10000.0,nM,24.0,Trametinib (GSK1120212)_10000nM,original_loglinear
original_loglinear_Trametinib (GSK1120212)_10000_316-2,7.135983,6.79441,A549,Trametinib (GSK1120212),10000.0,nM,24.0,Trametinib (GSK1120212)_10000nM,original_loglinear
original_loglinear_Trametinib (GSK1120212)_10000_404-2,8.678537,7.296695,A549,Trametinib (GSK1120212),10000.0,nM,24.0,Trametinib (GSK1120212)_10000nM,original_loglinear
original_loglinear_Trametinib (GSK1120212)_10000_313-2,1.8688166,4.068056,A549,Trametinib (GSK1120212),10000.0,nM,24.0,Trametinib (GSK1120212)_10000nM,original_loglinear
original_loglinear_Trametinib (GSK1120212)_10000_238-2,6.107756,1.8572143,A549,Trametinib (GSK1120212),10000.0,nM,24.0,Trametinib (GSK1120212)_10000nM,original_loglinear
original_loglinear_Trametinib (GSK1120212)_10000_323-2,5.897412,3.133224,A549,Trametinib (GSK1120212),10000.0,nM,24.0,Trametinib (GSK1120212)_10000nM,original_loglinear
original_loglinear_Trametinib (GSK1120212)_10000_279-2,8.58236,6.0124707,A549,Trametinib (GSK1120212),10000.0,nM,24.0,Trametinib (GSK1120212)_10000nM,original_loglinear
original_loglinear_Trametinib (GSK1120212)_10000_244-2,2.363899,8.324703,A549,Trametinib (GSK1120212),10000.0,nM,24.0,Trametinib (GSK1120212)_10000nM,original_loglinear
original_loglinear_Trametinib (GSK1120212)_10000_437-2,0.9392317,8.892045,A549,Trametinib (GSK1120212),10000.0,nM,24.0,Trametinib (GSK1120212)_10000nM,original_loglinear
original_loglinear_Trametinib (GSK1120212)_10000_429-2,1.1226526,4.459673,A549,Trametinib (GSK1120212),10000.0,nM,24.0,Trametinib (GSK1120212)_10000nM,original_loglinear
original_loglinear_Trametinib (GSK1120212)_10000_344-2,5.8486576,2.2326431,A549,Trametinib (GSK1120212),10000.0,nM,24.0,Trametinib (GSK1120212)_10000nM,original_loglinear
original_loglinear_Trametinib (GSK1120212)_10000_348-2,5.103647,5.8197703,A549,Trametinib (GSK1120212),10000.0,nM,24.0,Trametinib (GSK1120212)_10000nM,original_loglinear
original_loglinear_Trametinib (GSK1120212)_10000_157-2,-0.61062884,8.282626,A549,Trametinib (GSK1120212),10000.0,nM,24.0,Trametinib (GSK1120212)_10000nM,original_loglinear
original_loglinear_Trametinib (GSK1120212)_10000_121-2,3.7821405,10.356144,A549,Trametinib (GSK1120212),10000.0,nM,24.0,Trametinib (GSK1120212)_10000nM,original_loglinear
original_loglinear_Trametinib (GSK1120212)_10000_72-2,-0.5213056,8.894803,A549,Trametinib (GSK1120212),10000.0,nM,24.0,Trametinib (GSK1120212)_10000nM,original_loglinear
original_loglinear_Trametinib (GSK1120212)_10000_216-2,5.871791,7.2532763,A549,Trametinib (GSK1120212),10000.0,nM,24.0,Trametinib (GSK1120212)_10000nM,original_loglinear
original_loglinear_Trametinib (GSK1120212)_10000_430-2,9.003809,4.191376,A549,Trametinib (GSK1120212),10000.0,nM,24.0,Trametinib (GSK1120212)_10000nM,original_loglinear
original_loglinear_Trametinib (GSK1120212)_10000_92-2,7.5878935,2.9395967,A549,Trametinib (GSK1120212),10000.0,nM,24.0,Trametinib (GSK1120212)_10000nM,original_loglinear
original_loglinear_Trametinib (GSK1120212)_10000_251-2,6.6430163,5.444238,A549,Trametinib (GSK1120212),10000.0,nM,24.0,Trametinib (GSK1120212)_10000nM,original_loglinear
original_loglinear_Trametinib (GSK1120212)_10000_28-2,7.237791,7.004661,A549,Trametinib (GSK1120212),10000.0,nM,24.0,Trametinib (GSK1120212)_10000nM,original_loglinear
original_loglinear_Trametinib (GSK1120212)_10000_248-2,2.092644,4.2494125,A549,Trametinib (GSK1120212),10000.0,nM,24.0,Trametinib (GSK1120212)_10000nM,original_loglinear
original_loglinear_Trametinib (GSK1120212)_10000_142-2,5.341147,3.193307,A549,Trametinib (GSK1120212),10000.0,nM,24.0,Trametinib (GSK1120212)_10000nM,original_loglinear
original_loglinear_Trametinib (GSK1120212)_10000_54-2,8.789919,6.237199,A549,Trametinib (GSK1120212),10000.0,nM,24.0,Trametinib (GSK1120212)_10000nM,original_loglinear
original_loglinear_Trametinib (GSK1120212)_10000_306-2,8.946553,9.067985,A549,Trametinib (GSK1120212),10000.0,nM,24.0,Trametinib (GSK1120212)_10000nM,original_loglinear
original_loglinear_Trametinib (GSK1120212)_10000_170-2,2.9942205,8.288744,A549,Trametinib (GSK1120212),10000.0,nM,24.0,Trametinib (GSK1120212)_10000nM,original_loglinear
original_loglinear_Trametinib (GSK1120212)_10000_29-2,-0.5323793,8.182936,A549,Trametinib (GSK1120212),10000.0,nM,24.0,Trametinib (GSK1120212)_10000nM,original_loglinear
original_loglinear_Trametinib (GSK1120212)_10000_331-2,3.6129324,5.5274673,A549,Trametinib (GSK1120212),10000.0,nM,24.0,Trametinib (GSK1120212)_10000nM,original_loglinear
original_loglinear_Trametinib (GSK1120212)_10000_265-2,10.378406,3.472056,A549,Trametinib (GSK1120212),10000.0,nM,24.0,Trametinib (GSK1120212)_10000nM,original_loglinear
original_loglinear_Trametinib (GSK1120212)_10000_280-2,9.660572,9.455278,A549,Trametinib (GSK1120212),10000.0,nM,24.0,Trametinib (GSK1120212)_10000nM,original_loglinear
original_loglinear_Trametinib (GSK1120212)_10000_401-2,8.123887,7.460734,A549,Trametinib (GSK1120212),10000.0,nM,24.0,Trametinib (GSK1120212)_10000nM,original_loglinear
original_loglinear_Trametinib (GSK1120212)_10000_483-2,3.5871103,6.8896027,A549,Trametinib (GSK1120212),10000.0,nM,24.0,Trametinib (GSK1120212)_10000nM,original_loglinear
original_loglinear_Trametinib (GSK1120212)_10000_31-2,8.296304,6.9948626,A549,Trametinib (GSK1120212),10000.0,nM,24.0,Trametinib (GSK1120212)_10000nM,original_loglinear
original_loglinear_Trametinib (GSK1120212)_10000_307-2,5.93555,6.496045,A549,Trametinib (GSK1120212),10000.0,nM,24.0,Trametinib (GSK1120212)_10000nM,original_loglinear
original_loglinear_Trametinib (GSK1120212)_10000_97-2,3.0768151,10.261635,A549,Trametinib (GSK1120212),10000.0,nM,24.0,Trametinib (GSK1120212)_10000nM,original_loglinear
original_loglinear_Trametinib (GSK1120212)_10000_347-2,4.5970073,10.639694,A549,Trametinib (GSK1120212),10000.0,nM,24.0,Trametinib (GSK1120212)_10000nM,original_loglinear
original_loglinear_Trametinib (GSK1120212)_10000_362-2,2.0737832,9.351518,A549,Trametinib (GSK1120212),10000.0,nM,24.0,Trametinib (GSK1120212)_10000nM,original_loglinear
original_loglinear_Trametinib (GSK1120212)_10000_302-2,4.2574344,10.606023,A549,Trametinib (GSK1120212),10000.0,nM,24.0,Trametinib (GSK1120212)_10000nM,original_loglinear
original_loglinear_Trametinib (GSK1120212)_10000_260-2,4.6559415,4.917193,A549,Trametinib (GSK1120212),10000.0,nM,24.0,Trametinib (GSK1120212)_10000nM,original_loglinear
original_loglinear_Trametinib (GSK1120212)_10000_277-2,-0.5660434,8.924383,A549,Trametinib (GSK1120212),10000.0,nM,24.0,Trametinib (GSK1120212)_10000nM,original_loglinear
original_loglinear_Trametinib (GSK1120212)_10000_358-2,9.669115,3.917867,A549,Trametinib (GSK1120212),10000.0,nM,24.0,Trametinib (GSK1120212)_10000nM,original_loglinear
original_loglinear_Trametinib (GSK1120212)_10000_296-2,3.8590837,6.8227344,A549,Trametinib (GSK1120212),10000.0,nM,24.0,Trametinib (GSK1120212)_10000nM,original_loglinear
original_loglinear_Trametinib (GSK1120212)_10000_291-2,3.8675394,9.823405,A549,Trametinib (GSK1120212),10000.0,nM,24.0,Trametinib (GSK1120212)_10000nM,original_loglinear
original_loglinear_Trametinib (GSK1120212)_10000_194-2,6.469755,6.3595524,A549,Trametinib (GSK1120212),10000.0,nM,24.0,Trametinib (GSK1120212)_10000nM,original_loglinear
original_loglinear_Trametinib (GSK1120212)_10000_274-2,1.569494,9.649016,A549,Trametinib (GSK1120212),10000.0,nM,24.0,Trametinib (GSK1120212)_10000nM,original_loglinear
original_loglinear_Trametinib (GSK1120212)_10000_387-2,4.3081803,7.0726132,A549,Trametinib (GSK1120212),10000.0,nM,24.0,Trametinib (GSK1120212)_10000nM,original_loglinear
original_loglinear_Trametinib (GSK1120212)_10000_105-2,6.4431324,5.6895127,A549,Trametinib (GSK1120212),10000.0,nM,24.0,Trametinib (GSK1120212)_10000nM,original_loglinear
original_loglinear_Trametinib (GSK1120212)_10000_222-2,2.5462255,7.722111,A549,Trametinib (GSK1120212),10000.0,nM,24.0,Trametinib (GSK1120212)_10000nM,original_loglinear
original_loglinear_Trametinib (GSK1120212)_10000_100-2,2.579741,7.3382297,A549,Trametinib (GSK1120212),10000.0,nM,24.0,Trametinib (GSK1120212)_10000nM,original_loglinear
original_loglinear_Trametinib (GSK1120212)_10000_44-2,5.13747,8.65859,A549,Trametinib (GSK1120212),10000.0,nM,24.0,Trametinib (GSK1120212)_10000nM,original_loglinear
original_loglinear_Trametinib (GSK1120212)_10000_77-2,-0.67308044,8.593783,A549,Trametinib (GSK1120212),10000.0,nM,24.0,Trametinib (GSK1120212)_10000nM,original_loglinear
original_loglinear_Trametinib (GSK1120212)_10000_357-2,6.9266505,5.8073473,A549,Trametinib (GSK1120212),10000.0,nM,24.0,Trametinib (GSK1120212)_10000nM,original_loglinear
original_loglinear_Trametinib (GSK1120212)_10000_423-2,6.782829,2.7603295,A549,Trametinib (GSK1120212),10000.0,nM,24.0,Trametinib (GSK1120212)_10000nM,original_loglinear
original_loglinear_Trametinib (GSK1120212)_10000_407-2,4.5914145,5.2086043,A549,Trametinib (GSK1120212),10000.0,nM,24.0,Trametinib (GSK1120212)_10000nM,original_loglinear
original_loglinear_Trametinib (GSK1120212)_10000_454-2,10.1431,3.2453835,A549,Trametinib (GSK1120212),10000.0,nM,24.0,Trametinib (GSK1120212)_10000nM,original_loglinear
original_loglinear_Trametinib (GSK1120212)_10000_220-2,4.211871,6.923146,A549,Trametinib (GSK1120212),10000.0,nM,24.0,Trametinib (GSK1120212)_10000nM,original_loglinear
original_loglinear_Trametinib (GSK1120212)_10000_134-2,4.2934875,7.9126143,A549,Trametinib (GSK1120212),10000.0,nM,24.0,Trametinib (GSK1120212)_10000nM,original_loglinear
original_loglinear_Trametinib (GSK1120212)_10000_363-2,6.251618,7.7773337,A549,Trametinib (GSK1120212),10000.0,nM,24.0,Trametinib (GSK1120212)_10000nM,original_loglinear
original_loglinear_Trametinib (GSK1120212)_10000_263-2,3.7676435,9.96757,A549,Trametinib (GSK1120212),10000.0,nM,24.0,Trametinib (GSK1120212)_10000nM,original_loglinear
original_loglinear_Trametinib (GSK1120212)_10000_42-2,0.8703306,9.389154,A549,Trametinib (GSK1120212),10000.0,nM,24.0,Trametinib (GSK1120212)_10000nM,original_loglinear
original_loglinear_Trametinib (GSK1120212)_10000_322-2,9.040458,7.4803615,A549,Trametinib (GSK1120212),10000.0,nM,24.0,Trametinib (GSK1120212)_10000nM,original_loglinear
original_loglinear_Trametinib (GSK1120212)_10000_87-2,3.8514047,6.519365,A549,Trametinib (GSK1120212),10000.0,nM,24.0,Trametinib (GSK1120212)_10000nM,original_loglinear
original_loglinear_Trametinib (GSK1120212)_10000_209-2,2.3340306,6.6501794,A549,Trametinib (GSK1120212),10000.0,nM,24.0,Trametinib (GSK1120212)_10000nM,original_loglinear
original_loglinear_Trametinib (GSK1120212)_10000_355-2,5.2828774,3.6221495,A549,Trametinib (GSK1120212),10000.0,nM,24.0,Trametinib (GSK1120212)_10000nM,original_loglinear
improved_hill_(+)-JQ1_10_330-2,7.5961175,7.0165243,A549,(+)-JQ1,10.0,nM,24.0,(+)-JQ1_10nM,improved_hill
improved_hill_(+)-JQ1_10_421-2,10.964152,8.482464,A549,(+)-JQ1,10.0,nM,24.0,(+)-JQ1_10nM,improved_hill
improved_hill_(+)-JQ1_10_415-2,4.003556,7.733492,A549,(+)-JQ1,10.0,nM,24.0,(+)-JQ1_10nM,improved_hill
improved_hill_(+)-JQ1_10_38-2,9.812743,7.189153,A549,(+)-JQ1,10.0,nM,24.0,(+)-JQ1_10nM,improved_hill
improved_hill_(+)-JQ1_10_343-2,8.298069,3.943482,A549,(+)-JQ1,10.0,nM,24.0,(+)-JQ1_10nM,improved_hill
improved_hill_(+)-JQ1_10_179-2,9.109881,5.3479395,A549,(+)-JQ1,10.0,nM,24.0,(+)-JQ1_10nM,improved_hill
improved_hill_(+)-JQ1_10_132-2,4.9113593,6.677502,A549,(+)-JQ1,10.0,nM,24.0,(+)-JQ1_10nM,improved_hill
improved_hill_(+)-JQ1_10_357-2,7.9206905,6.2057104,A549,(+)-JQ1,10.0,nM,24.0,(+)-JQ1_10nM,improved_hill
improved_hill_(+)-JQ1_10_445-2,3.0344641,3.2768044,A549,(+)-JQ1,10.0,nM,24.0,(+)-JQ1_10nM,improved_hill
improved_hill_(+)-JQ1_10_320-2,2.3444607,6.2590823,A549,(+)-JQ1,10.0,nM,24.0,(+)-JQ1_10nM,improved_hill
improved_hill_(+)-JQ1_10_438-2,9.305451,4.5288744,A549,(+)-JQ1,10.0,nM,24.0,(+)-JQ1_10nM,improved_hill
improved_hill_(+)-JQ1_10_114-2,5.0296173,9.544489,A549,(+)-JQ1,10.0,nM,24.0,(+)-JQ1_10nM,improved_hill
improved_hill_(+)-JQ1_10_337-2,3.559638,5.402207,A549,(+)-JQ1,10.0,nM,24.0,(+)-JQ1_10nM,improved_hill
improved_hill_(+)-JQ1_10_439-2,9.707341,5.260807,A549,(+)-JQ1,10.0,nM,24.0,(+)-JQ1_10nM,improved_hill
improved_hill_(+)-JQ1_10_181-2,10.697394,7.4065514,A549,(+)-JQ1,10.0,nM,24.0,(+)-JQ1_10nM,improved_hill
improved_hill_(+)-JQ1_10_426-2,5.454187,3.65036,A549,(+)-JQ1,10.0,nM,24.0,(+)-JQ1_10nM,improved_hill
improved_hill_(+)-JQ1_10_467-2,6.541459,7.6090355,A549,(+)-JQ1,10.0,nM,24.0,(+)-JQ1_10nM,improved_hill
improved_hill_(+)-JQ1_10_309-2,5.0821652,4.07401,A549,(+)-JQ1,10.0,nM,24.0,(+)-JQ1_10nM,improved_hill
improved_hill_(+)-JQ1_10_218-2,2.9307797,6.0630393,A549,(+)-JQ1,10.0,nM,24.0,(+)-JQ1_10nM,improved_hill
improved_hill_(+)-JQ1_10_442-2,6.7882605,4.4004126,A549,(+)-JQ1,10.0,nM,24.0,(+)-JQ1_10nM,improved_hill
improved_hill_(+)-JQ1_10_273-2,4.381892,5.498432,A549,(+)-JQ1,10.0,nM,24.0,(+)-JQ1_10nM,improved_hill
improved_hill_(+)-JQ1_10_456-2,8.446779,4.1566954,A549,(+)-JQ1,10.0,nM,24.0,(+)-JQ1_10nM,improved_hill
improved_hill_(+)-JQ1_10_151-2,4.7418036,10.580983,A549,(+)-JQ1,10.0,nM,24.0,(+)-JQ1_10nM,improved_hill
improved_hill_(+)-JQ1_10_0-2,4.614516,7.595394,A549,(+)-JQ1,10.0,nM,24.0,(+)-JQ1_10nM,improved_hill
improved_hill_(+)-JQ1_10_392-2,0.27485588,6.6722083,A549,(+)-JQ1,10.0,nM,24.0,(+)-JQ1_10nM,improved_hill
improved_hill_(+)-JQ1_10_171-2,3.0875826,3.6751828,A549,(+)-JQ1,10.0,nM,24.0,(+)-JQ1_10nM,improved_hill
improved_hill_(+)-JQ1_10_342-2,7.8093557,9.984432,A549,(+)-JQ1,10.0,nM,24.0,(+)-JQ1_10nM,improved_hill
improved_hill_(+)-JQ1_10_178-2,8.713444,9.673312,A549,(+)-JQ1,10.0,nM,24.0,(+)-JQ1_10nM,improved_hill
improved_hill_(+)-JQ1_10_165-2,3.1391761,3.8243823,A549,(+)-JQ1,10.0,nM,24.0,(+)-JQ1_10nM,improved_hill
improved_hill_(+)-JQ1_10_437-2,2.4563117,8.436008,A549,(+)-JQ1,10.0,nM,24.0,(+)-JQ1_10nM,improved_hill
improved_hill_(+)-JQ1_10_195-2,2.552628,5.244608,A549,(+)-JQ1,10.0,nM,24.0,(+)-JQ1_10nM,improved_hill
improved_hill_(+)-JQ1_10_62-2,2.394214,3.6689038,A549,(+)-JQ1,10.0,nM,24.0,(+)-JQ1_10nM,improved_hill
improved_hill_(+)-JQ1_10_146-2,4.145079,7.006574,A549,(+)-JQ1,10.0,nM,24.0,(+)-JQ1_10nM,improved_hill
improved_hill_(+)-JQ1_10_28-2,8.653316,7.307857,A549,(+)-JQ1,10.0,nM,24.0,(+)-JQ1_10nM,improved_hill
improved_hill_(+)-JQ1_10_430-2,9.048477,4.033297,A549,(+)-JQ1,10.0,nM,24.0,(+)-JQ1_10nM,improved_hill
improved_hill_(+)-JQ1_10_41-2,10.654497,8.574649,A549,(+)-JQ1,10.0,nM,24.0,(+)-JQ1_10nM,improved_hill
improved_hill_(+)-JQ1_10_268-2,9.578354,4.9324036,A549,(+)-JQ1,10.0,nM,24.0,(+)-JQ1_10nM,improved_hill
improved_hill_(+)-JQ1_10_407-2,5.4167542,4.209581,A549,(+)-JQ1,10.0,nM,24.0,(+)-JQ1_10nM,improved_hill
improved_hill_(+)-JQ1_10_92-2,8.071185,2.6434238,A549,(+)-JQ1,10.0,nM,24.0,(+)-JQ1_10nM,improved_hill
improved_hill_(+)-JQ1_10_280-2,10.080058,7.741266,A549,(+)-JQ1,10.0,nM,24.0,(+)-JQ1_10nM,improved_hill
improved_hill_(+)-JQ1_10_103-2,5.4458857,3.8116362,A549,(+)-JQ1,10.0,nM,24.0,(+)-JQ1_10nM,improved_hill
improved_hill_(+)-JQ1_10_276-2,10.907559,7.231015,A549,(+)-JQ1,10.0,nM,24.0,(+)-JQ1_10nM,improved_hill
improved_hill_(+)-JQ1_10_175-2,9.057263,9.46884,A549,(+)-JQ1,10.0,nM,24.0,(+)-JQ1_10nM,improved_hill
improved_hill_(+)-JQ1_10_490-2,2.037396,8.299652,A549,(+)-JQ1,10.0,nM,24.0,(+)-JQ1_10nM,improved_hill
improved_hill_(+)-JQ1_10_80-2,10.716763,3.386394,A549,(+)-JQ1,10.0,nM,24.0,(+)-JQ1_10nM,improved_hill
improved_hill_(+)-JQ1_10_157-2,0.40417433,6.6079106,A549,(+)-JQ1,10.0,nM,24.0,(+)-JQ1_10nM,improved_hill
improved_hill_(+)-JQ1_10_180-2,5.9247775,2.1066215,A549,(+)-JQ1,10.0,nM,24.0,(+)-JQ1_10nM,improved_hill
improved_hill_(+)-JQ1_10_87-2,5.171987,5.8103604,A549,(+)-JQ1,10.0,nM,24.0,(+)-JQ1_10nM,improved_hill
improved_hill_(+)-JQ1_10_492-2,6.8162866,5.622561,A549,(+)-JQ1,10.0,nM,24.0,(+)-JQ1_10nM,improved_hill
improved_hill_(+)-JQ1_10_248-2,4.349101,3.0270607,A549,(+)-JQ1,10.0,nM,24.0,(+)-JQ1_10nM,improved_hill
improved_hill_(+)-JQ1_10_182-2,8.417775,9.685522,A549,(+)-JQ1,10.0,nM,24.0,(+)-JQ1_10nM,improved_hill
improved_hill_(+)-JQ1_10_344-2,6.784738,2.1589088,A549,(+)-JQ1,10.0,nM,24.0,(+)-JQ1_10nM,improved_hill
improved_hill_(+)-JQ1_10_183-2,6.7645974,6.7611046,A549,(+)-JQ1,10.0,nM,24.0,(+)-JQ1_10nM,improved_hill
improved_hill_(+)-JQ1_10_300-2,5.9553266,2.7973607,A549,(+)-JQ1,10.0,nM,24.0,(+)-JQ1_10nM,improved_hill
improved_hill_(+)-JQ1_10_88-2,4.8514433,4.1387877,A549,(+)-JQ1,10.0,nM,24.0,(+)-JQ1_10nM,improved_hill
improved_hill_(+)-JQ1_10_378-2,3.0083442,7.59498,A549,(+)-JQ1,10.0,nM,24.0,(+)-JQ1_10nM,improved_hill
improved_hill_(+)-JQ1_10_414-2,8.039681,3.476761,A549,(+)-JQ1,10.0,nM,24.0,(+)-JQ1_10nM,improved_hill
improved_hill_(+)-JQ1_10_5-2,10.937715,3.5381231,A549,(+)-JQ1,10.0,nM,24.0,(+)-JQ1_10nM,improved_hill
improved_hill_(+)-JQ1_10_225-2,5.414059,3.3425577,A549,(+)-JQ1,10.0,nM,24.0,(+)-JQ1_10nM,improved_hill
improved_hill_(+)-JQ1_10_42-2,2.7388635,9.512517,A549,(+)-JQ1,10.0,nM,24.0,(+)-JQ1_10nM,improved_hill
improved_hill_(+)-JQ1_10_223-2,2.9104261,8.432553,A549,(+)-JQ1,10.0,nM,24.0,(+)-JQ1_10nM,improved_hill
improved_hill_(+)-JQ1_10_413-2,8.220443,3.1626556,A549,(+)-JQ1,10.0,nM,24.0,(+)-JQ1_10nM,improved_hill
improved_hill_(+)-JQ1_10_328-2,11.174338,7.140113,A549,(+)-JQ1,10.0,nM,24.0,(+)-JQ1_10nM,improved_hill
improved_hill_(+)-JQ1_10_377-2,8.138101,3.6303778,A549,(+)-JQ1,10.0,nM,24.0,(+)-JQ1_10nM,improved_hill
improved_hill_(+)-JQ1_10_147-2,8.290291,2.8737926,A549,(+)-JQ1,10.0,nM,24.0,(+)-JQ1_10nM,improved_hill
improved_hill_(+)-JQ1_10_39-2,7.650294,3.2662847,A549,(+)-JQ1,10.0,nM,24.0,(+)-JQ1_10nM,improved_hill
improved_hill_(+)-JQ1_10_245-2,0.99340916,7.218842,A549,(+)-JQ1,10.0,nM,24.0,(+)-JQ1_10nM,improved_hill
improved_hill_(+)-JQ1_10_336-2,3.3103907,3.547783,A549,(+)-JQ1,10.0,nM,24.0,(+)-JQ1_10nM,improved_hill
improved_hill_(+)-JQ1_10_233-2,3.1144462,8.012438,A549,(+)-JQ1,10.0,nM,24.0,(+)-JQ1_10nM,improved_hill
improved_hill_(+)-JQ1_10_420-2,9.664773,8.968233,A549,(+)-JQ1,10.0,nM,24.0,(+)-JQ1_10nM,improved_hill
improved_hill_(+)-JQ1_10_170-2,4.4404078,8.398654,A549,(+)-JQ1,10.0,nM,24.0,(+)-JQ1_10nM,improved_hill
improved_hill_(+)-JQ1_10_369-2,7.734233,2.6690433,A549,(+)-JQ1,10.0,nM,24.0,(+)-JQ1_10nM,improved_hill
improved_hill_(+)-JQ1_10_489-2,6.612796,6.9025607,A549,(+)-JQ1,10.0,nM,24.0,(+)-JQ1_10nM,improved_hill
improved_hill_(+)-JQ1_10_162-2,7.7938128,2.5821593,A549,(+)-JQ1,10.0,nM,24.0,(+)-JQ1_10nM,improved_hill
improved_hill_(+)-JQ1_10_144-2,8.514599,9.819938,A549,(+)-JQ1,10.0,nM,24.0,(+)-JQ1_10nM,improved_hill
improved_hill_(+)-JQ1_10_149-2,1.4158499,5.024108,A549,(+)-JQ1,10.0,nM,24.0,(+)-JQ1_10nM,improved_hill
improved_hill_(+)-JQ1_10_262-2,6.2390976,5.822865,A549,(+)-JQ1,10.0,nM,24.0,(+)-JQ1_10nM,improved_hill
improved_hill_(+)-JQ1_10_58-2,5.1037693,8.207675,A549,(+)-JQ1,10.0,nM,24.0,(+)-JQ1_10nM,improved_hill
improved_hill_(+)-JQ1_10_68-2,9.384111,4.7729745,A549,(+)-JQ1,10.0,nM,24.0,(+)-JQ1_10nM,improved_hill
improved_hill_(+)-JQ1_10_323-2,6.580588,2.8440878,A549,(+)-JQ1,10.0,nM,24.0,(+)-JQ1_10nM,improved_hill
improved_hill_(+)-JQ1_10_350-2,10.883142,8.164524,A549,(+)-JQ1,10.0,nM,24.0,(+)-JQ1_10nM,improved_hill
improved_hill_(+)-JQ1_10_383-2,3.8518567,4.919761,A549,(+)-JQ1,10.0,nM,24.0,(+)-JQ1_10nM,improved_hill
improved_hill_(+)-JQ1_10_403-2,2.862918,3.2665253,A549,(+)-JQ1,10.0,nM,24.0,(+)-JQ1_10nM,improved_hill
improved_hill_(+)-JQ1_10_176-2,6.314281,3.5028405,A549,(+)-JQ1,10.0,nM,24.0,(+)-JQ1_10nM,improved_hill
improved_hill_(+)-JQ1_10_145-2,9.3705435,8.581783,A549,(+)-JQ1,10.0,nM,24.0,(+)-JQ1_10nM,improved_hill
improved_hill_(+)-JQ1_10_54-2,9.518821,5.393797,A549,(+)-JQ1,10.0,nM,24.0,(+)-JQ1_10nM,improved_hill
improved_hill_(+)-JQ1_10_321-2,5.927028,2.6469266,A549,(+)-JQ1,10.0,nM,24.0,(+)-JQ1_10nM,improved_hill
improved_hill_(+)-JQ1_10_234-2,3.6784332,7.5123196,A549,(+)-JQ1,10.0,nM,24.0,(+)-JQ1_10nM,improved_hill
improved_hill_(+)-JQ1_10_177-2,4.038582,9.222952,A549,(+)-JQ1,10.0,nM,24.0,(+)-JQ1_10nM,improved_hill
improved_hill_(+)-JQ1_10_308-2,7.4561987,3.2683358,A549,(+)-JQ1,10.0,nM,24.0,(+)-JQ1_10nM,improved_hill
improved_hill_(+)-JQ1_10_472-2,3.946441,7.903695,A549,(+)-JQ1,10.0,nM,24.0,(+)-JQ1_10nM,improved_hill
improved_hill_(+)-JQ1_10_244-2,3.2982025,6.3383594,A549,(+)-JQ1,10.0,nM,24.0,(+)-JQ1_10nM,improved_hill
improved_hill_(+)-JQ1_10_79-2,4.639445,5.0159373,A549,(+)-JQ1,10.0,nM,24.0,(+)-JQ1_10nM,improved_hill
improved_hill_(+)-JQ1_10_34-2,2.9808621,7.104627,A549,(+)-JQ1,10.0,nM,24.0,(+)-JQ1_10nM,improved_hill
improved_hill_(+)-JQ1_10_487-2,7.7508183,6.667756,A549,(+)-JQ1,10.0,nM,24.0,(+)-JQ1_10nM,improved_hill
improved_hill_(+)-JQ1_10_35-2,4.9061766,9.534635,A549,(+)-JQ1,10.0,nM,24.0,(+)-JQ1_10nM,improved_hill
improved_hill_(+)-JQ1_10_126-2,8.813926,3.9448628,A549,(+)-JQ1,10.0,nM,24.0,(+)-JQ1_10nM,improved_hill
improved_hill_(+)-JQ1_10_488-2,10.442931,8.098636,A549,(+)-JQ1,10.0,nM,24.0,(+)-JQ1_10nM,improved_hill
improved_hill_(+)-JQ1_10_100-2,3.3445103,7.45276,A549,(+)-JQ1,10.0,nM,24.0,(+)-JQ1_10nM,improved_hill
improved_hill_(+)-JQ1_10_53-2,7.718316,1.9588023,A549,(+)-JQ1,10.0,nM,24.0,(+)-JQ1_10nM,improved_hill
improved_hill_(+)-JQ1_10_29-2,0.45396826,6.9490776,A549,(+)-JQ1,10.0,nM,24.0,(+)-JQ1_10nM,improved_hill
improved_hill_(+)-JQ1_10_322-2,9.540923,8.0215025,A549,(+)-JQ1,10.0,nM,24.0,(+)-JQ1_10nM,improved_hill
improved_hill_(+)-JQ1_10_287-2,9.315762,9.086267,A549,(+)-JQ1,10.0,nM,24.0,(+)-JQ1_10nM,improved_hill
improved_hill_(+)-JQ1_10_97-2,5.6614895,10.2716875,A549,(+)-JQ1,10.0,nM,24.0,(+)-JQ1_10nM,improved_hill
improved_hill_(+)-JQ1_10_119-2,2.3643143,5.851871,A549,(+)-JQ1,10.0,nM,24.0,(+)-JQ1_10nM,improved_hill
improved_hill_(+)-JQ1_10_291-2,5.3412933,10.648917,A549,(+)-JQ1,10.0,nM,24.0,(+)-JQ1_10nM,improved_hill
improved_hill_(+)-JQ1_10_173-2,7.254897,5.8330374,A549,(+)-JQ1,10.0,nM,24.0,(+)-JQ1_10nM,improved_hill
improved_hill_(+)-JQ1_10_23-2,0.9952336,4.6954246,A549,(+)-JQ1,10.0,nM,24.0,(+)-JQ1_10nM,improved_hill
improved_hill_(+)-JQ1_10_186-2,8.308204,7.1424737,A549,(+)-JQ1,10.0,nM,24.0,(+)-JQ1_10nM,improved_hill
improved_hill_(+)-JQ1_10_368-2,-0.054818884,8.16088,A549,(+)-JQ1,10.0,nM,24.0,(+)-JQ1_10nM,improved_hill
improved_hill_(+)-JQ1_100_303-2,9.696682,5.8821096,A549,(+)-JQ1,100.0,nM,24.0,(+)-JQ1_100nM,improved_hill
improved_hill_(+)-JQ1_100_68-2,8.934835,4.640353,A549,(+)-JQ1,100.0,nM,24.0,(+)-JQ1_100nM,improved_hill
improved_hill_(+)-JQ1_100_443-2,7.752723,6.1476483,A549,(+)-JQ1,100.0,nM,24.0,(+)-JQ1_100nM,improved_hill
improved_hill_(+)-JQ1_100_16-2,-0.050585207,7.1817675,A549,(+)-JQ1,100.0,nM,24.0,(+)-JQ1_100nM,improved_hill
improved_hill_(+)-JQ1_100_218-2,2.4113863,6.4418654,A549,(+)-JQ1,100.0,nM,24.0,(+)-JQ1_100nM,improved_hill
improved_hill_(+)-JQ1_100_34-2,2.085431,7.136676,A549,(+)-JQ1,100.0,nM,24.0,(+)-JQ1_100nM,improved_hill
improved_hill_(+)-JQ1_100_489-2,6.2908945,7.2198706,A549,(+)-JQ1,100.0,nM,24.0,(+)-JQ1_100nM,improved_hill
improved_hill_(+)-JQ1_100_160-2,9.587678,8.366846,A549,(+)-JQ1,100.0,nM,24.0,(+)-JQ1_100nM,improved_hill
improved_hill_(+)-JQ1_100_17-2,3.292616,8.46107,A549,(+)-JQ1,100.0,nM,24.0,(+)-JQ1_100nM,improved_hill
improved_hill_(+)-JQ1_100_137-2,3.7032747,8.964134,A549,(+)-JQ1,100.0,nM,24.0,(+)-JQ1_100nM,improved_hill
improved_hill_(+)-JQ1_100_113-2,9.031263,8.418363,A549,(+)-JQ1,100.0,nM,24.0,(+)-JQ1_100nM,improved_hill
improved_hill_(+)-JQ1_100_360-2,6.954758,1.8200065,A549,(+)-JQ1,100.0,nM,24.0,(+)-JQ1_100nM,improved_hill
improved_hill_(+)-JQ1_100_490-2,0.9600914,8.281295,A549,(+)-JQ1,100.0,nM,24.0,(+)-JQ1_100nM,improved_hill
improved_hill_(+)-JQ1_100_35-2,3.5520203,9.260504,A549,(+)-JQ1,100.0,nM,24.0,(+)-JQ1_100nM,improved_hill
improved_hill_(+)-JQ1_100_217-2,3.6050472,6.4579473,A549,(+)-JQ1,100.0,nM,24.0,(+)-JQ1_100nM,improved_hill
improved_hill_(+)-JQ1_100_243-2,7.2946253,5.787428,A549,(+)-JQ1,100.0,nM,24.0,(+)-JQ1_100nM,improved_hill
improved_hill_(+)-JQ1_100_411-2,6.4913015,7.0541,A549,(+)-JQ1,100.0,nM,24.0,(+)-JQ1_100nM,improved_hill
improved_hill_(+)-JQ1_100_277-2,0.54531735,9.010423,A549,(+)-JQ1,100.0,nM,24.0,(+)-JQ1_100nM,improved_hill
improved_hill_(+)-JQ1_100_373-2,4.2221556,4.131342,A549,(+)-JQ1,100.0,nM,24.0,(+)-JQ1_100nM,improved_hill
improved_hill_(+)-JQ1_100_204-2,5.041757,5.018671,A549,(+)-JQ1,100.0,nM,24.0,(+)-JQ1_100nM,improved_hill
improved_hill_(+)-JQ1_100_147-2,7.9149284,2.9555738,A549,(+)-JQ1,100.0,nM,24.0,(+)-JQ1_100nM,improved_hill
improved_hill_(+)-JQ1_100_166-2,6.4337544,7.1282473,A549,(+)-JQ1,100.0,nM,24.0,(+)-JQ1_100nM,improved_hill
improved_hill_(+)-JQ1_100_331-2,3.4309285,5.0712004,A549,(+)-JQ1,100.0,nM,24.0,(+)-JQ1_100nM,improved_hill
improved_hill_(+)-JQ1_100_178-2,8.232003,9.472767,A549,(+)-JQ1,100.0,nM,24.0,(+)-JQ1_100nM,improved_hill
improved_hill_(+)-JQ1_100_304-2,4.579718,3.6646218,A549,(+)-JQ1,100.0,nM,24.0,(+)-JQ1_100nM,improved_hill
improved_hill_(+)-JQ1_100_248-2,2.7727573,3.344381,A549,(+)-JQ1,100.0,nM,24.0,(+)-JQ1_100nM,improved_hill
improved_hill_(+)-JQ1_100_18-2,3.5063648,9.330798,A549,(+)-JQ1,100.0,nM,24.0,(+)-JQ1_100nM,improved_hill
improved_hill_(+)-JQ1_100_184-2,6.894961,1.938193,A549,(+)-JQ1,100.0,nM,24.0,(+)-JQ1_100nM,improved_hill
improved_hill_(+)-JQ1_100_414-2,7.4783063,3.378117,A549,(+)-JQ1,100.0,nM,24.0,(+)-JQ1_100nM,improved_hill
improved_hill_(+)-JQ1_100_249-2,8.887545,9.408472,A549,(+)-JQ1,100.0,nM,24.0,(+)-JQ1_100nM,improved_hill
improved_hill_(+)-JQ1_100_194-2,6.59783,6.81925,A549,(+)-JQ1,100.0,nM,24.0,(+)-JQ1_100nM,improved_hill
improved_hill_(+)-JQ1_100_130-2,1.9576629,5.2723517,A549,(+)-JQ1,100.0,nM,24.0,(+)-JQ1_100nM,improved_hill
improved_hill_(+)-JQ1_100_467-2,5.9558964,7.492687,A549,(+)-JQ1,100.0,nM,24.0,(+)-JQ1_100nM,improved_hill
improved_hill_(+)-JQ1_100_325-2,7.785775,6.878227,A549,(+)-JQ1,100.0,nM,24.0,(+)-JQ1_100nM,improved_hill
improved_hill_(+)-JQ1_100_96-2,4.8329306,10.0396185,A549,(+)-JQ1,100.0,nM,24.0,(+)-JQ1_100nM,improved_hill
improved_hill_(+)-JQ1_100_37-2,7.871941,6.5332565,A549,(+)-JQ1,100.0,nM,24.0,(+)-JQ1_100nM,improved_hill
improved_hill_(+)-JQ1_100_40-2,5.397345,7.581966,A549,(+)-JQ1,100.0,nM,24.0,(+)-JQ1_100nM,improved_hill
improved_hill_(+)-JQ1_100_94-2,4.552483,4.656356,A549,(+)-JQ1,100.0,nM,24.0,(+)-JQ1_100nM,improved_hill
improved_hill_(+)-JQ1_100_274-2,2.6622868,9.417507,A549,(+)-JQ1,100.0,nM,24.0,(+)-JQ1_100nM,improved_hill
improved_hill_(+)-JQ1_100_428-2,4.635844,2.8058636,A549,(+)-JQ1,100.0,nM,24.0,(+)-JQ1_100nM,improved_hill
improved_hill_(+)-JQ1_100_124-2,2.959827,4.5560107,A549,(+)-JQ1,100.0,nM,24.0,(+)-JQ1_100nM,improved_hill
improved_hill_(+)-JQ1_100_464-2,1.5034534,6.5993624,A549,(+)-JQ1,100.0,nM,24.0,(+)-JQ1_100nM,improved_hill
improved_hill_(+)-JQ1_100_268-2,9.39361,4.9144783,A549,(+)-JQ1,100.0,nM,24.0,(+)-JQ1_100nM,improved_hill
improved_hill_(+)-JQ1_100_469-2,-0.73028845,7.8757687,A549,(+)-JQ1,100.0,nM,24.0,(+)-JQ1_100nM,improved_hill
improved_hill_(+)-JQ1_100_179-2,8.26495,5.7059493,A549,(+)-JQ1,100.0,nM,24.0,(+)-JQ1_100nM,improved_hill
improved_hill_(+)-JQ1_100_30-2,1.3595814,6.8681226,A549,(+)-JQ1,100.0,nM,24.0,(+)-JQ1_100nM,improved_hill
improved_hill_(+)-JQ1_100_267-2,6.10524,10.315932,A549,(+)-JQ1,100.0,nM,24.0,(+)-JQ1_100nM,improved_hill
improved_hill_(+)-JQ1_100_269-2,5.746936,10.00911,A549,(+)-JQ1,100.0,nM,24.0,(+)-JQ1_100nM,improved_hill
improved_hill_(+)-JQ1_100_216-2,6.1331944,6.5021887,A549,(+)-JQ1,100.0,nM,24.0,(+)-JQ1_100nM,improved_hill
improved_hill_(+)-JQ1_100_333-2,0.23488005,6.186021,A549,(+)-JQ1,100.0,nM,24.0,(+)-JQ1_100nM,improved_hill
improved_hill_(+)-JQ1_100_44-2,6.18145,7.5173464,A549,(+)-JQ1,100.0,nM,24.0,(+)-JQ1_100nM,improved_hill
improved_hill_(+)-JQ1_100_163-2,4.1049204,8.282806,A549,(+)-JQ1,100.0,nM,24.0,(+)-JQ1_100nM,improved_hill
improved_hill_(+)-JQ1_100_312-2,10.6779585,7.186833,A549,(+)-JQ1,100.0,nM,24.0,(+)-JQ1_100nM,improved_hill
improved_hill_(+)-JQ1_100_261-2,3.4368725,8.830392,A549,(+)-JQ1,100.0,nM,24.0,(+)-JQ1_100nM,improved_hill
improved_hill_(+)-JQ1_100_348-2,5.696782,5.6797423,A549,(+)-JQ1,100.0,nM,24.0,(+)-JQ1_100nM,improved_hill
improved_hill_(+)-JQ1_100_195-2,2.3542213,5.1583543,A549,(+)-JQ1,100.0,nM,24.0,(+)-JQ1_100nM,improved_hill
improved_hill_(+)-JQ1_100_308-2,6.898264,3.4369419,A549,(+)-JQ1,100.0,nM,24.0,(+)-JQ1_100nM,improved_hill
improved_hill_(+)-JQ1_100_115-2,6.6283884,6.0882983,A549,(+)-JQ1,100.0,nM,24.0,(+)-JQ1_100nM,improved_hill
improved_hill_(+)-JQ1_100_159-2,7.078527,7.0576634,A549,(+)-JQ1,100.0,nM,24.0,(+)-JQ1_100nM,improved_hill
improved_hill_(+)-JQ1_100_339-2,7.285477,2.6560025,A549,(+)-JQ1,100.0,nM,24.0,(+)-JQ1_100nM,improved_hill
improved_hill_(+)-JQ1_100_330-2,4.9438815,7.0084496,A549,(+)-JQ1,100.0,nM,24.0,(+)-JQ1_100nM,improved_hill
improved_hill_(+)-JQ1_100_207-2,-0.6624199,7.680847,A549,(+)-JQ1,100.0,nM,24.0,(+)-JQ1_100nM,improved_hill
improved_hill_(+)-JQ1_100_5-2,10.722278,3.614442,A549,(+)-JQ1,100.0,nM,24.0,(+)-JQ1_100nM,improved_hill
improved_hill_(+)-JQ1_100_388-2,10.512583,8.012942,A549,(+)-JQ1,100.0,nM,24.0,(+)-JQ1_100nM,improved_hill
improved_hill_(+)-JQ1_100_206-2,3.3292048,5.692715,A549,(+)-JQ1,100.0,nM,24.0,(+)-JQ1_100nM,improved_hill
improved_hill_(+)-JQ1_100_437-2,1.4952263,8.37163,A549,(+)-JQ1,100.0,nM,24.0,(+)-JQ1_100nM,improved_hill
improved_hill_(+)-JQ1_100_144-2,8.218684,9.947944,A549,(+)-JQ1,100.0,nM,24.0,(+)-JQ1_100nM,improved_hill
improved_hill_(+)-JQ1_100_95-2,0.99528116,4.8135242,A549,(+)-JQ1,100.0,nM,24.0,(+)-JQ1_100nM,improved_hill
improved_hill_(+)-JQ1_100_215-2,5.9292197,1.8942709,A549,(+)-JQ1,100.0,nM,24.0,(+)-JQ1_100nM,improved_hill
improved_hill_(+)-JQ1_100_13-2,5.6018457,3.2128217,A549,(+)-JQ1,100.0,nM,24.0,(+)-JQ1_100nM,improved_hill
improved_hill_(+)-JQ1_100_495-2,3.2037182,4.447247,A549,(+)-JQ1,100.0,nM,24.0,(+)-JQ1_100nM,improved_hill
improved_hill_(+)-JQ1_100_452-2,4.8286567,2.3207476,A549,(+)-JQ1,100.0,nM,24.0,(+)-JQ1_100nM,improved_hill
improved_hill_(+)-JQ1_100_169-2,6.9144745,3.0013201,A549,(+)-JQ1,100.0,nM,24.0,(+)-JQ1_100nM,improved_hill
improved_hill_(+)-JQ1_100_318-2,3.8240614,6.705114,A549,(+)-JQ1,100.0,nM,24.0,(+)-JQ1_100nM,improved_hill
improved_hill_(+)-JQ1_100_112-2,6.872982,4.420687,A549,(+)-JQ1,100.0,nM,24.0,(+)-JQ1_100nM,improved_hill
improved_hill_(+)-JQ1_100_314-2,2.9827278,5.634443,A549,(+)-JQ1,100.0,nM,24.0,(+)-JQ1_100nM,improved_hill
improved_hill_(+)-JQ1_100_309-2,4.485202,4.4295516,A549,(+)-JQ1,100.0,nM,24.0,(+)-JQ1_100nM,improved_hill
improved_hill_(+)-JQ1_100_32-2,9.057881,8.251915,A549,(+)-JQ1,100.0,nM,24.0,(+)-JQ1_100nM,improved_hill
improved_hill_(+)-JQ1_100_291-2,4.932745,9.686268,A549,(+)-JQ1,100.0,nM,24.0,(+)-JQ1_100nM,improved_hill
improved_hill_(+)-JQ1_100_273-2,3.4691808,5.838739,A549,(+)-JQ1,100.0,nM,24.0,(+)-JQ1_100nM,improved_hill
improved_hill_(+)-JQ1_100_28-2,8.33792,7.1594834,A549,(+)-JQ1,100.0,nM,24.0,(+)-JQ1_100nM,improved_hill
improved_hill_(+)-JQ1_100_238-2,6.453014,1.8695443,A549,(+)-JQ1,100.0,nM,24.0,(+)-JQ1_100nM,improved_hill
improved_hill_(+)-JQ1_100_445-2,2.1814167,3.6289978,A549,(+)-JQ1,100.0,nM,24.0,(+)-JQ1_100nM,improved_hill
improved_hill_(+)-JQ1_100_212-2,4.1155167,9.510972,A549,(+)-JQ1,100.0,nM,24.0,(+)-JQ1_100nM,improved_hill
improved_hill_(+)-JQ1_100_3-2,7.022381,4.1579885,A549,(+)-JQ1,100.0,nM,24.0,(+)-JQ1_100nM,improved_hill
improved_hill_(+)-JQ1_100_165-2,2.655704,4.258688,A549,(+)-JQ1,100.0,nM,24.0,(+)-JQ1_100nM,improved_hill
improved_hill_(+)-JQ1_100_110-2,5.212282,2.6096516,A549,(+)-JQ1,100.0,nM,24.0,(+)-JQ1_100nM,improved_hill
improved_hill_(+)-JQ1_100_8-2,2.9258099,8.41728,A549,(+)-JQ1,100.0,nM,24.0,(+)-JQ1_100nM,improved_hill
improved_hill_(+)-JQ1_100_474-2,-0.6108966,8.822153,A549,(+)-JQ1,100.0,nM,24.0,(+)-JQ1_100nM,improved_hill
improved_hill_(+)-JQ1_100_488-2,10.109484,8.277985,A549,(+)-JQ1,100.0,nM,24.0,(+)-JQ1_100nM,improved_hill
improved_hill_(+)-JQ1_100_252-2,10.1742115,8.703769,A549,(+)-JQ1,100.0,nM,24.0,(+)-JQ1_100nM,improved_hill
improved_hill_(+)-JQ1_100_149-2,0.6560437,5.3359747,A549,(+)-JQ1,100.0,nM,24.0,(+)-JQ1_100nM,improved_hill
improved_hill_(+)-JQ1_100_140-2,2.2912872,9.222043,A549,(+)-JQ1,100.0,nM,24.0,(+)-JQ1_100nM,improved_hill
improved_hill_(+)-JQ1_100_73-2,1.9511224,8.487871,A549,(+)-JQ1,100.0,nM,24.0,(+)-JQ1_100nM,improved_hill
improved_hill_(+)-JQ1_100_85-2,1.9841034,6.912655,A549,(+)-JQ1,100.0,nM,24.0,(+)-JQ1_100nM,improved_hill
improved_hill_(+)-JQ1_100_116-2,2.6391053,9.684475,A549,(+)-JQ1,100.0,nM,24.0,(+)-JQ1_100nM,improved_hill
improved_hill_(+)-JQ1_100_383-2,3.2827528,5.123081,A549,(+)-JQ1,100.0,nM,24.0,(+)-JQ1_100nM,improved_hill
improved_hill_(+)-JQ1_100_372-2,1.9688696,9.410997,A549,(+)-JQ1,100.0,nM,24.0,(+)-JQ1_100nM,improved_hill
improved_hill_(+)-JQ1_100_229-2,6.3725777,2.6952636,A549,(+)-JQ1,100.0,nM,24.0,(+)-JQ1_100nM,improved_hill
improved_hill_(+)-JQ1_100_239-2,5.4509234,7.3556557,A549,(+)-JQ1,100.0,nM,24.0,(+)-JQ1_100nM,improved_hill
improved_hill_(+)-JQ1_100_409-2,1.2499825,8.018399,A549,(+)-JQ1,100.0,nM,24.0,(+)-JQ1_100nM,improved_hill
improved_hill_(+)-JQ1_100_47-2,4.1594396,7.7677026,A549,(+)-JQ1,100.0,nM,24.0,(+)-JQ1_100nM,improved_hill
improved_hill_(+)-JQ1_100_118-2,3.707694,5.6381087,A549,(+)-JQ1,100.0,nM,24.0,(+)-JQ1_100nM,improved_hill
improved_hill_(+)-JQ1_100_299-2,5.360992,2.2374012,A549,(+)-JQ1,100.0,nM,24.0,(+)-JQ1_100nM,improved_hill
improved_hill_(+)-JQ1_100_136-2,2.7945373,7.751178,A549,(+)-JQ1,100.0,nM,24.0,(+)-JQ1_100nM,improved_hill
improved_hill_(+)-JQ1_100_432-2,5.375699,4.303724,A549,(+)-JQ1,100.0,nM,24.0,(+)-JQ1_100nM,improved_hill
improved_hill_(+)-JQ1_100_301-2,4.1889634,5.119531,A549,(+)-JQ1,100.0,nM,24.0,(+)-JQ1_100nM,improved_hill
improved_hill_(+)-JQ1_100_262-2,5.4246655,5.9047737,A549,(+)-JQ1,100.0,nM,24.0,(+)-JQ1_100nM,improved_hill
improved_hill_(+)-JQ1_100_91-2,5.4931054,2.5991094,A549,(+)-JQ1,100.0,nM,24.0,(+)-JQ1_100nM,improved_hill
improved_hill_(+)-JQ1_100_122-2,2.7027912,5.959984,A549,(+)-JQ1,100.0,nM,24.0,(+)-JQ1_100nM,improved_hill
improved_hill_(+)-JQ1_1000_97-2,4.319076,9.743419,A549,(+)-JQ1,1000.0,nM,24.0,(+)-JQ1_1000nM,improved_hill
improved_hill_(+)-JQ1_1000_236-2,10.998706,8.072666,A549,(+)-JQ1,1000.0,nM,24.0,(+)-JQ1_1000nM,improved_hill
improved_hill_(+)-JQ1_1000_175-2,7.104109,8.072657,A549,(+)-JQ1,1000.0,nM,24.0,(+)-JQ1_1000nM,improved_hill
improved_hill_(+)-JQ1_1000_451-2,0.39656478,6.5831017,A549,(+)-JQ1,1000.0,nM,24.0,(+)-JQ1_1000nM,improved_hill
improved_hill_(+)-JQ1_1000_289-2,6.803674,6.852492,A549,(+)-JQ1,1000.0,nM,24.0,(+)-JQ1_1000nM,improved_hill
improved_hill_(+)-JQ1_1000_455-2,4.469147,2.8421786,A549,(+)-JQ1,1000.0,nM,24.0,(+)-JQ1_1000nM,improved_hill
improved_hill_(+)-JQ1_1000_274-2,1.937488,9.128475,A549,(+)-JQ1,1000.0,nM,24.0,(+)-JQ1_1000nM,improved_hill
improved_hill_(+)-JQ1_1000_429-2,1.1786759,4.630664,A549,(+)-JQ1,1000.0,nM,24.0,(+)-JQ1_1000nM,improved_hill
improved_hill_(+)-JQ1_1000_207-2,-0.85140705,7.658544,A549,(+)-JQ1,1000.0,nM,24.0,(+)-JQ1_1000nM,improved_hill
improved_hill_(+)-JQ1_1000_254-2,2.4779525,7.1438327,A549,(+)-JQ1,1000.0,nM,24.0,(+)-JQ1_1000nM,improved_hill
improved_hill_(+)-JQ1_1000_434-2,9.381041,8.290745,A549,(+)-JQ1,1000.0,nM,24.0,(+)-JQ1_1000nM,improved_hill
improved_hill_(+)-JQ1_1000_13-2,5.276248,3.224465,A549,(+)-JQ1,1000.0,nM,24.0,(+)-JQ1_1000nM,improved_hill
improved_hill_(+)-JQ1_1000_36-2,8.064256,7.5037436,A549,(+)-JQ1,1000.0,nM,24.0,(+)-JQ1_1000nM,improved_hill
improved_hill_(+)-JQ1_1000_230-2,10.1691675,6.949082,A549,(+)-JQ1,1000.0,nM,24.0,(+)-JQ1_1000nM,improved_hill
improved_hill_(+)-JQ1_1000_427-2,6.61777,9.813505,A549,(+)-JQ1,1000.0,nM,24.0,(+)-JQ1_1000nM,improved_hill
improved_hill_(+)-JQ1_1000_384-2,-0.090636045,6.5551515,A549,(+)-JQ1,1000.0,nM,24.0,(+)-JQ1_1000nM,improved_hill
improved_hill_(+)-JQ1_1000_398-2,3.6430058,4.0751066,A549,(+)-JQ1,1000.0,nM,24.0,(+)-JQ1_1000nM,improved_hill
improved_hill_(+)-JQ1_1000_155-2,6.452165,7.3432684,A549,(+)-JQ1,1000.0,nM,24.0,(+)-JQ1_1000nM,improved_hill
improved_hill_(+)-JQ1_1000_412-2,9.8087635,3.7736406,A549,(+)-JQ1,1000.0,nM,24.0,(+)-JQ1_1000nM,improved_hill
improved_hill_(+)-JQ1_1000_166-2,5.993532,7.3718038,A549,(+)-JQ1,1000.0,nM,24.0,(+)-JQ1_1000nM,improved_hill
improved_hill_(+)-JQ1_1000_292-2,5.9050074,3.4376378,A549,(+)-JQ1,1000.0,nM,24.0,(+)-JQ1_1000nM,improved_hill
improved_hill_(+)-JQ1_1000_170-2,0.87454766,6.8067336,A549,(+)-JQ1,1000.0,nM,24.0,(+)-JQ1_1000nM,improved_hill
improved_hill_(+)-JQ1_1000_388-2,10.234399,8.060314,A549,(+)-JQ1,1000.0,nM,24.0,(+)-JQ1_1000nM,improved_hill
improved_hill_(+)-JQ1_1000_42-2,0.50507396,7.8456187,A549,(+)-JQ1,1000.0,nM,24.0,(+)-JQ1_1000nM,improved_hill
improved_hill_(+)-JQ1_1000_443-2,7.304066,5.984337,A549,(+)-JQ1,1000.0,nM,24.0,(+)-JQ1_1000nM,improved_hill
improved_hill_(+)-JQ1_1000_89-2,0.5924426,8.120285,A549,(+)-JQ1,1000.0,nM,24.0,(+)-JQ1_1000nM,improved_hill
improved_hill_(+)-JQ1_1000_436-2,0.8639394,5.8754787,A549,(+)-JQ1,1000.0,nM,24.0,(+)-JQ1_1000nM,improved_hill
improved_hill_(+)-JQ1_1000_285-2,10.292814,6.9248843,A549,(+)-JQ1,1000.0,nM,24.0,(+)-JQ1_1000nM,improved_hill
improved_hill_(+)-JQ1_1000_96-2,3.2780728,9.835241,A549,(+)-JQ1,1000.0,nM,24.0,(+)-JQ1_1000nM,improved_hill
improved_hill_(+)-JQ1_1000_305-2,3.1436856,5.550493,A549,(+)-JQ1,1000.0,nM,24.0,(+)-JQ1_1000nM,improved_hill
improved_hill_(+)-JQ1_1000_146-2,2.9917789,6.88097,A549,(+)-JQ1,1000.0,nM,24.0,(+)-JQ1_1000nM,improved_hill
improved_hill_(+)-JQ1_1000_467-2,5.402405,7.307931,A549,(+)-JQ1,1000.0,nM,24.0,(+)-JQ1_1000nM,improved_hill
improved_hill_(+)-JQ1_1000_234-2,2.103648,7.3395,A549,(+)-JQ1,1000.0,nM,24.0,(+)-JQ1_1000nM,improved_hill
improved_hill_(+)-JQ1_1000_12-2,6.1509795,7.0611677,A549,(+)-JQ1,1000.0,nM,24.0,(+)-JQ1_1000nM,improved_hill
improved_hill_(+)-JQ1_1000_28-2,7.5499125,7.084151,A549,(+)-JQ1,1000.0,nM,24.0,(+)-JQ1_1000nM,improved_hill
improved_hill_(+)-JQ1_1000_190-2,3.858511,8.607984,A549,(+)-JQ1,1000.0,nM,24.0,(+)-JQ1_1000nM,improved_hill
improved_hill_(+)-JQ1_1000_117-2,3.2179554,9.378444,A549,(+)-JQ1,1000.0,nM,24.0,(+)-JQ1_1000nM,improved_hill
improved_hill_(+)-JQ1_1000_342-2,6.5492816,10.184053,A549,(+)-JQ1,1000.0,nM,24.0,(+)-JQ1_1000nM,improved_hill
improved_hill_(+)-JQ1_1000_87-2,3.7315536,5.996674,A549,(+)-JQ1,1000.0,nM,24.0,(+)-JQ1_1000nM,improved_hill
improved_hill_(+)-JQ1_1000_397-2,6.1870832,8.110084,A549,(+)-JQ1,1000.0,nM,24.0,(+)-JQ1_1000nM,improved_hill
improved_hill_(+)-JQ1_1000_392-2,-0.53686607,7.1160502,A549,(+)-JQ1,1000.0,nM,24.0,(+)-JQ1_1000nM,improved_hill
improved_hill_(+)-JQ1_1000_468-2,8.317377,4.399124,A549,(+)-JQ1,1000.0,nM,24.0,(+)-JQ1_1000nM,improved_hill
improved_hill_(+)-JQ1_1000_334-2,0.8010409,6.0309772,A549,(+)-JQ1,1000.0,nM,24.0,(+)-JQ1_1000nM,improved_hill
improved_hill_(+)-JQ1_1000_337-2,0.41988376,5.9612074,A549,(+)-JQ1,1000.0,nM,24.0,(+)-JQ1_1000nM,improved_hill
improved_hill_(+)-JQ1_1000_168-2,0.57133377,6.358679,A549,(+)-JQ1,1000.0,nM,24.0,(+)-JQ1_1000nM,improved_hill
improved_hill_(+)-JQ1_1000_189-2,4.690922,9.123039,A549,(+)-JQ1,1000.0,nM,24.0,(+)-JQ1_1000nM,improved_hill
improved_hill_(+)-JQ1_1000_381-2,-0.5386337,7.481876,A549,(+)-JQ1,1000.0,nM,24.0,(+)-JQ1_1000nM,improved_hill
improved_hill_(+)-JQ1_1000_283-2,6.497745,3.507302,A549,(+)-JQ1,1000.0,nM,24.0,(+)-JQ1_1000nM,improved_hill
improved_hill_(+)-JQ1_1000_269-2,5.444305,9.786526,A549,(+)-JQ1,1000.0,nM,24.0,(+)-JQ1_1000nM,improved_hill
improved_hill_(+)-JQ1_1000_407-2,3.7931426,4.6749115,A549,(+)-JQ1,1000.0,nM,24.0,(+)-JQ1_1000nM,improved_hill
improved_hill_(+)-JQ1_1000_30-2,0.21824594,7.456919,A549,(+)-JQ1,1000.0,nM,24.0,(+)-JQ1_1000nM,improved_hill
improved_hill_(+)-JQ1_1000_206-2,1.308586,5.966791,A549,(+)-JQ1,1000.0,nM,24.0,(+)-JQ1_1000nM,improved_hill
improved_hill_(+)-JQ1_1000_368-2,-0.77028614,7.82143,A549,(+)-JQ1,1000.0,nM,24.0,(+)-JQ1_1000nM,improved_hill
improved_hill_(+)-JQ1_1000_35-2,1.7824377,8.597752,A549,(+)-JQ1,1000.0,nM,24.0,(+)-JQ1_1000nM,improved_hill
improved_hill_(+)-JQ1_1000_490-2,0.17456894,8.226349,A549,(+)-JQ1,1000.0,nM,24.0,(+)-JQ1_1000nM,improved_hill
improved_hill_(+)-JQ1_1000_167-2,2.7990048,9.600468,A549,(+)-JQ1,1000.0,nM,24.0,(+)-JQ1_1000nM,improved_hill
improved_hill_(+)-JQ1_1000_404-2,8.473034,7.246321,A549,(+)-JQ1,1000.0,nM,24.0,(+)-JQ1_1000nM,improved_hill
improved_hill_(+)-JQ1_1000_282-2,1.0721585,7.893177,A549,(+)-JQ1,1000.0,nM,24.0,(+)-JQ1_1000nM,improved_hill
improved_hill_(+)-JQ1_1000_319-2,2.6110213,8.493333,A549,(+)-JQ1,1000.0,nM,24.0,(+)-JQ1_1000nM,improved_hill
improved_hill_(+)-JQ1_1000_371-2,7.4730706,2.2637892,A549,(+)-JQ1,1000.0,nM,24.0,(+)-JQ1_1000nM,improved_hill
improved_hill_(+)-JQ1_1000_120-2,6.5317893,5.457452,A549,(+)-JQ1,1000.0,nM,24.0,(+)-JQ1_1000nM,improved_hill
improved_hill_(+)-JQ1_1000_180-2,3.2808,2.9388647,A549,(+)-JQ1,1000.0,nM,24.0,(+)-JQ1_1000nM,improved_hill
improved_hill_(+)-JQ1_1000_367-2,8.396767,2.9210746,A549,(+)-JQ1,1000.0,nM,24.0,(+)-JQ1_1000nM,improved_hill
improved_hill_(+)-JQ1_1000_22-2,1.8191041,7.0779366,A549,(+)-JQ1,1000.0,nM,24.0,(+)-JQ1_1000nM,improved_hill
improved_hill_(+)-JQ1_1000_182-2,5.901392,10.138509,A549,(+)-JQ1,1000.0,nM,24.0,(+)-JQ1_1000nM,improved_hill
improved_hill_(+)-JQ1_1000_148-2,-0.8953481,7.7630005,A549,(+)-JQ1,1000.0,nM,24.0,(+)-JQ1_1000nM,improved_hill
improved_hill_(+)-JQ1_1000_256-2,4.1296325,9.016203,A549,(+)-JQ1,1000.0,nM,24.0,(+)-JQ1_1000nM,improved_hill
improved_hill_(+)-JQ1_1000_257-2,0.7761427,7.2802963,A549,(+)-JQ1,1000.0,nM,24.0,(+)-JQ1_1000nM,improved_hill
improved_hill_(+)-JQ1_1000_382-2,3.1627555,5.458305,A549,(+)-JQ1,1000.0,nM,24.0,(+)-JQ1_1000nM,improved_hill
improved_hill_(+)-JQ1_1000_15-2,4.340438,9.243323,A549,(+)-JQ1,1000.0,nM,24.0,(+)-JQ1_1000nM,improved_hill
improved_hill_(+)-JQ1_1000_68-2,8.612753,4.7666984,A549,(+)-JQ1,1000.0,nM,24.0,(+)-JQ1_1000nM,improved_hill
improved_hill_(+)-JQ1_1000_459-2,2.7776184,5.1063156,A549,(+)-JQ1,1000.0,nM,24.0,(+)-JQ1_1000nM,improved_hill
improved_hill_(+)-JQ1_1000_363-2,5.394399,7.617287,A549,(+)-JQ1,1000.0,nM,24.0,(+)-JQ1_1000nM,improved_hill
improved_hill_(+)-JQ1_1000_492-2,5.6125193,5.6369805,A549,(+)-JQ1,1000.0,nM,24.0,(+)-JQ1_1000nM,improved_hill
improved_hill_(+)-JQ1_1000_183-2,4.5836983,6.5490746,A549,(+)-JQ1,1000.0,nM,24.0,(+)-JQ1_1000nM,improved_hill
improved_hill_(+)-JQ1_1000_360-2,6.573552,1.8402859,A549,(+)-JQ1,1000.0,nM,24.0,(+)-JQ1_1000nM,improved_hill
improved_hill_(+)-JQ1_1000_34-2,1.3807323,7.2484975,A549,(+)-JQ1,1000.0,nM,24.0,(+)-JQ1_1000nM,improved_hill
improved_hill_(+)-JQ1_1000_233-2,0.68049407,7.2347426,A549,(+)-JQ1,1000.0,nM,24.0,(+)-JQ1_1000nM,improved_hill
improved_hill_(+)-JQ1_1000_351-2,9.439086,3.7269552,A549,(+)-JQ1,1000.0,nM,24.0,(+)-JQ1_1000nM,improved_hill
improved_hill_(+)-JQ1_1000_286-2,3.1186588,7.2588897,A549,(+)-JQ1,1000.0,nM,24.0,(+)-JQ1_1000nM,improved_hill
improved_hill_(+)-JQ1_1000_258-2,0.05031408,7.6886854,A549,(+)-JQ1,1000.0,nM,24.0,(+)-JQ1_1000nM,improved_hill
improved_hill_(+)-JQ1_1000_47-2,3.6962256,7.9523697,A549,(+)-JQ1,1000.0,nM,24.0,(+)-JQ1_1000nM,improved_hill
improved_hill_(+)-JQ1_1000_332-2,7.490347,7.517301,A549,(+)-JQ1,1000.0,nM,24.0,(+)-JQ1_1000nM,improved_hill
improved_hill_(+)-JQ1_1000_226-2,3.4846249,2.989474,A549,(+)-JQ1,1000.0,nM,24.0,(+)-JQ1_1000nM,improved_hill
improved_hill_(+)-JQ1_1000_293-2,11.080884,7.302618,A549,(+)-JQ1,1000.0,nM,24.0,(+)-JQ1_1000nM,improved_hill
improved_hill_(+)-JQ1_1000_14-2,-0.87315243,7.2009144,A549,(+)-JQ1,1000.0,nM,24.0,(+)-JQ1_1000nM,improved_hill
improved_hill_(+)-JQ1_1000_85-2,0.833513,6.984287,A549,(+)-JQ1,1000.0,nM,24.0,(+)-JQ1_1000nM,improved_hill
improved_hill_(+)-JQ1_1000_476-2,0.9185701,7.55988,A549,(+)-JQ1,1000.0,nM,24.0,(+)-JQ1_1000nM,improved_hill
improved_hill_(+)-JQ1_1000_335-2,3.5313108,8.740295,A549,(+)-JQ1,1000.0,nM,24.0,(+)-JQ1_1000nM,improved_hill
improved_hill_(+)-JQ1_1000_133-2,9.117034,8.626272,A549,(+)-JQ1,1000.0,nM,24.0,(+)-JQ1_1000nM,improved_hill
improved_hill_(+)-JQ1_1000_135-2,0.5044471,7.2241154,A549,(+)-JQ1,1000.0,nM,24.0,(+)-JQ1_1000nM,improved_hill
improved_hill_(+)-JQ1_1000_475-2,9.870811,8.533567,A549,(+)-JQ1,1000.0,nM,24.0,(+)-JQ1_1000nM,improved_hill
improved_hill_(+)-JQ1_1000_321-2,4.496092,2.960137,A549,(+)-JQ1,1000.0,nM,24.0,(+)-JQ1_1000nM,improved_hill
improved_hill_(+)-JQ1_1000_324-2,9.545595,9.037261,A549,(+)-JQ1,1000.0,nM,24.0,(+)-JQ1_1000nM,improved_hill
improved_hill_(+)-JQ1_1000_353-2,1.1769841,5.959959,A549,(+)-JQ1,1000.0,nM,24.0,(+)-JQ1_1000nM,improved_hill
improved_hill_(+)-JQ1_1000_240-2,3.0167155,6.7133193,A549,(+)-JQ1,1000.0,nM,24.0,(+)-JQ1_1000nM,improved_hill
improved_hill_(+)-JQ1_1000_444-2,0.8605623,5.8891478,A549,(+)-JQ1,1000.0,nM,24.0,(+)-JQ1_1000nM,improved_hill
improved_hill_(+)-JQ1_1000_377-2,6.7493005,3.5374794,A549,(+)-JQ1,1000.0,nM,24.0,(+)-JQ1_1000nM,improved_hill
improved_hill_(+)-JQ1_1000_228-2,8.499503,6.9483366,A549,(+)-JQ1,1000.0,nM,24.0,(+)-JQ1_1000nM,improved_hill
improved_hill_(+)-JQ1_1000_94-2,4.1972837,4.727214,A549,(+)-JQ1,1000.0,nM,24.0,(+)-JQ1_1000nM,improved_hill
improved_hill_(+)-JQ1_1000_208-2,1.854343,4.446902,A549,(+)-JQ1,1000.0,nM,24.0,(+)-JQ1_1000nM,improved_hill
improved_hill_(+)-JQ1_1000_44-2,5.6898136,7.8607416,A549,(+)-JQ1,1000.0,nM,24.0,(+)-JQ1_1000nM,improved_hill
improved_hill_(+)-JQ1_1000_118-2,3.200948,5.695831,A549,(+)-JQ1,1000.0,nM,24.0,(+)-JQ1_1000nM,improved_hill
improved_hill_(+)-JQ1_1000_495-2,1.5154711,5.244328,A549,(+)-JQ1,1000.0,nM,24.0,(+)-JQ1_1000nM,improved_hill
improved_hill_(+)-JQ1_1000_498-2,3.147378,7.486426,A549,(+)-JQ1,1000.0,nM,24.0,(+)-JQ1_1000nM,improved_hill
improved_hill_(+)-JQ1_1000_77-2,-0.5857828,7.675507,A549,(+)-JQ1,1000.0,nM,24.0,(+)-JQ1_1000nM,improved_hill
improved_hill_(+)-JQ1_1000_375-2,5.8216653,10.033104,A549,(+)-JQ1,1000.0,nM,24.0,(+)-JQ1_1000nM,improved_hill
improved_hill_(+)-JQ1_1000_452-2,3.2598827,3.0193138,A549,(+)-JQ1,1000.0,nM,24.0,(+)-JQ1_1000nM,improved_hill
improved_hill_(+)-JQ1_1000_124-2,1.7768478,5.31363,A549,(+)-JQ1,1000.0,nM,24.0,(+)-JQ1_1000nM,improved_hill
improved_hill_(+)-JQ1_1000_441-2,5.175409,6.8356104,A549,(+)-JQ1,1000.0,nM,24.0,(+)-JQ1_1000nM,improved_hill
improved_hill_(+)-JQ1_10000_395-2,4.131911,6.420882,A549,(+)-JQ1,10000.0,nM,24.0,(+)-JQ1_10000nM,improved_hill
improved_hill_(+)-JQ1_10000_445-2,1.3691754,4.300627,A549,(+)-JQ1,10000.0,nM,24.0,(+)-JQ1_10000nM,improved_hill
improved_hill_(+)-JQ1_10000_346-2,8.502791,8.006915,A549,(+)-JQ1,10000.0,nM,24.0,(+)-JQ1_10000nM,improved_hill
improved_hill_(+)-JQ1_10000_124-2,1.4564127,5.522203,A549,(+)-JQ1,10000.0,nM,24.0,(+)-JQ1_10000nM,improved_hill
improved_hill_(+)-JQ1_10000_201-2,6.411068,7.4437985,A549,(+)-JQ1,10000.0,nM,24.0,(+)-JQ1_10000nM,improved_hill
improved_hill_(+)-JQ1_10000_137-2,1.1136669,7.772403,A549,(+)-JQ1,10000.0,nM,24.0,(+)-JQ1_10000nM,improved_hill
improved_hill_(+)-JQ1_10000_381-2,-0.6325692,7.5818005,A549,(+)-JQ1,10000.0,nM,24.0,(+)-JQ1_10000nM,improved_hill
improved_hill_(+)-JQ1_10000_376-2,0.64965487,6.76401,A549,(+)-JQ1,10000.0,nM,24.0,(+)-JQ1_10000nM,improved_hill
improved_hill_(+)-JQ1_10000_141-2,0.7939888,5.390637,A549,(+)-JQ1,10000.0,nM,24.0,(+)-JQ1_10000nM,improved_hill
improved_hill_(+)-JQ1_10000_368-2,-0.8184387,7.7268243,A549,(+)-JQ1,10000.0,nM,24.0,(+)-JQ1_10000nM,improved_hill
improved_hill_(+)-JQ1_10000_196-2,-0.65534633,7.5134497,A549,(+)-JQ1,10000.0,nM,24.0,(+)-JQ1_10000nM,improved_hill
improved_hill_(+)-JQ1_10000_16-2,-0.5498245,7.319411,A549,(+)-JQ1,10000.0,nM,24.0,(+)-JQ1_10000nM,improved_hill
improved_hill_(+)-JQ1_10000_79-2,3.2056646,5.0148535,A549,(+)-JQ1,10000.0,nM,24.0,(+)-JQ1_10000nM,improved_hill
improved_hill_(+)-JQ1_10000_377-2,6.6352806,3.5776618,A549,(+)-JQ1,10000.0,nM,24.0,(+)-JQ1_10000nM,improved_hill
improved_hill_(+)-JQ1_10000_266-2,0.9076774,6.863759,A549,(+)-JQ1,10000.0,nM,24.0,(+)-JQ1_10000nM,improved_hill
improved_hill_(+)-JQ1_10000_443-2,7.0030236,5.9958134,A549,(+)-JQ1,10000.0,nM,24.0,(+)-JQ1_10000nM,improved_hill
improved_hill_(+)-JQ1_10000_482-2,1.0491095,6.4883857,A549,(+)-JQ1,10000.0,nM,24.0,(+)-JQ1_10000nM,improved_hill
improved_hill_(+)-JQ1_10000_232-2,4.0398297,3.8326974,A549,(+)-JQ1,10000.0,nM,24.0,(+)-JQ1_10000nM,improved_hill
improved_hill_(+)-JQ1_10000_100-2,1.0952458,6.9352555,A549,(+)-JQ1,10000.0,nM,24.0,(+)-JQ1_10000nM,improved_hill
improved_hill_(+)-JQ1_10000_328-2,10.634678,6.768811,A549,(+)-JQ1,10000.0,nM,24.0,(+)-JQ1_10000nM,improved_hill
improved_hill_(+)-JQ1_10000_329-2,1.4070103,5.481363,A549,(+)-JQ1,10000.0,nM,24.0,(+)-JQ1_10000nM,improved_hill
improved_hill_(+)-JQ1_10000_54-2,7.023866,7.410446,A549,(+)-JQ1,10000.0,nM,24.0,(+)-JQ1_10000nM,improved_hill
improved_hill_(+)-JQ1_10000_63-2,3.0105891,4.529242,A549,(+)-JQ1,10000.0,nM,24.0,(+)-JQ1_10000nM,improved_hill
improved_hill_(+)-JQ1_10000_304-2,3.614326,4.2815905,A549,(+)-JQ1,10000.0,nM,24.0,(+)-JQ1_10000nM,improved_hill
improved_hill_(+)-JQ1_10000_152-2,5.7147756,10.1506815,A549,(+)-JQ1,10000.0,nM,24.0,(+)-JQ1_10000nM,improved_hill
improved_hill_(+)-JQ1_10000_36-2,7.887877,7.533674,A549,(+)-JQ1,10000.0,nM,24.0,(+)-JQ1_10000nM,improved_hill
improved_hill_(+)-JQ1_10000_22-2,1.5470091,7.1306033,A549,(+)-JQ1,10000.0,nM,24.0,(+)-JQ1_10000nM,improved_hill
improved_hill_(+)-JQ1_10000_220-2,2.9200613,6.34432,A549,(+)-JQ1,10000.0,nM,24.0,(+)-JQ1_10000nM,improved_hill
improved_hill_(+)-JQ1_10000_117-2,2.8802288,9.271147,A549,(+)-JQ1,10000.0,nM,24.0,(+)-JQ1_10000nM,improved_hill
improved_hill_(+)-JQ1_10000_27-2,5.53533,10.171772,A549,(+)-JQ1,10000.0,nM,24.0,(+)-JQ1_10000nM,improved_hill
improved_hill_(+)-JQ1_10000_498-2,2.8344154,7.3094244,A549,(+)-JQ1,10000.0,nM,24.0,(+)-JQ1_10000nM,improved_hill
improved_hill_(+)-JQ1_10000_4-2,1.7208713,8.819939,A549,(+)-JQ1,10000.0,nM,24.0,(+)-JQ1_10000nM,improved_hill
improved_hill_(+)-JQ1_10000_296-2,2.6533222,5.9178853,A549,(+)-JQ1,10000.0,nM,24.0,(+)-JQ1_10000nM,improved_hill
improved_hill_(+)-JQ1_10000_66-2,4.9944763,5.162737,A549,(+)-JQ1,10000.0,nM,24.0,(+)-JQ1_10000nM,improved_hill
improved_hill_(+)-JQ1_10000_199-2,2.743125,5.368678,A549,(+)-JQ1,10000.0,nM,24.0,(+)-JQ1_10000nM,improved_hill
improved_hill_(+)-JQ1_10000_195-2,0.7745206,6.3150306,A549,(+)-JQ1,10000.0,nM,24.0,(+)-JQ1_10000nM,improved_hill
improved_hill_(+)-JQ1_10000_239-2,3.1538332,5.908433,A549,(+)-JQ1,10000.0,nM,24.0,(+)-JQ1_10000nM,improved_hill
improved_hill_(+)-JQ1_10000_398-2,3.4608338,4.201048,A549,(+)-JQ1,10000.0,nM,24.0,(+)-JQ1_10000nM,improved_hill
improved_hill_(+)-JQ1_10000_455-2,4.3249125,2.9868028,A549,(+)-JQ1,10000.0,nM,24.0,(+)-JQ1_10000nM,improved_hill
improved_hill_(+)-JQ1_10000_62-2,0.8949294,4.833941,A549,(+)-JQ1,10000.0,nM,24.0,(+)-JQ1_10000nM,improved_hill
improved_hill_(+)-JQ1_10000_369-2,6.200949,3.073231,A549,(+)-JQ1,10000.0,nM,24.0,(+)-JQ1_10000nM,improved_hill
improved_hill_(+)-JQ1_10000_246-2,1.8618103,4.552667,A549,(+)-JQ1,10000.0,nM,24.0,(+)-JQ1_10000nM,improved_hill
improved_hill_(+)-JQ1_10000_202-2,10.377046,7.0806875,A549,(+)-JQ1,10000.0,nM,24.0,(+)-JQ1_10000nM,improved_hill
improved_hill_(+)-JQ1_10000_366-2,8.965825,6.9887614,A549,(+)-JQ1,10000.0,nM,24.0,(+)-JQ1_10000nM,improved_hill
improved_hill_(+)-JQ1_10000_265-2,9.992307,3.793379,A549,(+)-JQ1,10000.0,nM,24.0,(+)-JQ1_10000nM,improved_hill
improved_hill_(+)-JQ1_10000_362-2,1.0339288,7.5296984,A549,(+)-JQ1,10000.0,nM,24.0,(+)-JQ1_10000nM,improved_hill
improved_hill_(+)-JQ1_10000_351-2,9.3864,3.807327,A549,(+)-JQ1,10000.0,nM,24.0,(+)-JQ1_10000nM,improved_hill
improved_hill_(+)-JQ1_10000_303-2,9.288098,5.990668,A549,(+)-JQ1,10000.0,nM,24.0,(+)-JQ1_10000nM,improved_hill
improved_hill_(+)-JQ1_10000_267-2,5.7178807,9.981365,A549,(+)-JQ1,10000.0,nM,24.0,(+)-JQ1_10000nM,improved_hill
improved_hill_(+)-JQ1_10000_93-2,6.0587993,5.765217,A549,(+)-JQ1,10000.0,nM,24.0,(+)-JQ1_10000nM,improved_hill
improved_hill_(+)-JQ1_10000_461-2,7.957236,3.4401965,A549,(+)-JQ1,10000.0,nM,24.0,(+)-JQ1_10000nM,improved_hill
improved_hill_(+)-JQ1_10000_6-2,-0.33119398,6.8176966,A549,(+)-JQ1,10000.0,nM,24.0,(+)-JQ1_10000nM,improved_hill
improved_hill_(+)-JQ1_10000_349-2,0.8504876,5.9665136,A549,(+)-JQ1,10000.0,nM,24.0,(+)-JQ1_10000nM,improved_hill
improved_hill_(+)-JQ1_10000_396-2,-0.9336067,8.137554,A549,(+)-JQ1,10000.0,nM,24.0,(+)-JQ1_10000nM,improved_hill
improved_hill_(+)-JQ1_10000_412-2,9.722901,3.876864,A549,(+)-JQ1,10000.0,nM,24.0,(+)-JQ1_10000nM,improved_hill
improved_hill_(+)-JQ1_10000_222-2,1.5549676,6.7269664,A549,(+)-JQ1,10000.0,nM,24.0,(+)-JQ1_10000nM,improved_hill
improved_hill_(+)-JQ1_10000_343-2,6.215482,2.7519033,A549,(+)-JQ1,10000.0,nM,24.0,(+)-JQ1_10000nM,improved_hill
improved_hill_(+)-JQ1_10000_237-2,0.87104374,5.022348,A549,(+)-JQ1,10000.0,nM,24.0,(+)-JQ1_10000nM,improved_hill
improved_hill_(+)-JQ1_10000_53-2,7.0820556,1.7388209,A549,(+)-JQ1,10000.0,nM,24.0,(+)-JQ1_10000nM,improved_hill
improved_hill_(+)-JQ1_10000_76-2,8.376112,8.783944,A549,(+)-JQ1,10000.0,nM,24.0,(+)-JQ1_10000nM,improved_hill
improved_hill_(+)-JQ1_10000_350-2,10.037139,8.415438,A549,(+)-JQ1,10000.0,nM,24.0,(+)-JQ1_10000nM,improved_hill
improved_hill_(+)-JQ1_10000_315-2,6.4257493,7.3895288,A549,(+)-JQ1,10000.0,nM,24.0,(+)-JQ1_10000nM,improved_hill
improved_hill_(+)-JQ1_10000_140-2,0.6454644,7.796993,A549,(+)-JQ1,10000.0,nM,24.0,(+)-JQ1_10000nM,improved_hill
improved_hill_(+)-JQ1_10000_147-2,7.2259336,3.105846,A549,(+)-JQ1,10000.0,nM,24.0,(+)-JQ1_10000nM,improved_hill
improved_hill_(+)-JQ1_10000_317-2,8.871275,5.404156,A549,(+)-JQ1,10000.0,nM,24.0,(+)-JQ1_10000nM,improved_hill
improved_hill_(+)-JQ1_10000_38-2,7.6417284,7.9495173,A549,(+)-JQ1,10000.0,nM,24.0,(+)-JQ1_10000nM,improved_hill
improved_hill_(+)-JQ1_10000_385-2,5.7309957,5.499117,A549,(+)-JQ1,10000.0,nM,24.0,(+)-JQ1_10000nM,improved_hill
improved_hill_(+)-JQ1_10000_131-2,0.37187493,7.7436786,A549,(+)-JQ1,10000.0,nM,24.0,(+)-JQ1_10000nM,improved_hill
improved_hill_(+)-JQ1_10000_215-2,4.2029924,2.4717267,A549,(+)-JQ1,10000.0,nM,24.0,(+)-JQ1_10000nM,improved_hill
improved_hill_(+)-JQ1_10000_84-2,3.6952462,9.1058,A549,(+)-JQ1,10000.0,nM,24.0,(+)-JQ1_10000nM,improved_hill
improved_hill_(+)-JQ1_10000_206-2,1.1141012,5.954321,A549,(+)-JQ1,10000.0,nM,24.0,(+)-JQ1_10000nM,improved_hill
improved_hill_(+)-JQ1_10000_233-2,0.46521914,7.255945,A549,(+)-JQ1,10000.0,nM,24.0,(+)-JQ1_10000nM,improved_hill
improved_hill_(+)-JQ1_10000_392-2,-0.5604695,7.2379775,A549,(+)-JQ1,10000.0,nM,24.0,(+)-JQ1_10000nM,improved_hill
improved_hill_(+)-JQ1_10000_168-2,0.48284227,6.2948604,A549,(+)-JQ1,10000.0,nM,24.0,(+)-JQ1_10000nM,improved_hill
improved_hill_(+)-JQ1_10000_61-2,3.8006103,9.124902,A549,(+)-JQ1,10000.0,nM,24.0,(+)-JQ1_10000nM,improved_hill
improved_hill_(+)-JQ1_10000_165-2,1.4140259,5.2002163,A549,(+)-JQ1,10000.0,nM,24.0,(+)-JQ1_10000nM,improved_hill
improved_hill_(+)-JQ1_10000_52-2,0.13474481,6.473205,A549,(+)-JQ1,10000.0,nM,24.0,(+)-JQ1_10000nM,improved_hill
improved_hill_(+)-JQ1_10000_305-2,2.917549,5.7594757,A549,(+)-JQ1,10000.0,nM,24.0,(+)-JQ1_10000nM,improved_hill
improved_hill_(+)-JQ1_10000_479-2,1.279573,7.6423035,A549,(+)-JQ1,10000.0,nM,24.0,(+)-JQ1_10000nM,improved_hill
improved_hill_(+)-JQ1_10000_142-2,5.0589046,2.9950395,A549,(+)-JQ1,10000.0,nM,24.0,(+)-JQ1_10000nM,improved_hill
improved_hill_(+)-JQ1_10000_254-2,2.1138825,7.1427655,A549,(+)-JQ1,10000.0,nM,24.0,(+)-JQ1_10000nM,improved_hill
improved_hill_(+)-JQ1_10000_339-2,6.536579,2.883494,A549,(+)-JQ1,10000.0,nM,24.0,(+)-JQ1_10000nM,improved_hill
improved_hill_(+)-JQ1_10000_491-2,10.25596,7.6624804,A549,(+)-JQ1,10000.0,nM,24.0,(+)-JQ1_10000nM,improved_hill
improved_hill_(+)-JQ1_10000_420-2,8.710277,8.093234,A549,(+)-JQ1,10000.0,nM,24.0,(+)-JQ1_10000nM,improved_hill
improved_hill_(+)-JQ1_10000_406-2,4.1104074,3.2393363,A549,(+)-JQ1,10000.0,nM,24.0,(+)-JQ1_10000nM,improved_hill
improved_hill_(+)-JQ1_10000_454-2,9.659222,3.3906777,A549,(+)-JQ1,10000.0,nM,24.0,(+)-JQ1_10000nM,improved_hill
improved_hill_(+)-JQ1_10000_353-2,1.1195022,5.890803,A549,(+)-JQ1,10000.0,nM,24.0,(+)-JQ1_10000nM,improved_hill
improved_hill_(+)-JQ1_10000_127-2,9.289027,8.340511,A549,(+)-JQ1,10000.0,nM,24.0,(+)-JQ1_10000nM,improved_hill
improved_hill_(+)-JQ1_10000_115-2,5.0932407,6.4956465,A549,(+)-JQ1,10000.0,nM,24.0,(+)-JQ1_10000nM,improved_hill
improved_hill_(+)-JQ1_10000_434-2,9.310336,8.162991,A549,(+)-JQ1,10000.0,nM,24.0,(+)-JQ1_10000nM,improved_hill
improved_hill_(+)-JQ1_10000_67-2,4.082402,4.8480983,A549,(+)-JQ1,10000.0,nM,24.0,(+)-JQ1_10000nM,improved_hill
improved_hill_(+)-JQ1_10000_337-2,0.3835146,6.065803,A549,(+)-JQ1,10000.0,nM,24.0,(+)-JQ1_10000nM,improved_hill
improved_hill_(+)-JQ1_10000_15-2,4.156867,9.100866,A549,(+)-JQ1,10000.0,nM,24.0,(+)-JQ1_10000nM,improved_hill
improved_hill_(+)-JQ1_10000_2-2,2.4184442,9.736624,A549,(+)-JQ1,10000.0,nM,24.0,(+)-JQ1_10000nM,improved_hill
improved_hill_(+)-JQ1_10000_357-2,6.006669,5.9005837,A549,(+)-JQ1,10000.0,nM,24.0,(+)-JQ1_10000nM,improved_hill
improved_hill_(+)-JQ1_10000_31-2,7.8629994,6.609124,A549,(+)-JQ1,10000.0,nM,24.0,(+)-JQ1_10000nM,improved_hill
improved_hill_(+)-JQ1_10000_478-2,3.1388943,6.358293,A549,(+)-JQ1,10000.0,nM,24.0,(+)-JQ1_10000nM,improved_hill
improved_hill_(+)-JQ1_10000_334-2,0.75380737,6.0513334,A549,(+)-JQ1,10000.0,nM,24.0,(+)-JQ1_10000nM,improved_hill
improved_hill_(+)-JQ1_10000_371-2,7.3641205,2.176953,A549,(+)-JQ1,10000.0,nM,24.0,(+)-JQ1_10000nM,improved_hill
improved_hill_(+)-JQ1_10000_72-2,-0.5669529,7.893005,A549,(+)-JQ1,10000.0,nM,24.0,(+)-JQ1_10000nM,improved_hill
improved_hill_(+)-JQ1_10000_333-2,-0.1408238,6.611576,A549,(+)-JQ1,10000.0,nM,24.0,(+)-JQ1_10000nM,improved_hill
improved_hill_(+)-JQ1_10000_82-2,2.3230958,5.3194714,A549,(+)-JQ1,10000.0,nM,24.0,(+)-JQ1_10000nM,improved_hill
improved_hill_(+)-JQ1_10000_250-2,7.067508,7.520501,A549,(+)-JQ1,10000.0,nM,24.0,(+)-JQ1_10000nM,improved_hill
improved_hill_(+)-JQ1_10000_126-2,7.31879,4.153129,A549,(+)-JQ1,10000.0,nM,24.0,(+)-JQ1_10000nM,improved_hill
improved_hill_(+)-JQ1_10000_172-2,4.592015,7.7571974,A549,(+)-JQ1,10000.0,nM,24.0,(+)-JQ1_10000nM,improved_hill
improved_hill_(+)-JQ1_10000_160-2,9.032763,8.01783,A549,(+)-JQ1,10000.0,nM,24.0,(+)-JQ1_10000nM,improved_hill
improved_hill_(+)-JQ1_10000_384-2,-0.24166791,6.7837934,A549,(+)-JQ1,10000.0,nM,24.0,(+)-JQ1_10000nM,improved_hill
improved_hill_(+)-JQ1_10000_211-2,7.932391,7.696925,A549,(+)-JQ1,10000.0,nM,24.0,(+)-JQ1_10000nM,improved_hill
improved_hill_(+)-JQ1_10000_342-2,6.4680705,10.203183,A549,(+)-JQ1,10000.0,nM,24.0,(+)-JQ1_10000nM,improved_hill
improved_hill_(+)-JQ1_10000_425-2,5.558159,7.5274587,A549,(+)-JQ1,10000.0,nM,24.0,(+)-JQ1_10000nM,improved_hill
improved_hill_Trametinib (GSK1120212)_10_262-2,4.950771,6.346836,A549,Trametinib (GSK1120212),10.0,nM,24.0,Trametinib (GSK1120212)_10nM,improved_hill
improved_hill_Trametinib (GSK1120212)_10_345-2,7.094996,6.9008064,A549,Trametinib (GSK1120212),10.0,nM,24.0,Trametinib (GSK1120212)_10nM,improved_hill
improved_hill_Trametinib (GSK1120212)_10_304-2,5.029708,3.9929328,A549,Trametinib (GSK1120212),10.0,nM,24.0,Trametinib (GSK1120212)_10nM,improved_hill
improved_hill_Trametinib (GSK1120212)_10_43-2,6.468706,10.129494,A549,Trametinib (GSK1120212),10.0,nM,24.0,Trametinib (GSK1120212)_10nM,improved_hill
improved_hill_Trametinib (GSK1120212)_10_187-2,2.8611014,7.6724195,A549,Trametinib (GSK1120212),10.0,nM,24.0,Trametinib (GSK1120212)_10nM,improved_hill
improved_hill_Trametinib (GSK1120212)_10_301-2,3.9079537,5.6140804,A549,Trametinib (GSK1120212),10.0,nM,24.0,Trametinib (GSK1120212)_10nM,improved_hill
improved_hill_Trametinib (GSK1120212)_10_351-2,10.107823,3.3001034,A549,Trametinib (GSK1120212),10.0,nM,24.0,Trametinib (GSK1120212)_10nM,improved_hill
improved_hill_Trametinib (GSK1120212)_10_121-2,4.1065927,10.469087,A549,Trametinib (GSK1120212),10.0,nM,24.0,Trametinib (GSK1120212)_10nM,improved_hill
improved_hill_Trametinib (GSK1120212)_10_447-2,1.8161353,7.2947936,A549,Trametinib (GSK1120212),10.0,nM,24.0,Trametinib (GSK1120212)_10nM,improved_hill
improved_hill_Trametinib (GSK1120212)_10_9-2,3.5124052,7.768751,A549,Trametinib (GSK1120212),10.0,nM,24.0,Trametinib (GSK1120212)_10nM,improved_hill
improved_hill_Trametinib (GSK1120212)_10_224-2,0.8123409,8.977265,A549,Trametinib (GSK1120212),10.0,nM,24.0,Trametinib (GSK1120212)_10nM,improved_hill
improved_hill_Trametinib (GSK1120212)_10_387-2,4.544326,7.0198884,A549,Trametinib (GSK1120212),10.0,nM,24.0,Trametinib (GSK1120212)_10nM,improved_hill
improved_hill_Trametinib (GSK1120212)_10_160-2,9.081492,8.263031,A549,Trametinib (GSK1120212),10.0,nM,24.0,Trametinib (GSK1120212)_10nM,improved_hill
improved_hill_Trametinib (GSK1120212)_10_18-2,2.318129,9.18458,A549,Trametinib (GSK1120212),10.0,nM,24.0,Trametinib (GSK1120212)_10nM,improved_hill
improved_hill_Trametinib (GSK1120212)_10_431-2,6.854551,5.7326255,A549,Trametinib (GSK1120212),10.0,nM,24.0,Trametinib (GSK1120212)_10nM,improved_hill
improved_hill_Trametinib (GSK1120212)_10_89-2,1.808253,9.111542,A549,Trametinib (GSK1120212),10.0,nM,24.0,Trametinib (GSK1120212)_10nM,improved_hill
improved_hill_Trametinib (GSK1120212)_10_115-2,6.3239765,5.9626875,A549,Trametinib (GSK1120212),10.0,nM,24.0,Trametinib (GSK1120212)_10nM,improved_hill
improved_hill_Trametinib (GSK1120212)_10_357-2,7.274014,6.0249896,A549,Trametinib (GSK1120212),10.0,nM,24.0,Trametinib (GSK1120212)_10nM,improved_hill
improved_hill_Trametinib (GSK1120212)_10_478-2,4.8118362,6.5066404,A549,Trametinib (GSK1120212),10.0,nM,24.0,Trametinib (GSK1120212)_10nM,improved_hill
improved_hill_Trametinib (GSK1120212)_10_167-2,3.3624675,10.454307,A549,Trametinib (GSK1120212),10.0,nM,24.0,Trametinib (GSK1120212)_10nM,improved_hill
improved_hill_Trametinib (GSK1120212)_10_186-2,7.6997,7.1058683,A549,Trametinib (GSK1120212),10.0,nM,24.0,Trametinib (GSK1120212)_10nM,improved_hill
improved_hill_Trametinib (GSK1120212)_10_145-2,8.956153,8.038909,A549,Trametinib (GSK1120212),10.0,nM,24.0,Trametinib (GSK1120212)_10nM,improved_hill
improved_hill_Trametinib (GSK1120212)_10_331-2,3.6959403,5.3153577,A549,Trametinib (GSK1120212),10.0,nM,24.0,Trametinib (GSK1120212)_10nM,improved_hill
improved_hill_Trametinib (GSK1120212)_10_185-2,1.0692846,8.472549,A549,Trametinib (GSK1120212),10.0,nM,24.0,Trametinib (GSK1120212)_10nM,improved_hill
improved_hill_Trametinib (GSK1120212)_10_29-2,-0.31036153,8.1185,A549,Trametinib (GSK1120212),10.0,nM,24.0,Trametinib (GSK1120212)_10nM,improved_hill
improved_hill_Trametinib (GSK1120212)_10_164-2,4.2800198,9.698596,A549,Trametinib (GSK1120212),10.0,nM,24.0,Trametinib (GSK1120212)_10nM,improved_hill
improved_hill_Trametinib (GSK1120212)_10_354-2,8.688397,6.165828,A549,Trametinib (GSK1120212),10.0,nM,24.0,Trametinib (GSK1120212)_10nM,improved_hill
improved_hill_Trametinib (GSK1120212)_10_225-2,5.2317314,3.952291,A549,Trametinib (GSK1120212),10.0,nM,24.0,Trametinib (GSK1120212)_10nM,improved_hill
improved_hill_Trametinib (GSK1120212)_10_58-2,3.9581938,8.127986,A549,Trametinib (GSK1120212),10.0,nM,24.0,Trametinib (GSK1120212)_10nM,improved_hill
improved_hill_Trametinib (GSK1120212)_10_21-2,9.593534,3.2108276,A549,Trametinib (GSK1120212),10.0,nM,24.0,Trametinib (GSK1120212)_10nM,improved_hill
improved_hill_Trametinib (GSK1120212)_10_77-2,-0.56586796,8.5032625,A549,Trametinib (GSK1120212),10.0,nM,24.0,Trametinib (GSK1120212)_10nM,improved_hill
improved_hill_Trametinib (GSK1120212)_10_397-2,7.5191073,8.206305,A549,Trametinib (GSK1120212),10.0,nM,24.0,Trametinib (GSK1120212)_10nM,improved_hill
improved_hill_Trametinib (GSK1120212)_10_466-2,4.7953362,5.5740666,A549,Trametinib (GSK1120212),10.0,nM,24.0,Trametinib (GSK1120212)_10nM,improved_hill
improved_hill_Trametinib (GSK1120212)_10_86-2,2.8267088,7.1079855,A549,Trametinib (GSK1120212),10.0,nM,24.0,Trametinib (GSK1120212)_10nM,improved_hill
improved_hill_Trametinib (GSK1120212)_10_230-2,10.635911,7.1953435,A549,Trametinib (GSK1120212),10.0,nM,24.0,Trametinib (GSK1120212)_10nM,improved_hill
improved_hill_Trametinib (GSK1120212)_10_293-2,11.361232,7.687724,A549,Trametinib (GSK1120212),10.0,nM,24.0,Trametinib (GSK1120212)_10nM,improved_hill
improved_hill_Trametinib (GSK1120212)_10_300-2,5.196163,3.297761,A549,Trametinib (GSK1120212),10.0,nM,24.0,Trametinib (GSK1120212)_10nM,improved_hill
improved_hill_Trametinib (GSK1120212)_10_95-2,1.1322813,4.8148985,A549,Trametinib (GSK1120212),10.0,nM,24.0,Trametinib (GSK1120212)_10nM,improved_hill
improved_hill_Trametinib (GSK1120212)_10_210-2,5.691542,5.4974236,A549,Trametinib (GSK1120212),10.0,nM,24.0,Trametinib (GSK1120212)_10nM,improved_hill
improved_hill_Trametinib (GSK1120212)_10_462-2,7.478851,7.76191,A549,Trametinib (GSK1120212),10.0,nM,24.0,Trametinib (GSK1120212)_10nM,improved_hill
improved_hill_Trametinib (GSK1120212)_10_318-2,3.2397716,7.108877,A549,Trametinib (GSK1120212),10.0,nM,24.0,Trametinib (GSK1120212)_10nM,improved_hill
improved_hill_Trametinib (GSK1120212)_10_282-2,2.0890596,8.10881,A549,Trametinib (GSK1120212),10.0,nM,24.0,Trametinib (GSK1120212)_10nM,improved_hill
improved_hill_Trametinib (GSK1120212)_10_298-2,9.364313,6.9683185,A549,Trametinib (GSK1120212),10.0,nM,24.0,Trametinib (GSK1120212)_10nM,improved_hill
improved_hill_Trametinib (GSK1120212)_10_165-2,3.304387,4.381227,A549,Trametinib (GSK1120212),10.0,nM,24.0,Trametinib (GSK1120212)_10nM,improved_hill
improved_hill_Trametinib (GSK1120212)_10_265-2,10.508956,3.4602194,A549,Trametinib (GSK1120212),10.0,nM,24.0,Trametinib (GSK1120212)_10nM,improved_hill
improved_hill_Trametinib (GSK1120212)_10_162-2,7.423541,2.7776396,A549,Trametinib (GSK1120212),10.0,nM,24.0,Trametinib (GSK1120212)_10nM,improved_hill
improved_hill_Trametinib (GSK1120212)_10_208-2,2.408749,3.9434266,A549,Trametinib (GSK1120212),10.0,nM,24.0,Trametinib (GSK1120212)_10nM,improved_hill
improved_hill_Trametinib (GSK1120212)_10_499-2,4.082891,10.56372,A549,Trametinib (GSK1120212),10.0,nM,24.0,Trametinib (GSK1120212)_10nM,improved_hill
improved_hill_Trametinib (GSK1120212)_10_471-2,4.023137,5.7550354,A549,Trametinib (GSK1120212),10.0,nM,24.0,Trametinib (GSK1120212)_10nM,improved_hill
improved_hill_Trametinib (GSK1120212)_10_190-2,4.3078413,9.134717,A549,Trametinib (GSK1120212),10.0,nM,24.0,Trametinib (GSK1120212)_10nM,improved_hill
improved_hill_Trametinib (GSK1120212)_10_267-2,5.6112638,10.53776,A549,Trametinib (GSK1120212),10.0,nM,24.0,Trametinib (GSK1120212)_10nM,improved_hill
improved_hill_Trametinib (GSK1120212)_10_235-2,4.69127,9.223803,A549,Trametinib (GSK1120212),10.0,nM,24.0,Trametinib (GSK1120212)_10nM,improved_hill
improved_hill_Trametinib (GSK1120212)_10_428-2,4.5888677,2.9788177,A549,Trametinib (GSK1120212),10.0,nM,24.0,Trametinib (GSK1120212)_10nM,improved_hill
improved_hill_Trametinib (GSK1120212)_10_34-2,1.9718767,7.8653975,A549,Trametinib (GSK1120212),10.0,nM,24.0,Trametinib (GSK1120212)_10nM,improved_hill
improved_hill_Trametinib (GSK1120212)_10_120-2,7.2872243,4.9077344,A549,Trametinib (GSK1120212),10.0,nM,24.0,Trametinib (GSK1120212)_10nM,improved_hill
improved_hill_Trametinib (GSK1120212)_10_14-2,-0.82564145,7.401718,A549,Trametinib (GSK1120212),10.0,nM,24.0,Trametinib (GSK1120212)_10nM,improved_hill
improved_hill_Trametinib (GSK1120212)_10_319-2,3.9309874,8.455994,A549,Trametinib (GSK1120212),10.0,nM,24.0,Trametinib (GSK1120212)_10nM,improved_hill
improved_hill_Trametinib (GSK1120212)_10_460-2,5.6656656,2.2296822,A549,Trametinib (GSK1120212),10.0,nM,24.0,Trametinib (GSK1120212)_10nM,improved_hill
improved_hill_Trametinib (GSK1120212)_10_479-2,3.020635,8.948225,A549,Trametinib (GSK1120212),10.0,nM,24.0,Trametinib (GSK1120212)_10nM,improved_hill
improved_hill_Trametinib (GSK1120212)_10_15-2,4.8699045,10.323361,A549,Trametinib (GSK1120212),10.0,nM,24.0,Trametinib (GSK1120212)_10nM,improved_hill
improved_hill_Trametinib (GSK1120212)_10_283-2,7.8928814,3.6488779,A549,Trametinib (GSK1120212),10.0,nM,24.0,Trametinib (GSK1120212)_10nM,improved_hill
improved_hill_Trametinib (GSK1120212)_10_38-2,9.533363,9.59381,A549,Trametinib (GSK1120212),10.0,nM,24.0,Trametinib (GSK1120212)_10nM,improved_hill
improved_hill_Trametinib (GSK1120212)_10_12-2,7.4377813,7.2561097,A549,Trametinib (GSK1120212),10.0,nM,24.0,Trametinib (GSK1120212)_10nM,improved_hill
improved_hill_Trametinib (GSK1120212)_10_346-2,8.71839,8.596556,A549,Trametinib (GSK1120212),10.0,nM,24.0,Trametinib (GSK1120212)_10nM,improved_hill
improved_hill_Trametinib (GSK1120212)_10_238-2,6.230427,1.7997025,A549,Trametinib (GSK1120212),10.0,nM,24.0,Trametinib (GSK1120212)_10nM,improved_hill
improved_hill_Trametinib (GSK1120212)_10_114-2,3.603343,10.34765,A549,Trametinib (GSK1120212),10.0,nM,24.0,Trametinib (GSK1120212)_10nM,improved_hill
improved_hill_Trametinib (GSK1120212)_10_272-2,8.991826,7.534351,A549,Trametinib (GSK1120212),10.0,nM,24.0,Trametinib (GSK1120212)_10nM,improved_hill
improved_hill_Trametinib (GSK1120212)_10_32-2,8.956284,8.105615,A549,Trametinib (GSK1120212),10.0,nM,24.0,Trametinib (GSK1120212)_10nM,improved_hill
improved_hill_Trametinib (GSK1120212)_10_322-2,9.292084,7.433414,A549,Trametinib (GSK1120212),10.0,nM,24.0,Trametinib (GSK1120212)_10nM,improved_hill
improved_hill_Trametinib (GSK1120212)_10_313-2,2.0575395,3.9805055,A549,Trametinib (GSK1120212),10.0,nM,24.0,Trametinib (GSK1120212)_10nM,improved_hill
improved_hill_Trametinib (GSK1120212)_10_98-2,1.0537287,9.5823145,A549,Trametinib (GSK1120212),10.0,nM,24.0,Trametinib (GSK1120212)_10nM,improved_hill
improved_hill_Trametinib (GSK1120212)_10_169-2,7.0891995,3.0319932,A549,Trametinib (GSK1120212),10.0,nM,24.0,Trametinib (GSK1120212)_10nM,improved_hill
improved_hill_Trametinib (GSK1120212)_10_376-2,2.8606398,8.068095,A549,Trametinib (GSK1120212),10.0,nM,24.0,Trametinib (GSK1120212)_10nM,improved_hill
improved_hill_Trametinib (GSK1120212)_10_333-2,0.5620916,5.961586,A549,Trametinib (GSK1120212),10.0,nM,24.0,Trametinib (GSK1120212)_10nM,improved_hill
improved_hill_Trametinib (GSK1120212)_10_137-2,3.1454196,9.564191,A549,Trametinib (GSK1120212),10.0,nM,24.0,Trametinib (GSK1120212)_10nM,improved_hill
improved_hill_Trametinib (GSK1120212)_10_220-2,4.431201,6.777286,A549,Trametinib (GSK1120212),10.0,nM,24.0,Trametinib (GSK1120212)_10nM,improved_hill
improved_hill_Trametinib (GSK1120212)_10_400-2,9.573388,8.698573,A549,Trametinib (GSK1120212),10.0,nM,24.0,Trametinib (GSK1120212)_10nM,improved_hill
improved_hill_Trametinib (GSK1120212)_10_433-2,5.0574427,10.167677,A549,Trametinib (GSK1120212),10.0,nM,24.0,Trametinib (GSK1120212)_10nM,improved_hill
improved_hill_Trametinib (GSK1120212)_10_88-2,3.6774075,6.1782556,A549,Trametinib (GSK1120212),10.0,nM,24.0,Trametinib (GSK1120212)_10nM,improved_hill
improved_hill_Trametinib (GSK1120212)_10_56-2,6.2974563,6.1061673,A549,Trametinib (GSK1120212),10.0,nM,24.0,Trametinib (GSK1120212)_10nM,improved_hill
improved_hill_Trametinib (GSK1120212)_10_394-2,-0.7178325,8.76773,A549,Trametinib (GSK1120212),10.0,nM,24.0,Trametinib (GSK1120212)_10nM,improved_hill
improved_hill_Trametinib (GSK1120212)_10_340-2,10.60017,8.959479,A549,Trametinib (GSK1120212),10.0,nM,24.0,Trametinib (GSK1120212)_10nM,improved_hill
improved_hill_Trametinib (GSK1120212)_10_494-2,5.435314,10.008582,A549,Trametinib (GSK1120212),10.0,nM,24.0,Trametinib (GSK1120212)_10nM,improved_hill
improved_hill_Trametinib (GSK1120212)_10_4-2,3.0191333,9.308806,A549,Trametinib (GSK1120212),10.0,nM,24.0,Trametinib (GSK1120212)_10nM,improved_hill
improved_hill_Trametinib (GSK1120212)_10_97-2,3.5177424,10.311749,A549,Trametinib (GSK1120212),10.0,nM,24.0,Trametinib (GSK1120212)_10nM,improved_hill
improved_hill_Trametinib (GSK1120212)_10_412-2,10.294428,3.4272888,A549,Trametinib (GSK1120212),10.0,nM,24.0,Trametinib (GSK1120212)_10nM,improved_hill
improved_hill_Trametinib (GSK1120212)_10_348-2,5.3464975,5.6567173,A549,Trametinib (GSK1120212),10.0,nM,24.0,Trametinib (GSK1120212)_10nM,improved_hill
improved_hill_Trametinib (GSK1120212)_10_112-2,7.343071,5.0599084,A549,Trametinib (GSK1120212),10.0,nM,24.0,Trametinib (GSK1120212)_10nM,improved_hill
improved_hill_Trametinib (GSK1120212)_10_482-2,1.7945923,6.334499,A549,Trametinib (GSK1120212),10.0,nM,24.0,Trametinib (GSK1120212)_10nM,improved_hill
improved_hill_Trametinib (GSK1120212)_10_399-2,0.6819335,8.810179,A549,Trametinib (GSK1120212),10.0,nM,24.0,Trametinib (GSK1120212)_10nM,improved_hill
improved_hill_Trametinib (GSK1120212)_10_402-2,10.809401,8.463101,A549,Trametinib (GSK1120212),10.0,nM,24.0,Trametinib (GSK1120212)_10nM,improved_hill
improved_hill_Trametinib (GSK1120212)_10_353-2,3.9668849,6.592067,A549,Trametinib (GSK1120212),10.0,nM,24.0,Trametinib (GSK1120212)_10nM,improved_hill
improved_hill_Trametinib (GSK1120212)_10_26-2,7.5617623,7.0327315,A549,Trametinib (GSK1120212),10.0,nM,24.0,Trametinib (GSK1120212)_10nM,improved_hill
improved_hill_Trametinib (GSK1120212)_10_194-2,6.623759,6.524097,A549,Trametinib (GSK1120212),10.0,nM,24.0,Trametinib (GSK1120212)_10nM,improved_hill
improved_hill_Trametinib (GSK1120212)_10_41-2,10.255512,8.239578,A549,Trametinib (GSK1120212),10.0,nM,24.0,Trametinib (GSK1120212)_10nM,improved_hill
improved_hill_Trametinib (GSK1120212)_10_350-2,10.934859,8.45362,A549,Trametinib (GSK1120212),10.0,nM,24.0,Trametinib (GSK1120212)_10nM,improved_hill
improved_hill_Trametinib (GSK1120212)_10_255-2,9.218539,8.499186,A549,Trametinib (GSK1120212),10.0,nM,24.0,Trametinib (GSK1120212)_10nM,improved_hill
improved_hill_Trametinib (GSK1120212)_10_81-2,2.5397964,6.28616,A549,Trametinib (GSK1120212),10.0,nM,24.0,Trametinib (GSK1120212)_10nM,improved_hill
improved_hill_Trametinib (GSK1120212)_10_418-2,2.9414294,8.59555,A549,Trametinib (GSK1120212),10.0,nM,24.0,Trametinib (GSK1120212)_10nM,improved_hill
improved_hill_Trametinib (GSK1120212)_10_149-2,0.79780984,5.3856254,A549,Trametinib (GSK1120212),10.0,nM,24.0,Trametinib (GSK1120212)_10nM,improved_hill
improved_hill_Trametinib (GSK1120212)_10_3-2,7.0864944,4.6558447,A549,Trametinib (GSK1120212),10.0,nM,24.0,Trametinib (GSK1120212)_10nM,improved_hill
improved_hill_Trametinib (GSK1120212)_10_8-2,1.8277155,9.222731,A549,Trametinib (GSK1120212),10.0,nM,24.0,Trametinib (GSK1120212)_10nM,improved_hill
improved_hill_Trametinib (GSK1120212)_10_241-2,3.3679554,10.290638,A549,Trametinib (GSK1120212),10.0,nM,24.0,Trametinib (GSK1120212)_10nM,improved_hill
improved_hill_Trametinib (GSK1120212)_10_409-2,1.4251039,8.722152,A549,Trametinib (GSK1120212),10.0,nM,24.0,Trametinib (GSK1120212)_10nM,improved_hill
improved_hill_Trametinib (GSK1120212)_10_5-2,10.927146,3.5149975,A549,Trametinib (GSK1120212),10.0,nM,24.0,Trametinib (GSK1120212)_10nM,improved_hill
improved_hill_Trametinib (GSK1120212)_10_320-2,1.215498,8.385774,A549,Trametinib (GSK1120212),10.0,nM,24.0,Trametinib (GSK1120212)_10nM,improved_hill
improved_hill_Trametinib (GSK1120212)_10_127-2,10.362764,8.992279,A549,Trametinib (GSK1120212),10.0,nM,24.0,Trametinib (GSK1120212)_10nM,improved_hill
improved_hill_Trametinib (GSK1120212)_10_444-2,3.6593537,5.732549,A549,Trametinib (GSK1120212),10.0,nM,24.0,Trametinib (GSK1120212)_10nM,improved_hill
improved_hill_Trametinib (GSK1120212)_10_493-2,8.532135,9.158722,A549,Trametinib (GSK1120212),10.0,nM,24.0,Trametinib (GSK1120212)_10nM,improved_hill
improved_hill_Trametinib (GSK1120212)_10_129-2,0.6457434,9.066193,A549,Trametinib (GSK1120212),10.0,nM,24.0,Trametinib (GSK1120212)_10nM,improved_hill
improved_hill_Trametinib (GSK1120212)_100_237-2,1.6758379,4.3843637,A549,Trametinib (GSK1120212),100.0,nM,24.0,Trametinib (GSK1120212)_100nM,improved_hill
improved_hill_Trametinib (GSK1120212)_100_179-2,8.528343,5.7029066,A549,Trametinib (GSK1120212),100.0,nM,24.0,Trametinib (GSK1120212)_100nM,improved_hill
improved_hill_Trametinib (GSK1120212)_100_128-2,6.293034,5.331341,A549,Trametinib (GSK1120212),100.0,nM,24.0,Trametinib (GSK1120212)_100nM,improved_hill
improved_hill_Trametinib (GSK1120212)_100_426-2,4.9201574,3.9738748,A549,Trametinib (GSK1120212),100.0,nM,24.0,Trametinib (GSK1120212)_100nM,improved_hill
improved_hill_Trametinib (GSK1120212)_100_361-2,3.9645956,6.0919685,A549,Trametinib (GSK1120212),100.0,nM,24.0,Trametinib (GSK1120212)_100nM,improved_hill
improved_hill_Trametinib (GSK1120212)_100_499-2,4.008529,10.530275,A549,Trametinib (GSK1120212),100.0,nM,24.0,Trametinib (GSK1120212)_100nM,improved_hill
improved_hill_Trametinib (GSK1120212)_100_379-2,4.7732096,6.6746087,A549,Trametinib (GSK1120212),100.0,nM,24.0,Trametinib (GSK1120212)_100nM,improved_hill
improved_hill_Trametinib (GSK1120212)_100_278-2,1.0775536,9.589134,A549,Trametinib (GSK1120212),100.0,nM,24.0,Trametinib (GSK1120212)_100nM,improved_hill
improved_hill_Trametinib (GSK1120212)_100_318-2,3.2536306,7.022144,A549,Trametinib (GSK1120212),100.0,nM,24.0,Trametinib (GSK1120212)_100nM,improved_hill
improved_hill_Trametinib (GSK1120212)_100_450-2,5.938425,5.1003146,A549,Trametinib (GSK1120212),100.0,nM,24.0,Trametinib (GSK1120212)_100nM,improved_hill
improved_hill_Trametinib (GSK1120212)_100_347-2,4.8663044,10.642396,A549,Trametinib (GSK1120212),100.0,nM,24.0,Trametinib (GSK1120212)_100nM,improved_hill
improved_hill_Trametinib (GSK1120212)_100_217-2,2.702042,7.3572936,A549,Trametinib (GSK1120212),100.0,nM,24.0,Trametinib (GSK1120212)_100nM,improved_hill
improved_hill_Trametinib (GSK1120212)_100_27-2,5.0288296,10.763945,A549,Trametinib (GSK1120212),100.0,nM,24.0,Trametinib (GSK1120212)_100nM,improved_hill
improved_hill_Trametinib (GSK1120212)_100_409-2,1.366909,8.691222,A549,Trametinib (GSK1120212),100.0,nM,24.0,Trametinib (GSK1120212)_100nM,improved_hill
improved_hill_Trametinib (GSK1120212)_100_322-2,9.235207,7.5478153,A549,Trametinib (GSK1120212),100.0,nM,24.0,Trametinib (GSK1120212)_100nM,improved_hill
improved_hill_Trametinib (GSK1120212)_100_40-2,4.6677537,8.0964365,A549,Trametinib (GSK1120212),100.0,nM,24.0,Trametinib (GSK1120212)_100nM,improved_hill
improved_hill_Trametinib (GSK1120212)_100_186-2,7.622988,6.9493575,A549,Trametinib (GSK1120212),100.0,nM,24.0,Trametinib (GSK1120212)_100nM,improved_hill
improved_hill_Trametinib (GSK1120212)_100_156-2,7.258942,6.792625,A549,Trametinib (GSK1120212),100.0,nM,24.0,Trametinib (GSK1120212)_100nM,improved_hill
improved_hill_Trametinib (GSK1120212)_100_228-2,8.598125,7.038938,A549,Trametinib (GSK1120212),100.0,nM,24.0,Trametinib (GSK1120212)_100nM,improved_hill
improved_hill_Trametinib (GSK1120212)_100_188-2,7.4072175,5.3839664,A549,Trametinib (GSK1120212),100.0,nM,24.0,Trametinib (GSK1120212)_100nM,improved_hill
improved_hill_Trametinib (GSK1120212)_100_133-2,9.434528,8.985068,A549,Trametinib (GSK1120212),100.0,nM,24.0,Trametinib (GSK1120212)_100nM,improved_hill
improved_hill_Trametinib (GSK1120212)_100_46-2,3.420942,6.366064,A549,Trametinib (GSK1120212),100.0,nM,24.0,Trametinib (GSK1120212)_100nM,improved_hill
improved_hill_Trametinib (GSK1120212)_100_339-2,7.382616,2.7757564,A549,Trametinib (GSK1120212),100.0,nM,24.0,Trametinib (GSK1120212)_100nM,improved_hill
improved_hill_Trametinib (GSK1120212)_100_151-2,2.6527352,10.069508,A549,Trametinib (GSK1120212),100.0,nM,24.0,Trametinib (GSK1120212)_100nM,improved_hill
improved_hill_Trametinib (GSK1120212)_100_395-2,4.8172135,6.6275887,A549,Trametinib (GSK1120212),100.0,nM,24.0,Trametinib (GSK1120212)_100nM,improved_hill
improved_hill_Trametinib (GSK1120212)_100_132-2,3.9715972,6.9561067,A549,Trametinib (GSK1120212),100.0,nM,24.0,Trametinib (GSK1120212)_100nM,improved_hill
improved_hill_Trametinib (GSK1120212)_100_273-2,3.7215157,6.1454344,A549,Trametinib (GSK1120212),100.0,nM,24.0,Trametinib (GSK1120212)_100nM,improved_hill
improved_hill_Trametinib (GSK1120212)_100_206-2,4.4357977,6.3342586,A549,Trametinib (GSK1120212),100.0,nM,24.0,Trametinib (GSK1120212)_100nM,improved_hill
improved_hill_Trametinib (GSK1120212)_100_468-2,8.528923,4.528894,A549,Trametinib (GSK1120212),100.0,nM,24.0,Trametinib (GSK1120212)_100nM,improved_hill
improved_hill_Trametinib (GSK1120212)_100_362-2,2.3420959,9.249295,A549,Trametinib (GSK1120212),100.0,nM,24.0,Trametinib (GSK1120212)_100nM,improved_hill
improved_hill_Trametinib (GSK1120212)_100_453-2,10.376406,3.2575843,A549,Trametinib (GSK1120212),100.0,nM,24.0,Trametinib (GSK1120212)_100nM,improved_hill
improved_hill_Trametinib (GSK1120212)_100_8-2,1.7636724,9.193868,A549,Trametinib (GSK1120212),100.0,nM,24.0,Trametinib (GSK1120212)_100nM,improved_hill
improved_hill_Trametinib (GSK1120212)_100_372-2,1.218471,9.611619,A549,Trametinib (GSK1120212),100.0,nM,24.0,Trametinib (GSK1120212)_100nM,improved_hill
improved_hill_Trametinib (GSK1120212)_100_171-2,1.969579,4.4723887,A549,Trametinib (GSK1120212),100.0,nM,24.0,Trametinib (GSK1120212)_100nM,improved_hill
improved_hill_Trametinib (GSK1120212)_100_122-2,3.136968,6.752681,A549,Trametinib (GSK1120212),100.0,nM,24.0,Trametinib (GSK1120212)_100nM,improved_hill
improved_hill_Trametinib (GSK1120212)_100_282-2,1.980411,8.115334,A549,Trametinib (GSK1120212),100.0,nM,24.0,Trametinib (GSK1120212)_100nM,improved_hill
improved_hill_Trametinib (GSK1120212)_100_294-2,3.8838,5.9750023,A549,Trametinib (GSK1120212),100.0,nM,24.0,Trametinib (GSK1120212)_100nM,improved_hill
improved_hill_Trametinib (GSK1120212)_100_215-2,5.481709,2.1194015,A549,Trametinib (GSK1120212),100.0,nM,24.0,Trametinib (GSK1120212)_100nM,improved_hill
improved_hill_Trametinib (GSK1120212)_100_83-2,-0.12484949,8.233961,A549,Trametinib (GSK1120212),100.0,nM,24.0,Trametinib (GSK1120212)_100nM,improved_hill
improved_hill_Trametinib (GSK1120212)_100_96-2,3.8889606,10.342386,A549,Trametinib (GSK1120212),100.0,nM,24.0,Trametinib (GSK1120212)_100nM,improved_hill
improved_hill_Trametinib (GSK1120212)_100_276-2,10.35212,7.2659917,A549,Trametinib (GSK1120212),100.0,nM,24.0,Trametinib (GSK1120212)_100nM,improved_hill
improved_hill_Trametinib (GSK1120212)_100_25-2,-0.0996765,8.332724,A549,Trametinib (GSK1120212),100.0,nM,24.0,Trametinib (GSK1120212)_100nM,improved_hill
improved_hill_Trametinib (GSK1120212)_100_472-2,2.8388133,8.378926,A549,Trametinib (GSK1120212),100.0,nM,24.0,Trametinib (GSK1120212)_100nM,improved_hill
improved_hill_Trametinib (GSK1120212)_100_406-2,4.6165156,3.280934,A549,Trametinib (GSK1120212),100.0,nM,24.0,Trametinib (GSK1120212)_100nM,improved_hill
improved_hill_Trametinib (GSK1120212)_100_394-2,-0.7307017,8.781285,A549,Trametinib (GSK1120212),100.0,nM,24.0,Trametinib (GSK1120212)_100nM,improved_hill
improved_hill_Trametinib (GSK1120212)_100_293-2,11.339341,7.5657587,A549,Trametinib (GSK1120212),100.0,nM,24.0,Trametinib (GSK1120212)_100nM,improved_hill
improved_hill_Trametinib (GSK1120212)_100_449-2,8.927201,7.1888146,A549,Trametinib (GSK1120212),100.0,nM,24.0,Trametinib (GSK1120212)_100nM,improved_hill
improved_hill_Trametinib (GSK1120212)_100_319-2,3.9161153,8.537525,A549,Trametinib (GSK1120212),100.0,nM,24.0,Trametinib (GSK1120212)_100nM,improved_hill
improved_hill_Trametinib (GSK1120212)_100_452-2,4.9266386,2.5245912,A549,Trametinib (GSK1120212),100.0,nM,24.0,Trametinib (GSK1120212)_100nM,improved_hill
improved_hill_Trametinib (GSK1120212)_100_270-2,5.0486655,3.2416291,A549,Trametinib (GSK1120212),100.0,nM,24.0,Trametinib (GSK1120212)_100nM,improved_hill
improved_hill_Trametinib (GSK1120212)_100_247-2,10.069843,3.4827874,A549,Trametinib (GSK1120212),100.0,nM,24.0,Trametinib (GSK1120212)_100nM,improved_hill
improved_hill_Trametinib (GSK1120212)_100_38-2,9.574874,9.550386,A549,Trametinib (GSK1120212),100.0,nM,24.0,Trametinib (GSK1120212)_100nM,improved_hill
improved_hill_Trametinib (GSK1120212)_100_201-2,8.627315,6.5651484,A549,Trametinib (GSK1120212),100.0,nM,24.0,Trametinib (GSK1120212)_100nM,improved_hill
improved_hill_Trametinib (GSK1120212)_100_88-2,3.5756154,6.3967023,A549,Trametinib (GSK1120212),100.0,nM,24.0,Trametinib (GSK1120212)_100nM,improved_hill
improved_hill_Trametinib (GSK1120212)_100_44-2,5.3356524,8.650334,A549,Trametinib (GSK1120212),100.0,nM,24.0,Trametinib (GSK1120212)_100nM,improved_hill
improved_hill_Trametinib (GSK1120212)_100_243-2,6.839358,5.5083685,A549,Trametinib (GSK1120212),100.0,nM,24.0,Trametinib (GSK1120212)_100nM,improved_hill
improved_hill_Trametinib (GSK1120212)_100_80-2,10.4888525,3.342858,A549,Trametinib (GSK1120212),100.0,nM,24.0,Trametinib (GSK1120212)_100nM,improved_hill
improved_hill_Trametinib (GSK1120212)_100_65-2,8.125121,6.760038,A549,Trametinib (GSK1120212),100.0,nM,24.0,Trametinib (GSK1120212)_100nM,improved_hill
improved_hill_Trametinib (GSK1120212)_100_62-2,1.3291243,4.6732903,A549,Trametinib (GSK1120212),100.0,nM,24.0,Trametinib (GSK1120212)_100nM,improved_hill
improved_hill_Trametinib (GSK1120212)_100_173-2,6.3284683,5.518031,A549,Trametinib (GSK1120212),100.0,nM,24.0,Trametinib (GSK1120212)_100nM,improved_hill
improved_hill_Trametinib (GSK1120212)_100_76-2,8.509476,8.587784,A549,Trametinib (GSK1120212),100.0,nM,24.0,Trametinib (GSK1120212)_100nM,improved_hill
improved_hill_Trametinib (GSK1120212)_100_4-2,2.9667203,9.238202,A549,Trametinib (GSK1120212),100.0,nM,24.0,Trametinib (GSK1120212)_100nM,improved_hill
improved_hill_Trametinib (GSK1120212)_100_484-2,4.9543214,3.4879882,A549,Trametinib (GSK1120212),100.0,nM,24.0,Trametinib (GSK1120212)_100nM,improved_hill
improved_hill_Trametinib (GSK1120212)_100_491-2,10.239567,8.112673,A549,Trametinib (GSK1120212),100.0,nM,24.0,Trametinib (GSK1120212)_100nM,improved_hill
improved_hill_Trametinib (GSK1120212)_100_112-2,7.277476,5.205275,A549,Trametinib (GSK1120212),100.0,nM,24.0,Trametinib (GSK1120212)_100nM,improved_hill
improved_hill_Trametinib (GSK1120212)_100_411-2,7.194434,7.258085,A549,Trametinib (GSK1120212),100.0,nM,24.0,Trametinib (GSK1120212)_100nM,improved_hill
improved_hill_Trametinib (GSK1120212)_100_474-2,-0.6025349,8.8469515,A549,Trametinib (GSK1120212),100.0,nM,24.0,Trametinib (GSK1120212)_100nM,improved_hill
improved_hill_Trametinib (GSK1120212)_100_55-2,1.0935619,8.558571,A549,Trametinib (GSK1120212),100.0,nM,24.0,Trametinib (GSK1120212)_100nM,improved_hill
improved_hill_Trametinib (GSK1120212)_100_207-2,-0.8940996,8.41058,A549,Trametinib (GSK1120212),100.0,nM,24.0,Trametinib (GSK1120212)_100nM,improved_hill
improved_hill_Trametinib (GSK1120212)_100_396-2,-0.6919759,8.720434,A549,Trametinib (GSK1120212),100.0,nM,24.0,Trametinib (GSK1120212)_100nM,improved_hill
improved_hill_Trametinib (GSK1120212)_100_486-2,4.9445915,6.3742056,A549,Trametinib (GSK1120212),100.0,nM,24.0,Trametinib (GSK1120212)_100nM,improved_hill
improved_hill_Trametinib (GSK1120212)_100_443-2,7.831297,6.2294083,A549,Trametinib (GSK1120212),100.0,nM,24.0,Trametinib (GSK1120212)_100nM,improved_hill
improved_hill_Trametinib (GSK1120212)_100_164-2,4.225812,9.688957,A549,Trametinib (GSK1120212),100.0,nM,24.0,Trametinib (GSK1120212)_100nM,improved_hill
improved_hill_Trametinib (GSK1120212)_100_140-2,1.3792677,9.440615,A549,Trametinib (GSK1120212),100.0,nM,24.0,Trametinib (GSK1120212)_100nM,improved_hill
improved_hill_Trametinib (GSK1120212)_100_255-2,9.18316,8.427197,A549,Trametinib (GSK1120212),100.0,nM,24.0,Trametinib (GSK1120212)_100nM,improved_hill
improved_hill_Trametinib (GSK1120212)_100_288-2,0.5552054,7.512893,A549,Trametinib (GSK1120212),100.0,nM,24.0,Trametinib (GSK1120212)_100nM,improved_hill
improved_hill_Trametinib (GSK1120212)_100_125-2,1.6561866,7.807957,A549,Trametinib (GSK1120212),100.0,nM,24.0,Trametinib (GSK1120212)_100nM,improved_hill
improved_hill_Trametinib (GSK1120212)_100_482-2,1.7532651,6.550537,A549,Trametinib (GSK1120212),100.0,nM,24.0,Trametinib (GSK1120212)_100nM,improved_hill
improved_hill_Trametinib (GSK1120212)_100_389-2,2.1901035,6.280154,A549,Trametinib (GSK1120212),100.0,nM,24.0,Trametinib (GSK1120212)_100nM,improved_hill
improved_hill_Trametinib (GSK1120212)_100_280-2,9.811632,9.416357,A549,Trametinib (GSK1120212),100.0,nM,24.0,Trametinib (GSK1120212)_100nM,improved_hill
improved_hill_Trametinib (GSK1120212)_100_170-2,2.9884784,8.341693,A549,Trametinib (GSK1120212),100.0,nM,24.0,Trametinib (GSK1120212)_100nM,improved_hill
improved_hill_Trametinib (GSK1120212)_100_302-2,4.5573106,10.590452,A549,Trametinib (GSK1120212),100.0,nM,24.0,Trametinib (GSK1120212)_100nM,improved_hill
improved_hill_Trametinib (GSK1120212)_100_343-2,7.135714,4.1402774,A549,Trametinib (GSK1120212),100.0,nM,24.0,Trametinib (GSK1120212)_100nM,improved_hill
improved_hill_Trametinib (GSK1120212)_100_195-2,2.8477912,6.383139,A549,Trametinib (GSK1120212),100.0,nM,24.0,Trametinib (GSK1120212)_100nM,improved_hill
improved_hill_Trametinib (GSK1120212)_100_119-2,1.9422961,7.7894382,A549,Trametinib (GSK1120212),100.0,nM,24.0,Trametinib (GSK1120212)_100nM,improved_hill
improved_hill_Trametinib (GSK1120212)_100_34-2,1.9427507,7.8239703,A549,Trametinib (GSK1120212),100.0,nM,24.0,Trametinib (GSK1120212)_100nM,improved_hill
improved_hill_Trametinib (GSK1120212)_100_184-2,7.0601797,2.017742,A549,Trametinib (GSK1120212),100.0,nM,24.0,Trametinib (GSK1120212)_100nM,improved_hill
improved_hill_Trametinib (GSK1120212)_100_335-2,3.0460522,9.710148,A549,Trametinib (GSK1120212),100.0,nM,24.0,Trametinib (GSK1120212)_100nM,improved_hill
improved_hill_Trametinib (GSK1120212)_100_245-2,0.7033024,7.836125,A549,Trametinib (GSK1120212),100.0,nM,24.0,Trametinib (GSK1120212)_100nM,improved_hill
improved_hill_Trametinib (GSK1120212)_100_340-2,10.533592,9.040418,A549,Trametinib (GSK1120212),100.0,nM,24.0,Trametinib (GSK1120212)_100nM,improved_hill
improved_hill_Trametinib (GSK1120212)_100_3-2,7.003666,4.592999,A549,Trametinib (GSK1120212),100.0,nM,24.0,Trametinib (GSK1120212)_100nM,improved_hill
improved_hill_Trametinib (GSK1120212)_100_239-2,5.7588925,6.896369,A549,Trametinib (GSK1120212),100.0,nM,24.0,Trametinib (GSK1120212)_100nM,improved_hill
improved_hill_Trametinib (GSK1120212)_100_191-2,7.519679,2.01362,A549,Trametinib (GSK1120212),100.0,nM,24.0,Trametinib (GSK1120212)_100nM,improved_hill
improved_hill_Trametinib (GSK1120212)_100_177-2,2.216922,9.356066,A549,Trametinib (GSK1120212),100.0,nM,24.0,Trametinib (GSK1120212)_100nM,improved_hill
improved_hill_Trametinib (GSK1120212)_100_377-2,7.937758,4.0193353,A549,Trametinib (GSK1120212),100.0,nM,24.0,Trametinib (GSK1120212)_100nM,improved_hill
improved_hill_Trametinib (GSK1120212)_100_48-2,4.310302,4.5522995,A549,Trametinib (GSK1120212),100.0,nM,24.0,Trametinib (GSK1120212)_100nM,improved_hill
improved_hill_Trametinib (GSK1120212)_100_403-2,2.0215132,4.02409,A549,Trametinib (GSK1120212),100.0,nM,24.0,Trametinib (GSK1120212)_100nM,improved_hill
improved_hill_Trametinib (GSK1120212)_100_315-2,8.577259,6.2517066,A549,Trametinib (GSK1120212),100.0,nM,24.0,Trametinib (GSK1120212)_100nM,improved_hill
improved_hill_Trametinib (GSK1120212)_100_111-2,7.9510155,5.537882,A549,Trametinib (GSK1120212),100.0,nM,24.0,Trametinib (GSK1120212)_100nM,improved_hill
improved_hill_Trametinib (GSK1120212)_100_390-2,1.9533058,7.0313907,A549,Trametinib (GSK1120212),100.0,nM,24.0,Trametinib (GSK1120212)_100nM,improved_hill
improved_hill_Trametinib (GSK1120212)_100_42-2,0.96965456,9.399854,A549,Trametinib (GSK1120212),100.0,nM,24.0,Trametinib (GSK1120212)_100nM,improved_hill
improved_hill_Trametinib (GSK1120212)_100_414-2,7.72423,3.8952596,A549,Trametinib (GSK1120212),100.0,nM,24.0,Trametinib (GSK1120212)_100nM,improved_hill
improved_hill_Trametinib (GSK1120212)_100_375-2,5.532887,10.709361,A549,Trametinib (GSK1120212),100.0,nM,24.0,Trametinib (GSK1120212)_100nM,improved_hill
improved_hill_Trametinib (GSK1120212)_100_365-2,7.6764226,5.2763767,A549,Trametinib (GSK1120212),100.0,nM,24.0,Trametinib (GSK1120212)_100nM,improved_hill
improved_hill_Trametinib (GSK1120212)_100_67-2,4.8734126,5.2666574,A549,Trametinib (GSK1120212),100.0,nM,24.0,Trametinib (GSK1120212)_100nM,improved_hill
improved_hill_Trametinib (GSK1120212)_100_87-2,3.7995558,6.5641193,A549,Trametinib (GSK1120212),100.0,nM,24.0,Trametinib (GSK1120212)_100nM,improved_hill
improved_hill_Trametinib (GSK1120212)_100_155-2,8.072199,7.1146107,A549,Trametinib (GSK1120212),100.0,nM,24.0,Trametinib (GSK1120212)_100nM,improved_hill
improved_hill_Trametinib (GSK1120212)_100_0-2,3.580931,8.243419,A549,Trametinib (GSK1120212),100.0,nM,24.0,Trametinib (GSK1120212)_100nM,improved_hill
improved_hill_Trametinib (GSK1120212)_100_498-2,3.9440424,7.6039267,A549,Trametinib (GSK1120212),100.0,nM,24.0,Trametinib (GSK1120212)_100nM,improved_hill
improved_hill_Trametinib (GSK1120212)_100_401-2,8.356772,7.557078,A549,Trametinib (GSK1120212),100.0,nM,24.0,Trametinib (GSK1120212)_100nM,improved_hill
improved_hill_Trametinib (GSK1120212)_1000_473-2,8.581258,6.465441,A549,Trametinib (GSK1120212),1000.0,nM,24.0,Trametinib (GSK1120212)_1000nM,improved_hill
improved_hill_Trametinib (GSK1120212)_1000_103-2,4.6561456,4.4632754,A549,Trametinib (GSK1120212),1000.0,nM,24.0,Trametinib (GSK1120212)_1000nM,improved_hill
improved_hill_Trametinib (GSK1120212)_1000_2-2,2.0542161,9.941579,A549,Trametinib (GSK1120212),1000.0,nM,24.0,Trametinib (GSK1120212)_1000nM,improved_hill
improved_hill_Trametinib (GSK1120212)_1000_18-2,2.218149,9.175601,A549,Trametinib (GSK1120212),1000.0,nM,24.0,Trametinib (GSK1120212)_1000nM,improved_hill
improved_hill_Trametinib (GSK1120212)_1000_463-2,3.786546,3.868199,A549,Trametinib (GSK1120212),1000.0,nM,24.0,Trametinib (GSK1120212)_1000nM,improved_hill
improved_hill_Trametinib (GSK1120212)_1000_288-2,0.55496657,7.5588884,A549,Trametinib (GSK1120212),1000.0,nM,24.0,Trametinib (GSK1120212)_1000nM,improved_hill
improved_hill_Trametinib (GSK1120212)_1000_67-2,4.74698,5.3389945,A549,Trametinib (GSK1120212),1000.0,nM,24.0,Trametinib (GSK1120212)_1000nM,improved_hill
improved_hill_Trametinib (GSK1120212)_1000_98-2,0.9913684,9.490563,A549,Trametinib (GSK1120212),1000.0,nM,24.0,Trametinib (GSK1120212)_1000nM,improved_hill
improved_hill_Trametinib (GSK1120212)_1000_426-2,4.8299165,4.1071577,A549,Trametinib (GSK1120212),1000.0,nM,24.0,Trametinib (GSK1120212)_1000nM,improved_hill
improved_hill_Trametinib (GSK1120212)_1000_153-2,9.25226,7.281371,A549,Trametinib (GSK1120212),1000.0,nM,24.0,Trametinib (GSK1120212)_1000nM,improved_hill
improved_hill_Trametinib (GSK1120212)_1000_13-2,5.5329413,3.285641,A549,Trametinib (GSK1120212),1000.0,nM,24.0,Trametinib (GSK1120212)_1000nM,improved_hill
improved_hill_Trametinib (GSK1120212)_1000_404-2,8.717131,7.3480563,A549,Trametinib (GSK1120212),1000.0,nM,24.0,Trametinib (GSK1120212)_1000nM,improved_hill
improved_hill_Trametinib (GSK1120212)_1000_294-2,3.7748792,5.909302,A549,Trametinib (GSK1120212),1000.0,nM,24.0,Trametinib (GSK1120212)_1000nM,improved_hill
improved_hill_Trametinib (GSK1120212)_1000_413-2,7.889732,3.367898,A549,Trametinib (GSK1120212),1000.0,nM,24.0,Trametinib (GSK1120212)_1000nM,improved_hill
improved_hill_Trametinib (GSK1120212)_1000_126-2,8.350193,4.0951567,A549,Trametinib (GSK1120212),1000.0,nM,24.0,Trametinib (GSK1120212)_1000nM,improved_hill
improved_hill_Trametinib (GSK1120212)_1000_85-2,2.4086692,7.291309,A549,Trametinib (GSK1120212),1000.0,nM,24.0,Trametinib (GSK1120212)_1000nM,improved_hill
improved_hill_Trametinib (GSK1120212)_1000_462-2,7.3854494,7.577105,A549,Trametinib (GSK1120212),1000.0,nM,24.0,Trametinib (GSK1120212)_1000nM,improved_hill
improved_hill_Trametinib (GSK1120212)_1000_115-2,6.1424003,5.986528,A549,Trametinib (GSK1120212),1000.0,nM,24.0,Trametinib (GSK1120212)_1000nM,improved_hill
improved_hill_Trametinib (GSK1120212)_1000_144-2,6.9488482,10.347844,A549,Trametinib (GSK1120212),1000.0,nM,24.0,Trametinib (GSK1120212)_1000nM,improved_hill
improved_hill_Trametinib (GSK1120212)_1000_209-2,2.47474,6.5514774,A549,Trametinib (GSK1120212),1000.0,nM,24.0,Trametinib (GSK1120212)_1000nM,improved_hill
improved_hill_Trametinib (GSK1120212)_1000_374-2,3.7112997,5.8674836,A549,Trametinib (GSK1120212),1000.0,nM,24.0,Trametinib (GSK1120212)_1000nM,improved_hill
improved_hill_Trametinib (GSK1120212)_1000_232-2,5.0182686,3.6113021,A549,Trametinib (GSK1120212),1000.0,nM,24.0,Trametinib (GSK1120212)_1000nM,improved_hill
improved_hill_Trametinib (GSK1120212)_1000_285-2,10.803656,7.295758,A549,Trametinib (GSK1120212),1000.0,nM,24.0,Trametinib (GSK1120212)_1000nM,improved_hill
improved_hill_Trametinib (GSK1120212)_1000_74-2,4.3136864,5.1306515,A549,Trametinib (GSK1120212),1000.0,nM,24.0,Trametinib (GSK1120212)_1000nM,improved_hill
improved_hill_Trametinib (GSK1120212)_1000_61-2,3.6304815,10.504402,A549,Trametinib (GSK1120212),1000.0,nM,24.0,Trametinib (GSK1120212)_1000nM,improved_hill
improved_hill_Trametinib (GSK1120212)_1000_26-2,7.544697,7.153147,A549,Trametinib (GSK1120212),1000.0,nM,24.0,Trametinib (GSK1120212)_1000nM,improved_hill
improved_hill_Trametinib (GSK1120212)_1000_476-2,1.2807424,9.080993,A549,Trametinib (GSK1120212),1000.0,nM,24.0,Trametinib (GSK1120212)_1000nM,improved_hill
improved_hill_Trametinib (GSK1120212)_1000_284-2,3.8250139,5.898719,A549,Trametinib (GSK1120212),1000.0,nM,24.0,Trametinib (GSK1120212)_1000nM,improved_hill
improved_hill_Trametinib (GSK1120212)_1000_203-2,8.946906,5.1909733,A549,Trametinib (GSK1120212),1000.0,nM,24.0,Trametinib (GSK1120212)_1000nM,improved_hill
improved_hill_Trametinib (GSK1120212)_1000_343-2,7.0671563,4.2063365,A549,Trametinib (GSK1120212),1000.0,nM,24.0,Trametinib (GSK1120212)_1000nM,improved_hill
improved_hill_Trametinib (GSK1120212)_1000_442-2,4.389924,5.3769445,A549,Trametinib (GSK1120212),1000.0,nM,24.0,Trametinib (GSK1120212)_1000nM,improved_hill
improved_hill_Trametinib (GSK1120212)_1000_291-2,4.012266,9.9681015,A549,Trametinib (GSK1120212),1000.0,nM,24.0,Trametinib (GSK1120212)_1000nM,improved_hill
improved_hill_Trametinib (GSK1120212)_1000_244-2,2.4018867,8.221575,A549,Trametinib (GSK1120212),1000.0,nM,24.0,Trametinib (GSK1120212)_1000nM,improved_hill
improved_hill_Trametinib (GSK1120212)_1000_41-2,10.148826,8.074663,A549,Trametinib (GSK1120212),1000.0,nM,24.0,Trametinib (GSK1120212)_1000nM,improved_hill
improved_hill_Trametinib (GSK1120212)_1000_68-2,9.218823,5.0178022,A549,Trametinib (GSK1120212),1000.0,nM,24.0,Trametinib (GSK1120212)_1000nM,improved_hill
improved_hill_Trametinib (GSK1120212)_1000_211-2,8.534016,7.794223,A549,Trametinib (GSK1120212),1000.0,nM,24.0,Trametinib (GSK1120212)_1000nM,improved_hill
improved_hill_Trametinib (GSK1120212)_1000_71-2,4.9719915,9.280298,A549,Trametinib (GSK1120212),1000.0,nM,24.0,Trametinib (GSK1120212)_1000nM,improved_hill
improved_hill_Trametinib (GSK1120212)_1000_188-2,7.335047,5.5885835,A549,Trametinib (GSK1120212),1000.0,nM,24.0,Trametinib (GSK1120212)_1000nM,improved_hill
improved_hill_Trametinib (GSK1120212)_1000_57-2,0.8826501,9.453629,A549,Trametinib (GSK1120212),1000.0,nM,24.0,Trametinib (GSK1120212)_1000nM,improved_hill
improved_hill_Trametinib (GSK1120212)_1000_189-2,4.9630914,10.54535,A549,Trametinib (GSK1120212),1000.0,nM,24.0,Trametinib (GSK1120212)_1000nM,improved_hill
improved_hill_Trametinib (GSK1120212)_1000_376-2,2.7979772,8.039158,A549,Trametinib (GSK1120212),1000.0,nM,24.0,Trametinib (GSK1120212)_1000nM,improved_hill
improved_hill_Trametinib (GSK1120212)_1000_283-2,7.76586,3.7614052,A549,Trametinib (GSK1120212),1000.0,nM,24.0,Trametinib (GSK1120212)_1000nM,improved_hill
improved_hill_Trametinib (GSK1120212)_1000_403-2,1.9484606,4.0596185,A549,Trametinib (GSK1120212),1000.0,nM,24.0,Trametinib (GSK1120212)_1000nM,improved_hill
improved_hill_Trametinib (GSK1120212)_1000_82-2,5.156199,5.0119286,A549,Trametinib (GSK1120212),1000.0,nM,24.0,Trametinib (GSK1120212)_1000nM,improved_hill
improved_hill_Trametinib (GSK1120212)_1000_417-2,8.537467,5.4244485,A549,Trametinib (GSK1120212),1000.0,nM,24.0,Trametinib (GSK1120212)_1000nM,improved_hill
improved_hill_Trametinib (GSK1120212)_1000_134-2,4.2637,7.9118495,A549,Trametinib (GSK1120212),1000.0,nM,24.0,Trametinib (GSK1120212)_1000nM,improved_hill
improved_hill_Trametinib (GSK1120212)_1000_411-2,7.094332,7.183545,A549,Trametinib (GSK1120212),1000.0,nM,24.0,Trametinib (GSK1120212)_1000nM,improved_hill
improved_hill_Trametinib (GSK1120212)_1000_208-2,2.2147067,3.959546,A549,Trametinib (GSK1120212),1000.0,nM,24.0,Trametinib (GSK1120212)_1000nM,improved_hill
improved_hill_Trametinib (GSK1120212)_1000_97-2,3.2911139,10.304477,A549,Trametinib (GSK1120212),1000.0,nM,24.0,Trametinib (GSK1120212)_1000nM,improved_hill
improved_hill_Trametinib (GSK1120212)_1000_333-2,0.44581562,6.172312,A549,Trametinib (GSK1120212),1000.0,nM,24.0,Trametinib (GSK1120212)_1000nM,improved_hill
improved_hill_Trametinib (GSK1120212)_1000_186-2,7.471414,6.996384,A549,Trametinib (GSK1120212),1000.0,nM,24.0,Trametinib (GSK1120212)_1000nM,improved_hill
improved_hill_Trametinib (GSK1120212)_1000_64-2,2.3597527,5.9232063,A549,Trametinib (GSK1120212),1000.0,nM,24.0,Trametinib (GSK1120212)_1000nM,improved_hill
improved_hill_Trametinib (GSK1120212)_1000_138-2,0.7249984,9.230652,A549,Trametinib (GSK1120212),1000.0,nM,24.0,Trametinib (GSK1120212)_1000nM,improved_hill
improved_hill_Trametinib (GSK1120212)_1000_401-2,8.24151,7.524805,A549,Trametinib (GSK1120212),1000.0,nM,24.0,Trametinib (GSK1120212)_1000nM,improved_hill
improved_hill_Trametinib (GSK1120212)_1000_127-2,10.248947,9.081643,A549,Trametinib (GSK1120212),1000.0,nM,24.0,Trametinib (GSK1120212)_1000nM,improved_hill
improved_hill_Trametinib (GSK1120212)_1000_172-2,4.8849945,8.744055,A549,Trametinib (GSK1120212),1000.0,nM,24.0,Trametinib (GSK1120212)_1000nM,improved_hill
improved_hill_Trametinib (GSK1120212)_1000_218-2,2.338337,8.098892,A549,Trametinib (GSK1120212),1000.0,nM,24.0,Trametinib (GSK1120212)_1000nM,improved_hill
improved_hill_Trametinib (GSK1120212)_1000_365-2,7.6094456,5.331821,A549,Trametinib (GSK1120212),1000.0,nM,24.0,Trametinib (GSK1120212)_1000nM,improved_hill
improved_hill_Trametinib (GSK1120212)_1000_89-2,1.510748,9.014417,A549,Trametinib (GSK1120212),1000.0,nM,24.0,Trametinib (GSK1120212)_1000nM,improved_hill
improved_hill_Trametinib (GSK1120212)_1000_398-2,4.350571,4.152252,A549,Trametinib (GSK1120212),1000.0,nM,24.0,Trametinib (GSK1120212)_1000nM,improved_hill
improved_hill_Trametinib (GSK1120212)_1000_351-2,10.096183,3.3076744,A549,Trametinib (GSK1120212),1000.0,nM,24.0,Trametinib (GSK1120212)_1000nM,improved_hill
improved_hill_Trametinib (GSK1120212)_1000_142-2,5.47085,3.2018468,A549,Trametinib (GSK1120212),1000.0,nM,24.0,Trametinib (GSK1120212)_1000nM,improved_hill
improved_hill_Trametinib (GSK1120212)_1000_389-2,2.2657306,6.5223026,A549,Trametinib (GSK1120212),1000.0,nM,24.0,Trametinib (GSK1120212)_1000nM,improved_hill
improved_hill_Trametinib (GSK1120212)_1000_299-2,4.3340445,4.0085673,A549,Trametinib (GSK1120212),1000.0,nM,24.0,Trametinib (GSK1120212)_1000nM,improved_hill
improved_hill_Trametinib (GSK1120212)_1000_190-2,4.1451654,9.115581,A549,Trametinib (GSK1120212),1000.0,nM,24.0,Trametinib (GSK1120212)_1000nM,improved_hill
improved_hill_Trametinib (GSK1120212)_1000_233-2,1.6219217,8.688519,A549,Trametinib (GSK1120212),1000.0,nM,24.0,Trametinib (GSK1120212)_1000nM,improved_hill
improved_hill_Trametinib (GSK1120212)_1000_0-2,3.4699154,8.179486,A549,Trametinib (GSK1120212),1000.0,nM,24.0,Trametinib (GSK1120212)_1000nM,improved_hill
improved_hill_Trametinib (GSK1120212)_1000_293-2,11.342162,7.646251,A549,Trametinib (GSK1120212),1000.0,nM,24.0,Trametinib (GSK1120212)_1000nM,improved_hill
improved_hill_Trametinib (GSK1120212)_1000_170-2,2.9631858,8.222691,A549,Trametinib (GSK1120212),1000.0,nM,24.0,Trametinib (GSK1120212)_1000nM,improved_hill
improved_hill_Trametinib (GSK1120212)_1000_371-2,8.669878,3.0762706,A549,Trametinib (GSK1120212),1000.0,nM,24.0,Trametinib (GSK1120212)_1000nM,improved_hill
improved_hill_Trametinib (GSK1120212)_1000_66-2,5.5760136,5.4778132,A549,Trametinib (GSK1120212),1000.0,nM,24.0,Trametinib (GSK1120212)_1000nM,improved_hill
improved_hill_Trametinib (GSK1120212)_1000_180-2,4.5691977,2.8658872,A549,Trametinib (GSK1120212),1000.0,nM,24.0,Trametinib (GSK1120212)_1000nM,improved_hill
improved_hill_Trametinib (GSK1120212)_1000_308-2,7.1848,3.8662672,A549,Trametinib (GSK1120212),1000.0,nM,24.0,Trametinib (GSK1120212)_1000nM,improved_hill
improved_hill_Trametinib (GSK1120212)_1000_358-2,9.745609,3.852926,A549,Trametinib (GSK1120212),1000.0,nM,24.0,Trametinib (GSK1120212)_1000nM,improved_hill
improved_hill_Trametinib (GSK1120212)_1000_196-2,-0.24032515,8.196361,A549,Trametinib (GSK1120212),1000.0,nM,24.0,Trametinib (GSK1120212)_1000nM,improved_hill
improved_hill_Trametinib (GSK1120212)_1000_305-2,5.3422256,6.8818607,A549,Trametinib (GSK1120212),1000.0,nM,24.0,Trametinib (GSK1120212)_1000nM,improved_hill
improved_hill_Trametinib (GSK1120212)_1000_301-2,3.6392145,5.669819,A549,Trametinib (GSK1120212),1000.0,nM,24.0,Trametinib (GSK1120212)_1000nM,improved_hill
improved_hill_Trametinib (GSK1120212)_1000_387-2,4.393731,6.9671855,A549,Trametinib (GSK1120212),1000.0,nM,24.0,Trametinib (GSK1120212)_1000nM,improved_hill
improved_hill_Trametinib (GSK1120212)_1000_46-2,3.4017704,6.4733734,A549,Trametinib (GSK1120212),1000.0,nM,24.0,Trametinib (GSK1120212)_1000nM,improved_hill
improved_hill_Trametinib (GSK1120212)_1000_99-2,4.6925673,10.389284,A549,Trametinib (GSK1120212),1000.0,nM,24.0,Trametinib (GSK1120212)_1000nM,improved_hill
improved_hill_Trametinib (GSK1120212)_1000_204-2,4.8282223,5.236501,A549,Trametinib (GSK1120212),1000.0,nM,24.0,Trametinib (GSK1120212)_1000nM,improved_hill
improved_hill_Trametinib (GSK1120212)_1000_339-2,7.4631963,2.781676,A549,Trametinib (GSK1120212),1000.0,nM,24.0,Trametinib (GSK1120212)_1000nM,improved_hill
improved_hill_Trametinib (GSK1120212)_1000_448-2,4.90767,9.63773,A549,Trametinib (GSK1120212),1000.0,nM,24.0,Trametinib (GSK1120212)_1000nM,improved_hill
improved_hill_Trametinib (GSK1120212)_1000_237-2,1.4966605,4.60359,A549,Trametinib (GSK1120212),1000.0,nM,24.0,Trametinib (GSK1120212)_1000nM,improved_hill
improved_hill_Trametinib (GSK1120212)_1000_356-2,9.7050705,6.737144,A549,Trametinib (GSK1120212),1000.0,nM,24.0,Trametinib (GSK1120212)_1000nM,improved_hill
improved_hill_Trametinib (GSK1120212)_1000_372-2,1.0567858,9.47065,A549,Trametinib (GSK1120212),1000.0,nM,24.0,Trametinib (GSK1120212)_1000nM,improved_hill
improved_hill_Trametinib (GSK1120212)_1000_491-2,10.163232,8.143358,A549,Trametinib (GSK1120212),1000.0,nM,24.0,Trametinib (GSK1120212)_1000nM,improved_hill
improved_hill_Trametinib (GSK1120212)_1000_447-2,1.7259728,7.415454,A549,Trametinib (GSK1120212),1000.0,nM,24.0,Trametinib (GSK1120212)_1000nM,improved_hill
improved_hill_Trametinib (GSK1120212)_1000_198-2,2.001202,9.425862,A549,Trametinib (GSK1120212),1000.0,nM,24.0,Trametinib (GSK1120212)_1000nM,improved_hill
improved_hill_Trametinib (GSK1120212)_1000_349-2,3.6374485,6.261539,A549,Trametinib (GSK1120212),1000.0,nM,24.0,Trametinib (GSK1120212)_1000nM,improved_hill
improved_hill_Trametinib (GSK1120212)_1000_445-2,1.9196378,4.263753,A549,Trametinib (GSK1120212),1000.0,nM,24.0,Trametinib (GSK1120212)_1000nM,improved_hill
improved_hill_Trametinib (GSK1120212)_1000_361-2,3.9025316,6.104366,A549,Trametinib (GSK1120212),1000.0,nM,24.0,Trametinib (GSK1120212)_1000nM,improved_hill
improved_hill_Trametinib (GSK1120212)_1000_154-2,3.7649176,7.471427,A549,Trametinib (GSK1120212),1000.0,nM,24.0,Trametinib (GSK1120212)_1000nM,improved_hill
improved_hill_Trametinib (GSK1120212)_1000_290-2,8.2213125,3.377329,A549,Trametinib (GSK1120212),1000.0,nM,24.0,Trametinib (GSK1120212)_1000nM,improved_hill
improved_hill_Trametinib (GSK1120212)_1000_73-2,1.7238746,9.194983,A549,Trametinib (GSK1120212),1000.0,nM,24.0,Trametinib (GSK1120212)_1000nM,improved_hill
improved_hill_Trametinib (GSK1120212)_1000_167-2,3.0716684,10.201465,A549,Trametinib (GSK1120212),1000.0,nM,24.0,Trametinib (GSK1120212)_1000nM,improved_hill
improved_hill_Trametinib (GSK1120212)_1000_480-2,7.167839,7.640277,A549,Trametinib (GSK1120212),1000.0,nM,24.0,Trametinib (GSK1120212)_1000nM,improved_hill
improved_hill_Trametinib (GSK1120212)_1000_438-2,8.756077,5.219621,A549,Trametinib (GSK1120212),1000.0,nM,24.0,Trametinib (GSK1120212)_1000nM,improved_hill
improved_hill_Trametinib (GSK1120212)_1000_395-2,4.7077193,6.6451883,A549,Trametinib (GSK1120212),1000.0,nM,24.0,Trametinib (GSK1120212)_1000nM,improved_hill
improved_hill_Trametinib (GSK1120212)_1000_328-2,10.691532,6.8950744,A549,Trametinib (GSK1120212),1000.0,nM,24.0,Trametinib (GSK1120212)_1000nM,improved_hill
improved_hill_Trametinib (GSK1120212)_1000_152-2,5.3284216,10.7209425,A549,Trametinib (GSK1120212),1000.0,nM,24.0,Trametinib (GSK1120212)_1000nM,improved_hill
improved_hill_Trametinib (GSK1120212)_1000_454-2,10.110259,3.2003229,A549,Trametinib (GSK1120212),1000.0,nM,24.0,Trametinib (GSK1120212)_1000nM,improved_hill
improved_hill_Trametinib (GSK1120212)_1000_282-2,1.9308411,8.081566,A549,Trametinib (GSK1120212),1000.0,nM,24.0,Trametinib (GSK1120212)_1000nM,improved_hill
improved_hill_Trametinib (GSK1120212)_1000_110-2,5.230412,2.6145575,A549,Trametinib (GSK1120212),1000.0,nM,24.0,Trametinib (GSK1120212)_1000nM,improved_hill
improved_hill_Trametinib (GSK1120212)_1000_318-2,3.217124,6.9494414,A549,Trametinib (GSK1120212),1000.0,nM,24.0,Trametinib (GSK1120212)_1000nM,improved_hill
improved_hill_Trametinib (GSK1120212)_1000_280-2,9.7478075,9.525218,A549,Trametinib (GSK1120212),1000.0,nM,24.0,Trametinib (GSK1120212)_1000nM,improved_hill
improved_hill_Trametinib (GSK1120212)_1000_77-2,-0.667694,8.5789995,A549,Trametinib (GSK1120212),1000.0,nM,24.0,Trametinib (GSK1120212)_1000nM,improved_hill
improved_hill_Trametinib (GSK1120212)_1000_5-2,10.893567,3.594136,A549,Trametinib (GSK1120212),1000.0,nM,24.0,Trametinib (GSK1120212)_1000nM,improved_hill
improved_hill_Trametinib (GSK1120212)_1000_393-2,2.317062,4.754733,A549,Trametinib (GSK1120212),1000.0,nM,24.0,Trametinib (GSK1120212)_1000nM,improved_hill
improved_hill_Trametinib (GSK1120212)_1000_249-2,8.458116,9.397247,A549,Trametinib (GSK1120212),1000.0,nM,24.0,Trametinib (GSK1120212)_1000nM,improved_hill
improved_hill_Trametinib (GSK1120212)_10000_88-2,3.4408092,6.6413145,A549,Trametinib (GSK1120212),10000.0,nM,24.0,Trametinib (GSK1120212)_10000nM,improved_hill
improved_hill_Trametinib (GSK1120212)_10000_18-2,2.0996025,9.175489,A549,Trametinib (GSK1120212),10000.0,nM,24.0,Trametinib (GSK1120212)_10000nM,improved_hill
improved_hill_Trametinib (GSK1120212)_10000_60-2,7.6519504,3.6367376,A549,Trametinib (GSK1120212),10000.0,nM,24.0,Trametinib (GSK1120212)_10000nM,improved_hill
improved_hill_Trametinib (GSK1120212)_10000_386-2,7.792187,4.1664453,A549,Trametinib (GSK1120212),10000.0,nM,24.0,Trametinib (GSK1120212)_10000nM,improved_hill
improved_hill_Trametinib (GSK1120212)_10000_57-2,0.8618231,9.317444,A549,Trametinib (GSK1120212),10000.0,nM,24.0,Trametinib (GSK1120212)_10000nM,improved_hill
improved_hill_Trametinib (GSK1120212)_10000_252-2,10.216703,8.207377,A549,Trametinib (GSK1120212),10000.0,nM,24.0,Trametinib (GSK1120212)_10000nM,improved_hill
improved_hill_Trametinib (GSK1120212)_10000_334-2,3.7958407,6.262324,A549,Trametinib (GSK1120212),10000.0,nM,24.0,Trametinib (GSK1120212)_10000nM,improved_hill
improved_hill_Trametinib (GSK1120212)_10000_146-2,2.9657853,7.3993163,A549,Trametinib (GSK1120212),10000.0,nM,24.0,Trametinib (GSK1120212)_10000nM,improved_hill
improved_hill_Trametinib (GSK1120212)_10000_26-2,7.4359603,7.0578094,A549,Trametinib (GSK1120212),10000.0,nM,24.0,Trametinib (GSK1120212)_10000nM,improved_hill
improved_hill_Trametinib (GSK1120212)_10000_344-2,5.937732,2.2866075,A549,Trametinib (GSK1120212),10000.0,nM,24.0,Trametinib (GSK1120212)_10000nM,improved_hill
improved_hill_Trametinib (GSK1120212)_10000_318-2,3.1842318,6.9818597,A549,Trametinib (GSK1120212),10000.0,nM,24.0,Trametinib (GSK1120212)_10000nM,improved_hill
improved_hill_Trametinib (GSK1120212)_10000_222-2,2.5748205,7.67813,A549,Trametinib (GSK1120212),10000.0,nM,24.0,Trametinib (GSK1120212)_10000nM,improved_hill
improved_hill_Trametinib (GSK1120212)_10000_247-2,10.074317,3.4949474,A549,Trametinib (GSK1120212),10000.0,nM,24.0,Trametinib (GSK1120212)_10000nM,improved_hill
improved_hill_Trametinib (GSK1120212)_10000_38-2,9.350234,9.463936,A549,Trametinib (GSK1120212),10000.0,nM,24.0,Trametinib (GSK1120212)_10000nM,improved_hill
improved_hill_Trametinib (GSK1120212)_10000_380-2,1.5922781,7.9269376,A549,Trametinib (GSK1120212),10000.0,nM,24.0,Trametinib (GSK1120212)_10000nM,improved_hill
improved_hill_Trametinib (GSK1120212)_10000_212-2,2.5560749,9.708067,A549,Trametinib (GSK1120212),10000.0,nM,24.0,Trametinib (GSK1120212)_10000nM,improved_hill
improved_hill_Trametinib (GSK1120212)_10000_464-2,1.8348355,7.39737,A549,Trametinib (GSK1120212),10000.0,nM,24.0,Trametinib (GSK1120212)_10000nM,improved_hill
improved_hill_Trametinib (GSK1120212)_10000_292-2,6.9222364,3.5489047,A549,Trametinib (GSK1120212),10000.0,nM,24.0,Trametinib (GSK1120212)_10000nM,improved_hill
improved_hill_Trametinib (GSK1120212)_10000_416-2,10.909653,8.695554,A549,Trametinib (GSK1120212),10000.0,nM,24.0,Trametinib (GSK1120212)_10000nM,improved_hill
improved_hill_Trametinib (GSK1120212)_10000_388-2,10.253475,9.1617775,A549,Trametinib (GSK1120212),10000.0,nM,24.0,Trametinib (GSK1120212)_10000nM,improved_hill
improved_hill_Trametinib (GSK1120212)_10000_9-2,3.146567,7.689453,A549,Trametinib (GSK1120212),10000.0,nM,24.0,Trametinib (GSK1120212)_10000nM,improved_hill
improved_hill_Trametinib (GSK1120212)_10000_53-2,7.6083903,1.914496,A549,Trametinib (GSK1120212),10000.0,nM,24.0,Trametinib (GSK1120212)_10000nM,improved_hill
improved_hill_Trametinib (GSK1120212)_10000_358-2,9.744313,3.926747,A549,Trametinib (GSK1120212),10000.0,nM,24.0,Trametinib (GSK1120212)_10000nM,improved_hill
improved_hill_Trametinib (GSK1120212)_10000_350-2,10.984731,8.537776,A549,Trametinib (GSK1120212),10000.0,nM,24.0,Trametinib (GSK1120212)_10000nM,improved_hill
improved_hill_Trametinib (GSK1120212)_10000_110-2,5.1840672,2.6206648,A549,Trametinib (GSK1120212),10000.0,nM,24.0,Trametinib (GSK1120212)_10000nM,improved_hill
improved_hill_Trametinib (GSK1120212)_10000_195-2,2.7260985,6.618758,A549,Trametinib (GSK1120212),10000.0,nM,24.0,Trametinib (GSK1120212)_10000nM,improved_hill
improved_hill_Trametinib (GSK1120212)_10000_165-2,2.859135,4.740349,A549,Trametinib (GSK1120212),10000.0,nM,24.0,Trametinib (GSK1120212)_10000nM,improved_hill
improved_hill_Trametinib (GSK1120212)_10000_91-2,5.44404,2.7782543,A549,Trametinib (GSK1120212),10000.0,nM,24.0,Trametinib (GSK1120212)_10000nM,improved_hill
improved_hill_Trametinib (GSK1120212)_10000_32-2,8.799195,7.9820695,A549,Trametinib (GSK1120212),10000.0,nM,24.0,Trametinib (GSK1120212)_10000nM,improved_hill
improved_hill_Trametinib (GSK1120212)_10000_230-2,10.613678,7.2153883,A549,Trametinib (GSK1120212),10000.0,nM,24.0,Trametinib (GSK1120212)_10000nM,improved_hill
improved_hill_Trametinib (GSK1120212)_10000_317-2,9.515194,5.510897,A549,Trametinib (GSK1120212),10000.0,nM,24.0,Trametinib (GSK1120212)_10000nM,improved_hill
improved_hill_Trametinib (GSK1120212)_10000_126-2,8.126847,4.008561,A549,Trametinib (GSK1120212),10000.0,nM,24.0,Trametinib (GSK1120212)_10000nM,improved_hill
improved_hill_Trametinib (GSK1120212)_10000_356-2,9.640867,6.7655945,A549,Trametinib (GSK1120212),10000.0,nM,24.0,Trametinib (GSK1120212)_10000nM,improved_hill
improved_hill_Trametinib (GSK1120212)_10000_39-2,5.75727,4.277209,A549,Trametinib (GSK1120212),10000.0,nM,24.0,Trametinib (GSK1120212)_10000nM,improved_hill
improved_hill_Trametinib (GSK1120212)_10000_162-2,7.364338,2.8254588,A549,Trametinib (GSK1120212),10000.0,nM,24.0,Trametinib (GSK1120212)_10000nM,improved_hill
improved_hill_Trametinib (GSK1120212)_10000_438-2,8.744508,5.151046,A549,Trametinib (GSK1120212),10000.0,nM,24.0,Trametinib (GSK1120212)_10000nM,improved_hill
improved_hill_Trametinib (GSK1120212)_10000_343-2,6.9360213,4.1337643,A549,Trametinib (GSK1120212),10000.0,nM,24.0,Trametinib (GSK1120212)_10000nM,improved_hill
improved_hill_Trametinib (GSK1120212)_10000_408-2,-0.98058176,7.260844,A549,Trametinib (GSK1120212),10000.0,nM,24.0,Trametinib (GSK1120212)_10000nM,improved_hill
improved_hill_Trametinib (GSK1120212)_10000_34-2,1.8311223,8.010158,A549,Trametinib (GSK1120212),10000.0,nM,24.0,Trametinib (GSK1120212)_10000nM,improved_hill
improved_hill_Trametinib (GSK1120212)_10000_116-2,1.5385476,9.775478,A549,Trametinib (GSK1120212),10000.0,nM,24.0,Trametinib (GSK1120212)_10000nM,improved_hill
improved_hill_Trametinib (GSK1120212)_10000_484-2,4.8128223,3.5937908,A549,Trametinib (GSK1120212),10000.0,nM,24.0,Trametinib (GSK1120212)_10000nM,improved_hill
improved_hill_Trametinib (GSK1120212)_10000_136-2,2.0428505,8.134054,A549,Trametinib (GSK1120212),10000.0,nM,24.0,Trametinib (GSK1120212)_10000nM,improved_hill
improved_hill_Trametinib (GSK1120212)_10000_275-2,4.925636,3.8635626,A549,Trametinib (GSK1120212),10000.0,nM,24.0,Trametinib (GSK1120212)_10000nM,improved_hill
improved_hill_Trametinib (GSK1120212)_10000_405-2,4.971746,5.7364516,A549,Trametinib (GSK1120212),10000.0,nM,24.0,Trametinib (GSK1120212)_10000nM,improved_hill
improved_hill_Trametinib (GSK1120212)_10000_342-2,6.32264,10.441378,A549,Trametinib (GSK1120212),10000.0,nM,24.0,Trametinib (GSK1120212)_10000nM,improved_hill
improved_hill_Trametinib (GSK1120212)_10000_432-2,5.547247,5.052513,A549,Trametinib (GSK1120212),10000.0,nM,24.0,Trametinib (GSK1120212)_10000nM,improved_hill
improved_hill_Trametinib (GSK1120212)_10000_264-2,1.8135642,9.023183,A549,Trametinib (GSK1120212),10000.0,nM,24.0,Trametinib (GSK1120212)_10000nM,improved_hill
improved_hill_Trametinib (GSK1120212)_10000_363-2,6.3345532,7.7479444,A549,Trametinib (GSK1120212),10000.0,nM,24.0,Trametinib (GSK1120212)_10000nM,improved_hill
improved_hill_Trametinib (GSK1120212)_10000_227-2,0.7922168,8.894385,A549,Trametinib (GSK1120212),10000.0,nM,24.0,Trametinib (GSK1120212)_10000nM,improved_hill
improved_hill_Trametinib (GSK1120212)_10000_151-2,2.3336773,9.921102,A549,Trametinib (GSK1120212),10000.0,nM,24.0,Trametinib (GSK1120212)_10000nM,improved_hill
improved_hill_Trametinib (GSK1120212)_10000_243-2,6.780077,5.5251856,A549,Trametinib (GSK1120212),10000.0,nM,24.0,Trametinib (GSK1120212)_10000nM,improved_hill
improved_hill_Trametinib (GSK1120212)_10000_483-2,3.5252156,6.802699,A549,Trametinib (GSK1120212),10000.0,nM,24.0,Trametinib (GSK1120212)_10000nM,improved_hill
improved_hill_Trametinib (GSK1120212)_10000_461-2,8.387883,3.6395144,A549,Trametinib (GSK1120212),10000.0,nM,24.0,Trametinib (GSK1120212)_10000nM,improved_hill
improved_hill_Trametinib (GSK1120212)_10000_208-2,2.122307,4.0373354,A549,Trametinib (GSK1120212),10000.0,nM,24.0,Trametinib (GSK1120212)_10000nM,improved_hill
improved_hill_Trametinib (GSK1120212)_10000_281-2,8.463625,7.913897,A549,Trametinib (GSK1120212),10000.0,nM,24.0,Trametinib (GSK1120212)_10000nM,improved_hill
improved_hill_Trametinib (GSK1120212)_10000_45-2,4.388604,8.167707,A549,Trametinib (GSK1120212),10000.0,nM,24.0,Trametinib (GSK1120212)_10000nM,improved_hill
improved_hill_Trametinib (GSK1120212)_10000_311-2,2.2462175,9.889852,A549,Trametinib (GSK1120212),10000.0,nM,24.0,Trametinib (GSK1120212)_10000nM,improved_hill
improved_hill_Trametinib (GSK1120212)_10000_467-2,4.7758055,8.382792,A549,Trametinib (GSK1120212),10000.0,nM,24.0,Trametinib (GSK1120212)_10000nM,improved_hill
improved_hill_Trametinib (GSK1120212)_10000_442-2,4.292085,5.439063,A549,Trametinib (GSK1120212),10000.0,nM,24.0,Trametinib (GSK1120212)_10000nM,improved_hill
improved_hill_Trametinib (GSK1120212)_10000_463-2,3.643891,3.8877032,A549,Trametinib (GSK1120212),10000.0,nM,24.0,Trametinib (GSK1120212)_10000nM,improved_hill
improved_hill_Trametinib (GSK1120212)_10000_435-2,3.6283548,5.018241,A549,Trametinib (GSK1120212),10000.0,nM,24.0,Trametinib (GSK1120212)_10000nM,improved_hill
improved_hill_Trametinib (GSK1120212)_10000_43-2,5.927348,10.2721815,A549,Trametinib (GSK1120212),10000.0,nM,24.0,Trametinib (GSK1120212)_10000nM,improved_hill
improved_hill_Trametinib (GSK1120212)_10000_108-2,3.791249,10.366637,A549,Trametinib (GSK1120212),10000.0,nM,24.0,Trametinib (GSK1120212)_10000nM,improved_hill
improved_hill_Trametinib (GSK1120212)_10000_133-2,9.342955,8.9085245,A549,Trametinib (GSK1120212),10000.0,nM,24.0,Trametinib (GSK1120212)_10000nM,improved_hill
improved_hill_Trametinib (GSK1120212)_10000_276-2,10.238131,7.232147,A549,Trametinib (GSK1120212),10000.0,nM,24.0,Trametinib (GSK1120212)_10000nM,improved_hill
improved_hill_Trametinib (GSK1120212)_10000_282-2,1.86307,8.146064,A549,Trametinib (GSK1120212),10000.0,nM,24.0,Trametinib (GSK1120212)_10000nM,improved_hill
improved_hill_Trametinib (GSK1120212)_10000_410-2,8.287683,3.885625,A549,Trametinib (GSK1120212),10000.0,nM,24.0,Trametinib (GSK1120212)_10000nM,improved_hill
improved_hill_Trametinib (GSK1120212)_10000_373-2,4.33605,6.1133413,A549,Trametinib (GSK1120212),10000.0,nM,24.0,Trametinib (GSK1120212)_10000nM,improved_hill
improved_hill_Trametinib (GSK1120212)_10000_446-2,5.2509246,5.904609,A549,Trametinib (GSK1120212),10000.0,nM,24.0,Trametinib (GSK1120212)_10000nM,improved_hill
improved_hill_Trametinib (GSK1120212)_10000_385-2,6.252933,5.515132,A549,Trametinib (GSK1120212),10000.0,nM,24.0,Trametinib (GSK1120212)_10000nM,improved_hill
improved_hill_Trametinib (GSK1120212)_10000_175-2,7.837315,8.119998,A549,Trametinib (GSK1120212),10000.0,nM,24.0,Trametinib (GSK1120212)_10000nM,improved_hill
improved_hill_Trametinib (GSK1120212)_10000_366-2,9.456253,7.184222,A549,Trametinib (GSK1120212),10000.0,nM,24.0,Trametinib (GSK1120212)_10000nM,improved_hill
improved_hill_Trametinib (GSK1120212)_10000_47-2,3.94098,7.8700576,A549,Trametinib (GSK1120212),10000.0,nM,24.0,Trametinib (GSK1120212)_10000nM,improved_hill
improved_hill_Trametinib (GSK1120212)_10000_182-2,5.596357,10.689881,A549,Trametinib (GSK1120212),10000.0,nM,24.0,Trametinib (GSK1120212)_10000nM,improved_hill
improved_hill_Trametinib (GSK1120212)_10000_123-2,4.299742,7.060897,A549,Trametinib (GSK1120212),10000.0,nM,24.0,Trametinib (GSK1120212)_10000nM,improved_hill
improved_hill_Trametinib (GSK1120212)_10000_284-2,3.6781178,5.903555,A549,Trametinib (GSK1120212),10000.0,nM,24.0,Trametinib (GSK1120212)_10000nM,improved_hill
improved_hill_Trametinib (GSK1120212)_10000_90-2,8.701305,5.813577,A549,Trametinib (GSK1120212),10000.0,nM,24.0,Trametinib (GSK1120212)_10000nM,improved_hill
improved_hill_Trametinib (GSK1120212)_10000_218-2,2.2241716,8.135623,A549,Trametinib (GSK1120212),10000.0,nM,24.0,Trametinib (GSK1120212)_10000nM,improved_hill
improved_hill_Trametinib (GSK1120212)_10000_161-2,2.3253043,9.674025,A549,Trametinib (GSK1120212),10000.0,nM,24.0,Trametinib (GSK1120212)_10000nM,improved_hill
improved_hill_Trametinib (GSK1120212)_10000_105-2,6.402495,5.6933327,A549,Trametinib (GSK1120212),10000.0,nM,24.0,Trametinib (GSK1120212)_10000nM,improved_hill
improved_hill_Trametinib (GSK1120212)_10000_249-2,8.420862,9.480536,A549,Trametinib (GSK1120212),10000.0,nM,24.0,Trametinib (GSK1120212)_10000nM,improved_hill
improved_hill_Trametinib (GSK1120212)_10000_117-2,2.1826136,9.702566,A549,Trametinib (GSK1120212),10000.0,nM,24.0,Trametinib (GSK1120212)_10000nM,improved_hill
improved_hill_Trametinib (GSK1120212)_10000_25-2,-0.094382845,8.317611,A549,Trametinib (GSK1120212),10000.0,nM,24.0,Trametinib (GSK1120212)_10000nM,improved_hill
improved_hill_Trametinib (GSK1120212)_10000_488-2,10.108538,9.288048,A549,Trametinib (GSK1120212),10000.0,nM,24.0,Trametinib (GSK1120212)_10000nM,improved_hill
improved_hill_Trametinib (GSK1120212)_10000_24-2,5.972338,5.9456677,A549,Trametinib (GSK1120212),10000.0,nM,24.0,Trametinib (GSK1120212)_10000nM,improved_hill
improved_hill_Trametinib (GSK1120212)_10000_374-2,3.6814766,5.8659163,A549,Trametinib (GSK1120212),10000.0,nM,24.0,Trametinib (GSK1120212)_10000nM,improved_hill
improved_hill_Trametinib (GSK1120212)_10000_411-2,6.9557586,7.1519036,A549,Trametinib (GSK1120212),10000.0,nM,24.0,Trametinib (GSK1120212)_10000nM,improved_hill
improved_hill_Trametinib (GSK1120212)_10000_296-2,3.9825277,6.8725624,A549,Trametinib (GSK1120212),10000.0,nM,24.0,Trametinib (GSK1120212)_10000nM,improved_hill
improved_hill_Trametinib (GSK1120212)_10000_470-2,5.858131,5.1427345,A549,Trametinib (GSK1120212),10000.0,nM,24.0,Trametinib (GSK1120212)_10000nM,improved_hill
improved_hill_Trametinib (GSK1120212)_10000_80-2,10.462217,3.323979,A549,Trametinib (GSK1120212),10000.0,nM,24.0,Trametinib (GSK1120212)_10000nM,improved_hill
improved_hill_Trametinib (GSK1120212)_10000_434-2,9.349606,8.360404,A549,Trametinib (GSK1120212),10000.0,nM,24.0,Trametinib (GSK1120212)_10000nM,improved_hill
improved_hill_Trametinib (GSK1120212)_10000_194-2,6.415633,6.4744315,A549,Trametinib (GSK1120212),10000.0,nM,24.0,Trametinib (GSK1120212)_10000nM,improved_hill
improved_hill_Trametinib (GSK1120212)_10000_1-2,4.17276,8.537565,A549,Trametinib (GSK1120212),10000.0,nM,24.0,Trametinib (GSK1120212)_10000nM,improved_hill
improved_hill_Trametinib (GSK1120212)_10000_49-2,2.0426505,9.312359,A549,Trametinib (GSK1120212),10000.0,nM,24.0,Trametinib (GSK1120212)_10000nM,improved_hill
improved_hill_Trametinib (GSK1120212)_10000_425-2,6.133101,7.7526727,A549,Trametinib (GSK1120212),10000.0,nM,24.0,Trametinib (GSK1120212)_10000nM,improved_hill
improved_hill_Trametinib (GSK1120212)_10000_69-2,1.3717484,7.9015126,A549,Trametinib (GSK1120212),10000.0,nM,24.0,Trametinib (GSK1120212)_10000nM,improved_hill
improved_hill_Trametinib (GSK1120212)_10000_191-2,7.3171563,1.9920392,A549,Trametinib (GSK1120212),10000.0,nM,24.0,Trametinib (GSK1120212)_10000nM,improved_hill
improved_hill_Trametinib (GSK1120212)_10000_74-2,4.376022,5.1828823,A549,Trametinib (GSK1120212),10000.0,nM,24.0,Trametinib (GSK1120212)_10000nM,improved_hill
improved_hill_Trametinib (GSK1120212)_10000_54-2,8.85062,6.172362,A549,Trametinib (GSK1120212),10000.0,nM,24.0,Trametinib (GSK1120212)_10000nM,improved_hill
improved_hill_Trametinib (GSK1120212)_10000_413-2,7.8171515,3.4977107,A549,Trametinib (GSK1120212),10000.0,nM,24.0,Trametinib (GSK1120212)_10000nM,improved_hill
improved_hill_Trametinib (GSK1120212)_10000_349-2,3.540511,6.316421,A549,Trametinib (GSK1120212),10000.0,nM,24.0,Trametinib (GSK1120212)_10000nM,improved_hill
improved_hill_Trametinib (GSK1120212)_10000_163-2,3.1312947,9.497956,A549,Trametinib (GSK1120212),10000.0,nM,24.0,Trametinib (GSK1120212)_10000nM,improved_hill
improved_hill_Trametinib (GSK1120212)_10000_345-2,6.7167616,7.147674,A549,Trametinib (GSK1120212),10000.0,nM,24.0,Trametinib (GSK1120212)_10000nM,improved_hill
improved_hill_Trametinib (GSK1120212)_10000_93-2,6.6927915,5.8264346,A549,Trametinib (GSK1120212),10000.0,nM,24.0,Trametinib (GSK1120212)_10000nM,improved_hill
improved_hill_Trametinib (GSK1120212)_10000_203-2,8.916533,5.278783,A549,Trametinib (GSK1120212),10000.0,nM,24.0,Trametinib (GSK1120212)_10000nM,improved_hill
improved_hill_Trametinib (GSK1120212)_10000_155-2,7.8297296,7.4503655,A549,Trametinib (GSK1120212),10000.0,nM,24.0,Trametinib (GSK1120212)_10000nM,improved_hill
improved_hill_Trametinib (GSK1120212)_10000_196-2,-0.29347053,8.19801,A549,Trametinib (GSK1120212),10000.0,nM,24.0,Trametinib (GSK1120212)_10000nM,improved_hill
improved_hill_Trametinib (GSK1120212)_10000_96-2,3.6268995,10.391455,A549,Trametinib (GSK1120212),10000.0,nM,24.0,Trametinib (GSK1120212)_10000nM,improved_hill
improved_hill_Trametinib (GSK1120212)_10000_480-2,7.1917653,7.661599,A549,Trametinib (GSK1120212),10000.0,nM,24.0,Trametinib (GSK1120212)_10000nM,improved_hill
improved_hill_Trametinib (GSK1120212)_10000_142-2,5.499415,3.2832935,A549,Trametinib (GSK1120212),10000.0,nM,24.0,Trametinib (GSK1120212)_10000nM,improved_hill
